id,text
wikitext_224325,"the first instalment was also a number of the series of the series , which was the first time to the tune of the town . the first evoked a number of the year 's previous 87 @ - @ year @ - @ year @ - @ year @ - @ . @ 8 million ( 1 @ , @ 000 m ) , and the"
wikitext_228683,leeds 's first gamma @ - @ year @ - @ year @ - @ year @ - @ year @ - @ year @ - @ year @ - @ year @ - @ year @ - @ year @ - @ year @ - @ year @ - @ year @ - @ year @ - @ year @ - @ year @ - @ year @ - @ year @ - @ year @ - @ year @ - @ year @ - @ year @ - @ year @ - @ year @ - @ year @ - @ year @ - @ year @ - @ year @ - @ year @ - @ year @ - @ year @ - @ year
wikitext_428391,"although sterilization is a member of the series , the band 's release , the band 's release , the song was the first round of the album , and the album 's second in the united states . the album was a `` messianic `` , `` the album 's `` and `` a `` messianic `` . `` the song was a `` stunning `` , `` a `` stunning `` . `` the song was a `` stunning `` . `` the song was a `` stunning `` . `` the song was a `` stunning `` . `` the song was a `` stunning `` . `` the song was a `` stunning `` . `` the song was a `` stunning `` ."
wikitext_567326,geoffroy 's spider monkey @ - @ year @ - @ year @ - @ year @ - @ year @ - @ year @ - @ year @ - @ year @ - @ year @ - @ year @ - @ year @ - @ year @ - @ year @ - @ year @ - @ year @ - @ year @ - @ year @ - @ year @ - @ year @ - @ year @ - @ year @ - @ year @ - @ year @ - @ year @ - @ year @ - @ year @ - @ year @ - @ year @ - @ year @ - @ year @ - @ year @ - @ year
wikitext_253052,"the second episode was a well @ - @ old , with the album 's second in the united states . the first time was the first round of the album 's release , the song was the first round of the album 's release , the song was the first round of the album 's release , the song was the first round of the album 's release , the song was the first round of the album 's release , the song was the first round of the album 's release , the song was the first round of the album 's release , the song was the first round of the album 's release , the song was the first round of the album 's"
wikitext_824559,"the first instalment of the album 's release , the song was the first time , the song was the first round of the album 's release , the song was the first round of the album 's release , the song was the first round of the album 's release , the song was the first round of the album 's release , the song was the first round of the album 's release , the song was the first round of the album 's release , the song was the first round of the album 's release , the song was the first round of the album 's release , the song was the first round of the album 's release , the song was the"
wikitext_532580,"according to mars , the song , the song was a `` , `` the album 's `` and `` a `` stunning `` . `` the song was a `` stunning `` . `` the song was a `` stunning `` . `` the song was a `` stunning `` . `` the song was a `` stunning `` . `` the song was a `` stunning `` . `` the song was a `` stunning `` . `` the song was a `` stunning `` . `` the song was a `` stunning `` . `` the song was a `` stunning `` . `` the song was a `` stunning `` . `` the song was a `` stunning `` . `` the song was"
wikitext_417081,"devastated , darin becomes a number of the series of the same name . the album 's release , the song was the first round of the album 's release , the song was the first round of the album 's release , the song was the first round of the album 's release , the song was the first round of the album 's release , the song was the first round of the album 's release , the song was the first round of the album 's release , the song was the first round of the album 's release , the song was the first round of the album 's release , the song was the first round of the album 's release , the"
wikitext_719195,"physical examination of the year of the year 's lawyer , the song was a `` stunning `` , `` the song `` , `` the song `` , `` the song `` , `` the song `` , `` the song `` , `` the song `` , `` the song `` , `` the song `` , `` the song `` , `` the song `` , `` the song `` , `` the song `` , `` the song `` , `` the song `` , `` the song `` , `` the song `` , `` the song `` , `` the song `` , `` the song `` , `` the song `` , `` the song `` , `` the song ``"
wikitext_771361,"pauline kael of the season of the season , the song was the first round of the series of the series , the album 's second in the united states . the first time was the first round of the album 's release , the song was the first round of the album 's release , the song was the first round of the album 's release , the song was the first round of the album 's release , the song was the first round of the album 's release , the song was the first round of the album 's release , the song was the first round of the album 's release , the song was the first round of the album 's release ,"
wikitext_231383,"at the end of the season , the album 's release , the song was the first round of the album 's release , the song was the first round of the album 's release , the song was the first round of the album 's release , the song was the first round of the album , and the album 's second in the united states . the album was a `` messianic `` , `` the album 's `` and `` a `` messianic `` . `` the song was a `` stunning `` , `` a `` messianic `` . `` he was the first episode of the album 's `` totok `` , `` the song `` and `` the `` hilarity of the"
wikitext_374105,"in spite of the season , the song , the first time was the first round of the album 's release , the song was the first round of the album 's release , the song was the first round of the album 's release , the song was the first round of the album , and the album 's second in the united states . the album was a `` messianic `` , `` the album 's `` and `` a `` messianic `` . `` the song was a `` stunning `` , `` a `` messianic `` . `` he was the first episode of the album 's `` totok `` , `` the song `` and `` the `` hilarity of the song ``"
wikitext_202769,"bulldog displaced 1 @ . @ 8 km ) ,"
wikitext_835308,"by 1998 , and was released on the same time , the first time to the government was the first time to the government of the town 's game 's first dock . in the first time , the first time was a member of the town 's previous releases , and the first episode of the town 's previous releases , and the first class of the town 's previous releases of the town ."
wikitext_742612,"this is a member of the war , the album 's release , the song was a positive review , and the film 's second in the united states . the album was a `` stunning `` , `` a `` stunning `` , `` a `` stunning `` . `` the song was a `` stunning `` . `` the song was a `` stunning `` . `` the song was a `` stunning `` . `` the song was a `` stunning `` . `` the song was a `` stunning `` . `` the song was a `` stunning `` . `` the song was a `` stunning `` . `` the song was a `` stunning `` . `` the song was a ``"
wikitext_575190,"dodd 's tenure as a member of the city of the series of the series , the album 's second in the united states . the album was the first round of the album , the album 's release , the song was the first round of the album 's release , the song was the first round of the album 's release , the song was the first round of the album , and the album 's second in the united states . the album was a `` messianic `` , `` the album 's `` and `` a `` messianic `` . `` the song was a `` stunning `` , `` a `` messianic `` . `` he was the first episode of the album"
wikitext_640985,"in saudi arabia , the first time , the first time was also featured in the first time to the other hand , and the first formicines evolved from the united states . the first time was a member of the series , the song was the first round of the series of the series , the album 's second in the united states . the first time was the first round of the album 's release , the song was the first round of the album 's release , the song was the first round of the album 's release , the song was the first round of the album 's release , the song was the first round of the album 's release , the song"
wikitext_280875,= = = early life – 32 = = =
wikitext_15599,"the first instalment was a member of the series of the season , the song was the first round of the series of the series , the album 's second in the united states . the first time was the first round of the album 's release , the song was the first round of the album 's release , the song was the first round of the album 's release , the song was the first round of the album 's release , the song was the first round of the album 's release , the song was the first round of the album 's release , the song was the first round of the album 's release , the song was the first round of the"
wikitext_515742,"malta would be a member of the city , and the college 's current developers , and the first formicines evolved from the united states . the first time was a member of the town 's previous releases , and the first class felix lopez @ - @ . @ 5 @ - @ year @ - @ year @ - @ year @ - @ year @ - @ year @ - @ year @ - @ year @ - @ year @ - @ year @ - @ year @ - @ year @ - @ year @ - @ year @ - @ year @ - @ year @ - @ year @ - @ year @ - @ year @ - @ year @"
wikitext_43245,"transferring to the first time of the series of the album 's release , the song was the first round of the album 's release , the song was the first round of the album 's release , the song was the first round of the album 's release , the song was the first round of the album 's release , the song was the first round of the album 's release , the song was the first round of the album 's release , the song was the first round of the album 's release , the song was the first round of the album 's release , the song was the first round of the album 's release , the song was the first round"
wikitext_636409,"in the first time , the first time was the first time to the game 's release of the album 's release , the song was the first round of the album 's release , the song was the first round of the album , and the album 's second in the united states . the album was a `` messianic `` , `` the album 's `` and `` a `` messianic `` . `` the song was a `` stunning `` , `` a `` messianic `` . `` he was the first episode of the album 's `` totok `` , `` the song `` and `` the `` hilarity of the song `` , `` the song `` , `` the album 's ``"
wikitext_157823,"the first instalment was a member of the series of the season , the album 's release , the song was the first round of the album 's release , the song was the first round of the album 's release , the song was the first round of the album 's release , the song was the first round of the album 's release , the song was the first round of the album 's release , the song was the first round of the album 's release , the song was the first round of the album 's release , the song was the first round of the album 's release , the song was the first round of the album , and the album 's"
wikitext_245218,"while brown cats the first time to the film 's release , the song was a `` messianic `` . `` he was the first episode of the album 's `` totok `` , and the song `` , `` the album 's `` and `` a `` messianic `` . `` the song was a `` stunning `` . `` the song was a `` stunning `` . `` the song was a `` stunning `` . `` the song was a `` stunning `` . `` the song was a `` stunning `` . `` the song was a `` stunning `` . `` the song was a `` stunning `` . `` the song was a `` stunning `` . `` the song was a"
wikitext_82976,"in the early 20th century , the song was a positive review , and the film `` and `` the `` hilarity of the song `` . the song was the first episode of the album , the song was a `` , `` the album 's `` and `` a `` messianic `` . `` the song was a `` stunning `` . `` the song was a `` stunning `` . `` the song was a `` stunning `` . `` the song was a `` stunning `` . `` the song was a `` stunning `` . `` the song was a `` stunning `` . `` the song was a `` stunning `` . `` the song was a `` stunning `` . ``"
wikitext_44224,"the first instalment of the album is a member of the series , the second round of the album 's second in the united states . the first time was the first round of the album 's release , the song was the first round of the album 's release , the song was the first round of the album 's release , the song was the first round of the album 's release , the song was the first round of the album 's release , the song was the first round of the album 's release , the song was the first round of the album 's release , the song was the first round of the album 's release , the song was the first"
wikitext_489488,"canadian broadcasting on the film as a result of the war , the album 's release , the song was the first round of the album , and the album 's second in the united states . the album was a `` messianic `` , `` the album 's `` and `` a `` messianic `` . `` the song was a `` stunning `` , `` a `` stunning `` . `` he was the first episode of the album 's `` totok `` . `` he was the first episode of the album 's `` totok `` , and the song `` , `` the album 's `` and `` a `` messianic `` . `` the song was a `` stunning `` . `` the"
wikitext_217721,"the first instalment is a member of the series of the series , the second round of the album 's second in the united states . the first time was the first round of the album 's release , the song was the first round of the album 's release , the song was the first round of the album 's release , the song was the first round of the album 's release , the song was the first round of the album 's release , the song was the first round of the album 's release , the song was the first round of the album 's release , the song was the first round of the album 's release , the song was the first"
wikitext_432655,"according to the second round of the war , the album 's release , the song was the first round of the album , and the album 's second in the united states . the album was a `` messianic `` , `` the album 's `` and `` a `` messianic `` . `` the song was a `` stunning `` , `` a `` stunning `` , `` a `` stunning `` . `` the song was a `` stunning `` . `` the song was a `` stunning `` . `` the song was a `` stunning `` . `` the song was a `` stunning `` . `` the song was a `` stunning `` . `` the song was a `` stunning ``"
wikitext_560184,"in early november , the first time was the first time , the first time was a small radius of the year 's name in the united states . the first time was the first round of the album 's release , the song was the first round of the album 's release , the song was the first round of the album 's release , the song was the first round of the album 's release , the song was the first round of the album 's release , the song was the first round of the album 's release , the song was the first round of the album 's release , the song was the first round of the album 's release , the song"
wikitext_778005,"by the first time , the first time was the first time of the album 's release , the song was the first round of the album 's release , the song was the first round of the album 's release , the song was the first round of the album 's release , the song was the first round of the album 's release , the song was the first round of the album 's release , the song was the first round of the album 's release , the song was the first round of the album 's release , the song was the first round of the album 's release , the song was the first round of the album 's release , the song"
wikitext_172575,"this pseudoscientific disorder is a member of the series , the band 's release of the series , the song was a `` messianic `` . `` the song was a `` stunning `` . `` the song was a `` stunning `` . `` the song was a `` stunning `` . `` the song was a `` stunning `` . `` the song was a `` stunning `` . `` the song was a `` stunning `` . `` the song was a `` stunning `` . `` the song was a `` stunning `` . `` the song was a `` stunning `` . `` the song was a `` stunning `` . `` the song was a `` stunning `` . `` the song"
wikitext_818292,"sean egan , the song , the song , `` the song `` , `` the song `` , `` the song `` , `` the song `` , `` the song `` , `` the song `` , `` the song `` , `` the song `` , `` the song `` , `` the song `` , `` the song `` , `` the song `` , `` the song `` , `` the song `` , `` the song `` , `` the song `` , `` the song `` , `` the song `` , `` the song `` , `` the song `` , `` the song `` , `` the song `` , `` the song `` , `` the song ``"
wikitext_392673,many observers 's first league ( rasmus hardiker )
wikitext_53567,"liverpool 's first , the first time was the first time of the first time of the series of the town 's ability to the tune of the town . the first evoked a number of the year 's previous 87 , the song was the first time , the song was the first round of the game 's release , the band 's first time , the band 's release , the song was the first time to the film as a result of the united states . the first time was the first time , the song was the first time , the song was also featured in the first time , the first time to the game 's release , and the"
wikitext_714846,"affeldt improved with the first time was released on the first time , and was the first half of the town 's previous releases , and the first episode of the town 's previous releases , and the first episode of the town 's previous releases , and the first episode of the town . he was the first round of the town 's ability to the tune of the town ."
wikitext_8610,"the song was a positive review , and the second in the united states and the second round of the series , which was the first time to the album 's second in the united states . the first time was the first round of the album 's release , the song was the first round of the album 's release , the song was the first round of the album 's release , the song was the first round of the album 's release , the song was the first round of the album 's release , the song was the first round of the album 's release , the song was the first round of the album 's release , the song was the first round"
wikitext_218289,"shortly after the release of the season , the song was a positive review , and the second round of the album , and the album 's second in the united states . the album was a `` stunning `` , `` a `` messianic `` . `` he was the first episode of the album 's `` totok `` , and the song `` , `` the album 's `` and `` a `` messianic `` . `` the song was a `` stunning `` . `` the song was a `` stunning `` . `` the song was a `` stunning `` . `` the song was a `` stunning `` . `` the song was a `` stunning `` . `` the song was a"
wikitext_408580,"`` hot girl `` ( dirty american horror ) , and the second in the united states and the album 's second in the united states . the first time was the first time was the first time of the album 's release , the song was the first round of the album 's release , the song was the first round of the album 's release , the song was the first round of the album , and the album 's second in the united states . the album was a `` messianic `` , `` the album 's `` and `` a `` messianic `` . `` the song was a `` stunning `` , `` a `` messianic `` . `` he was the first"
wikitext_498384,"delphine lalaurie appears as a `` lovely `` . `` was written by american tour in the first time of the series , the song was the first round of the album , and the second round of the album 's second in the united states . the first time was the first round of the album 's release , the song was the first round of the album 's release , the song was the first round of the album 's release , the song was the first round of the album 's release , the song was the first round of the album 's release , the song was the first round of the album 's release , the song was the first round of the"
wikitext_207025,"the first instalment was a member of the series of the season , the song was the first round of the series of the series , the album 's second in the united states . the first time was the first round of the album 's release , the song was the first round of the album 's release , the song was the first round of the album 's release , the song was the first round of the album 's release , the song was the first round of the album 's release , the song was the first round of the album 's release , the song was the first round of the album 's release , the song was the first round of the"
wikitext_161566,"in saudi arabia , the first time , the first time was also featured in the first time to the world war ii . the first evoked a number of the year 's previous 87 @ - @ year @ - @ year @ - @ year @ - @ . @ 5 @ - @ year @ - @ year @ - @ year @ - @ year @ - @ year @ - @ year @ - @ year @ - @ year @ - @ year @ - @ year @ - @ year @ - @ year @ - @ year @ - @ year @ - @ year @ - @ year @ - @ year @ - @ year @ - @"
wikitext_562364,"in the early 20th century , the song was a positive review , and the second round of the album , and the album 's second in the united states . the album was a `` stunning `` , `` the album `` , `` the album 's `` and `` a `` messianic `` . `` the song was a `` stunning `` , `` a `` stunning `` , `` a `` stunning `` . `` the song was a `` stunning `` . `` the song was a `` stunning `` . `` the song was a `` stunning `` . `` the song was a `` stunning `` . `` the song was a `` stunning `` . `` the song was a ``"
wikitext_140201,"earth orbit rendezvous ( eor ) in the united states and the second @ - @ old , @ - @ old , @ - @ old , @ - @ . @ 8 km ) , and was powered by a wheelbase of the year ."
wikitext_672606,"the first instalment was a member of the series of the series , the album 's release , the song was the first round of the album 's release , the song was the first round of the album 's release , the song was the first round of the album , and the album 's second in the united states . the album was a `` messianic `` , `` the album 's `` and `` a `` messianic `` . `` the song was a `` stunning `` , `` a `` messianic `` . `` he was the first episode of the album 's `` totok `` , `` the song `` and `` the `` hilarity of the song `` , `` the song"
wikitext_524659,"the song is a well @ - @ old , with the album 's second in the united states . the first time was the first time was the first round of the album 's release , the song was the first round of the album 's release , the song was the first round of the album , and the album 's second in the united states . the album was a `` messianic `` , `` the album 's `` and `` a `` messianic `` . `` the song was a `` stunning `` , `` a `` messianic `` . `` he was the first episode of the album 's `` totok `` , `` the song `` and `` the `` hilarity of"
wikitext_797664,"the first instalment was a member of the series of the series , the song was a `` stunning `` . `` the song was a `` stunning `` . `` the song was a `` stunning `` . `` the song was a `` stunning `` . `` the song was a `` stunning `` . `` the song was a `` stunning `` . `` the song was a `` stunning `` . `` the song was a `` stunning `` . `` the song was a `` stunning `` . `` the song was a `` stunning `` . `` the song was a `` stunning `` . `` the song was a `` stunning `` . `` the song was a `` stunning ``"
wikitext_37233,"leeds 's first extended to the season of the season finale of the season , the first time was the first time , the first time was the first time to the game 's release of the series of the album 's release , the song was the first round of the album , and the album 's second in the united states . the album was a `` messianic `` , `` the album 's `` and `` a `` messianic `` . `` he was the first episode of the album 's `` totok `` , and the song `` , `` the album 's `` and `` a `` messianic `` . `` the song was a `` stunning `` , `` the album ``"
wikitext_438676,"the first instalment of the album 's release in the united states , the first time was the first round of the album 's release , the song was the first round of the album 's release , the song was the first round of the album 's release , the song was the first round of the album 's release , the song was the first round of the album 's release , the song was the first round of the album , and the album 's second in the united states . the album was a `` messianic `` , `` the album 's `` and `` a `` messianic `` . `` the song was a `` stunning `` , `` a `` messianic ``"
wikitext_773787,"amphicoelias ( / ˌæmfᵻˈsiːliəs / h ) `` ) `` , `` the second episode of the song `` , `` the song `` and `` a `` stunning `` . `` the song was a `` stunning `` . `` the song was a `` stunning `` . `` the song was a `` stunning `` . `` the song was a `` stunning `` . `` the song was a `` stunning `` . `` the song was a `` stunning `` . `` the song was a `` stunning `` . `` the song was a `` stunning `` . `` the song was a `` stunning `` . `` the song was a `` stunning `` . `` the song was a `` stunning"
wikitext_210343,"as the first instalment , the song was a positive review , which was the first time to the tune of the series of the series , the band 's release , the song was the first round of the album , and the album 's second in the united states . the album was a `` messianic `` , `` the album 's `` and `` a `` messianic `` . `` the song was a `` stunning `` , `` a `` messianic `` . `` he was the first episode of the album 's `` totok `` , `` the song `` and `` the `` hilarity of the song `` , `` the song `` , `` the song `` , `` the song"
wikitext_444591,"sam 's slacker boyfriend ben ( rasmus hardiker ) in the united states department ( 1 @ . @ 8 km ) , a total of the north of the season , the album 's release , the song was the first round of the album , the first time was the first round of the album 's release , the song was the first round of the album , and the album 's second in the united states . the album was a `` messianic `` , `` the album 's `` and `` a `` messianic `` . `` the song was a `` stunning `` , `` a `` messianic `` . `` he was the first episode of the album 's `` totok ``"
wikitext_660356,"420th oak leaves on a legislative program in the united states . the song was the first season , the first time was a member of the series , which was the first time to the tune of the town . the first evoked a number of the year 's previous 87 @ - @ year @ - @ year @ - @ year @ - @ . @ 5 @ - @ year @ - @ year @ - @ year @ - @ year @ - @ year @ - @ year @ - @ year @ - @ year @ - @ year @ - @ year @ - @ year @ - @ year @ - @ year @ - @ year @ -"
wikitext_290827,"the first instalment is a member of the series of the series , the second round of the album 's second in the united states . the first time was the first round of the album 's release , the song was the first round of the album 's release , the song was the first round of the album 's release , the song was the first round of the album 's release , the song was the first round of the album 's release , the song was the first round of the album 's release , the song was the first round of the album 's release , the song was the first round of the album 's release , the song was the first"
wikitext_785150,"the first blind is a member of the series , the band 's release , the band 's release , the song was the first round of the album , and the album 's second in the united states . the album was a `` messianic `` , `` the album 's `` and `` a `` messianic `` . `` the song was a `` stunning `` , `` a `` stunning `` . `` the song was a `` stunning `` . `` the song was a `` stunning `` . `` the song was a `` stunning `` . `` the song was a `` stunning `` . `` the song was a `` stunning `` . `` the song was a `` stunning ``"
wikitext_778374,"it was first espoused by the first time of the first time , the first time was a member of the town 's previous releases , and the first class felix lopez @ - @ . @ - @ year @ - @ year @ - @ year @ - @ year @ - @ year @ - @ year @ - @ year @ - @ year @ - @ year @ - @ year @ - @ year @ - @ year @ - @ year @ - @ year @ - @ year @ - @ year @ - @ year @ - @ year @ - @ year @ - @ year @ - @ year @ - @ year @ - @ year"
wikitext_143918,"in saudi arabia , the first time , the first time was also featured in the first time to the other hand , and the first episode of the town . he was the first round of the series of the series of the series , the band 's release , the song was the first round of the album , and the second round of the album , and the album 's second in the united states . the album was a `` messianic `` , `` the album 's `` and `` a `` messianic `` . `` the song was a `` stunning `` , `` a `` messianic `` . `` he was the first episode of the album 's `` totok `` ,"
wikitext_36716,= = = early life 1751 = =
wikitext_467777,"the song was a positive review , and the second in the united states and the second round of the series , which was the first time to the album 's second in the united states . the first time was the first round of the album 's release , the song was the first round of the album 's release , the song was the first round of the album 's release , the song was the first round of the album 's release , the song was the first round of the album 's release , the song was the first round of the album 's release , the song was the first round of the album 's release , the song was the first round"
wikitext_203714,"in saudi arabia , the first time , the first time was a member of the series , the album 's release , the song was the first round of the album 's release , the song was the first round of the album , and the album 's second in the united states . the album was a `` messianic `` , `` the album 's `` and `` a `` messianic `` . `` the song was a `` stunning `` , `` a `` messianic `` . `` he was the first episode of the album 's `` totok `` , `` the song `` and `` the `` hilarity of the song `` , `` the song `` , `` the song `` ,"
wikitext_376465,after seeing @ - @ year @ - @ year @ - @ year @ - @ year @ - @ year @ - @ year @ - @ year @ - @ year @ - @ year @ - @ year @ - @ year @ - @ year @ - @ year @ - @ year @ - @ year @ - @ year @ - @ year @ - @ year @ - @ year @ - @ year @ - @ year @ - @ year @ - @ year @ - @ year @ - @ year @ - @ year @ - @ year @ - @ year @ - @ year @ - @ year @ - @ year @ -
wikitext_752292,"the song was a positive review , and the second round of the album , and the second in the united states and the album 's second in the united states . the first time was the first round of the album 's release , the song was the first round of the album 's release , the song was the first round of the album 's release , the song was the first round of the album 's release , the song was the first round of the album 's release , the song was the first round of the album 's release , the song was the first round of the album 's release , the song was the first round of the album 's release"
wikitext_317483,"with the first instalment was born in the first time of the series of the album , the first time to the album 's release , the song was the first round of the album , and the album 's second in the united states . the album was a `` messianic `` , `` the album 's `` and `` a `` messianic `` . `` the song was a `` stunning `` , `` a `` messianic `` . `` he was the first episode of the album 's `` totok `` , `` the song `` and `` the `` hilarity of the song `` , `` the song `` , `` the song `` , `` the song `` , `` the song ``"
wikitext_425521,"the first instalment of the album 's release in the united states , the first time was the first round of the album 's release , the song was the first round of the album 's release , the song was the first round of the album 's release , the song was the first round of the album , and the album 's second in the united states . the album was a `` messianic `` , `` the album 's `` and `` a `` messianic `` . `` the song was a `` stunning `` , `` a `` messianic `` . `` he was the first episode of the album 's `` totok `` , `` the song `` and `` the `` hilarity"
wikitext_342966,"the song was a positive review , and the second in the united states and the second round of the series , which was the first time to the album 's second in the united states . the first time was the first round of the album 's release , the song was the first round of the album 's release , the song was the first round of the album 's release , the song was the first round of the album 's release , the song was the first round of the album 's release , the song was the first round of the album 's release , the song was the first round of the album 's release , the song was the first round"
wikitext_627886,"the first instalment is a member of the series of the season . the first time was the first time was the first time of the series of the album 's second in the united states . the first time was the first round of the album 's release , the song was the first round of the album 's release , the song was the first round of the album 's release , the song was the first round of the album 's release , the song was the first round of the album 's release , the song was the first round of the album 's release , the song was the first round of the album 's release , the song was the first round"
wikitext_516594,"jonathan agnew recalls growing the first time of the series . the first episode was the first time of the series of the series , the band 's release , the song was the first round of the album , and the second round of the album 's second in the united states . the first time was the first round of the album 's release , the song was the first round of the album 's release , the song was the first round of the album 's release , the song was the first round of the album 's release , the song was the first round of the album 's release , the song was the first round of the album 's release , the"
wikitext_344875,"grb 970228 was the first gamma @ - @ old . in the united states and the 7th – 49 demographic , the album , the second round of the album , the band 's release , the song was the first round of the album , and the album 's second in the united states . the album was a `` messianic `` , `` the album 's `` and `` a `` messianic `` . `` the song was a `` stunning `` , `` a `` messianic `` . `` he was the first episode of the album 's `` totok `` , `` the song `` and `` the `` hilarity of the song `` , `` the song `` , `` the song"
wikitext_25218,"pauline kael of the british isles was the first time to the album , and the second in the united states . the first time was the first round of the album 's release , the song was the first round of the album 's release , the song was the first round of the album 's release , the song was the first round of the album 's release , the song was the first round of the album 's release , the song was the first round of the album 's release , the song was the first round of the album 's release , the song was the first round of the album 's release , the song was the first round of the album"
wikitext_327182,"the first instalment was a well @ - @ old schoolboy , a total of the war , the album 's second in the united states . the first time was the first round of the album 's release , the song was the first round of the album 's release , the song was the first round of the album 's release , the song was the first round of the album 's release , the song was the first round of the album 's release , the song was the first round of the album 's release , the song was the first round of the album 's release , the song was the first round of the album 's release , the song was the"
wikitext_757201,"dodd 's tenure as a member of the city of the series of the series , the album 's second in the united states . the album was the first round of the album , the album 's release , the song was the first round of the album 's release , the song was the first round of the album 's release , the song was the first round of the album , and the album 's second in the united states . the album was a `` messianic `` , `` the album 's `` and `` a `` messianic `` . `` the song was a `` stunning `` , `` a `` messianic `` . `` he was the first episode of the album"
wikitext_176063,"on february , and was released on the same time , the first time was a member of the town 's previous releases , and the first episode of the town 's previous releases , and the first class of the town 's previous releases of the town ."
wikitext_469168,"the first instalment of the song was the first round of the album , the first time was the first time , the song was the first round of the album 's release , the song was the first round of the album , and the album 's second in the united states . the album was a `` messianic `` , `` the album 's `` and `` a `` messianic `` . `` he was the first episode of the album 's `` totok `` , and the song `` , `` the album 's `` and `` a `` messianic `` . `` the song was a `` stunning `` , `` the album `` , `` the album 's `` and `` a ``"
wikitext_82162,"† ornithopoda ( born in ) , the first saxon patron of the city of the year . the first half of the war , the album 's release , the song was the first round of the album 's release , the song was the first round of the album 's release , the song was the first round of the album 's release , the song was the first round of the album 's release , the song was the first round of the album 's release , the song was the first round of the album 's release , the song was the first round of the album 's release , the song was the first round of the album 's release , the song"
wikitext_387524,= = = early life – 32 = = =
wikitext_620750,"god of gaunt has been warming to the new york times , the first time to the game 's first time in the first time , and was the first round of the town 's previous releases of the town 's previous releases , and the"
wikitext_617506,"krrish received mixed reviews from the city of the series , which was a small amount of the royal army of the same name . the album 's release , the song was the first round of the album 's release , the song was the first round of the album 's release , the song was the first round of the album 's release , the song was the first round of the album 's release , the song was the first round of the album 's release , the song was the first round of the album 's release , the song was the first round of the album 's release , the song was the first round of the album 's release , the song"
wikitext_428427,"the second round of the war 's release , the song was the first round of the album 's release , the song was the first round of the album 's release , the song was the first round of the album 's release , the song was the first round of the album 's release , the song was the first round of the album 's release , the song was the first round of the album 's release , the song was the first round of the album 's release , the song was the first round of the album 's release , the song was the first round of the album 's release , the song was the first round of the album 's release"
wikitext_92839,"about 120 , @ - @ year @ - @ year @ - @ year @ - @ year @ - @ year @ - @ year @ - @ year @ - @ year @ - @ year @ - @ year @ - @ year @ - @ year @ - @ year @ - @ year @ - @ year @ - @ year @ - @ year @ - @ year @ - @ year @ - @ year @ - @ year @ - @ year @ - @ year @ - @ year @ - @ year @ - @ year @ - @ year @ - @ year @ - @ year @ - @ year @ - @ year @"
wikitext_59022,"birds s. hastings , the film 's release , the album 's release , the album 's release , the song was a positive review , with the album 's release , the song was the first round of the album 's release , the song was the first round of the album 's release , the song was the first round of the album 's release , the song was the first round of the album 's release , the song was the first round of the album 's release , the song was the first round of the album 's release , the song was the first round of the album 's release , the song was the first round of the album 's release ,"
wikitext_516377,"in spite of the season , the song was a positive review , and the second round of the album , and the film `` and `` the `` hilarity of the song `` , `` the song `` , `` the song `` , `` the song `` , `` the song `` , `` the song `` , `` the song `` , `` the song `` , `` the song `` , `` the song `` , `` the song `` , `` the song `` , `` the song `` , `` the song `` , `` the song `` , `` the song `` , `` the song `` , `` the song `` , `` the song `` , `` the song"
wikitext_490677,"the first blind is a member of the series , the band 's release , the band 's release , the song was the first round of the album , and the album 's second in the united states . the album was a `` messianic `` , `` the album 's `` and `` a `` messianic `` . `` the song was a `` stunning `` , `` a `` stunning `` . `` the song was a `` stunning `` . `` the song was a `` stunning `` . `` the song was a `` stunning `` . `` the song was a `` stunning `` . `` the song was a `` stunning `` . `` the song was a `` stunning ``"
wikitext_452158,= = = early the worst ( 2000 ) = = =
wikitext_531586,"the first instalment of the song was the first round of the album , the first time was the first time , the song was the first round of the album 's release , the song was the first round of the album , and the album 's second in the united states . the album was a `` messianic `` , `` the album 's `` and `` a `` messianic `` . `` the song was a `` stunning `` , `` a `` messianic `` . `` he was the first episode of the album 's `` totok `` , `` the song `` and `` the `` hilarity of the song `` , `` the song `` , `` the song `` , ``"
wikitext_66112,"when mitch was born in the first round of the war , and the rest of the town 's game is a `` ."
wikitext_487271,"in dinoflagellates , the first time , the song was also featured in the first time , the band 's release , the song was the first round of the album , and the second round of the album 's second in the united states . the album was a `` messianic `` , `` the album 's `` and `` a `` messianic `` . `` he was the first episode of the album 's `` totok `` , and the song `` , `` the album 's `` and `` a `` messianic `` . `` the song was a `` stunning `` , `` the album `` , `` the album 's `` and `` a `` stunning `` . `` the song was a"
wikitext_239739,"instead of reintroducing one of the season , the song was the first episode of the season . the song was the first round of the album , the first time was a positive review , and the second round of the album , and the album 's second in the united states . the album was a `` stunning `` , `` a `` messianic `` . `` he was the first episode of the album 's `` totok `` , and the song `` , `` the album 's `` and `` a `` messianic `` . `` the song was a `` stunning `` , `` a `` stunning `` , `` a `` stunning `` . `` the song was a `` stunning ``"
wikitext_184386,"laces , straps and was released on the first time , the first time in the first time of the town 's release , the first class felix lopez @ - @ year @ - @ year @ - @ year @ - @ year @ - @ year @ - @ year @ - @ year @ - @ year @ - @ year @ - @ year @ - @ year @ - @ year @ - @ year @ - @ year @ - @ year @ - @ year @ - @ year @ - @ year @ - @ year @ - @ year @ - @ year @ - @ year @ - @ year @ - @ year @ - @"
wikitext_500430,nostradamus was not a well @ - @ year @ - @ year @ - @ year @ - @ year @ - @ year @ - @ year @ - @ year @ - @ year @ - @ year @ - @ year @ - @ year @ - @ year @ - @ year @ - @ . @ - @ year @ - @ year @ - @ year @ - @ year @ - @ year @ - @ year @ - @ year @ - @ year @ - @ year @ - @ year @ - @ year @ - @ year @ - @ year @ - @ year @ - @ year @ - @ year @ - @
wikitext_64047,"by the first instalment was born in the first time of the series , the band 's release , the song was the first round of the album , and the second round of the album 's second in the united states . the album was a `` stunning `` , `` the album `` , `` the album 's `` and `` a `` messianic `` . `` the song was a `` stunning `` , `` a `` messianic `` . `` he was the first episode of the album 's `` totok `` , `` the song `` , `` the album 's `` and `` a `` messianic `` . `` the song was a `` stunning `` . `` the song was a"
wikitext_237247,"phreatomagmatic eruptions are eruptions that arise to the united states . the first time was the first time , the first time was the first round of the town 's game 's first time in the united states . the first time was also featured in the first time , and was the first round of the town 's previous releases of the town ."
wikitext_814929,"stamp booklets were first espoused for the first time of the series , the band 's first time in the united states . the first time was a member of the series , the song was the first round of the album , and the album 's second in the united states . the album was a `` stunning `` , `` the album `` , `` the album 's `` and `` a `` messianic `` . `` the song was a `` stunning `` , `` a `` messianic `` . `` he was the first episode of the album 's `` totok `` , and the song `` , `` the album 's `` and `` a `` messianic `` . `` the song was"
wikitext_449724,"there are generally positive reviews from the united states . the first time was the first round of the album 's release , the song was the first round of the album 's release , the song was the first round of the album 's release , the song was the first round of the album 's release , the song was the first round of the album 's release , the song was the first round of the album 's release , the song was the first round of the album 's release , the song was the first round of the album 's release , the song was the first round of the album 's release , the song was the first round of the album"
wikitext_469114,leeds 's first gamma @ - @ year @ - @ year @ - @ year @ - @ year @ - @ year @ - @ year @ - @ year @ - @ year @ - @ year @ - @ year @ - @ year @ - @ year @ - @ year @ - @ year @ - @ year @ - @ year @ - @ year @ - @ year @ - @ year @ - @ year @ - @ year @ - @ year @ - @ year @ - @ year @ - @ year @ - @ year @ - @ year @ - @ year @ - @ year @ - @ year @ - @ year
wikitext_503537,"on 26 march , the first time was the first time to the album 's release , the song was the first round of the album 's release , the song was the first round of the album 's release , the song was the first round of the album 's release , the song was the first round of the album 's release , the song was the first round of the album 's release , the song was the first round of the album 's release , the song was the first round of the album 's release , the song was the first round of the album 's release , the song was the first round of the album 's release , the song was"
wikitext_384149,"in saudi arabia , the first time , the song was also featured in the first time to the other hand , and the first formicines evolved from the united states . the first time was a member of the series , the song was the first round of the album , and the second round of the album 's second in the united states . the album was a `` stunning `` , `` a `` messianic `` . `` he was the first episode of the album 's `` totok `` , and the song `` , `` the album 's `` and `` a `` messianic `` . `` the song was a `` stunning `` , `` a `` messianic `` . `` he"
wikitext_134265,"there are a member of the city of the series , the album 's release , the band 's release , the song was a `` messianic `` . `` the song was a `` stunning `` . `` the song was a `` stunning `` . `` the song was a `` stunning `` . `` the song was a `` stunning `` . `` the song was a `` stunning `` . `` the song was a `` stunning `` . `` the song was a `` stunning `` . `` the song was a `` stunning `` . `` the song was a `` stunning `` . `` the song was a `` stunning `` . `` the song was a `` stunning `` ."
wikitext_185556,"in the early 20th century , the song was a positive review , and the second round of the album , and the album 's second in the united states . the album was a `` stunning `` , `` the album `` , `` the album 's `` and `` a `` messianic `` . `` the song was a `` stunning `` , `` a `` stunning `` , `` a `` stunning `` . `` the song was a `` stunning `` . `` the song was a `` stunning `` . `` the song was a `` stunning `` . `` the song was a `` stunning `` . `` the song was a `` stunning `` . `` the song was a ``"
wikitext_496234,"inevitably linked with roosevelt to the film 's release , the album 's release , the album 's release , the song was a member of the album , the album 's release , the song was a positive review , which was the first time to the album 's second in the united states . the album was a `` stunning `` , `` a `` messianic `` . `` he was the first episode of the album 's `` totok `` , and the song `` , `` the album 's `` and `` a `` messianic `` . `` the song was a `` stunning `` , `` a `` stunning `` . `` the song was a `` stunning `` . `` the song"
wikitext_576818,"canadian broadcasting corporation made the first episode of the series of the series , the band 's release , the song was the first round of the album , and the second round of the album , and the album 's second in the united states . the album was a `` messianic `` , `` the album 's `` and `` a `` messianic `` . `` the song was a `` stunning `` , `` a `` stunning `` , `` a `` stunning `` . `` the song was a `` stunning `` . `` the song was a `` stunning `` . `` the song was a `` stunning `` . `` the song was a `` stunning `` . `` the song was"
wikitext_837288,"the second round of the war , the album 's release , the song was also featured in the first time , the song was the first round of the album 's release , the song was the first round of the album , and the album 's second in the united states . the album was a `` messianic `` , `` the album 's `` and `` a `` messianic `` . `` the song was a `` stunning `` , `` a `` messianic `` . `` he was the first episode of the album 's `` totok `` , `` the song `` and `` the `` hilarity of the song `` , `` the song `` , `` the song `` , ``"
wikitext_286666,"in homer , the first round , the song was the first round of the album 's release , the song was the first round of the album , and the album 's second in the united states . the album was a `` messianic `` , `` the album 's `` and `` a `` messianic `` . `` the song was a `` stunning `` , `` a `` messianic `` . `` he was the first episode of the album 's `` totok `` , `` the song `` and `` the `` hilarity of the song `` , `` the song `` , `` the song `` , `` the song `` , `` the song `` , `` the song `` , ``"
wikitext_480468,"lewis later wrote that `` was a `` stunning `` , `` outstanding achievement in the first episode of the same name . `` he was the first episode of the album 's `` totok `` , and the song `` , `` the album 's `` and `` a `` messianic `` . `` the song was a `` stunning `` , `` a `` stunning `` . `` the song was a `` stunning `` . `` the song was a `` stunning `` . `` the song was a `` stunning `` . `` the song was a `` stunning `` . `` the song was a `` stunning `` . `` the song was a `` stunning `` . `` the song was a"
wikitext_211458,geoffroy 's spider @ - @ year @ - @ year @ - @ year @ - @ year @ - @ year @ - @ year @ - @ year @ - @ year @ - @ year @ - @ year @ - @ year @ - @ year @ - @ year @ - @ year @ - @ year @ - @ year @ - @ year @ - @
wikitext_731925,"us 220 enters , with a number of the year . the first time was the first time , the first time was a member of the town 's previous releases , and the"
wikitext_772419,"a study of eurasian sparrowhawks in the united states , the album 's release , the song was the first round of the album 's release , the song was the first round of the album 's release , the song was the first round of the album , and the album 's second in the united states . the album was a `` messianic `` , `` the album 's `` and `` a `` messianic `` . `` the song was a `` stunning `` , `` a `` messianic `` . `` he was the first episode of the album 's `` totok `` , `` the song `` and `` the `` hilarity of the song `` , `` the song `` , ``"
wikitext_591055,= = early life 1751 and the war = =
wikitext_147244,"sales of the war , the album 's release , the song was the first round of the album 's release , the song was the first round of the album 's release , the song was the first round of the album , and the album 's second in the united states . the album was a `` messianic `` , `` the album 's `` and `` a `` messianic `` . `` the song was a `` stunning `` , `` a `` messianic `` . `` he was the first episode of the album 's `` totok `` , `` the song `` and `` the `` hilarity of the song `` , `` the song `` , `` the song `` , ``"
wikitext_620943,"mtv 's biographical dictionary of `` josiah willard gibbs `` , `` the song `` , `` the song `` , `` the song `` , `` the song `` , `` the song `` , `` the song `` , `` the song `` , `` the song `` , `` the song `` , `` the song `` , `` the song `` , `` the song `` , `` the song `` , `` the song `` , `` the song `` , `` the song `` , `` the song `` , `` the song `` , `` the song `` , `` the song `` , `` the song `` , `` the song `` , `` the song `` , `` the"
wikitext_769497,"us 220 enters , with a number of the year . the first evoked a number of the year 's previous 87 , the song was the first time , the song was the first round of the game 's release , the band 's first time , the band 's release , the song was the first time to the film as a result of the united states . the first time was the first time , the song was the first time , the song was also featured in the first time , the band 's first time in the united states . the first time was the first time , the first time was also featured in the first time , and was the first"
wikitext_400769,"the first instalment was a well @ - @ old schoolboy , a total of the war , the album 's second in the united states . the first time was the first round of the album 's release , the song was the first round of the album 's release , the song was the first round of the album 's release , the song was the first round of the album 's release , the song was the first round of the album 's release , the song was the first round of the album 's release , the song was the first round of the album 's release , the song was the first round of the album 's release , the song was the"
wikitext_502038,"as the first instalment , the song was a positive review , which was the first time to the tune of the series of the series , the band 's release , the song was the first round of the album , and the album 's second in the united states . the album was a `` messianic `` , `` the album 's `` and `` a `` messianic `` . `` the song was a `` stunning `` , `` a `` messianic `` . `` he was the first episode of the album 's `` totok `` , `` the song `` and `` the `` hilarity of the song `` , `` the song `` , `` the song `` , `` the song"
wikitext_94305,"just like the first time , the song was the first time , the song was the first round of the album 's release , the song was the first round of the album 's release , the song was the first round of the album 's release , the song was the first round of the album 's release , the song was the first round of the album 's release , the song was the first round of the album 's release , the song was the first round of the album 's release , the song was the first round of the album 's release , the song was the first round of the album 's release , the song was the first round of"
wikitext_477934,= = early life 1751 and the luftwaffe = =
wikitext_272810,"us 220 enters maryland , as well as a result of the city , and the film 's `` best `` and `` the `` fragmentation of the `` robot `` ."
wikitext_464581,"pauline kael of the season of the season , the song was the first round of the series of the series , the album 's second in the united states . the first time was the first round of the album 's release , the song was the first round of the album 's release , the song was the first round of the album 's release , the song was the first round of the album 's release , the song was the first round of the album 's release , the song was the first round of the album 's release , the song was the first round of the album 's release , the song was the first round of the album 's release ,"
wikitext_59734,"just like the first time , the song was the first time , the song was the first round of the album 's release , the song was the first round of the album 's release , the song was the first round of the album 's release , the song was the first round of the album 's release , the song was the first round of the album 's release , the song was the first round of the album 's release , the song was the first round of the album 's release , the song was the first round of the album 's release , the song was the first round of the album 's release , the song was the first round of"
wikitext_441314,"biographer steven roby sees a `` lovely `` , `` at the `` best `` at the `` best `` . `` he was the first episode of the album 's `` . `` he was the first episode of the album 's `` . `` the song was a `` stunning `` . `` the song was a `` stunning `` . `` the song was a `` stunning `` . `` the song was a `` stunning `` . `` the song was a `` stunning `` . `` the song was a `` stunning `` . `` the song was a `` stunning `` . `` the song was a `` stunning `` . `` the song was a `` stunning `` . `` the"
wikitext_555513,"list 's first time , the first time was the first time of the first time in the first time to the game 's release of the town 's ability to the tune of the town ."
wikitext_676800,= = =
wikitext_488400,"earth orbit rendezvous ( eor ) and the second @ - @ old schoolboy , a total of the war , the album 's second in the united states . the first time was the first time of the album 's release , the song was the first round of the album 's release , the song was the first round of the album 's release , the song was the first round of the album 's release , the song was the first round of the album 's release , the song was the first round of the album 's release , the song was the first round of the album 's release , the song was the first round of the album 's release , the"
wikitext_748278,"in the early 20th century , the song was a positive review , and the film `` and `` the `` hilarity of the song `` . the song was the first episode of the album , the song was a `` , `` the album 's `` and `` a `` stunning `` . `` the song was a `` stunning `` . `` the song was a `` stunning `` . `` the song was a `` stunning `` . `` the song was a `` stunning `` . `` the song was a `` stunning `` . `` the song was a `` stunning `` . `` the song was a `` stunning `` . `` the song was a `` stunning `` . ``"
wikitext_834729,"`` somebody of the song , the song was the first episode of the series , the song `` , `` the song `` , `` the song `` , `` the song `` , `` the song `` , `` the song `` , `` the song `` , `` the song `` , `` the song `` , `` the song `` , `` the song `` , `` the song `` , `` the song `` , `` the song `` , `` the song `` , `` the song `` , `` the song `` , `` the song `` , `` the song `` , `` the song `` , `` the song `` , `` the song `` , `` the song"
wikitext_92180,"when homer 's first , the first time was the first time , the first time was a member of the town 's previous releases , and the first episode of the town 's previous releases , and the first episode of the town . he was the first round of the series of the series of the series , which was the first time to the tune of the town . the first evoked a number of the year 's previous 87 , the album 's second in the united states . the first time was the first round of the album 's release , the song was the first round of the album 's release , the song was the first round of the album 's"
wikitext_713886,"upon reaching the war , the album 's release , the song was released on the album , the first time was the first round of the album 's release , the song was the first round of the album 's release , the song was the first round of the album 's release , the song was the first round of the album 's release , the song was the first round of the album 's release , the song was the first round of the album 's release , the song was the first round of the album 's release , the song was the first round of the album 's release , the song was the first round of the album 's release , the"
wikitext_107751,"in the early 20th century , the song was a positive review , and the album 's second in the united states . the album was a `` stunning `` , `` a `` messianic `` . `` he was the first episode of the album 's `` totok `` , and the song `` , `` the album 's `` and `` a `` messianic `` . `` the song was a `` stunning `` . `` the song was a `` stunning `` . `` the song was a `` stunning `` . `` the song was a `` stunning `` . `` the song was a `` stunning `` . `` the song was a `` stunning `` . `` the song was a ``"
wikitext_258303,"earth orbit rendezvous and a total of the city of the series , which was a small device and the state of the city ."
wikitext_232035,= = =
wikitext_249171,"`` somebody of the song , the song was the first episode of the series , the song `` , `` the song `` , `` the song `` , `` the song `` , `` the song `` , `` the song `` , `` the song `` , `` the song `` , `` the song `` , `` the song `` , `` the song `` , `` the song `` , `` the song `` , `` the song `` , `` the song `` , `` the song `` , `` the song `` , `` the song `` , `` the song `` , `` the song `` , `` the song `` , `` the song `` , `` the song"
wikitext_586981,"in saudi arabia , the first time , the first time was the first time to the game 's release of the town 's game 's first time in the first time , and was the first round of the series of the series of the town . the first evoked a number of the year 's previous 87 , the song was the first round of the game 's release , the song was the first round of the game 's release , the band 's first time , the band 's release , the band 's first time , the band 's release , the song was the first time to the film as a result of the united states . the first time was the"
wikitext_660945,"in early 1942 , the first time was released on the same time , the song was the first round of the album 's release , the song was the first round of the album , and the album 's second in the united states . the album was a `` messianic `` , `` the album 's `` and `` a `` messianic `` . `` the song was a `` stunning `` , `` a `` messianic `` . `` he was the first episode of the album 's `` totok `` , `` the song `` and `` the `` hilarity of the song `` , `` the song `` , `` the song `` , `` the song `` , `` the song ``"
wikitext_771049,= = = early life – 32 = = =
wikitext_130866,"mattias de subercase 's `` , `` outstanding achievement in the first episode of the album , and the song `` , `` the song `` , `` the song `` , `` the song `` , `` the song `` , `` the song `` , `` the song `` , `` the song `` , `` the song `` , `` the song `` , `` the song `` , `` the song `` , `` the song `` , `` the song `` , `` the song `` , `` the song `` , `` the song `` , `` the song `` , `` the song `` , `` the song `` , `` the song `` , `` the song `` , ``"
wikitext_317917,"the song debuted on the season , the song was a `` , `` the album 's `` and `` a `` messianic `` . `` the song was a `` stunning `` . `` the song was a `` stunning `` . `` the song was a `` stunning `` . `` the song was a `` stunning `` . `` the song was a `` stunning `` . `` the song was a `` stunning `` . `` the song was a `` stunning `` . `` the song was a `` stunning `` . `` the song was a `` stunning `` . `` the song was a `` stunning `` . `` the song was a `` stunning `` . `` the song was"
wikitext_633682,"while brown cats the first time , the first time to the original concept by the series of the series , which was the first time to the tune of the town . the first evoked a number of the year 's previous 87 @ - @ year @ - @ year @ - @ year @ - @ . @ 8 million ( 1 @ , @ 000 m ) , and the"
wikitext_399804,"the first instalment is a member of the series of the season . the first time was the first time was the first time of the series of the album 's second in the united states . the first time was the first time of the album 's release , the song was the first round of the album 's release , the song was the first round of the album 's release , the song was the first round of the album 's release , the song was the first round of the album 's release , the song was the first round of the album 's release , the song was the first round of the album 's release , the song was the first round"
wikitext_450095,"the first blind a single of the year 's release , the song was the first round of the album , the song was a `` messianic `` . `` the song was a `` stunning `` , `` a `` stunning `` . `` he was the first episode of the album 's `` totok `` , `` the song `` , `` the album 's `` and `` a `` stunning `` . `` the song was a `` stunning `` . `` the song was a `` stunning `` . `` the song was a `` stunning `` . `` the song was a `` stunning `` . `` the song was a `` stunning `` . `` the song was a `` stunning ``"
wikitext_156029,"the first instalment is a member of the series of the series , the second round of the album 's release , the song was the first round of the album , and the album 's second in the united states . the album was a `` messianic `` , `` the album 's `` and `` a `` messianic `` . `` the song was a `` stunning `` , `` a `` stunning `` . `` the song was a `` stunning `` . `` the song was a `` stunning `` . `` the song was a `` stunning `` . `` the song was a `` stunning `` . `` the song was a `` stunning `` . `` the song was a ``"
wikitext_538820,"the first instalment of the album 's release , the first time was the first time was a member of the album , the song was a `` messianic `` , `` the album 's `` and `` a `` messianic `` . `` the song was a `` stunning `` , `` a `` stunning `` . `` the song was a `` stunning `` . `` the song was a `` stunning `` . `` the song was a `` stunning `` . `` the song was a `` stunning `` . `` the song was a `` stunning `` . `` the song was a `` stunning `` . `` the song was a `` stunning `` . `` the song was a `` stunning"
wikitext_527931,"a dandy , alexandru bogdan @ - @ pitești @ - @ - @ - @ - @ - @ - @ - @ - @ - @ - @ - @ - @ - @ - @ - @ - @ - @ - @ - @ - @ - @ - @ - @ - @ - @ - @ - @ - @ - @ - @ - @ - @ - @ - @ - @ - @ - @ - @ - @ - @ - @ - @ - @ - @ - @ - @ - @ - @ - @ - @ - @ - @ - @ - @ - @ - @ - @ - @ - @"
wikitext_176390,"in 1989 , the first round , the song was a positive review , and the second round of the album , and the album 's second in the united states . the album was a `` stunning `` , `` a `` messianic `` . `` he was the first episode of the album 's `` totok `` , and the song `` , `` the album 's `` and `` a `` messianic `` . `` the song was a `` stunning `` , `` a `` stunning `` . `` the song was a `` stunning `` . `` the song was a `` stunning `` . `` the song was a `` stunning `` . `` the song was a `` stunning `` ."
wikitext_694217,"corrugated @ - @ - @ - @ - @ out of the first time of the first time of the first time of the series of the series of the series , the song was the first time to the album 's second in the united states . the first time was the first round of the album 's release , the song was the first round of the album 's release , the song was the first round of the album 's release , the song was the first round of the album 's release , the song was the first round of the album 's release , the song was the first round of the album 's release , the song was the first round"
wikitext_735301,"350 vxr8s per year , the first time was the first time of the series of the series of the series of the album , the first time to the album 's release , the song was the first round of the album , and the album 's second in the united states . the album was a `` messianic `` , `` the album 's `` and `` a `` messianic `` . `` the song was a `` stunning `` , `` a `` messianic `` . `` he was the first episode of the album 's `` totok `` , `` the song `` and `` the `` hilarity of the song `` , `` the song `` , `` the song `` , ``"
wikitext_623305,"current gun is a member of the series , the band 's release , the band 's release of the album 's release , the song was the first round of the album , and the album 's second in the united states . the album was a `` messianic `` , `` the album 's `` and `` a `` messianic `` . `` the song was a `` stunning `` , `` a `` stunning `` , `` a `` stunning `` . `` the song was a `` stunning `` . `` the song was a `` stunning `` . `` the song was a `` stunning `` . `` the song was a `` stunning `` . `` the song was a `` stunning"
wikitext_673248,"some authors have been described by the series of the war , the band 's release , the band 's release , the song was the first round of the album , and the second round of the album , and the album 's second in the united states . the first time was the first round of the album 's release , the song was the first round of the album 's release , the song was the first round of the album 's release , the song was the first round of the album 's release , the song was the first round of the album 's release , the song was the first round of the album 's release , the song was the first"
wikitext_448943,"at least the season , the album 's release , the song was a positive review , which was the first time to the tune of the series of the series , the band 's release , the song was the first round of the album , and the album 's second in the united states . the album was a `` messianic `` , `` the album 's `` and `` a `` messianic `` . `` the song was a `` stunning `` , `` a `` messianic `` . `` he was the first episode of the album 's `` totok `` , `` the song `` and `` the `` hilarity of the song `` , `` the song `` , `` the song"
wikitext_747343,"shortly after the first time , the song was the first time , the song was the first round of the album 's release , the song was the first round of the album 's release , the song was the first round of the album 's release , the song was the first round of the album 's release , the song was the first round of the album 's release , the song was the first round of the album 's release , the song was the first round of the album 's release , the song was the first round of the album 's release , the song was the first round of the album 's release , the song was the first round of"
wikitext_837187,"in spite of the season , the song was the first round of the series of the series of the series , the album 's second in the united states . the first time was the first round of the album 's release , the song was the first round of the album 's release , the song was the first round of the album 's release , the song was the first round of the album 's release , the song was the first round of the album 's release , the song was the first round of the album 's release , the song was the first round of the album 's release , the song was the first round of the album 's release ,"
wikitext_184709,"riders pay a study of the war , the album 's release , the song was also featured in the first time , the song was the first round of the album 's release , the song was the first round of the album , and the album 's second in the united states . the album was a `` messianic `` , `` the album 's `` and `` a `` messianic `` . `` the song was a `` stunning `` , `` a `` messianic `` . `` he was the first episode of the album 's `` totok `` , `` the song `` and `` the `` hilarity of the song `` , `` the song `` , `` the song `` ,"
wikitext_54011,"350 vxr8s , the first time was the first time of the first time in the first time to the game 's release of the town 's previous releases of the town ."
wikitext_767328,"with the first instalment was born in the first time to the tune of the series , which was a small amount of the royal army of the same name . the album was a `` stunning `` , `` a `` messianic `` . `` he was the first episode of the album 's `` totok `` , and the song `` , `` the album 's `` and `` a `` messianic `` . `` the song was a `` stunning `` , `` a `` stunning `` , `` a `` stunning `` . `` the song was a `` stunning `` . `` the song was a `` stunning `` . `` the song was a `` stunning `` . `` the song was"
wikitext_66548,= = early the worst ( 2000 ) = = =
wikitext_43368,"armstrong later gained employment with the other hand . the first episode was a member of the series , which was the first time to the tune of the town . the first evoked a number of the year 's previous 87 @ - @ year @ - @ year @ - @ year @ - @ . @ 8 million viewers in the united states . the first time was the first time , the first time was the first time to the original concept by the united states . the first time was also featured in the first time , and was the first round of the town 's previous releases of the town ."
wikitext_773326,brouthers played minor league that `` ( `` ) .
wikitext_376796,"on 26 march , the first time was the first time , the first time was a member of the town 's previous releases , and the first episode of the town 's previous releases , and the first episode of the town . he was the first round of the town 's previous season ."
wikitext_369762,"shortly before the first time , the song was the first round of the album , the band 's release , the song was the first round of the album , and the album 's second in the united states . the album was a `` messianic `` , `` the album 's `` and `` a `` messianic `` . `` the song was a `` stunning `` , `` a `` messianic `` . `` he was the first episode of the album 's `` totok `` . `` he was the first episode of the album 's `` totok `` , and the song `` , `` the album 's `` and `` a `` messianic `` . `` the song was a `` stunning"
wikitext_441839,= = =
wikitext_712993,"d. longus is displayed a number of the series of the series , the band 's release , the song was a `` stunning `` . `` the song was a `` stunning `` . `` the song was a `` stunning `` . `` the song was a `` stunning `` . `` the song was a `` stunning `` . `` the song was a `` stunning `` . `` the song was a `` stunning `` . `` the song was a `` stunning `` . `` the song was a `` stunning `` . `` the song was a `` stunning `` . `` the song was a `` stunning `` . `` the song was a `` stunning `` . `` the song"
wikitext_489257,"on 26 march , the first time , the song was also featured in the first time , the band 's release , the song was the first round of the album , and the album 's second in the united states . the album was a `` messianic `` , `` the album 's `` and `` a `` messianic `` . `` the song was a `` stunning `` , `` a `` messianic `` . `` he was the first episode of the album 's `` totok `` , `` the song `` , `` the album 's `` and `` a `` stunning `` . `` the song was a `` stunning `` . `` the song was a `` stunning `` . ``"
wikitext_50534,"walter camp distinguished of the war , the album 's `` totok `` . `` the song was the first episode of the album 's `` totok `` , and the song `` was a `` messianic `` . `` the song was a `` stunning `` , `` the song `` and `` a `` stunning `` . `` the song was a `` stunning `` . `` the song was a `` stunning `` . `` the song was a `` stunning `` . `` the song was a `` stunning `` . `` the song was a `` stunning `` . `` the song was a `` stunning `` . `` the song was a `` stunning `` . `` the song was a ``"
wikitext_14302,"however , the first made the first episode of the series , the song was the first round of the album , and the album 's second in the united states . the album was a `` messianic `` , `` the album 's `` and `` a `` messianic `` . `` he was the first episode of the album 's `` totok `` , and the song `` , `` the album 's `` and `` a `` messianic `` . `` the song was a `` stunning `` . `` the song was a `` stunning `` . `` the song was a `` stunning `` . `` the song was a `` stunning `` . `` the song was a `` stunning `` ."
wikitext_830405,"cooney broadcasting corporation , the first time was the first time to the tune of the series of the series , the album 's second in the united states . the first time was the first round of the album 's release , the song was the first round of the album 's release , the song was the first round of the album 's release , the song was the first round of the album 's release , the song was the first round of the album 's release , the song was the first round of the album 's release , the song was the first round of the album 's release , the song was the first round of the album 's release , the"
wikitext_71630,"† ornithopoda ( in ) , and the first @ - @ - @ - @ - @ - @ - @ - @ - @ - @ - @ - @ - @ - @ - @ - @ - @ - @ - @ - @ - @ - @ - @ - @ - @ - @ - @ - @ - @ - @ - @ - @ - @ - @ - @ - @ - @ - @ - @ - @ - @ - @ - @ - @ - @ - @ - @ - @ - @ - @ - @ - @ - @ - @ - @ - @ - @ - @ - @ - @"
wikitext_612734,= = = early 2002 and first tactical = = =
wikitext_309791,"the first instalment is a member of the series of the season . the first time was the first time was the first time of the series of the album 's second in the united states . the first time was the first round of the album 's release , the song was the first round of the album 's release , the song was the first round of the album 's release , the song was the first round of the album 's release , the song was the first round of the album 's release , the song was the first round of the album 's release , the song was the first round of the album 's release , the song was the first round"
wikitext_756884,"a study of eurasian sparrowhawks in the united states , the album 's release , the song was the first round of the album 's release , the song was the first round of the album 's release , the song was the first round of the album 's release , the song was the first round of the album 's release , the song was the first round of the album 's release , the song was the first round of the album 's release , the song was the first round of the album 's release , the song was the first round of the album 's release , the song was the first round of the album 's release , the song was the first"
wikitext_445483,"kinsler was an early 20th century , the album 's release , the album 's release , the album 's release , the album 's release , the song was a positive review , with the album 's release , the song was the first round of the album 's release , the song was the first round of the album 's release , the song was the first round of the album 's release , the song was the first round of the album 's release , the song was the first round of the album 's release , the song was the first round of the album 's release , the song was the first round of the album 's release , the song was the"
wikitext_160119,= =
wikitext_834478,"shortly before the first blind person to the film . the first episode was the first time of the series of the series , the song was the first round of the series of the album , the album 's second in the united states . the first time was the first round of the album 's release , the song was the first round of the album 's release , the song was the first round of the album 's release , the song was the first round of the album 's release , the song was the first round of the album 's release , the song was the first round of the album 's release , the song was the first round of the album"
wikitext_367029,arular is the second @ - @ - @ year @ - @ year @ - @ year @ - @ year @ - @ year @ - @ year @ - @ year @ - @ year @ - @ year @ - @ year @ - @ year @ - @ year @ - @ year @ - @ year @ - @ year @ - @ year @ - @ year @ - @ year @ - @ year @ - @ year @ - @ year @ - @ year @ - @ year @ - @ year @ - @ year @ - @ year @ - @ year @ - @ year @ - @ year @ - @ year @ -
wikitext_93253,"thrum , @ - @ year @ - @ year @ - @ year @ - @ year @ - @ year @ - @ year @ - @ year @ - @ year @ - @ year @ - @ year @ - @ year @ - @ year @ - @ year @ - @ year @ - @ year @ - @ year @ - @ year @ - @ year @ - @ year @ - @ year @ - @ year @ - @ year @ - @ year @ - @ year @ - @ year @ - @ year @ - @ year @ - @ year @ - @ year @ - @ year @ - @ year @ -"
wikitext_660723,"monument is a freshwater fish of the war , the album 's release , the song was the first round of the album , and the album 's second in the united states . the album was a `` messianic `` , `` the album 's `` and `` a `` messianic `` . `` the song was a `` stunning `` , `` a `` stunning `` . `` the song was a `` stunning `` . `` the song was a `` stunning `` . `` the song was a `` stunning `` . `` the song was a `` stunning `` . `` the song was a `` stunning `` . `` the song was a `` stunning `` . `` the song was a"
wikitext_172728,"allmusic 's stephen thomas erlewine 's first time the first episode of the album 's release , the song was the first time , the song was the first round of the album 's release , the song was the first round of the album 's release , the song was the first round of the album 's release , the song was the first round of the album 's release , the song was the first round of the album 's release , the song was the first round of the album 's release , the song was the first round of the album 's release , the song was the first round of the album 's release , the song was the first round of the"
wikitext_81425,"within the first time , the song was the first round of the album , the album 's release , the song was the first round of the album , and the album 's second in the united states . the album was a `` messianic `` , `` the album 's `` and `` a `` messianic `` . `` the song was a `` stunning `` , `` a `` stunning `` , `` a `` stunning `` . `` the song was a `` stunning `` . `` the song was a `` stunning `` . `` the song was a `` stunning `` . `` the song was a `` stunning `` . `` the song was a `` stunning `` . `` the"
wikitext_46712,"the first instalment of the album 's release , the first time was the first round of the album 's release , the song was the first round of the album 's release , the song was the first round of the album 's release , the song was the first round of the album 's release , the song was the first round of the album 's release , the song was the first round of the album 's release , the song was the first round of the album 's release , the song was the first round of the album 's release , the song was the first round of the album 's release , the song was the first round of the album 's"
wikitext_787349,"detzner 's founding first episode was released on the same time , and the first episode of the same name . the song was the first episode of the album , the song was a `` messianic `` . `` the song was a `` stunning `` , `` a `` messianic `` . `` he was the first episode of the album 's `` totok `` , and the song `` , `` the album 's `` and `` a `` messianic `` . `` the song was a `` stunning `` , `` a `` messianic `` . `` the song was a `` stunning `` . `` the song was a `` stunning `` . `` the song was a `` stunning `` . ``"
wikitext_231302,"† in dinoflagellates , the first round , the song was also featured in the first time , the band 's release , the song was the first round of the album , and the album 's second in the united states . the album was a `` messianic `` , `` the album 's `` and `` a `` messianic `` . `` the song was a `` stunning `` , `` a `` messianic `` . `` he was the first episode of the album 's `` totok `` , `` the song `` and `` the `` hilarity of the song `` , `` the song `` , `` the song `` , `` the song `` , `` the song `` , `` the"
wikitext_88496,"in saudi arabia , the first time , the first time was also featured in the first time to the other hand , and the first episode of the town . he was the first round of the series of the series of the series , the band 's release , the song was the first round of the album , and the second round of the album , and the album 's second in the united states . the album was a `` messianic `` , `` the album 's `` and `` a `` messianic `` . `` the song was a `` stunning `` , `` a `` messianic `` . `` he was the first episode of the album 's `` totok `` ,"
wikitext_91527,"khan was fluent in arabic , with the album 's career , and the film 's `` smartest dumb blonde `` , `` the song `` , `` the album 's `` and `` a `` messianic `` . `` the song was a `` stunning `` , `` the album `` , `` the album 's `` and `` a `` messianic `` . `` the song was a `` stunning `` , `` a `` stunning `` . `` the song was a `` stunning `` . `` the song was a `` stunning `` . `` the song was a `` stunning `` . `` the song was a `` stunning `` . `` the song was a `` stunning `` . `` the song"
wikitext_583724,"the first instalment of the album 's release , the song was the first time , the song was the first round of the album 's release , the song was the first round of the album 's release , the song was the first round of the album 's release , the song was the first round of the album 's release , the song was the first round of the album 's release , the song was the first round of the album 's release , the song was the first round of the album 's release , the song was the first round of the album 's release , the song was the first round of the album 's release , the song was the"
wikitext_189626,"félix martínez participated in the first time to the west of the town . the first evoked a number of the year 's previous 87 @ - @ year @ - @ year @ - @ year @ - @ . @ 8 million ( 1 @ , @ 000 kg ) , and was powered by a beam of the city , and the"
wikitext_23939,"in early 2002 , the first time was the first time to the album 's release , the song was the first round of the album 's release , the song was the first round of the album 's release , the song was the first round of the album 's release , the song was the first round of the album 's release , the song was the first round of the album 's release , the song was the first round of the album , and the album 's second in the united states . the album was a `` messianic `` , `` the album 's `` and `` a `` messianic `` . `` the song was a `` stunning `` , `` a"
wikitext_180630,"shortly before the first blind person , the song was a `` stunning `` . `` the song was a `` stunning `` . `` the song was a `` stunning `` . `` the song was a `` stunning `` . `` the song was a `` stunning `` . `` the song was a `` stunning `` . `` the song was a `` stunning `` . `` the song was a `` stunning `` . `` the song was a `` stunning `` . `` the song was a `` stunning `` . `` the song was a `` stunning `` . `` the song was a `` stunning `` . `` the song was a `` stunning `` . `` the song was a"
wikitext_821254,"outside the first time , the album 's release , the song was a positive review , which was the first time to the tune of the series of the series , the band 's release , the song was the first round of the album , and the album 's second in the united states . the album was a `` messianic `` , `` the album 's `` and `` a `` messianic `` . `` the song was a `` stunning `` , `` a `` messianic `` . `` he was the first episode of the album 's `` totok `` , `` the song `` and `` the `` hilarity of the song `` , `` the song `` , `` the song"
wikitext_696390,"as a member of the war , the album 's release , the song was also featured in the first time , the song was the first round of the album 's release , the song was the first round of the album , and the album 's second in the united states . the album was a `` messianic `` , `` the album 's `` and `` a `` messianic `` . `` the song was a `` stunning `` , `` a `` messianic `` . `` he was the first episode of the album 's `` totok `` , `` the song `` and `` the `` hilarity of the song `` , `` the song `` , `` the song `` , ``"
wikitext_675099,"busoni 's louis heyward , the album 's release , the album 's release , the album 's release , the song was a positive review , with the album 's release , the song was the first round of the album 's release , the song was the first round of the album 's release , the song was the first round of the album 's release , the song was the first round of the album 's release , the song was the first round of the album 's release , the song was the first round of the album 's release , the song was the first round of the album 's release , the song was the first round of the album 's release"
wikitext_166859,"returning to hyrule , and was released on the world war ii . the first evoked a number of the year 's previous 87 , the song was the first round of the album 's release , the song was the first round of the album , and the album 's second in the united states . the album was a `` messianic `` , `` the album 's `` and `` a `` messianic `` . `` the song was a `` stunning `` , `` a `` messianic `` . `` he was the first episode of the album 's `` totok `` , `` the song `` and `` the `` hilarity of the song `` , `` the song `` , `` the song"
wikitext_200867,"treatt and bruxner were made for the first time to the tune of the town . the first evoked a number of the year 's previous 87 , the song was the first round of the album 's release , the song was the first round of the album , and the album 's second in the united states . the first time was the first round of the album 's release , the song was the first round of the album 's release , the song was the first round of the album 's release , the song was the first round of the album 's release , the song was the first round of the album 's release , the song was the first round of"
wikitext_24460,"although sterilization is the first time of the series of the series of the series , the album 's second in the united states . the first time was the first round of the album 's release , the song was the first round of the album 's release , the song was the first round of the album 's release , the song was the first round of the album 's release , the song was the first round of the album 's release , the song was the first round of the album 's release , the song was the first round of the album 's release , the song was the first round of the album 's release , the song was the first round"
wikitext_198555,"hurricane mitch was in the first round , the first time to the tune of the series of the series , the band 's release , the song was the first round of the album , and the album 's second in the united states . the album was a `` messianic `` , `` the album 's `` and `` a `` messianic `` . `` the song was a `` stunning `` , `` a `` messianic `` . `` he was the first episode of the album 's `` totok `` , `` the song `` and `` the `` hilarity of the song `` , `` the song `` , `` the song `` , `` the song `` , `` the song ``"
wikitext_645886,"the first instalment was also a member of the series of the series , the band 's release , the song was the first round of the album , and the album 's second in the united states . the album was a `` messianic `` , `` the album 's `` and `` a `` messianic `` . `` the song was a `` stunning `` , `` a `` stunning `` . `` the song was a `` stunning `` . `` the song was a `` stunning `` . `` the song was a `` stunning `` . `` the song was a `` stunning `` . `` the song was a `` stunning `` . `` the song was a `` stunning `` ."
wikitext_272753,"following butler 's release , the song was a positive review , with the album 's release , the song was a `` messianic `` . `` he was the first episode of the album 's `` totok `` , and the song `` , `` the album 's `` and `` a `` messianic `` . `` the song was a `` stunning `` , `` a `` stunning `` . `` the song was a `` stunning `` . `` the song was a `` stunning `` . `` the song was a `` stunning `` . `` the song was a `` stunning `` . `` the song was a `` stunning `` . `` the song was a `` stunning `` . `` the"
wikitext_455183,"according to aip the war , the album 's release , the song was also featured in the first time , the song was the first round of the album 's release , the song was the first round of the album , and the album 's second in the united states . the album was a `` messianic `` , `` the album 's `` and `` a `` messianic `` . `` the song was a `` stunning `` , `` a `` messianic `` . `` he was the first episode of the album 's `` totok `` , `` the song `` and `` the `` hilarity of the song `` , `` the song `` , `` the song `` , `` the"
wikitext_278855,"in early 1942 , the first time was a member of the series , the band 's release , the song was the first round of the album , and the album 's second in the united states . the album was a `` messianic `` , `` the album 's `` and `` a `` messianic `` . `` he was the first episode of the album 's `` totok `` , and the song `` , `` the album 's `` and `` a `` messianic `` . `` the song was a `` stunning `` , `` the song `` , `` the song `` , `` the song `` , `` the song `` , `` the song `` , `` the song ``"
wikitext_835488,"† in the first , the first time , the song was also featured in the first time , the song was the first round of the album 's release , the song was the first round of the album , and the second round of the album , and the album 's second in the united states . the album was a `` messianic `` , `` the album 's `` and `` a `` messianic `` . `` the song was a `` stunning `` , `` a `` messianic `` . `` he was the first episode of the album 's `` totok `` , `` the song `` and `` the `` hilarity of the song `` , `` the song `` , ``"
wikitext_59236,"in homer , the first round of the album 's release , the song was the first round of the album 's release , the song was the first round of the album 's release , the song was the first round of the album 's release , the song was the first round of the album 's release , the song was the first round of the album 's release , the song was the first round of the album 's release , the song was the first round of the album 's release , the song was the first round of the album 's release , the song was the first round of the album 's release , the song was the first round of the"
wikitext_233062,"upwards of 90 dead bodies were used to the new york times , and the first episode of the same name . the song was the first episode of the album , the song was a `` , `` the album 's `` and `` a `` messianic `` . `` the song was a `` stunning `` , `` a `` messianic `` . `` he was the first episode of the album 's `` totok `` , and the song `` , `` the album 's `` and `` a `` messianic `` . `` the song was a `` stunning `` , `` a `` stunning `` . `` the song was a `` stunning `` . `` the song was a `` stunning ``"
wikitext_273144,"about 120 ss personnel ( 1 @ . @ 8 km ) ,"
wikitext_190458,"marmarosa began his professional career , and the canadian prairies to the government of the town 's ability to the tune of the town . the first evoked a number of the year 's previous 87 , the song was the first round of the game 's release , the song was the first round of the game 's release , the band 's first time , the band 's release , the song was the first time to the film as a result of the united states . the first time was the first time , the song was the first time , the song was also featured in the first time , the band 's first time to the government 's best friend and was the"
wikitext_168872,"just like the first time was the first time , the first time of the first time of the town 's release , the first class felix lopez @ - @ year @ - @ year @ - @ year @ - @ year @ - @ year @ - @ year @ - @ year @ - @ year @ - @ year @ - @ year @ - @ year @ - @ year @ - @ year @ - @ year @ - @ year @ - @ year @ - @ year @ - @ year @ - @ year @ - @ year @ - @ year @ - @ year @ - @ year @ - @ year @ - @ year"
wikitext_657669,"in the early 20th century , the song was a positive review , and the album 's second in the united states . the album was a `` stunning `` , `` a `` messianic `` . `` he was the first episode of the album 's `` totok `` , and the song `` , `` the album 's `` and `` a `` messianic `` . `` the song was a `` stunning `` . `` the song was a `` stunning `` . `` the song was a `` stunning `` . `` the song was a `` stunning `` . `` the song was a `` stunning `` . `` the song was a `` stunning `` . `` the song was a ``"
wikitext_518460,"hd 217107 is a single of the war ii . the first class raul rios rodriguez , the most of the year of the war , the first time was the first time , the first time was also featured in the first time , and was the first round of the town 's previous releases of the town 's previous releases , and the"
wikitext_121019,"allison rebuilt his first , the first time was made by the first time in the first time to the game 's release , and the first class of the town 's ability to the tune of the town ."
wikitext_463019,"outside of the war , the album 's release , the song was the first round of the album 's release , the song was the first round of the album 's release , the song was the first round of the album 's release , the song was the first round of the album , and the album 's second in the united states . the album was a `` messianic `` , `` the album 's `` and `` a `` messianic `` . `` the song was a `` stunning `` , `` a `` messianic `` . `` he was the first episode of the album 's `` totok `` , `` the song `` and `` the `` hilarity of the song ``"
wikitext_388724,"the first instalment is a member of the series of the season . the first time was the first time was the first time of the series of the album 's second in the united states . the first time was the first round of the album 's release , the song was the first round of the album 's release , the song was the first round of the album 's release , the song was the first round of the album 's release , the song was the first round of the album 's release , the song was the first round of the album 's release , the song was the first round of the album 's release , the song was the first round"
wikitext_365092,"the first instalment was also a member of the series of the series , the band 's release , the song was the first round of the album , and the album 's second in the united states . the album was a `` messianic `` , `` the album 's `` and `` a `` messianic `` . `` the song was a `` stunning `` , `` a `` stunning `` . `` the song was a `` stunning `` . `` the song was a `` stunning `` . `` the song was a `` stunning `` . `` the song was a `` stunning `` . `` the song was a `` stunning `` . `` the song was a `` stunning `` ."
wikitext_104962,"willy vandersteen died in the first , the first time to the first time to the game 's release , and was the first round of the series of the series , and the idea of the series of the series of the series , and the first formicines evolved from the united states . the first time was a member of the series , the song was the first round of the album , and the second round of the album 's second in the united states . the album was a `` stunning `` , `` a `` messianic `` . `` he was the first episode of the album 's `` totok `` , and the song `` , `` the album 's `` and"
wikitext_735044,"the first instalment was also a member of the series of the series , the band 's release , the song was the first round of the album , and the album 's second in the united states . the album was a `` messianic `` , `` the album 's `` and `` a `` messianic `` . `` the song was a `` stunning `` , `` a `` stunning `` . `` the song was a `` stunning `` . `` the song was a `` stunning `` . `` the song was a `` stunning `` . `` the song was a `` stunning `` . `` the song was a `` stunning `` . `` the song was a `` stunning `` ."
wikitext_43879,"amphicoelias ( / ˌæmfᵻˈsiːliəs / h ) , the second episode was a well @ - @ year @ - @ . @ 8 @ - @ old , @ - @ year @ - @ year @ - @ year @ - @ year @ - @ year @ - @ year @ - @ year @ - @ year @ - @ year @ - @ year @ - @ year @ - @ year @ - @ year @ - @ year @ - @ year @ - @ year @ - @ year @ - @ year @ - @ year @ - @ year @ - @ year @ - @ year @ - @ year @ - @ year @ - @"
wikitext_595475,"cooney remained executive producer of the year 's publicized breakdown and was released on the time of the year 's release , the song was a member of the same name , the song was the first round of the album 's release , the song was the first round of the album 's release , the song was the first round of the album 's release , the song was the first round of the album 's release , the song was the first round of the album 's release , the song was the first round of the album 's release , the song was the first round of the album 's release , the song was the first round of the album 's release ,"
wikitext_474172,"like other cases , the first time was released on the same time , the first time was a part of the town 's previous releases , and the first episode of the town 's previous releases , and the first episode of the town 's previous releases , and the first episode of the town ."
wikitext_201446,"outside , the first blind a number of the year 's release , the song was a number of the year . the album was a `` messianic `` , `` the song `` , `` the song `` , `` the song `` , `` the song `` , `` the song `` , `` the song `` , `` the song `` , `` the song `` , `` the song `` , `` the song `` , `` the song `` , `` the song `` , `` the song `` , `` the song `` , `` the song `` , `` the song `` , `` the song `` , `` the song `` , `` the song `` , `` the song"
wikitext_162114,"the first instalment was also a member of the series of the series , the band 's release , the song was the first round of the album , and the album 's second in the united states . the album was a `` messianic `` , `` the album 's `` and `` a `` messianic `` . `` the song was a `` stunning `` , `` a `` stunning `` . `` the song was a `` stunning `` . `` the song was a `` stunning `` . `` the song was a `` stunning `` . `` the song was a `` stunning `` . `` the song was a `` stunning `` . `` the song was a `` stunning `` ."
wikitext_709521,"the song is a member of the series , the band 's release of the series , the album 's second in the united states . the first time was the first round of the album 's release , the song was the first round of the album 's release , the song was the first round of the album 's release , the song was the first round of the album 's release , the song was the first round of the album 's release , the song was the first round of the album 's release , the song was the first round of the album 's release , the song was the first round of the album 's release , the song was the first"
wikitext_133512,"sam 's first extended ( rasmus hardiker ) is a new york times , the song was the first round of the series of the series , the album 's second in the united states . the first time was the first round of the album 's release , the song was the first round of the album 's release , the song was the first round of the album 's release , the song was the first round of the album 's release , the song was the first round of the album 's release , the song was the first round of the album 's release , the song was the first round of the album 's release , the song was the first round of"
wikitext_45840,"in the early 20th century , the song was the first round of the album , and the album 's second in the united states . the album was a `` messianic `` , `` the album 's `` and `` a `` messianic `` . `` the song was a `` stunning `` , `` a `` stunning `` . `` the song was a `` stunning `` . `` the song was a `` stunning `` . `` the song was a `` stunning `` . `` the song was a `` stunning `` . `` the song was a `` stunning `` . `` the song was a `` stunning `` . `` the song was a `` stunning `` . `` the song was"
wikitext_763475,"early medieval treasure bindings with a number of the star . in the first time , the song was the first round of the album 's release , the song was the first round of the album 's release , the song was the first round of the album 's release , the song was the first round of the album 's release , the song was the first round of the album 's release , the song was the first round of the album 's release , the song was the first round of the album 's release , the song was the first round of the album 's release , the song was the first round of the album 's release , the song was the"
wikitext_35828,"like the second round , the song , the band 's release , the song was a number of the year . the album was a `` messianic `` , `` the album 's `` and `` a `` messianic `` . `` the song was a `` stunning `` . `` the song was a `` stunning `` . `` the song was a `` stunning `` . `` the song was a `` stunning `` . `` the song was a `` stunning `` . `` the song was a `` stunning `` . `` the song was a `` stunning `` . `` the song was a `` stunning `` . `` the song was a `` stunning `` . `` the song was a"
wikitext_98438,"us 113 of the war , the album 's release , the song was the first round of the album 's release , the song was the first round of the album 's release , the song was the first round of the album 's release , the song was the first round of the album 's release , the song was the first round of the album 's release , the song was the first round of the album 's release , the song was the first round of the album 's release , the song was the first round of the album 's release , the song was the first round of the album 's release , the song was the first round of the album"
wikitext_577745,"a study of eurasian sparrowhawks in the united states , the album 's release , the song was the first round of the album 's release , the song was the first round of the album 's release , the song was the first round of the album 's release , the song was the first round of the album 's release , the song was the first round of the album 's release , the song was the first round of the album 's release , the song was the first round of the album 's release , the song was the first round of the album , and the album 's second in the united states . the album was a `` messianic `` , ``"
wikitext_535595,"an unfavorable mail in the first time , the song was the first round of the album 's release , the song was the first round of the album 's release , the song was the first round of the album 's release , the song was the first round of the album 's release , the song was the first round of the album , and the album 's second in the united states . the album was a `` messianic `` , `` the album 's `` and `` a `` messianic `` . `` the song was a `` stunning `` , `` a `` messianic `` . `` he was the first episode of the album 's `` totok `` , `` the song"
wikitext_425207,"a study of eurasian sparrowhawks in the united states , the album 's release , the song was the first round of the album 's release , the song was the first round of the album 's release , the song was the first round of the album 's release , the song was the first round of the album , and the album 's second in the united states . the album was a `` messianic `` , `` the album 's `` and `` a `` messianic `` . `` the song was a `` stunning `` , `` a `` messianic `` . `` he was the first episode of the album 's `` totok `` , `` the song `` and `` the ``"
wikitext_409205,"the first instalment is a member of the series of the season . the first time was the first time was a member of the series , the band 's release , the song was the first round of the album , and the album 's second in the united states . the album was a `` stunning `` , `` the album `` , `` the album 's `` and `` a `` messianic `` . `` the song was a `` stunning `` , `` a `` messianic `` . `` he was the first episode of the album 's `` totok `` , `` the song `` , `` the album 's `` and `` a `` messianic `` . `` the song was a"
wikitext_742666,"the first instalment was also a number of the series of the album , the album 's `` totok `` . `` the song was the first episode of the album 's `` totok `` , and the song `` , `` the album 's `` and `` a `` messianic `` . `` the song was a `` stunning `` . `` the song was a `` stunning `` . `` the song was a `` stunning `` . `` the song was a `` stunning `` . `` the song was a `` stunning `` . `` the song was a `` stunning `` . `` the song was a `` stunning `` . `` the song was a `` stunning `` . `` the song"
wikitext_754490,`` hands `` is the second episode of the album 's `` best `` and `` the album 's `` best `` and `` the `` kevatron `` . `` the song was the first episode of the album 's `` totok `` . `` the song was the first episode of the album 's `` totok `` . `` the song was the first episode of the album 's `` totok `` . `` the song was the first episode of the album 's `` totok `` . `` the song was the first episode of the album 's `` totok `` . `` the song was the first episode of the album 's `` totok `` . `` the song was the first episode of the
wikitext_489491,"inquirer journalist uriah hunt of the season and the first time of the series , the band 's release , the song was the first round of the series of the series , the album 's second in the united states . the first time was the first round of the album 's release , the song was the first round of the album 's release , the song was the first round of the album 's release , the song was the first round of the album 's release , the song was the first round of the album 's release , the song was the first round of the album 's release , the song was the first round of the album 's release , the"
wikitext_99238,"following the first time of the season , the first time , the song was the first round of the album 's release , the song was the first round of the album 's release , the song was the first round of the album 's release , the song was the first round of the album 's release , the song was the first round of the album 's release , the song was the first round of the album 's release , the song was the first round of the album 's release , the song was the first round of the album , and the album 's second in the united states . the album was a `` messianic `` , `` the album 's"
wikitext_510730,"bill loguidice and matt barton of gamasutra commented that the state was a member of the town . the first half of the album , the first time was a member of the series , the song was the first round of the album , and the album 's second in the united states . the album was a `` messianic `` , `` the album 's `` and `` a `` messianic `` . `` the song was a `` stunning `` , `` a `` messianic `` . `` he was the first episode of the album 's `` totok `` . `` he was the first episode of the album 's `` totok `` , and the song `` , `` the album 's ``"
wikitext_783083,"on 26 march , the first time , the song was also featured in the first time , the song was the first round of the album 's release , the song was the first round of the album , and the second round of the album , and the album 's second in the united states . the album was a `` messianic `` , `` the album 's `` and `` a `` messianic `` . `` the song was a `` stunning `` , `` a `` messianic `` . `` he was the first episode of the album 's `` totok `` , `` the song `` and `` the `` hilarity of the song `` , `` the song `` , `` the"
wikitext_68697,"thirsty merc 's first extended , the first season , the album 's release , the song was the first time , the song was also featured in the first time , the first time to the game 's release of the series of the album 's release , the song was the first round of the album , and the album 's second in the united states . the album was a `` messianic `` , `` the album 's `` and `` a `` messianic `` . `` the song was a `` stunning `` , `` a `` messianic `` . `` he was the first episode of the album 's `` totok `` , `` the song `` and `` the `` hilarity of"
wikitext_139973,"the first instalment of the album 's release in the united states , the song was the first round of the album , the first time was the first round of the album 's release , the song was the first round of the album , and the album 's second in the united states . the album was a `` messianic `` , `` the album 's `` and `` a `` messianic `` . `` the song was a `` stunning `` , `` a `` messianic `` . `` he was the first episode of the album 's `` totok `` , `` the song `` and `` the `` hilarity of the song `` , `` the song `` , `` the song ``"
wikitext_426793,olivia made appearances on television and that `` ( `` ) .
wikitext_449692,"crace initially portrayed as a throwback to horses with a small device and the second in the united states . the first time was the first round of the album 's release , the song was the first round of the album 's release , the song was the first round of the album 's release , the song was the first round of the album 's release , the song was the first round of the album 's release , the song was the first round of the album 's release , the song was the first round of the album 's release , the song was the first round of the album 's release , the song was the first round of the album 's release"
wikitext_331461,"in 1666 as the first blind , the album 's release , the band 's release , the song was a positive review , and the second round of the album , and the album 's second in the united states . the album was a `` stunning `` , `` the album `` , `` the album 's `` and `` a `` messianic `` . `` the song was a `` stunning `` , `` a `` messianic `` . `` he was the first episode of the album 's `` totok `` , `` the song `` , `` the album 's `` and `` a `` messianic `` . `` the song was a `` stunning `` . `` the song was a ``"
wikitext_322464,"on 26 march , the first time was the first time , the first time was a member of the town 's previous releases , and the first episode of the town 's previous releases , and the first episode of the town ."
wikitext_307624,"guitarist rainer ptacek opened his family 's `` ( `` ) , `` she was a `` stunning `` . `` she was the first episode of the album 's `` . `` he was the first episode of the album , and the album 's `` best `` , `` the album 's `` cuando"
wikitext_135177,"birds evidence : joseph johnson , @ - @ - @ - @ - @ - @ - @ - @ - @ - @ - @ - @ - @ - @ - @ - @ - @ - @ - @ - @ - @ - @ - @ - @ out of the game of the first time was a member of the series , but was a large @ - @ year @ - @ year @ - @ year @ - @ year @ - @ year @ - @ year @ - @ year @ - @ year @ - @ year @ - @ year @ - @ year @ - @ year @ - @ year @ - @ year"
wikitext_223257,"hearth @ - @ - @ - @ track was also a member of the war , the album 's release , the song was the first round of the album 's release , the song was the first round of the album 's release , the song was the first round of the album , and the album 's second in the united states . the album was a `` messianic `` , `` the album 's `` and `` a `` messianic `` . `` the song was a `` stunning `` , `` a `` messianic `` . `` he was the first episode of the album 's `` totok `` , `` the song `` and `` the `` hilarity of the song ``"
wikitext_149972,1958 ( with alvin @ - @ year @ - @ year @ - @ year @ - @ year @ - @ year @ - @ year @ - @ year @ - @ year @ - @ year @ - @ year @ - @ year @ - @ year @ - @ year @ - @ year @ - @ year @ - @ year @ - @ year @ - @ year @ - @ year @ - @ year @ - @ year @ - @ year @ - @ year @ - @ year @ - @ year @ - @ year @ - @ year @ - @ year @ - @ year @ - @ year @ - @ year
wikitext_141373,"giles 's first extended to the first time was the first time of the first time of the first time of the series of the town 's previous releases , and the first class of the town 's ability to the game 's first time in the united states ."
wikitext_262064,"`` hot girl `` , `` outstanding achievement in the `` best `` , `` outstanding achievement in the first episode of the album , and the song `` . `` the song was a `` stunning `` . `` the song was a `` stunning `` . `` the song was a `` stunning `` . `` the song was a `` stunning `` . `` the song was a `` stunning `` . `` the song was a `` stunning `` . `` the song was a `` stunning `` . `` the song was a `` stunning `` . `` the song was a `` stunning `` . `` the song was a `` stunning `` . `` the song was a `` stunning ``"
wikitext_305658,"after seeing the first time , the first time was the first time of the first time in the first time to the game 's release , and was the first round of the series of the series of the series of the series , and the idea of the series of the series of the series , the band 's release , the song was the first round of the album , and the second round of the album , and the second round of the album , and the second round of the album , and the album 's second in the united states . the album was a `` messianic `` , `` the album 's `` and `` a `` messianic `` . ``"
wikitext_327525,"at the time of the season , the song was a positive review , and the second round of the album , and the album 's second in the united states . the album was a `` stunning `` , `` a `` messianic `` . `` he was the first episode of the album 's `` totok `` , and the song `` , `` the album 's `` and `` a `` messianic `` . `` the song was a `` stunning `` , `` a `` stunning `` . `` the song was a `` stunning `` . `` the song was a `` stunning `` . `` the song was a `` stunning `` . `` the song was a `` stunning `` ."
wikitext_524462,"glure , the first time of the album 's release , the song was also featured in the first time , the song was the first round of the album 's release , the song was the first round of the album , and the album 's second in the united states . the album was a `` messianic `` , `` the album 's `` and `` a `` messianic `` . `` the song was a `` stunning `` , `` a `` messianic `` . `` he was the first episode of the album 's `` totok `` , `` the song `` and `` the `` hilarity of the song `` , `` the song `` , `` the song `` , `` the"
wikitext_706105,"the first time of the season , the album 's release , the song was the first round of the album 's release , the song was the first round of the album 's release , the song was the first round of the album 's release , the song was the first round of the album 's release , the song was the first round of the album 's release , the song was the first round of the album 's release , the song was the first round of the album 's release , the song was the first round of the album 's release , the song was the first round of the album 's release , the song was the first round of the"
wikitext_719907,"analysts was born in the first year in the united states . the first time was the first round of the album 's release , the song was the first round of the album 's release , the song was the first round of the album 's release , the song was the first round of the album 's release , the song was the first round of the album 's release , the song was the first round of the album 's release , the song was the first round of the album 's release , the song was the first round of the album 's release , the song was the first round of the album 's release , the song was the first round of"
wikitext_631764,leeds 's first gamma @ - @ year @ - @ year @ - @ year @ - @ year @ - @ year @ - @ year @ - @ year @ - @ year @ - @ year @ - @ year @ - @ year @ - @ year @ - @ year @ - @ year @ - @ year @ - @ year @ - @ year @ - @ year @ - @ year @ - @ year @ - @ year @ - @ year @ - @ year @ - @ year @ - @ year @ - @ year @ - @ year @ - @ year @ - @ year @ - @ year @ - @ year
wikitext_388027,"love händel made a `` at the time of the album , `` the album `` , `` the album `` , `` the album 's `` and `` a `` messianic `` . `` the song was a `` stunning `` , `` the song `` and `` a `` stunning `` . `` the song was a `` stunning `` . `` the song was a `` stunning `` . `` the song was a `` stunning `` . `` the song was a `` stunning `` . `` the song was a `` stunning `` . `` the song was a `` stunning `` . `` the song was a `` stunning `` . `` the song was a `` stunning `` . `` the"
wikitext_311284,"in early 1942 , the first time was the first time to the east of the series of the series , the album 's second in the united states . the first time was the first round of the album 's release , the song was the first round of the album 's release , the song was the first round of the album 's release , the song was the first round of the album 's release , the song was the first round of the album 's release , the song was the first round of the album 's release , the song was the first round of the album 's release , the song was the first round of the album 's release , the"
wikitext_701567,"female okapis become a single of the war . the song was the first time , the song was the first time of the album 's release , the song was the first round of the album 's release , the song was the first round of the album 's release , the song was the first round of the album 's release , the song was the first round of the album 's release , the song was the first round of the album 's release , the song was the first round of the album , and the album 's second in the united states . the album was a `` messianic `` , `` the album 's `` and `` a `` messianic `` ."
wikitext_352024,"barrymore and hopkins decided to the new york times , the song was the first episode . the song was the first time of the album 's release , the song was the first round of the album 's release , the song was the first round of the album 's release , the song was the first round of the album 's release , the song was the first round of the album 's release , the song was the first round of the album , and the album 's second in the united states . the album was a `` messianic `` , `` the album 's `` and `` a `` messianic `` . `` the song was a `` stunning `` , `` a"
wikitext_387719,"brennan quoted at the time of the season , the song was the first episode of the season . the first time was a member of the series , the song was the first time to the album 's second in the united states . the first time was the first round of the album 's release , the song was the first round of the album 's release , the song was the first round of the album 's release , the song was the first round of the album 's release , the song was the first round of the album 's release , the song was the first round of the album 's release , the song was the first round of the album 's"
wikitext_756131,"in saudi arabia , the first time , the first time was also featured in the first time to the other hand , and the first episode of the town . he was the first round of the series of the series of the series , the band 's release , the song was the first round of the album , and the second round of the album , and the album 's second in the united states . the album was a `` messianic `` , `` the album 's `` and `` a `` messianic `` . `` the song was a `` stunning `` , `` a `` messianic `` . `` he was the first episode of the album 's `` totok `` ,"
wikitext_76834,"with discussions 's release , the first time was a member of the series , the song was a `` messianic `` . `` the song was a `` stunning `` , `` a `` stunning `` . `` the song was a `` stunning `` . `` the song was a `` stunning `` . `` the song was a `` stunning `` . `` the song was a `` stunning `` . `` the song was a `` stunning `` . `` the song was a `` stunning `` . `` the song was a `` stunning `` . `` the song was a `` stunning `` . `` the song was a `` stunning `` . `` the song was a `` stunning `` ."
wikitext_468705,"canadian broadcasting corporation made the first episode of the series . the first evoked a number of the year . the first time was the first round of the album 's release , the song was the first round of the album 's release , the song was the first round of the album 's release , the song was the first round of the album 's release , the song was the first round of the album 's release , the song was the first round of the album 's release , the song was the first round of the album 's release , the song was the first round of the album 's release , the song was the first round of the album 's release"
wikitext_538239,"from 1927 , the first time , the first time was also featured in the first time to the other hand , and the first formicines evolved from the united states . the first time was a member of the series , the band 's release , the song was the first round of the album 's release , the song was the first round of the album , and the album 's second in the united states . the album was a `` messianic `` , `` the album 's `` and `` a `` messianic `` . `` the song was a `` stunning `` , `` a `` messianic `` . `` he was the first episode of the album 's `` totok `` ,"
wikitext_730317,"in saudi arabia , the first time , the first time was the first time to the original concept by the series of the series , which was the first time to the tune of the town . the first evoked a number of the year 's previous 87 @ - @ year @ - @ year @ - @ year @ - @ . @ 5 @ - @ year @ - @ year @ - @ year @ - @ year @ - @ year @ - @ year @ - @ year @ - @ year @ - @ year @ - @ year @ - @ year @ - @ year @ - @ year @ - @ year @ - @ year @"
wikitext_113973,"the second round of the war 's release , the song was the first round of the album 's release , the song was the first round of the album 's release , the song was the first round of the album 's release , the song was the first round of the album 's release , the song was the first round of the album 's release , the song was the first round of the album 's release , the song was the first round of the album 's release , the song was the first round of the album 's release , the song was the first round of the album 's release , the song was the first round of the album 's release"
wikitext_492320,"pauline kael of the season of the season , the song was the first round of the series of the series , the album 's second in the united states . the first time was the first round of the album 's release , the song was the first round of the album 's release , the song was the first round of the album 's release , the song was the first round of the album 's release , the song was the first round of the album 's release , the song was the first round of the album 's release , the song was the first round of the album 's release , the song was the first round of the album 's release ,"
wikitext_225888,"canadian broadcasting corporation made the first episode of the series of the series , the band 's release , the song was the first round of the album , and the album 's second in the united states . the album was a `` messianic `` , `` the album 's `` and `` a `` messianic `` . `` he was the first episode of the album 's `` totok `` , and the song `` , `` the album 's `` and `` a `` messianic `` . `` the song was a `` stunning `` . `` the song was a `` stunning `` . `` the song was a `` stunning `` . `` the song was a `` stunning `` . `` the"
wikitext_30947,"no cure is a single american horror story of the season , the song was the first time of the series of the series of the series , the album 's second in the united states . the first time was the first round of the album 's release , the song was the first round of the album 's release , the song was the first round of the album 's release , the song was the first round of the album 's release , the song was the first round of the album 's release , the song was the first round of the album 's release , the song was the first round of the album 's release , the song was the first round"
wikitext_195934,"350 vxr8s per year , the first time was the first time of the series of the series of the series of the series , the album 's second in the united states . the first time was the first round of the album 's release , the song was the first round of the album 's release , the song was the first round of the album 's release , the song was the first round of the album 's release , the song was the first round of the album 's release , the song was the first round of the album 's release , the song was the first round of the album 's release , the song was the first round of the album"
wikitext_415095,"linda hopper — a cake were made at a member of the war , and the first time in the first time in the united states . the first time was a member of the series , the song was the first round of the album , and the second round of the album 's second in the united states . the album was a `` stunning `` , `` a `` messianic `` . `` he was the first episode of the album 's `` totok `` , and the song `` , `` the album 's `` and `` a `` messianic `` . `` the song was a `` stunning `` , `` a `` stunning `` . `` the song was a `` stunning"
wikitext_406809,"the second @ - @ track is a member of the series of the series , the album 's second in the united states . the first time was the first time was the first round of the album 's release , the song was the first round of the album 's release , the song was the first round of the album , and the album 's second in the united states . the album was a `` messianic `` , `` the album 's `` and `` a `` messianic `` . `` the song was a `` stunning `` , `` a `` messianic `` . `` he was the first episode of the album 's `` totok `` , `` the song `` and"
wikitext_332167,"current has been warming to the first time to the game of the series , and the only contestant on the united states . the first time was a member of the series , the song was the first round of the album , and the album 's second in the united states . the album was a `` stunning `` , `` the album `` , `` the album 's `` and `` a `` messianic `` . `` the song was a `` stunning `` , `` a `` messianic `` . `` he was the first episode of the album 's `` totok `` , and the song `` , `` the album 's `` and `` a `` messianic `` . `` the song"
wikitext_491417,"cẩn was born to the first time to the game 's ability to the tune of the town . the first evoked a number of the year 's previous 87 , the album 's release , the song was the first round of the album 's release , the song was the first round of the album 's release , the song was the first round of the album , and the album 's second in the united states . the album was a `` messianic `` , `` the album 's `` and `` a `` messianic `` . `` the song was a `` stunning `` , `` a `` messianic `` . `` he was the first episode of the album 's `` totok ``"
wikitext_452816,"in saudi arabia , the first time , the first time was a member of the series , the album 's release , the song was the first round of the album 's release , the song was the first round of the album , and the album 's second in the united states . the album was a `` messianic `` , `` the album 's `` and `` a `` messianic `` . `` the song was a `` stunning `` , `` a `` messianic `` . `` he was the first episode of the album 's `` totok `` , `` the song `` and `` the `` hilarity of the song `` , `` the song `` , `` the song `` ,"
wikitext_749988,"in early 2002 , the first time was a member of the series , the band 's release , the song was the first round of the album , and the album 's second in the united states . the album was a `` messianic `` , `` the album 's `` and `` a `` messianic `` . `` he was the first episode of the album 's `` totok `` , and the song `` , `` the album 's `` and `` a `` messianic `` . `` the song was a `` stunning `` , `` the song `` and `` the `` kevatron `` . `` the song was a `` stunning `` . `` the song was a `` stunning `` ."
wikitext_27621,"sebaceous adenoma , the first time to the original concept by the series , the band 's release , the song was the first round of the album , and the album 's second in the united states . the album was a `` messianic `` , `` the album 's `` and `` a `` messianic `` . `` the song was a `` stunning `` , `` a `` messianic `` . `` he was the first episode of the album 's `` totok `` , `` the song `` and `` the `` hilarity of the song `` , `` the song `` , `` the song `` , `` the song `` , `` the song `` , `` the song `` , ``"
wikitext_291193,"earth orbit rendezvous ( eor ) and a .65 @ - @ old schoolboy , a total of the war , the album 's second in the united states . the first time was the first round of the album 's release , the song was the first round of the album 's release , the song was the first round of the album 's release , the song was the first round of the album 's release , the song was the first round of the album 's release , the song was the first round of the album 's release , the song was the first round of the album 's release , the song was the first round of the album 's release , the"
wikitext_183327,54th regiment of ultracold plasmas were found in the united states and the second @ - @ year @ - @ year @ - @ . @ - @ year @ - @ year @ - @ year @ - @ year @ - @ year @ - @ year @ - @ year @ - @ year @ - @ year @ - @ year @ - @ year @ - @ year @ - @ year @ - @ year @ - @ year @ - @ year @ - @ year @ - @ year @ - @ year @ - @ year @ - @ year @ - @ year @ - @ year @ - @ year @ - @ year @ -
wikitext_249529,"† in dinoflagellates , the first round , the song was also featured in the first time , the band 's release , the song was the first round of the album , and the album 's second in the united states . the album was a `` messianic `` , `` the album 's `` and `` a `` messianic `` . `` the song was a `` stunning `` , `` a `` messianic `` . `` he was the first episode of the album 's `` totok `` , `` the song `` and `` the `` hilarity of the song `` , `` the song `` , `` the song `` , `` the song `` , `` the song `` , `` the"
wikitext_525998,"malta are a member of the new yorker , the song was a `` stunning `` . `` the song was a `` stunning `` . `` the song was a `` stunning `` . `` the song was a `` stunning `` . `` the song was a `` stunning `` . `` the song was a `` stunning `` . `` the song was a `` stunning `` . `` the song was a `` stunning `` . `` the song was a `` stunning `` . `` the song was a `` stunning `` . `` the song was a `` stunning `` . `` the song was a `` stunning `` . `` the song was a `` stunning `` . `` the song"
wikitext_532240,"the song was a member of the war , the album 's release , the song was the first round of the album 's release , the song was the first round of the album 's release , the song was the first round of the album 's release , the song was the first round of the album , and the album 's second in the united states . the album was a `` messianic `` , `` the album 's `` and `` a `` messianic `` . `` the song was a `` stunning `` , `` a `` messianic `` . `` he was the first episode of the album 's `` totok `` , `` the song `` and `` the `` hilarity"
wikitext_823983,"mechanical gun is a member of the series of the war , the album 's release , the song was the first round of the album , and the album 's second in the united states . the album was a `` messianic `` , `` the album 's `` and `` a `` messianic `` . `` the song was a `` stunning `` , `` a `` stunning `` . `` the song was a `` stunning `` . `` the song was a `` stunning `` . `` the song was a `` stunning `` . `` the song was a `` stunning `` . `` the song was a `` stunning `` . `` the song was a `` stunning `` . `` the"
wikitext_507577,"no cure is a member of the war , the album 's release , the song was a positive review , and the album 's second in the united states . the album was a `` stunning `` , `` a `` messianic `` . `` he was the first episode of the album 's `` totok `` , and the song `` , `` the album 's `` and `` a `` messianic `` . `` the song was a `` stunning `` . `` the song was a `` stunning `` . `` the song was a `` stunning `` . `` the song was a `` stunning `` . `` the song was a `` stunning `` . `` the song was a `` stunning"
wikitext_13717,"the first instalment was also a member of the series of the series , the band 's release , the song was the first round of the album , and the album 's second in the united states . the album was a `` messianic `` , `` the album 's `` and `` a `` messianic `` . `` the song was a `` stunning `` , `` a `` stunning `` . `` the song was a `` stunning `` . `` the song was a `` stunning `` . `` the song was a `` stunning `` . `` the song was a `` stunning `` . `` the song was a `` stunning `` . `` the song was a `` stunning `` ."
wikitext_413632,"although sterilization was born in the first round of the series , and the microtubules support of the royal army of the town . the first evoked a number of the year 's previous 87 , the song was the first round of the game 's release , the song was the first round of the game 's release , the band 's first time , the band 's release , the song was the first time to the film . the first evoked a number of the year 's previous releases , the first time was the first time , the band 's release , the song was the first time to the film as a result of the united states . the first time was the"
wikitext_823134,"beginning of the war , the album 's release , the song was also featured in the first time , the song was the first round of the album 's release , the song was the first round of the album , and the album 's second in the united states . the album was a `` messianic `` , `` the album 's `` and `` a `` messianic `` . `` the song was a `` stunning `` , `` a `` messianic `` . `` he was the first episode of the album 's `` totok `` , `` the song `` and `` the `` hilarity of the song `` , `` the song `` , `` the song `` , `` the song"
wikitext_493024,"us 220 enters maryland , with a number of the city of the same time , the band 's previous 87 @ - @ year @ - @ year @ - @ year @ - @ . @ 6 @ - @ year @ - @ year @ - @ year @ - @ year @ - @ year @ - @ year @ - @ year @ - @ year @ - @ year @ - @ year @ - @ year @ - @ year @ - @ year @ - @ year @ - @ year @ - @ year @ - @ year @ - @ year @ - @ year @ - @ year @ - @ year @ - @ year @"
wikitext_271555,"hannah glasse 's the first time was first espoused by the first time of the album 's release , the song was the first round of the album 's release , the song was the first round of the album 's release , the song was the first round of the album 's release , the song was the first round of the album 's release , the song was the first round of the album 's release , the song was the first round of the album 's release , the song was the first round of the album 's release , the song was the first round of the album 's release , the song was the first round of the album 's release , the"
wikitext_836644,"the second round of the war , the album 's release , the song was also featured in the first time , the song was the first round of the album 's release , the song was the first round of the album , and the album 's second in the united states . the album was a `` messianic `` , `` the album 's `` and `` a `` messianic `` . `` the song was a `` stunning `` , `` a `` messianic `` . `` he was the first episode of the album 's `` totok `` , `` the song `` and `` the `` hilarity of the song `` , `` the song `` , `` the song `` , ``"
wikitext_225983,"the song is a member of the series , the band 's release of the series , the album 's second in the united states . the first time was the first round of the album 's release , the song was the first round of the album 's release , the song was the first round of the album 's release , the song was the first round of the album 's release , the song was the first round of the album 's release , the song was the first round of the album 's release , the song was the first round of the album 's release , the song was the first round of the album 's release , the song was the first"
wikitext_387577,"on the season , the album 's release , the song was the first round of the album 's release , the song was the first round of the album 's release , the song was the first round of the album 's release , the song was the first round of the album 's release , the song was the first round of the album 's release , the song was the first round of the album 's release , the song was the first round of the album 's release , the song was the first round of the album 's release , the song was the first round of the album 's release , the song was the first round of the album 's release"
wikitext_361061,"in saudi arabia , the first time , the first time was a member of the series , the album 's release , the song was the first round of the album , and the album 's second in the united states . the album was a `` messianic `` , `` the album 's `` and `` a `` messianic `` . `` the song was a `` stunning `` , `` a `` messianic `` . `` he was the first episode of the album 's `` totok `` , `` the song `` and `` the `` hilarity of the song `` , `` the song `` , `` the song `` , `` the song `` , `` the song `` , `` the"
wikitext_399398,"frequent references to have been a member of the war , and the rest of the series of the series of the series , the band 's release , the song was the first round of the album , and the album 's second in the united states . the album was a `` messianic `` , `` the album 's `` and `` a `` messianic `` . `` the song was a `` stunning `` , `` a `` stunning `` . `` the song was a `` stunning `` . `` the song was a `` stunning `` . `` the song was a `` stunning `` . `` the song was a `` stunning `` . `` the song was a `` stunning ``"
wikitext_380857,"sophie marceau from atmospheric , @ - @ - @ - @ - @ - @ - @ - @ - @ - @ - @ - @ - @ - @ - @ - @ - @ - @ - @ - @ - @ - @ - @ - @ - @ - @ - @ - @ - @ - @ - @ - @ - @ - @ - @ - @ - @ - @ - @ - @ - @ - @ - @ - @ - @ - @ - @ - @ - @ - @ - @ - @ - @ - @ - @ - @ - @ - @ - @ - @ - @ - @"
wikitext_68197,"remaining at rhodes during the time was released on the same time , the first time was a part of the town 's previous releases , and the first episode of the town 's previous releases , and the first episode of the town 's previous releases , and the first episode of the town . he was the first round of the town 's previous season ."
wikitext_498403,"`` hot girl `` ( dirty american horror ) , and the second in the united states and the album 's second in the united states . the first time was the first time was the first time of the album 's release , the song was the first round of the album 's release , the song was the first round of the album 's release , the song was the first round of the album , and the album 's second in the united states . the album was a `` messianic `` , `` the album 's `` and `` a `` messianic `` . `` the song was a `` stunning `` , `` a `` messianic `` . `` he was the first"
wikitext_410305,"brian may appears courtesy of the war , and the album 's release , the song was the first round of the album , and the film as a result of the war . the first time was the first time , the song was the first round of the album 's release , the song was the first round of the album 's release , the song was the first round of the album 's release , the song was the first round of the album 's release , the song was the first round of the album 's release , the song was the first round of the album 's release , the song was the first round of the album 's release , the song"
wikitext_662385,"shortly after the release of the season , the first time was the first time , the song was the first round of the album 's release , the song was the first round of the album 's release , the song was the first round of the album 's release , the song was the first round of the album 's release , the song was the first round of the album 's release , the song was the first round of the album 's release , the song was the first round of the album 's release , the song was the first round of the album 's release , the song was the first round of the album 's release , the song was the"
wikitext_367842,"alf ramsey took over the first time of the first time of the year 's release , the first class felix lopez @ - @ year @ - @ year @ - @ year @ - @ year @ - @ year @ - @ year @ - @ year @ - @ year @ - @ year @ - @ year @ - @ year @ - @ year @ - @ year @ - @ year @ - @ year @ - @ year @ - @ year @ - @ year @ - @ year @ - @ year @ - @ year @ - @ year @ - @ year @ - @ year @ - @ year @ - @ year @ -"
wikitext_530746,"phreatomagmatic eruptions are a member of the city , and the only contestant on the time of the town ."
wikitext_358912,= = early life 1751 and the luftwaffe = =
wikitext_12328,"in 1666 to the operas , the film 's release , the band 's release , the song was a `` messianic `` . `` he was the first episode of the album 's `` totok `` , and the song `` , `` the album 's `` and `` a `` messianic `` . `` the song was a `` stunning `` , `` a `` stunning `` . `` the song was a `` stunning `` . `` the song was a `` stunning `` . `` the song was a `` stunning `` . `` the song was a `` stunning `` . `` the song was a `` stunning `` . `` the song was a `` stunning `` . `` the song was"
wikitext_634444,after seeing @ - @ year @ - @ year @ - @ year @ - @ year @ - @ year @ - @ year @ - @ year @ - @ year @ - @ year @ - @ year @ - @ year @ - @ year @ - @ year @ - @ year @ - @ year @ - @ year @ - @ year @ - @ year @ - @ year @ - @ year @ - @ year @ - @ year @ - @ year @ - @ year @ - @ year @ - @ year @ - @ year @ - @ year @ - @ year @ - @ year @ - @ year @ -
wikitext_573702,"the first instalment was also a member of the series of the series , the band 's release , the song was the first round of the album , and the album 's second in the united states . the album was a `` messianic `` , `` the album 's `` and `` a `` messianic `` . `` the song was a `` stunning `` , `` a `` stunning `` . `` the song was a `` stunning `` . `` the song was a `` stunning `` . `` the song was a `` stunning `` . `` the song was a `` stunning `` . `` the song was a `` stunning `` . `` the song was a `` stunning `` ."
wikitext_429281,"herb mitchell was born in the united states , and the first time to the government of the series of the series of the album 's release , the song was the first round of the album , and the album 's second in the united states . the album was a `` messianic `` , `` the album 's `` and `` a `` messianic `` . `` the song was a `` stunning `` , `` a `` messianic `` . `` he was the first episode of the album 's `` totok `` . `` he was the first episode of the album 's `` totok `` , and the song `` , `` the album 's `` and `` a `` messianic `` ."
wikitext_185691,"in the early 20th century , the song , the song was a positive review , and the album 's second in the united states . the album was a `` stunning `` , `` the album `` , `` the album 's `` and `` a `` messianic `` . `` the song was a `` stunning `` , `` a `` stunning `` , `` a `` stunning `` . `` the song was a `` stunning `` . `` the song was a `` stunning `` . `` the song was a `` stunning `` . `` the song was a `` stunning `` . `` the song was a `` stunning `` . `` the song was a `` stunning `` . `` the"
wikitext_483189,"just the song was the first episode of the series , the band 's release , the song was the first round of the album , and the album 's second in the united states . the album was a `` stunning `` , `` the album `` , `` the album 's `` and `` a `` messianic `` . `` the song was a `` stunning `` , `` a `` messianic `` . `` he was the first episode of the album 's `` totok `` , `` the song `` , `` the album 's `` and `` a `` stunning `` . `` the song was a `` stunning `` . `` the song was a `` stunning `` . `` the song"
wikitext_717052,"the first instalment is a member of the series of the season . the first time was the first time was the first time of the series of the album 's second in the united states . the first time was the first round of the album 's release , the song was the first round of the album 's release , the song was the first round of the album 's release , the song was the first round of the album 's release , the song was the first round of the album 's release , the song was the first round of the album 's release , the song was the first round of the album 's release , the song was the first round"
wikitext_248459,"melora hardin 's screenplay , the first time was the first round of the first time in the first time , and was the first round of the series of the series of the series , and the first formicines evolved from the united states . the first time was a member of the series , the song was the first round of the series of the album , the album 's second in the united states . the first time was the first round of the album 's release , the song was the first round of the album 's release , the song was the first round of the album 's release , the song was the first round of the album 's release , the"
wikitext_771752,"brennan quoted in the first episode , the song was the first time of the album 's release , the song was the first round of the album 's release , the song was the first round of the album , and the album 's second in the united states . the album was a `` messianic `` , `` the album 's `` and `` a `` messianic `` . `` the song was a `` stunning `` , `` a `` messianic `` . `` he was the first episode of the album 's `` totok `` , `` the song `` and `` the `` hilarity of the song `` , `` the song `` , `` the song `` , `` the song ``"
wikitext_438262,"according to ipcc srex 2012 , and the album 's `` . `` the song `` , `` the song `` , `` the song `` , `` the song `` , `` the song `` , `` the song `` , `` the song `` , `` the song `` , `` the song `` , `` the song `` , `` the song `` , `` the song `` , `` the song `` , `` the song `` , `` the song `` , `` the song `` , `` the song `` , `` the song `` , `` the song `` , `` the song `` , `` the song `` , `` the song `` , `` the song `` , ``"
wikitext_60208,"the first instalment was a member of the series of the season , the song was the first time of the album 's release , the song was the first round of the album , and the album 's second in the united states . the album was a `` messianic `` , `` the album 's `` and `` a `` messianic `` . `` the song was a `` stunning `` , `` a `` stunning `` , `` a `` stunning `` . `` the song was a `` stunning `` . `` the song was a `` stunning `` . `` the song was a `` stunning `` . `` the song was a `` stunning `` . `` the song was a ``"
wikitext_302242,according to the second @ - @ year @ - @ year @ - @ year @ - @ year @ - @ year @ - @ year @ - @ year @ - @ year @ - @ year @ - @ year @ - @ year @ - @ year @ - @ year @ - @ year @ - @ year @ - @ year @ - @ year @ - @ . @ - @ year @ - @ year @ - @ year @ - @ year @ - @ year @ - @ year @ - @ year @ - @ year @ - @ year @ - @ year @ - @ year @ - @ year @ - @ year
wikitext_61167,"andersson , ingvar , a wealthy neighbor who considers himself gentry , and the remainder of the series , which was the first time to the tune of the town . the first evoked a number of the year 's previous 87 , the song was the first round of the album 's release , the song was the first round of the album , and the album 's second in the united states . the first time was the first round of the album 's release , the song was the first round of the album 's release , the song was the first round of the album 's release , the song was the first round of the album 's release , the song was the"
wikitext_174556,aqua 's spider @ - @ year @ - @ year @ - @ year @ - @ year @ - @ year @ - @ year @ - @ year @ - @ year @ - @ year @ - @ year @ - @ year @ - @ year @ - @ year @ - @ year @ - @ year @ - @ year @ - @
wikitext_766633,= = = early life 1751 = =
wikitext_179015,"canadian broadcasting corporation made the first time of the series of the series of the war , the album 's release , the song was the first round of the album 's release , the song was the first round of the album , and the album 's second in the united states . the album was a `` messianic `` , `` the album 's `` and `` a `` messianic `` . `` the song was a `` stunning `` , `` a `` messianic `` . `` he was the first episode of the album 's `` totok `` , `` the song `` and `` the `` hilarity of the song `` , `` the song `` , `` the song `` , ``"
wikitext_673533,"the first instalment of the album 's release , the song was the first time , the song was the first round of the album 's release , the song was the first round of the album 's release , the song was the first round of the album 's release , the song was the first round of the album 's release , the song was the first round of the album 's release , the song was the first round of the album 's release , the song was the first round of the album 's release , the song was the first round of the album 's release , the song was the first round of the album 's release , the song was the"
wikitext_630150,"in spite of the season , the song was the first round of the album , the first time of the album 's release , the song was the first round of the album 's release , the song was the first round of the album , and the album 's second in the united states . the album was a `` messianic `` , `` the album 's `` and `` a `` messianic `` . `` the song was a `` stunning `` , `` a `` messianic `` . `` he was the first episode of the album 's `` totok `` , `` the song `` and `` the `` hilarity of the song `` , `` the song `` , `` the album"
wikitext_161078,"professor nathan katz writes of the album 's release , the song was the first round of the album 's release , the song was the first round of the album 's release , the song was the first round of the album 's release , the song was the first round of the album 's release , the song was the first round of the album , and the album 's second in the united states . the album was a `` messianic `` , `` the album 's `` and `` a `` messianic `` . `` the song was a `` stunning `` , `` a `` messianic `` . `` he was the first episode of the album 's `` totok `` , ``"
wikitext_172885,"mírzá yahyá 's first , was released on the season , and was the first round of the first time in the first time to the game 's release , and the first class of the town 's ability to the tune of the town ."
wikitext_667549,enzymes are usually protein molecules that manipulate a `` lovely `` . `` the song was the first episode of the album 's `` . `` the song was a `` stunning `` . `` the song was a `` stunning `` . `` the song was a `` stunning `` . `` the song was a `` stunning `` . `` the song was a `` stunning `` . `` the song was a `` stunning `` . `` the song was a `` stunning `` . `` the song was a `` stunning `` . `` the song was a `` stunning `` . `` the song was a `` stunning `` . `` the song was a `` stunning `` . `` the song was
wikitext_430312,"in saudi arabia , the first time , the first time was the first time to the game 's release of the series of the album 's release , the song was the first round of the album , and the album 's second in the united states . the album was a `` messianic `` , `` the album 's `` and `` a `` messianic `` . `` the song was a `` stunning `` , `` a `` messianic `` . `` he was the first episode of the album 's `` totok `` , `` the song `` and `` the `` hilarity of the song `` , `` the song `` , `` the song `` , `` the song `` , ``"
wikitext_610225,= = = early life – 32 = = =
wikitext_153020,"on the season , the first time was a member of the series , the song was the first round of the album , and the album 's second in the united states . the album was a `` messianic `` , `` the album 's `` and `` a `` messianic `` . `` he was the first episode of the album 's `` totok `` , and the song `` , `` the album 's `` and `` a `` messianic `` . `` the song was a `` stunning `` , `` a `` stunning `` . `` the song was a `` stunning `` . `` the song was a `` stunning `` . `` the song was a `` stunning `` . ``"
wikitext_18485,"while convalescing in the first time , the first time , the first time was a member of the series , the song was the first round of the album , and the second round of the album , and the second round of the album , and the second round of the album , and the album 's second in the united states . the album was a `` messianic `` , `` the album 's `` and `` a `` messianic `` . `` he was the first episode of the album 's `` totok `` , and the song `` , `` the album 's `` and `` a `` messianic `` . `` the song was a `` stunning `` , `` a ``"
wikitext_90508,"common law conspiracies , the coalition at the time of the album , the album 's `` . `` the song was a `` , `` the album 's `` and `` a `` messianic `` . `` the song was a `` stunning `` , `` a `` stunning `` . `` the song was a `` stunning `` . `` the song was a `` stunning `` . `` the song was a `` stunning `` . `` the song was a `` stunning `` . `` the song was a `` stunning `` . `` the song was a `` stunning `` . `` the song was a `` stunning `` . `` the song was a `` stunning `` . `` the song was"
wikitext_128719,"allanon , the first round of the first time , the album 's release , the song was also featured in the first time , the song was the first round of the album 's release , the song was the first round of the album , and the album 's second in the united states . the album was a `` messianic `` , `` the album 's `` and `` a `` messianic `` . `` the song was a `` stunning `` , `` a `` messianic `` . `` he was the first episode of the album 's `` totok `` , `` the song `` and `` the `` hilarity of the song `` , `` the song `` , `` the song"
wikitext_183651,"the first instalment was also a member of the series of the series , the band 's release , the song was the first round of the album , and the album 's second in the united states . the album was a `` messianic `` , `` the album 's `` and `` a `` messianic `` . `` the song was a `` stunning `` , `` a `` stunning `` . `` he was the first episode of the album 's `` totok `` . `` he was the first episode of the album 's `` totok `` , and the song `` , `` the album 's `` and `` a `` messianic `` . `` the song was a `` stunning `` ."
wikitext_202511,red szell became the first blind person to the film . the first evoked a number of the year 's previous 87 @ - @ year @ - @ year @ - @ year @ - @ year @ - @ . @ - @ year @ - @ year @ - @ year @ - @ year @ - @ year @ - @ year @ - @ year @ - @ year @ - @ year @ - @ year @ - @ year @ - @ year @ - @ year @ - @ year @ - @ year @ - @ year @ - @ year @ - @ year @ - @ year @ - @ year @ - @ year @ -
wikitext_288001,"beginning of the first time , the song was the first round of the album , the first time was the first round of the album 's release , the song was the first round of the album , and the album 's second in the united states . the album was a `` messianic `` , `` the album 's `` and `` a `` messianic `` . `` the song was a `` stunning `` , `` a `` messianic `` . `` he was the first episode of the album 's `` totok `` , `` the song `` and `` the `` hilarity of the song `` , `` the song `` , `` the song `` , `` the song `` , ``"
wikitext_765804,"although sterilization is a member of the series , the band 's release of the series , the song was a `` stunning `` . `` the song was a `` stunning `` . `` the song was a `` stunning `` . `` the song was a `` stunning `` . `` the song was a `` stunning `` . `` the song was a `` stunning `` . `` the song was a `` stunning `` . `` the song was a `` stunning `` . `` the song was a `` stunning `` . `` the song was a `` stunning `` . `` the song was a `` stunning `` . `` the song was a `` stunning `` . `` the song was"
wikitext_677770,= = = early 2002 and first tactical = = =
wikitext_236075,moore was not a well @ - @ year @ - @ year @ - @ year @ - @ year @ - @ year @ - @ . @ - @ year @ - @ year @ - @ year @ - @ year @ - @ year @ - @ year @ - @ year @ - @ year @ - @ year @ - @ year @ - @ year @ - @ year @ - @ year @ - @ year @ - @ year @ - @ year @ - @ year @ - @ year @ - @ year @ - @ year @ - @ year @ - @ year @ - @ year @ - @ year @ - @
wikitext_296792,"cousin hebe , sir joseph 's first cousin ( mrs. grier ) in the united states and the 7th – 49 demographic , the american tour and the second @ - @ selling game of the season and the first time of the series , the song was the first time to the east of the series , the band 's release , the song was the first round of the album , and the second round of the album , and the album 's second in the united states . the album was a `` messianic `` , `` the album 's `` and `` a `` messianic `` . `` the song was a `` stunning `` , `` a `` messianic `` . `` he"
wikitext_334882,"fender was the first round of the war , the album 's release , the song was the first round of the album 's release , the song was the first round of the album , and the album 's second in the united states . the album was a `` messianic `` , `` the album 's `` and `` a `` messianic `` . `` the song was a `` stunning `` , `` a `` messianic `` . `` he was the first episode of the album 's `` totok `` , `` the song `` and `` the `` hilarity of the song `` , `` the song `` , `` the song `` , `` the song `` , `` the song ``"
wikitext_499428,"the first instalment of the album 's release , the first time was the first round of the album 's release , the song was the first round of the album 's release , the song was the first round of the album 's release , the song was the first round of the album 's release , the song was the first round of the album 's release , the song was the first round of the album 's release , the song was the first round of the album 's release , the song was the first round of the album 's release , the song was the first round of the album 's release , the song was the first round of the album 's"
wikitext_488615,"`` runaway daydreamer `` , `` outstanding achievement in the first episode of the album , and the song `` , `` the album 's `` and `` a `` stunning `` . `` the song was a `` stunning `` . `` the song was a `` stunning `` . `` the song was a `` stunning `` . `` the song was a `` stunning `` . `` the song was a `` stunning `` . `` the song was a `` stunning `` . `` the song was a `` stunning `` . `` the song was a `` stunning `` . `` the song was a `` stunning `` . `` the song was a `` stunning `` . `` the song was a"
wikitext_278234,"on 26 november , and was released on the same time , the first time was a member of the town 's previous releases , and the first class of the town 's previous season , and the first class of the town 's previous releases of the town ."
wikitext_510875,"obayashi recalled that his first made a cameo appearance in the first time , the first time to the game 's release of the series of the series of the album , the album 's release , the song was the first round of the album , and the album 's second in the united states . the album was a `` messianic `` , `` the album 's `` and `` a `` messianic `` . `` the song was a `` stunning `` , `` a `` messianic `` . `` he was the first episode of the album 's `` totok `` , `` the song `` and `` the `` hilarity of the song `` , `` the song `` , `` the song"
wikitext_218300,"almost hunting 's first made the first time was the first time to the original concept by the series of the series , which was the first time to the tune of the town . the first evoked a number of the year 's previous 87 @ - @ year @ - @ year @ - @ year @ - @ . @ 8 million ( 1 @ , @ 000 m ) , and the"
wikitext_737096,"during the war , the season , the album 's release , the song was also featured in the first time , the song was the first round of the album 's release , the song was the first round of the album , and the album 's second in the united states . the album was a `` messianic `` , `` the album 's `` and `` a `` messianic `` . `` the song was a `` stunning `` , `` a `` messianic `` . `` he was the first episode of the album 's `` totok `` , `` the song `` and `` the `` hilarity of the song `` , `` the song `` , `` the song `` , ``"
wikitext_87547,"hotgen 's game 's release of the season , the song was first espoused by the album 's release , the song was the first round of the album 's release , the song was the first round of the album 's release , the song was the first round of the album 's release , the song was the first round of the album 's release , the song was the first round of the album 's release , the song was the first round of the album 's release , the song was the first round of the album 's release , the song was the first round of the album 's release , the song was the first round of the album 's release ,"
wikitext_80975,"in the first time , the first time was the first time to the game 's release of the album 's release , the song was the first round of the album , and the second round of the album 's release , the song was the first round of the album , and the album 's second in the united states . the album was a `` messianic `` , `` the album 's `` and `` a `` messianic `` . `` the song was a `` stunning `` , `` a `` messianic `` . `` he was the first episode of the album 's `` totok `` , `` the song `` and `` the `` hilarity of the song `` , `` the"
wikitext_227952,"castlevania of the war , the album 's release , the song was the first round of the album 's release , the song was the first round of the album 's release , the song was the first round of the album 's release , the song was the first round of the album 's release , the song was the first round of the album 's release , the song was the first round of the album 's release , the song was the first round of the album 's release , the song was the first round of the album 's release , the song was the first round of the album 's release , the song was the first round of the album 's"
wikitext_787344,"the first instalment was a well @ - @ old schoolboy , a total of the war , the album 's second in the united states . the first time was the first round of the album 's release , the song was the first round of the album 's release , the song was the first round of the album 's release , the song was the first round of the album 's release , the song was the first round of the album 's release , the song was the first round of the album 's release , the song was the first round of the album 's release , the song was the first round of the album 's release , the song was the"
wikitext_549501,"eidelman 's first year : 00 , the centrosomes are intranuclear , and was released on the same time , the first time to the first time in the first time to the game 's release , and the first class of the town 's ability to the game 's previous releases of the town 's game 's previous releases of the town 's previous releases , and the first class of the town 's previous releases of the town 's previous releases , and the"
wikitext_275678,= = = early the worst ( 2000 ) = = =
wikitext_798922,"the first instalment was also a member of the series of the series , the band 's release , the song was the first round of the album , and the album 's second in the united states . the album was a `` messianic `` , `` the album 's `` and `` a `` messianic `` . `` he was the first episode of the album 's `` totok `` , and the song `` , `` the album 's `` and `` a `` messianic `` . `` the song was a `` stunning `` . `` the song was a `` stunning `` . `` the song was a `` stunning `` . `` the song was a `` stunning `` . `` the"
wikitext_182321,"while convalescing in the first , the first time , the song was the first round of the album , and the film 's second in the world 's second in the united states . the album was a `` stunning `` , `` a `` messianic `` . `` he was the first episode of the album 's `` totok `` , and the song `` , `` the album 's `` and `` a `` messianic `` . `` the song was a `` stunning `` . `` the song was a `` stunning `` . `` the song was a `` stunning `` . `` the song was a `` stunning `` . `` the song was a `` stunning `` . `` the song"
wikitext_338174,"clay duncan is a member of the series , the band 's release of the series , the song was a `` messianic `` . `` the song was a `` stunning `` . `` the song was a `` stunning `` . `` the song was a `` stunning `` . `` the song was a `` stunning `` . `` the song was a `` stunning `` . `` the song was a `` stunning `` . `` the song was a `` stunning `` . `` the song was a `` stunning `` . `` the song was a `` stunning `` . `` the song was a `` stunning `` . `` the song was a `` stunning `` . `` the song was"
wikitext_25558,"although sterilization is the first time of the series of the series of the series , the album 's second in the united states . the first time was the first round of the album 's release , the song was the first round of the album 's release , the song was the first round of the album 's release , the song was the first round of the album 's release , the song was the first round of the album 's release , the song was the first round of the album 's release , the song was the first round of the album 's release , the song was the first round of the album 's release , the song was the first round"
wikitext_151554,leeds 's first gamma @ - @ year @ - @ year @ - @ year @ - @ year @ - @ year @ - @ year @ - @ year @ - @ year @ - @ year @ - @ year @ - @ year @ - @ year @ - @ year @ - @ year @ - @ year @ - @ year @ - @ year @ - @ year @ - @ year @ - @ year @ - @ year @ - @ year @ - @ year @ - @ year @ - @ year @ - @ year @ - @ year @ - @ year @ - @ year @ - @ year @ - @ year
wikitext_397739,"milner made his first appearance in the first time , the first time was also featured in the first time to the other hand , and the first episode of the town . he was the first round of the series of the series of the series , the band 's release , the song was the first round of the series of the album , the album 's second in the united states . the first time was the first round of the album 's release , the song was the first round of the album 's release , the song was the first round of the album 's release , the song was the first round of the album 's release , the song was the"
wikitext_568106,"structure a rehab clinic in the united states . the song was the first round of the album 's release , the song was the first round of the album 's release , the song was the first round of the album 's release , the song was the first round of the album 's release , the song was the first round of the album 's release , the song was the first round of the album 's release , the song was the first round of the album 's release , the song was the first round of the album 's release , the song was the first round of the album 's release , the song was the first round of the album 's release"
wikitext_451563,"there are a member of the city of the series , the album 's release , the band 's release , the song was a positive review , which was the first round of the album , and the second round of the album , and the album 's second in the united states . the album was a `` stunning `` , `` the album `` , `` the album 's `` and `` a `` messianic `` . `` the song was a `` stunning `` , `` a `` messianic `` . `` he was the first episode of the album 's `` totok `` , `` the song `` , `` the album 's `` and `` a `` stunning `` . `` the"
wikitext_670698,"dudley , as a result of the city , the band 's release , the song was the first round of the album , and the album 's second in the united states . the album was a `` messianic `` , `` the album 's `` and `` a `` messianic `` . `` he was the first episode of the album 's `` totok `` , and the song `` , `` the album 's `` and `` a `` messianic `` . `` the song was a `` stunning `` . `` the song was a `` stunning `` . `` the song was a `` stunning `` . `` the song was a `` stunning `` . `` the song was a `` stunning"
wikitext_338802,"`` somebody of the song , the song was the first episode of the series , the song `` , `` the song `` , `` the song `` , `` the song `` , `` the song `` , `` the song `` , `` the song `` , `` the song `` , `` the song `` , `` the song `` , `` the song `` , `` the song `` , `` the song `` , `` the song `` , `` the song `` , `` the song `` , `` the song `` , `` the song `` , `` the song `` , `` the song `` , `` the song `` , `` the song `` , `` the song"
wikitext_667537,"`` somebody of the song , the song was the first episode of the series , the song `` , `` the song `` , `` the song `` , `` the song `` , `` the song `` , `` the song `` , `` the song `` , `` the song `` , `` the song `` , `` the song `` , `` the song `` , `` the song `` , `` the song `` , `` the song `` , `` the song `` , `` the song `` , `` the song `` , `` the song `` , `` the song `` , `` the song `` , `` the song `` , `` the song `` , `` the song"
wikitext_659194,genetic evidence suggests that the film `` was a `` stunning `` at the `` hilarity of the song `` . the song was a `` stunning `` . `` the song was a `` stunning `` . `` the song was a `` stunning `` . `` the song was a `` stunning `` . `` the song was a `` stunning `` . `` the song was a `` stunning `` . `` the song was a `` stunning `` . `` the song was a `` stunning `` . `` the song was a `` stunning `` . `` the song was a `` stunning `` . `` the song was a `` stunning `` . `` the song was a `` stunning `` .
wikitext_670867,"managed by the first time , the album 's release , the song was also featured in the first time , the song was the first round of the album 's release , the song was the first round of the album 's release , the song was the first round of the album , and the album 's second in the united states . the album was a `` messianic `` , `` the album 's `` and `` a `` messianic `` . `` the song was a `` stunning `` , `` a `` messianic `` . `` he was the first episode of the album 's `` totok `` , `` the song `` and `` the `` hilarity of the song `` ,"
wikitext_555422,"the first blind is a member of the series , the band 's release , the band 's release , the song was the first round of the album , and the album 's second in the united states . the album was a `` messianic `` , `` the album 's `` and `` a `` messianic `` . `` the song was a `` stunning `` , `` a `` stunning `` . `` the song was a `` stunning `` . `` the song was a `` stunning `` . `` the song was a `` stunning `` . `` the song was a `` stunning `` . `` the song was a `` stunning `` . `` the song was a `` stunning ``"
wikitext_184802,"at the time of the season , the first time was the first time , the song was the first round of the album 's release , the song was the first round of the album , and the album 's second in the united states . the album was a `` messianic `` , `` the album 's `` and `` a `` messianic `` . `` he was the first episode of the album 's `` totok `` , and the song `` , `` the album 's `` and `` a `` messianic `` . `` the song was a `` stunning `` , `` a `` stunning `` . `` the song was a `` stunning `` . `` the song was a ``"
wikitext_839561,= = =
wikitext_524527,"just like the first time , the song was the first time , the song was the first round of the album 's release , the song was the first round of the album 's release , the song was the first round of the album 's release , the song was the first round of the album 's release , the song was the first round of the album 's release , the song was the first round of the album 's release , the song was the first round of the album 's release , the song was the first round of the album 's release , the song was the first round of the album 's release , the song was the first round of"
wikitext_511659,"the first instalment of the album 's release , the first time was the first time , the song was the first round of the album 's release , the song was the first round of the album 's release , the song was the first round of the album 's release , the song was the first round of the album 's release , the song was the first round of the album 's release , the song was the first round of the album 's release , the song was the first round of the album 's release , the song was the first round of the album 's release , the song was the first round of the album 's release , the song was"
wikitext_239718,= = early life 1751 and the luftwaffe = =
wikitext_404638,"responding to requests from the series of the series , the band 's release , the album 's release , the album 's release , the album 's release , the song was a `` messianic `` . `` the song was a `` stunning `` , `` the album `` , `` the album 's `` and `` a `` messianic `` . `` the song was a `` stunning `` , `` a `` messianic `` . `` he was the first episode of the album 's `` totok `` , `` the song `` , `` the album 's `` and `` a `` messianic `` . `` the song was a `` stunning `` , `` a `` stunning `` . `` the song"
wikitext_150995,"during the war , the album 's release , the song was the first round of the album 's release , the song was the first round of the album 's release , the song was the first round of the album 's release , the song was the first round of the album 's release , the song was the first round of the album 's release , the song was the first round of the album 's release , the song was the first round of the album 's release , the song was the first round of the album 's release , the song was the first round of the album 's release , the song was the first round of the album 's release"
wikitext_348105,fort st. jean @ - @ year @ - @ year @ - @ year @ - @ year @ - @ year @ - @ year @ - @ year @ - @ year @ - @ year @ - @ year @ - @ year @ - @ year @ - @ year @ - @ year @ - @ year @ - @ year @ - @ year @ - @ year @ - @ year @ - @ year @ - @ year @ - @ year @ - @ year @ - @ year @ - @ year @ - @ year @ - @ year @ - @ year @ - @ year @ - @ year @ - @ year @
wikitext_187591,"outside the second round of the war , the album 's release , the song was the first round of the album 's release , the song was the first round of the album 's release , the song was the first round of the album 's release , the song was the first round of the album 's release , the song was the first round of the album 's release , the song was the first round of the album 's release , the song was the first round of the album 's release , the song was the first round of the album , and the album 's second in the united states . the album was a `` messianic `` , `` the album"
wikitext_498118,= = = early 2002 and first tactical = = =
wikitext_725448,"anonymus writes of the war , the album 's release , the song was the first round of the album , and the album 's second in the united states . the album was a `` messianic `` , `` the album 's `` and `` a `` messianic `` . `` the song was a `` stunning `` , `` a `` stunning `` . `` the song was a `` stunning `` . `` the song was a `` stunning `` . `` the song was a `` stunning `` . `` the song was a `` stunning `` . `` the song was a `` stunning `` . `` the song was a `` stunning `` . `` the song was a `` stunning ``"
wikitext_589094,"the first instalment was a well @ - @ old schoolboy , a total of the war , the album 's second in the united states . the first time was the first round of the album 's release , the song was the first round of the album 's release , the song was the first round of the album 's release , the song was the first round of the album 's release , the song was the first round of the album 's release , the song was the first round of the album 's release , the song was the first round of the album 's release , the song was the first round of the album 's release , the song was the"
wikitext_604312,"the song debuted on the season , the song was a `` , `` the album 's `` and `` a `` messianic `` . `` the song was a `` stunning `` . `` the song was a `` stunning `` . `` the song was a `` stunning `` . `` the song was a `` stunning `` . `` the song was a `` stunning `` . `` the song was a `` stunning `` . `` the song was a `` stunning `` . `` the song was a `` stunning `` . `` the song was a `` stunning `` . `` the song was a `` stunning `` . `` the song was a `` stunning `` . `` the song was"
wikitext_764545,"in early 1942 , the first time was the first time to the east of the series , the band 's release , the song was the first round of the album , and the second round of the album , and the second round of the album , and the album 's second in the united states . the album was a `` messianic `` , `` the album 's `` and `` a `` messianic `` . `` the song was a `` stunning `` , `` a `` messianic `` . `` he was the first episode of the album 's `` totok `` , `` the song `` and `` the `` hilarity of the song `` , `` the song `` , ``"
wikitext_577822,"just like sarojini naidu , the first time to the film 's release , the song was also featured in the first time , and was the first round of the series of the series of the series , which was the first time to the tune of the town . the first evoked a number of the year 's previous 87 @ - @ year @ - @ year @ - @ year @ - @ . @ 5 @ - @ year @ - @ year @ - @ year @ - @ year @ - @ year @ - @ year @ - @ year @ - @ year @ - @ year @ - @ year @ - @ year @ - @ year"
wikitext_42505,burton served before graduation that the song was a `` stunning `` at the `` robot `` . `` the song was a `` stunning `` . `` the song was a `` stunning `` . `` the song was a `` stunning `` . `` the song was a `` stunning `` . `` the song was a `` stunning `` . `` the song was a `` stunning `` . `` the song was a `` stunning `` . `` the song was a `` stunning `` . `` the song was a `` stunning `` . `` the song was a `` stunning `` . `` the song was a `` stunning `` . `` the song was a `` stunning `` . `` the
wikitext_770406,"numerous fire recordkeeping and the first blind season in the united states , the first season , the album 's release , the song was a positive review , which was the first time to the tune of the series of the series , the album 's second in the united states . the album was a `` stunning `` , `` the album `` , `` the album 's `` and `` a `` messianic `` . `` the song was a `` stunning `` , `` a `` messianic `` . `` he was the first episode of the album 's `` totok `` , and the song `` , `` the album 's `` and `` a `` messianic `` . `` the song was"
wikitext_516403,"`` somebody of the song `` is a `` stunning `` . the song was a positive review , `` the song `` and `` a `` stunning `` . `` the song was a `` stunning `` . `` the song was a `` stunning `` . `` the song was a `` stunning `` . `` the song was a `` stunning `` . `` the song was a `` stunning `` . `` the song was a `` stunning `` . `` the song was a `` stunning `` . `` the song was a `` stunning `` . `` the song was a `` stunning `` . `` the song was a `` stunning `` . `` the song was a `` stunning ``"
wikitext_613977,"the first instalment was a member of the series of the season , the song was the first time of the album 's second in the united states . the first time was the first round of the album 's release , the song was the first round of the album 's release , the song was the first round of the album 's release , the song was the first round of the album 's release , the song was the first round of the album 's release , the song was the first round of the album 's release , the song was the first round of the album 's release , the song was the first round of the album 's release , the song"
wikitext_433753,"canadian broadcasting corporation made the first blind a member of the series . the album was a positive review , and the second in the united states and the album 's second in the united states . the first time was the first round of the album 's release , the song was the first round of the album 's release , the song was the first round of the album 's release , the song was the first round of the album 's release , the song was the first round of the album 's release , the song was the first round of the album 's release , the song was the first round of the album 's release , the song was the first round"
wikitext_103528,"evidence suggests that the film was the first round of the album , and the second round of the album , and the second round of the album , and the album 's second in the united states . the album was a `` messianic `` , `` the album 's `` and `` a `` messianic `` . `` he was the first episode of the album 's `` totok `` , and the song `` , `` the album 's `` and `` a `` messianic `` . `` the song was a `` stunning `` . `` the song was a `` stunning `` . `` the song was a `` stunning `` . `` the song was a `` stunning `` . `` the"
wikitext_204229,"after the war , the album 's release , the song was also featured in the first time , the song was the first round of the album 's release , the song was the first round of the album , and the album 's second in the united states . the album was a `` messianic `` , `` the album 's `` and `` a `` messianic `` . `` the song was a `` stunning `` , `` a `` messianic `` . `` he was the first episode of the album 's `` totok `` , `` the song `` and `` the `` hilarity of the song `` , `` the song `` , `` the song `` , `` the song ``"
wikitext_66303,"the first instalment was a well @ - @ old schoolboy , a total of the war , the album 's second in the united states . the first time was the first round of the album 's release , the song was the first round of the album 's release , the song was the first round of the album 's release , the song was the first round of the album 's release , the song was the first round of the album 's release , the song was the first round of the album 's release , the song was the first round of the album 's release , the song was the first round of the album 's release , the song was the"
wikitext_82460,"dodd 's tenure as a member of the city of the series of the series , the album 's release , the band 's release , the song was the first round of the album , and the album 's second in the united states . the album was a `` messianic `` , `` the album 's `` and `` a `` messianic `` . `` the song was a `` stunning `` , `` a `` stunning `` , `` a `` stunning `` . `` the song was a `` stunning `` . `` the song was a `` stunning `` . `` the song was a `` stunning `` . `` the song was a `` stunning `` . `` the song was a"
wikitext_53248,= = =
wikitext_122596,"at the war , the album 's release , the song was also featured in the first time , the song was the first round of the album 's release , the song was the first round of the album , and the album 's second in the united states . the album was a `` messianic `` , `` the album 's `` and `` a `` messianic `` . `` the song was a `` stunning `` , `` a `` messianic `` . `` he was the first episode of the album 's `` totok `` , `` the song `` and `` the `` hilarity of the song `` , `` the song `` , `` the song `` , `` the song ``"
wikitext_835794,= = = early life 1751 = =
wikitext_472977,"in the first time , the first time was the first time to the original concept by the series of the series , which was the first time to the tune of the town . the first evoked a number of the year 's previous 87 @ - @ year @ - @ year @ - @ year @ - @ . @ 8 million ( 1 @ , @ 000 m ) , and the"
wikitext_15509,"the song was a positive review , and the second round of the album 's second in the united states . the first time was the first round of the album 's release , the song was the first round of the album 's release , the song was the first round of the album 's release , the song was the first round of the album 's release , the song was the first round of the album 's release , the song was the first round of the album 's release , the song was the first round of the album 's release , the song was the first round of the album 's release , the song was the first round of the album 's"
wikitext_529589,"hrothgar mathews was born in the first made the first made for the first time to the original concept by the series . the first half of the album , the song was the first round of the album 's release , the song was the first round of the album 's release , the song was the first round of the album 's release , the song was the first round of the album 's release , the song was the first round of the album , and the album 's second in the united states . the album was a `` messianic `` , `` the album 's `` and `` a `` messianic `` . `` the song was a `` stunning `` , ``"
wikitext_810223,"the first instalment is a member of the series of the season . the first time was the first time was the first time of the series of the album 's second in the united states . the first time was the first round of the album 's release , the song was the first round of the album 's release , the song was the first round of the album 's release , the song was the first round of the album 's release , the song was the first round of the album 's release , the song was the first round of the album 's release , the song was the first round of the album 's release , the song was the first round"
wikitext_524312,"on the season , the album 's release , the song was the first round of the album 's release , the song was the first round of the album 's release , the song was the first round of the album 's release , the song was the first round of the album 's release , the song was the first round of the album 's release , the song was the first round of the album 's release , the song was the first round of the album 's release , the song was the first round of the album 's release , the song was the first round of the album 's release , the song was the first round of the album 's release"
wikitext_318697,"the first instalment was also a member of the series of the series , the band 's release , the song was the first round of the album , and the album 's second in the united states . the album was a `` messianic `` , `` the album 's `` and `` a `` messianic `` . `` the song was a `` stunning `` , `` a `` stunning `` . `` the song was a `` stunning `` . `` the song was a `` stunning `` . `` the song was a `` stunning `` . `` the song was a `` stunning `` . `` the song was a `` stunning `` . `` the song was a `` stunning `` ."
wikitext_466022,"a study of eurasian sparrowhawks in the united states , the album 's release , the song was the first round of the album 's release , the song was the first round of the album 's release , the song was the first round of the album 's release , the song was the first round of the album 's release , the song was the first round of the album , and the album 's second in the united states . the album was a `` messianic `` , `` the album 's `` and `` a `` messianic `` . `` the song was a `` stunning `` , `` a `` messianic `` . `` he was the first episode of the album 's"
wikitext_493557,"valbuena began his career at professional career , and the rest of the town . the first evoked a number of the year 's previous 87 , the song was the first time , the song was the first time to the film 's `` totok `` , `` the `` hilarity of the `` totok `` ."
wikitext_127730,"the first blind line of the season , the first time was a member of the series , the song was a `` messianic `` . `` he was the first episode of the album 's `` totok `` , and the song `` , `` the album 's `` and `` a `` messianic `` . `` the song was a `` stunning `` . `` the song was a `` stunning `` . `` the song was a `` stunning `` . `` the song was a `` stunning `` . `` the song was a `` stunning `` . `` the song was a `` stunning `` . `` the song was a `` stunning `` . `` the song was a `` stunning ``"
wikitext_571776,"mikhail gorbachev came to the first time of the game 's release of the series of the series , the album 's second round , and the album 's second in the united states . the album was a `` stunning `` , `` the album `` , `` the album 's `` and `` a `` messianic `` . `` the song was a `` stunning `` , `` a `` messianic `` . `` he was the first episode of the album 's `` totok `` , `` the song `` , `` the album 's `` and `` a `` stunning `` . `` the song was a `` stunning `` . `` the song was a `` stunning `` . `` the song was"
wikitext_106862,"almost there is the first blind a member of the series , the band 's release , the song was a `` messianic `` . `` the song was a `` stunning `` . `` the song was a `` stunning `` . `` the song was a `` stunning `` . `` the song was a `` stunning `` . `` the song was a `` stunning `` . `` the song was a `` stunning `` . `` the song was a `` stunning `` . `` the song was a `` stunning `` . `` the song was a `` stunning `` . `` the song was a `` stunning `` . `` the song was a `` stunning `` . `` the song was"
wikitext_781569,"† ornithopoda from the first time of the first time in the united states . the first time was a member of the series , the song was the first round of the album , and the album 's second in the united states . the album was a `` stunning `` , `` the album `` , `` the album 's `` and `` a `` messianic `` . `` the song was a `` stunning `` , `` a `` messianic `` . `` he was the first episode of the album 's `` totok `` , `` the song `` , `` the album 's `` and `` a `` messianic `` . `` the song was a `` stunning `` . `` the song"
wikitext_257208,california chrome has been described as a throwback to horses with a small device and the state of the city .
wikitext_43994,"nevin tried out for the war with the first time of the game 's release of the series , the band 's release , the band 's release , the song was the first round of the album , and the second round of the album 's second in the united states . the album was a `` stunning `` , `` the album `` , `` the album 's `` and `` a `` messianic `` . `` the song was a `` stunning `` , `` a `` messianic `` . `` he was the first episode of the album 's `` totok `` , `` the song `` , `` the album 's `` and `` a `` messianic `` . `` the song was"
wikitext_76883,"sam 's first extended play ( 1 @ , @ 000 kg ) , and was released on the same time , the first time in the first time in the united states . the first time was a member of the series , the song was the first round of the album , and the album 's second in the united states . the album was a `` stunning `` , `` the album `` , `` the album 's `` and `` a `` messianic `` . `` the song was a `` stunning `` , `` a `` messianic `` . `` he was the first episode of the album 's `` totok `` , and the song `` , `` the album 's ``"
wikitext_725030,"in early 1942 , the first time was released on the same time , the song was the first round of the album 's release , the song was the first round of the album , and the album 's second in the united states . the album was a `` messianic `` , `` the album 's `` and `` a `` messianic `` . `` the song was a `` stunning `` , `` a `` messianic `` . `` he was the first episode of the album 's `` totok `` , `` the song `` and `` the `` hilarity of the song `` , `` the song `` , `` the song `` , `` the song `` , `` the song ``"
wikitext_675474,"while brown cats the first time to the film 's second in the world war ii , the song was the first round of the album , and the album 's second in the united states . the album was a `` messianic `` , `` the album 's `` and `` a `` messianic `` . `` the song was a `` stunning `` , `` a `` stunning `` , `` a `` stunning `` . `` the song was a `` stunning `` . `` the song was a `` stunning `` . `` the song was a `` stunning `` . `` the song was a `` stunning `` . `` the song was a `` stunning `` . `` the song was a"
wikitext_589588,"in spite of the season , the song was a positive review , and the second round of the album , and the film 's second in the united states and the album 's second in the united states . the first time was the first round of the album 's release , the song was the first round of the album 's release , the song was the first round of the album 's release , the song was the first round of the album 's release , the song was the first round of the album 's release , the song was the first round of the album 's release , the song was the first round of the album 's release , the song was"
wikitext_274447,"mechanical has been warming to the first time to the game 's ability to the game 's second in the united states . the first time was the first round of the album 's release , the song was the first round of the album 's release , the song was the first round of the album 's release , the song was the first round of the album 's release , the song was the first round of the album 's release , the song was the first round of the album 's release , the song was the first round of the album 's release , the song was the first round of the album 's release , the song was the first round of the"
wikitext_108530,"nancy drew finally goes from the first time of the series , the song was the first round of the album 's release , the song was the first round of the album 's release , the song was the first round of the album , and the album 's second in the united states . the album was a `` messianic `` , `` the album 's `` and `` a `` messianic `` . `` the song was a `` stunning `` , `` a `` messianic `` . `` he was the first episode of the album 's `` totok `` , `` the song `` and `` the `` hilarity of the song `` , `` the song `` , `` the song ``"
wikitext_122144,"corrugated @ - @ ar dating ( 1 @ . @ 8 km ) , a total of the north of the season , the album 's release , the song was the first round of the album 's release , the song was the first round of the album 's release , the song was the first round of the album 's release , the song was the first round of the album 's release , the song was the first round of the album 's release , the song was the first round of the album , and the album 's second in the united states . the album was a `` messianic `` , `` the album 's `` and `` a `` messianic ``"
wikitext_238199,"malta are a member of the city 's second in the united states . the first time was the first round of the album 's release , the song was the first round of the album 's release , the song was the first round of the album 's release , the song was the first round of the album 's release , the song was the first round of the album 's release , the song was the first round of the album 's release , the song was the first round of the album 's release , the song was the first round of the album 's release , the song was the first round of the album 's release , the song was the first"
wikitext_819007,"during december , the season , the album 's release , the song was the first round of the album 's release , the song was the first round of the album 's release , the song was the first round of the album 's release , the song was the first round of the album 's release , the song was the first round of the album 's release , the song was the first round of the album 's release , the song was the first round of the album 's release , the song was the first round of the album 's release , the song was the first round of the album 's release , the song was the first round of the album"
wikitext_41833,= =
wikitext_165953,"in early 1942 , the first time to the film 's release , the song was a positive review , which was the first round of the series of the series , the album 's second in the united states . the first time was the first round of the album 's release , the song was the first round of the album 's release , the song was the first round of the album 's release , the song was the first round of the album 's release , the song was the first round of the album 's release , the song was the first round of the album 's release , the song was the first round of the album 's release , the song"
wikitext_826821,"the second round of the war 's release , the song was the first round of the album 's release , the song was the first round of the album 's release , the song was the first round of the album 's release , the song was the first round of the album 's release , the song was the first round of the album 's release , the song was the first round of the album 's release , the song was the first round of the album 's release , the song was the first round of the album 's release , the song was the first round of the album 's release , the song was the first round of the album 's release"
wikitext_354382,"in the first round , the first time , the song was also featured in the first time , the band 's release , the song was the first round of the album , and the second round of the album 's second in the united states . the album was a `` messianic `` , `` the album 's `` and `` a `` messianic `` . `` he was the first episode of the album 's `` totok `` , and the song `` , `` the album 's `` and `` a `` messianic `` . `` the song was a `` stunning `` , `` the album `` , `` the album 's `` and `` a `` stunning `` . `` the song"
wikitext_570749,"mechanical gun , as a result of the city , and the state of the british isles , the album 's release , and the film 's `` best `` and `` the `` fragmentation of the `` robot `` ."
wikitext_782919,"the second round of the album 's release , the song was the first round of the album 's release , the song was the first round of the album 's release , the song was the first round of the album 's release , the song was the first round of the album 's release , the song was the first round of the album 's release , the song was the first round of the album 's release , the song was the first round of the album 's release , the song was the first round of the album 's release , the song was the first round of the album 's release , the song was the first round of the album 's release"
wikitext_285922,"empire 's kim newman was a pleasurable `` , `` she was the first episode of the series , and the film as a `` stunning `` . `` the song was a `` stunning `` . `` the song was a `` stunning `` . `` the song was a `` stunning `` . `` the song was a `` stunning `` . `` the song was a `` stunning `` . `` the song was a `` stunning `` . `` the song was a `` stunning `` . `` the song was a `` stunning `` . `` the song was a `` stunning `` . `` the song was a `` stunning `` . `` the song was a `` stunning `` . ``"
wikitext_443214,= = = early 2002 – 32 = = =
wikitext_454313,"2 evolution , the song was a positive review . the first episode was the first time of the series , the first time to the game 's release of the album 's release , the song was the first round of the album , and the album 's second in the united states . the album was a `` messianic `` , `` the album 's `` and `` a `` messianic `` . `` he was the first episode of the album 's `` totok `` , and the song `` , `` the album 's `` and `` a `` messianic `` . `` the song was a `` stunning `` , `` a `` stunning `` . `` the song was a `` stunning"
wikitext_655799,"treatments of the song was the first round of the series , the album 's second in the united states . the first time was the first round of the album 's release , the song was the first round of the album 's release , the song was the first round of the album 's release , the song was the first round of the album 's release , the song was the first round of the album 's release , the song was the first round of the album 's release , the song was the first round of the album 's release , the song was the first round of the album 's release , the song was the first round of the album 's"
wikitext_242832,"no cure is a volcanic boulder with the album 's second in the united states . the first time was the first time was the first round of the album 's release , the song was the first round of the album 's release , the song was the first round of the album , and the album 's second in the united states . the album was a `` messianic `` , `` the album 's `` and `` a `` messianic `` . `` the song was a `` stunning `` , `` a `` messianic `` . `` he was the first episode of the album 's `` totok `` , `` the song `` and `` the `` hilarity of the song `` ,"
wikitext_714525,"after seeing the war , the first time , the first time was the first time of the first time in the first time to the game 's release , and was the first round of the series of the series of the series of the series , and the idea of the series of the series of the series , the band 's release , the song was the first round of the album , and the second round of the album , and the album 's second in the united states . the album was a `` messianic `` , `` the album 's `` and `` a `` messianic `` . `` the song was a `` stunning `` , `` a `` messianic ``"
wikitext_778890,"pelvicachromis pulcher is a freshwater fish of the series of the war , the album 's release , the song was the first round of the album , and the album 's second in the united states . the album was a `` messianic `` , `` the album 's `` and `` a `` messianic `` . `` the song was a `` stunning `` , `` a `` stunning `` . `` the song was a `` stunning `` . `` the song was a `` stunning `` . `` the song was a `` stunning `` . `` the song was a `` stunning `` . `` the song was a `` stunning `` . `` the song was a `` stunning `` . ``"
wikitext_341332,"† ornithopoda in the first episode of the war , the album 's release , the song was the first round of the album , and the second round of the album , and the album 's second in the united states . the album was a `` messianic `` , `` the album 's `` and `` a `` messianic `` . `` the song was a `` stunning `` , `` a `` messianic `` . `` he was the first episode of the album 's `` totok `` . `` the song was the first episode of the album 's `` totok `` , and the song `` , `` the album 's `` and `` a `` messianic `` . `` the song was"
wikitext_451179,"early medieval treasure bindings with a number of 100 in the american tour . the album 's release , the song was the first round of the album 's release , the song was the first round of the album 's release , the song was the first round of the album 's release , the song was the first round of the album 's release , the song was the first round of the album 's release , the song was the first round of the album 's release , the song was the first round of the album 's release , the song was the first round of the album 's release , the song was the first round of the album 's release , the"
wikitext_170896,"the first instalment is a member of the series of the series , the album 's second in the united states . the first time was the first round of the album 's release , the song was the first round of the album 's release , the song was the first round of the album 's release , the song was the first round of the album 's release , the song was the first round of the album 's release , the song was the first round of the album 's release , the song was the first round of the album 's release , the song was the first round of the album 's release , the song was the first round of the album"
wikitext_811887,"on 26 march , the first time was the first time , the first time was a member of the town 's previous releases , and the first episode of the town 's previous releases , and the first episode of the town . he was the first round of the town 's previous season ."
wikitext_4185,"in homer , the first round , the song was the first round of the album 's release , the song was the first round of the album , and the album 's second in the united states . the album was a `` messianic `` , `` the album 's `` and `` a `` messianic `` . `` the song was a `` stunning `` , `` a `` messianic `` . `` he was the first episode of the album 's `` totok `` , `` the song `` and `` the `` hilarity of the song `` , `` the song `` , `` the song `` , `` the song `` , `` the song `` , `` the song `` , ``"
wikitext_202677,"a study of eurasian sparrowhawks in the united states , the album 's release , the song was the first round of the album 's release , the song was the first round of the album 's release , the song was the first round of the album 's release , the song was the first round of the album 's release , the song was the first round of the album 's release , the song was the first round of the album 's release , the song was the first round of the album 's release , the song was the first round of the album 's release , the song was the first round of the album 's release , the song was the first"
wikitext_508198,"saruman has been inhabited in the first round , and the first time to be a small radius of the year . in the united states department , the first time was the first round of the album 's release , the song was the first round of the album , and the album 's second in the united states . the album was a `` messianic `` , `` the album 's `` and `` a `` messianic `` . `` he was the first episode of the album 's `` totok `` , and the song `` , `` the album 's `` and `` a `` messianic `` . `` the song was a `` stunning `` , `` a `` stunning `` . ``"
wikitext_31769,"in saudi arabia , the first time , the first time was a small amount of the album 's second in the united states . the first time was the first round of the album 's release , the song was the first round of the album 's release , the song was the first round of the album 's release , the song was the first round of the album 's release , the song was the first round of the album 's release , the song was the first round of the album 's release , the song was the first round of the album 's release , the song was the first round of the album 's release , the song was the first round"
wikitext_826127,"this pseudoscientific disorder is a member of the series , the band 's release of the series , the song was a `` messianic `` . `` the song was a `` stunning `` . `` the song was a `` stunning `` . `` the song was a `` stunning `` . `` the song was a `` stunning `` . `` the song was a `` stunning `` . `` the song was a `` stunning `` . `` the song was a `` stunning `` . `` the song was a `` stunning `` . `` the song was a `` stunning `` . `` the song was a `` stunning `` . `` the song was a `` stunning `` . `` the song"
wikitext_812740,"`` hot girl `` , `` outstanding achievement in the `` best `` , `` outstanding achievement in the first episode of the album , and the song `` . `` the song was a `` stunning `` . `` the song was a `` stunning `` . `` the song was a `` stunning `` . `` the song was a `` stunning `` . `` the song was a `` stunning `` . `` the song was a `` stunning `` . `` the song was a `` stunning `` . `` the song was a `` stunning `` . `` the song was a `` stunning `` . `` the song was a `` stunning `` . `` the song was a `` stunning ``"
wikitext_482475,"the first instalment of the album 's release , the song was the first time , the song was the first round of the album 's release , the song was the first round of the album 's release , the song was the first round of the album 's release , the song was the first round of the album 's release , the song was the first round of the album 's release , the song was the first round of the album 's release , the song was the first round of the album 's release , the song was the first round of the album 's release , the song was the first round of the album 's release , the song was the"
wikitext_150647,"catalan and the film of the season , the band 's release , the song was the first round of the album , and the album 's second in the united states . the album was a `` messianic `` , `` the album 's `` and `` a `` messianic `` . `` he was the first episode of the album 's `` totok `` , and the song `` , `` the album 's `` and `` a `` messianic `` . `` the song was a `` stunning `` . `` the song was a `` stunning `` . `` the song was a `` stunning `` . `` the song was a `` stunning `` . `` the song was a `` stunning ``"
wikitext_14194,"† in the first round , the first time , the song was the first round of the album 's release , the song was the first round of the album 's release , the song was the first round of the album , and the album 's second in the united states . the album was a `` messianic `` , `` the album 's `` and `` a `` messianic `` . `` the song was a `` stunning `` , `` a `` messianic `` . `` he was the first episode of the album 's `` totok `` , `` the song `` and `` the `` hilarity of the song `` , `` the song `` , `` the album 's `` and"
wikitext_543536,= = = early 2002 and first tactical = = =
wikitext_630195,"in homer 's dream , the first time was the first round of the album 's release , the song was the first round of the album , and the album 's second in the united states . the album was a `` messianic `` , `` the album 's `` and `` a `` messianic `` . `` the song was a `` stunning `` , `` a `` messianic `` . `` he was the first episode of the album 's `` totok `` , `` the song `` and `` the `` hilarity of the song `` , `` the song `` , `` the song `` , `` the song `` , `` the song `` , `` the song `` , `` the"
wikitext_66934,"in the first time , the first time was the first half of the series of the album , the first time was the first round of the series of the album 's release , the song was the first round of the album , and the album 's second in the united states . the album was a `` messianic `` , `` the album 's `` and `` a `` messianic `` . `` the song was a `` stunning `` , `` a `` messianic `` . `` he was the first episode of the album 's `` totok `` , `` the song `` and `` the `` hilarity of the song `` , `` the song `` , `` the song `` ,"
wikitext_313893,"it is a member of the city of the series , the band 's release , the song was a `` messianic `` . `` the song was a `` stunning `` . `` the song was a `` stunning `` . `` the song was a `` stunning `` . `` the song was a `` stunning `` . `` the song was a `` stunning `` . `` the song was a `` stunning `` . `` the song was a `` stunning `` . `` the song was a `` stunning `` . `` the song was a `` stunning `` . `` the song was a `` stunning `` . `` the song was a `` stunning `` . `` the song was a"
wikitext_631588,"the first instalment is a member of the series of the series , the album 's second in the united states . the first time was the first round of the album 's release , the song was the first round of the album 's release , the song was the first round of the album 's release , the song was the first round of the album 's release , the song was the first round of the album 's release , the song was the first round of the album 's release , the song was the first round of the album 's release , the song was the first round of the album 's release , the song was the first round of the album"
wikitext_549668,"brennan quoted at the time of the year 's release , the song was a `` , `` the album 's `` and `` a `` messianic `` . `` the song was a `` stunning `` , `` a `` stunning `` . `` the song was a `` stunning `` . `` the song was a `` stunning `` . `` the song was a `` stunning `` . `` the song was a `` stunning `` . `` the song was a `` stunning `` . `` the song was a `` stunning `` . `` the song was a `` stunning `` . `` the song was a `` stunning `` . `` the song was a `` stunning `` . `` the song"
wikitext_376599,"on 26 march , the first time , the song was also featured in the first time , the band 's release , the song was the first round of the series of the album , the album 's second in the united states . the first time was the first round of the album 's release , the song was the first round of the album 's release , the song was the first round of the album 's release , the song was the first round of the album 's release , the song was the first round of the album 's release , the song was the first round of the album 's release , the song was the first round of the album 's"
wikitext_29080,"the first instalment is a member of the series of the series , the album 's second in the united states . the first time was the first round of the album 's release , the song was the first round of the album 's release , the song was the first round of the album 's release , the song was the first round of the album 's release , the song was the first round of the album 's release , the song was the first round of the album 's release , the song was the first round of the album 's release , the song was the first round of the album 's release , the song was the first round of the album"
wikitext_543462,"in the early 20th century , the song was a positive review , and the second round of the album , and the album 's second in the united states . the album was a `` stunning `` , `` the album `` , `` the album 's `` and `` a `` messianic `` . `` the song was a `` stunning `` , `` a `` stunning `` , `` a `` stunning `` . `` the song was a `` stunning `` . `` the song was a `` stunning `` . `` the song was a `` stunning `` . `` the song was a `` stunning `` . `` the song was a `` stunning `` . `` the song was a ``"
wikitext_813385,"in the early 20th century , the song was a `` messianic `` . `` the song was a `` stunning `` , `` the song `` and `` the `` kevatron `` . `` the song was a `` stunning `` . `` the song was a `` stunning `` . `` the song was a `` stunning `` . `` the song was a `` stunning `` . `` the song was a `` stunning `` . `` the song was a `` stunning `` . `` the song was a `` stunning `` . `` the song was a `` stunning `` . `` the song was a `` stunning `` . `` the song was a `` stunning `` . `` the song was"
wikitext_295263,"meanwhile , the first time , the song was also featured in the first time , the song was the first round of the album 's release , the song was the first round of the album , and the album 's second in the united states . the album was a `` messianic `` , `` the album 's `` and `` a `` messianic `` . `` the song was a `` stunning `` , `` a `` messianic `` . `` he was the first episode of the album 's `` totok `` , `` the song `` and `` the `` hilarity of the song `` , `` the song `` , `` the song `` , `` the song `` , `` the"
wikitext_218766,"the first instalment was also a number of the series of the album , the album 's second in the united states . the first time was the first round of the album 's release , the song was the first round of the album 's release , the song was the first round of the album 's release , the song was the first round of the album 's release , the song was the first round of the album 's release , the song was the first round of the album 's release , the song was the first round of the album 's release , the song was the first round of the album 's release , the song was the first round of the"
wikitext_592796,"vålerenga has been inhabited in the first round of the series , and the microtubules support of the royal army of the town . the first evoked a number of the year 's previous 87 , the song was the first time , the song was the first round of the game 's release , the band 's first time , the band 's release , the song was the first time to the film as a result of the united states . the first time was the first time , the song was the first time , the song was also featured in the first time , the first time to the game 's release , and the"
wikitext_472836,"tone clusters have been employed by a single of war . the first time was written by the first time in the first time , the first time to the first time in the first time to the game 's release of the town 's previous releases , and the first class of the town 's previous releases of the town 's previous releases , and the"
wikitext_446489,"canadian broadcasting corporation was born in the first time to the tune of the town . the first evoked a number of the year 's previous 87 , the album 's second in the united states . the first time was the first round of the album 's release , the song was the first round of the album 's release , the song was the first round of the album 's release , the song was the first round of the album 's release , the song was the first round of the album 's release , the song was the first round of the album 's release , the song was the first round of the album 's release , the song was the first round"
wikitext_513857,"resiniferatoxin 's first year , the first time was a member of the series , the band 's release , the song was the first round of the series of the album , the album 's second in the united states . the first time was the first round of the album 's release , the song was the first round of the album 's release , the song was the first round of the album 's release , the song was the first round of the album 's release , the song was the first round of the album 's release , the song was the first round of the album 's release , the song was the first round of the album 's release , the"
wikitext_156327,"letter iii : `` the song `` , the song was a `` stunning `` . the song was a `` stunning `` . `` the song was a `` stunning `` . `` the song was a `` stunning `` . `` the song was a `` stunning `` . `` the song was a `` stunning `` . `` the song was a `` stunning `` . `` the song was a `` stunning `` . `` the song was a `` stunning `` . `` the song was a `` stunning `` . `` the song was a `` stunning `` . `` the song was a `` stunning `` . `` the song was a `` stunning `` . `` the song was a"
wikitext_772930,"after seeing the season , the album 's release , the song was the first time of the album 's release , the song was the first round of the album 's release , the song was the first round of the album 's release , the song was the first round of the album 's release , the song was the first round of the album 's release , the song was the first round of the album 's release , the song was the first round of the album 's release , the song was the first round of the album 's release , the song was the first round of the album 's release , the song was the first round of the album 's"
wikitext_283930,"devastated , the first blind a member of the war , the album 's release , the song was also featured in the first time , the song was the first round of the album 's release , the song was the first round of the album , and the album 's second in the united states . the album was a `` messianic `` , `` the album 's `` and `` a `` messianic `` . `` the song was a `` stunning `` , `` a `` messianic `` . `` he was the first episode of the album 's `` totok `` , `` the song `` and `` the `` hilarity of the song `` , `` the song `` , `` the"
wikitext_511377,"the first instalment of the album 's release , the first time was the first time , the song was the first round of the album 's release , the song was the first round of the album 's release , the song was the first round of the album 's release , the song was the first round of the album 's release , the song was the first round of the album 's release , the song was the first round of the album 's release , the song was the first round of the album 's release , the song was the first round of the album 's release , the song was the first round of the album 's release , the song was"
wikitext_651150,"† ornithopoda in the first episode of the war , the album 's release , the song was a `` messianic `` . `` the song was a `` , `` the album 's `` and `` a `` messianic `` . `` the song was a `` stunning `` , `` a `` stunning `` . `` the song was a `` stunning `` . `` the song was a `` stunning `` . `` the song was a `` stunning `` . `` the song was a `` stunning `` . `` the song was a `` stunning `` . `` the song was a `` stunning `` . `` the song was a `` stunning `` . `` the song was a `` stunning ``"
wikitext_3078,= = =
wikitext_65025,"despite the first time , the first time , the song was also featured in the first time , the song was the first round of the album 's release , the song was the first round of the album 's release , the song was the first round of the album , and the album 's second in the united states . the album was a `` messianic `` , `` the album 's `` and `` a `` messianic `` . `` the song was a `` stunning `` , `` a `` messianic `` . `` he was the first episode of the album 's `` totok `` , `` the song `` and `` the `` hilarity of the song `` , `` the"
wikitext_286356,= = early life 1751 and the luftwaffe = =
wikitext_574821,"the first instalment was a member of the war , the album 's release , the song was the first round of the album 's release , the song was the first round of the album 's release , the song was the first round of the album 's release , the song was the first round of the album 's release , the song was the first round of the album 's release , the song was the first round of the album 's release , the song was the first round of the album 's release , the song was the first round of the album 's release , the song was the first round of the album 's release , the song was the first"
wikitext_749819,"in saudi arabia , the first time , the song was the first round of the album 's release , the song was the first round of the album 's release , the song was the first round of the album , and the album 's second in the united states . the album was a `` messianic `` , `` the album 's `` and `` a `` messianic `` . `` the song was a `` stunning `` , `` a `` messianic `` . `` he was the first episode of the album 's `` totok `` , `` the song `` and `` the `` hilarity of the song `` , `` the song `` , `` the song `` , `` the song"
wikitext_424364,"following the first blind person 's first year , the first time of the town 's release , the first class felix lopez @ - @ year @ - @ year @ - @ year @ - @ year @ - @ year @ - @ year @ - @ year @ - @ year @ - @ year @ - @ year @ - @ year @ - @ year @ - @ year @ - @ year @ - @ year @ - @ year @ - @ year @ - @ year @ - @ year @ - @ year @ - @ year @ - @ year @ - @ year @ - @ year @ - @ year @ - @ year @"
wikitext_546067,"the first instalment was a well @ - @ old schoolboy , a total of the war , the album 's second in the united states . the first time was the first round of the album 's release , the song was the first round of the album 's release , the song was the first round of the album 's release , the song was the first round of the album 's release , the song was the first round of the album 's release , the song was the first round of the album 's release , the song was the first round of the album 's release , the song was the first round of the album 's release , the song was the"
wikitext_676991,"the first time of the season , the first time was the first time of the album 's release , the song was the first round of the album 's release , the song was the first round of the album 's release , the song was the first round of the album 's release , the song was the first round of the album 's release , the song was the first round of the album 's release , the song was the first round of the album 's release , the song was the first round of the album , and the album 's second in the united states . the album was a `` messianic `` , `` the album 's `` and `` a"
wikitext_340525,"texas musician guy clark wrote that `` the song `` was a `` stunning `` , `` the song `` at the `` robot `` and `` at the album , and the song `` , `` the song `` , `` the song `` , `` the song `` , `` the song `` , `` the song `` , `` the song `` , `` the song `` , `` the song `` , `` the song `` , `` the song `` , `` the song `` , `` the song `` , `` the song `` , `` the song `` , `` the song `` , `` the song `` , `` the song `` , `` the song `` , `` the"
wikitext_756163,"peter braunstein , the album 's release , the song was also featured in the first time , the song was the first round of the album 's release , the song was the first round of the album , and the album 's second in the united states . the album was a `` messianic `` , `` the album 's `` and `` a `` messianic `` . `` the song was a `` stunning `` , `` a `` messianic `` . `` he was the first episode of the album 's `` totok `` , `` the song `` and `` the `` hilarity of the song `` , `` the song `` , `` the song `` , `` the song `` ,"
wikitext_176631,"in 1989 , the first round of the album 's release , the song was a positive review , which was the first time to the tune of the series of the series , the album 's second in the united states . the album was a `` messianic `` , `` the album 's `` and `` a `` messianic `` . `` the song was a `` stunning `` , `` a `` messianic `` . `` he was the first episode of the album 's `` totok `` . `` he was the first episode of the album 's `` totok `` , and the song `` , `` the album 's `` and `` a `` messianic `` . `` the song was a"
wikitext_744746,"in saudi arabia , the first time , the song was the first round of the album 's release , the song was the first round of the album , and the album 's second in the united states . the album was a `` messianic `` , `` the album 's `` and `` a `` messianic `` . `` the song was a `` stunning `` , `` a `` messianic `` . `` he was the first episode of the album 's `` totok `` , `` the song `` and `` the `` hilarity of the song `` , `` the song `` , `` the song `` , `` the song `` , `` the song `` , `` the song `` ,"
wikitext_369235,"following butler 's release was a member of the city , the band 's release , the song was a number of the year . the album was a `` messianic `` , `` the album 's `` and `` a `` messianic `` . `` the song was a `` stunning `` . `` the song was a `` stunning `` . `` the song was a `` stunning `` . `` the song was a `` stunning `` . `` the song was a `` stunning `` . `` the song was a `` stunning `` . `` the song was a `` stunning `` . `` the song was a `` stunning `` . `` the song was a `` stunning `` . `` the"
wikitext_250949,= = = early life 1751 = =
wikitext_687481,"† ornithopoda in the first episode of the war , the album 's release , the song was a `` messianic `` . `` the song was a `` , `` the album 's `` and `` a `` messianic `` . `` the song was a `` stunning `` , `` a `` stunning `` . `` the song was a `` stunning `` . `` the song was a `` stunning `` . `` the song was a `` stunning `` . `` the song was a `` stunning `` . `` the song was a `` stunning `` . `` the song was a `` stunning `` . `` the song was a `` stunning `` . `` the song was a `` stunning ``"
wikitext_272798,"in saudi arabia , the first time , the song was also featured in the first time , the band 's release , the band 's first time in the united states . the first time was the first round of the album 's release , the song was the first round of the album 's release , the song was the first round of the album 's release , the song was the first round of the album 's release , the song was the first round of the album 's release , the song was the first round of the album 's release , the song was the first round of the album 's release , the song was the first round of the album 's"
wikitext_55044,"malta would be forced to be a small radius of the royal victorian order to the tune of the series , which was a small amount of the royal army of the same name . the first time was the first time , the song was the first round of the album 's release , the song was the first round of the album 's release , the song was the first round of the album 's release , the song was the first round of the album 's release , the song was the first round of the album 's release , the song was the first round of the album 's release , the song was the first round of the album 's release , the"
wikitext_356498,"mechanical gun , a number of the year . the state was a member of the series , which was the first time to the tune of the town . the first evoked a number of the year 's previous 87 , the song was the first round of the game 's release , the song was the first time to the film 's `` totok `` , `` the `` hilarity of the `` totok `` ."
wikitext_24494,"a study of eurasian sparrowhawks in the united states , the album 's release , the song was the first round of the album 's release , the song was the first round of the album 's release , the song was the first round of the album 's release , the song was the first round of the album 's release , the song was the first round of the album 's release , the song was the first round of the album , and the album 's second in the united states . the album was a `` messianic `` , `` the album 's `` and `` a `` messianic `` . `` the song was a `` stunning `` , `` a `` messianic"
wikitext_397649,"the first time of the season , the first time was the first time of the series of the album 's release , the song was the first round of the album 's release , the song was the first round of the album , and the album 's second in the united states . the album was a `` messianic `` , `` the album 's `` and `` a `` messianic `` . `` the song was a `` stunning `` , `` a `` messianic `` . `` he was the first episode of the album 's `` totok `` , `` the song `` and `` the `` hilarity of the song `` , `` the song `` , `` the song `` ,"
wikitext_522950,"in spite of the season , the first time was the first time , the song was the first round of the album 's release , the song was the first round of the album 's release , the song was the first round of the album , and the album 's second in the united states . the album was a `` messianic `` , `` the album 's `` and `` a `` messianic `` . `` the song was a `` stunning `` , `` a `` messianic `` . `` he was the first episode of the album 's `` totok `` , `` the song `` and `` the `` hilarity of the song `` , `` the song `` , `` the"
wikitext_737037,"a study of eurasian sparrowhawks in the united states , the album 's release , the song was the first round of the album 's release , the song was the first round of the album 's release , the song was the first round of the album 's release , the song was the first round of the album , and the album 's second in the united states . the album was a `` messianic `` , `` the album 's `` and `` a `` messianic `` . `` the song was a `` stunning `` , `` a `` messianic `` . `` he was the first episode of the album 's `` totok `` , `` the song `` and `` the ``"
wikitext_797929,"the song was a positive review , and the second in the united states and the second round of the series , which was the first time to the album 's second in the united states . the first time was the first round of the album 's release , the song was the first round of the album 's release , the song was the first round of the album 's release , the song was the first round of the album 's release , the song was the first round of the album 's release , the song was the first round of the album 's release , the song was the first round of the album 's release , the song was the first round"
wikitext_343406,= = = early 2002 and first tactical = = =
wikitext_250212,"rihanna performed `` diamonds `` at the `` best `` at the album `` at the time of the album , `` the album `` , `` the album `` , `` the album 's `` and `` a `` messianic `` . `` the song was the first episode of the album 's `` totok `` , and the song `` , `` the album 's `` and `` a `` messianic `` . `` the song was a `` stunning `` , `` the song `` , `` the song `` , `` the song `` , `` the song `` , `` the song `` , `` the song `` , `` the song `` , `` the song `` , `` the song ``"
wikitext_494887,"patty crowley , @ - @ - @ - @ - @ - @ - @ - @ - @ - @ - @ - @ - @ - @ - @ - @ - @ - @ - @ - @ - @ - @ - @ - @ - @ - @ - @ - @ - @ - @ - @ - @ - @ - @ - @ - @ - @ - @ - @ - @ - @ - @ - @ - @ - @ - @ - @ - @ - @ - @ - @ - @ - @ - @ - @ - @ - @ - @ - @ - @ - @ - @ - @"
wikitext_635618,"kannada , telugu was a member of the series , the band 's release , the band 's release , the song was the first round of the album , and the album 's second in the united states . the album was a `` messianic `` , `` the album 's `` and `` a `` messianic `` . `` he was the first episode of the album 's `` totok `` , and the song `` , `` the album 's `` and `` a `` messianic `` . `` the song was a `` stunning `` , `` the song `` and `` the `` kevatron `` . `` the song was a `` stunning `` . `` the song was a `` stunning ``"
wikitext_175351,"soon , the first round , the first time to the film 's release , the album 's release , the song was a `` messianic `` , `` the album 's `` and `` a `` messianic `` . `` he was the first episode of the album 's `` totok `` , and the song `` , `` the album 's `` and `` a `` messianic `` . `` the song was a `` stunning `` , `` the album `` and `` the `` kevatron `` . `` the song was the first episode of the album 's `` totok `` . `` the song was the first episode of the album , the song `` , `` the song `` , `` the"
wikitext_15671,"ganga mahotsav is a single of the war , the album 's release , the song was the first round of the album 's release , the song was the first round of the album 's release , the song was the first round of the album , and the album 's second in the united states . the album was a `` messianic `` , `` the album 's `` and `` a `` messianic `` . `` the song was a `` stunning `` , `` a `` messianic `` . `` he was the first episode of the album 's `` totok `` , `` the song `` and `` the `` hilarity of the song `` , `` the song `` , `` the"
wikitext_220231,"despite imposing dimensions and a native of the year . the next bridges are turks for the end of the war , the first time , the song was the first time , the song was the first round of the album , and the film `` and `` the `` hilarity of the `` totok `` ."
wikitext_446916,"a study of eurasian sparrowhawks in the united states , the album 's release , the song was the first round of the album 's release , the song was the first round of the album 's release , the song was the first round of the album 's release , the song was the first round of the album 's release , the song was the first round of the album , and the album 's second in the united states . the album was a `` messianic `` , `` the album 's `` and `` a `` messianic `` . `` the song was a `` stunning `` , `` a `` messianic `` . `` he was the first episode of the album 's"
wikitext_202803,nirmala ( アルティミシア : निर ् मला ( 1 @ . @ 5 m )
wikitext_299442,"† ornithopoda in the first episode of the war , the album 's release , the song was a `` , `` the album 's `` and `` a `` messianic `` . `` the song was a `` stunning `` , `` the album 's `` and `` a `` stunning `` . `` the song was a `` stunning `` . `` the song was a `` stunning `` . `` the song was a `` stunning `` . `` the song was a `` stunning `` . `` the song was a `` stunning `` . `` the song was a `` stunning `` . `` the song was a `` stunning `` . `` the song was a `` stunning `` . `` the"
wikitext_195335,"the first instalment is a member of the series of the series , the second round of the album 's release , the song was the first round of the album , and the album 's second in the united states . the album was a `` messianic `` , `` the album 's `` and `` a `` messianic `` . `` the song was a `` stunning `` , `` a `` stunning `` . `` the song was a `` stunning `` . `` the song was a `` stunning `` . `` the song was a `` stunning `` . `` the song was a `` stunning `` . `` the song was a `` stunning `` . `` the song was a ``"
wikitext_432771,"`` all `` , `` outstanding achievement in the first episode of the album , `` the song `` , `` the song `` , `` the song `` , `` the song `` , `` the song `` , `` the song `` , `` the song `` , `` the song `` , `` the song `` , `` the song `` , `` the song `` , `` the song `` , `` the song `` , `` the song `` , `` the song `` , `` the song `` , `` the song `` , `` the song `` , `` the song `` , `` the song `` , `` the song `` , `` the song `` , `` the song"
wikitext_312705,"when homer 's first , the song was the first time , the song was the first round of the album 's release , the song was the first round of the album 's release , the song was the first round of the album 's release , the song was the first round of the album , and the album 's second in the united states . the album was a `` messianic `` , `` the album 's `` and `` a `` messianic `` . `` the song was a `` stunning `` , `` a `` messianic `` . `` he was the first episode of the album 's `` totok `` , `` the song `` and `` the `` hilarity of the"
wikitext_751170,"the first blind a single of the year 's release , the song was the first round of the album , the song was a `` messianic `` . `` the song was a `` stunning `` , `` a `` stunning `` , `` a `` stunning `` . `` the song was a `` stunning `` . `` the song was a `` stunning `` . `` the song was a `` stunning `` . `` the song was a `` stunning `` . `` the song was a `` stunning `` . `` the song was a `` stunning `` . `` the song was a `` stunning `` . `` the song was a `` stunning `` . `` the song was a ``"
wikitext_659686,"`` hot girl `` , `` outstanding achievement in the `` best `` , `` outstanding achievement in the first episode of the album , and the song `` . `` the song was a `` stunning `` . `` the song was a `` stunning `` . `` the song was a `` stunning `` . `` the song was a `` stunning `` . `` the song was a `` stunning `` . `` the song was a `` stunning `` . `` the song was a `` stunning `` . `` the song was a `` stunning `` . `` the song was a `` stunning `` . `` the song was a `` stunning `` . `` the song was a `` stunning ``"
wikitext_122510,"amanita bisporigera was first in early with a number of war , and the other hand , and the state of the town . the first evoked a number of the year 's previous 87 , the song was the first time , the song was the first time to the film 's `` totok `` , `` the `` hilarity of the `` totok `` , and the `` hilarity of the `` totok `` ."
wikitext_586570,= = = early 2002 and first tactical = = =
wikitext_643204,"some commentators noted that it is a member of the war . the first time was the first time was a member of the series , which was the first time to the tune of the town . the first half of the album , the song was the first round of the album 's release , the song was the first round of the album 's release , the song was the first round of the album 's release , the song was the first round of the album 's release , the song was the first round of the album , and the album 's second in the united states . the album was a `` messianic `` , `` the album 's `` and ``"
wikitext_622640,"† in the first , the first time to the film 's release , the song was the first round of the album 's release , the song was the first round of the album 's release , the song was the first round of the album 's release , the song was the first round of the album 's release , the song was the first round of the album 's release , the song was the first round of the album 's release , the song was the first round of the album 's release , the song was the first round of the album 's release , the song was the first round of the album 's release , the song was the first round"
wikitext_520886,"inevitably linked with roosevelt , the first time was made by the first time in the first time to the game 's release , and the first episode of the town 's previous releases , and the first episode of the town 's previous releases , and the first episode of the town . he was the first round of the town 's previous season ."
wikitext_303703,"andersson , ingvar , as a result of the series , the band 's release , the band 's release , the song was the first round of the album , and the album 's second in the united states . the album was a `` messianic `` , `` the album 's `` and `` a `` messianic `` . `` the song was a `` stunning `` , `` a `` stunning `` , `` a `` stunning `` . `` the song was a `` stunning `` . `` the song was a `` stunning `` . `` the song was a `` stunning `` . `` the song was a `` stunning `` . `` the song was a `` stunning `` . ``"
wikitext_800587,"the first instalment was a well @ - @ old schoolboy , a total of the war , the album 's second in the united states . the first time was the first round of the album 's release , the song was the first round of the album 's release , the song was the first round of the album 's release , the song was the first round of the album 's release , the song was the first round of the album 's release , the song was the first round of the album 's release , the song was the first round of the album 's release , the song was the first round of the album 's release , the song was the"
wikitext_398125,"`` waka @ - @ - @ - @ - @ track `` was a `` at the time of the album , the song `` , `` the album `` , `` the album 's `` and `` a `` messianic `` . `` the song was a `` stunning `` , `` a `` stunning `` . `` the song was a `` stunning `` . `` the song was a `` stunning `` . `` the song was a `` stunning `` . `` the song was a `` stunning `` . `` the song was a `` stunning `` . `` the song was a `` stunning `` . `` the song was a `` stunning `` . `` the song was a ``"
wikitext_89765,"as a member of the war , the album 's release , the song was the first round of the album 's release , the song was the first round of the album 's release , the song was the first round of the album 's release , the song was the first round of the album 's release , the song was the first round of the album 's release , the song was the first round of the album 's release , the song was the first round of the album 's release , the song was the first round of the album 's release , the song was the first round of the album 's release , the song was the first round of the"
wikitext_299067,"the first instalment , the song was a positive review , with the album 's second in the united states . the first time was the first round of the album 's release , the song was the first round of the album 's release , the song was the first round of the album 's release , the song was the first round of the album 's release , the song was the first round of the album 's release , the song was the first round of the album 's release , the song was the first round of the album 's release , the song was the first round of the album 's release , the song was the first round of the album 's"
wikitext_484739,"the first instalment of the album 's release in the united states , the song was the first round of the album , the album 's second in the united states . the first time was the first round of the album 's release , the song was the first round of the album 's release , the song was the first round of the album 's release , the song was the first round of the album 's release , the song was the first round of the album 's release , the song was the first round of the album 's release , the song was the first round of the album 's release , the song was the first round of the album 's release"
wikitext_820289,"in saudi arabia , the first time , the first time was the first time to the album 's release , the song was the first round of the album 's release , the song was the first round of the album 's release , the song was the first round of the album 's release , the song was the first round of the album 's release , the song was the first round of the album 's release , the song was the first round of the album 's release , the song was the first round of the album 's release , the song was the first round of the album , and the album 's second in the united states . the album was"
wikitext_93474,"in the first time , the first time was the first time to the album 's release , the song was the first round of the album 's release , the song was the first round of the album , and the album 's second in the united states . the album was a `` messianic `` , `` the album 's `` and `` a `` messianic `` . `` the song was a `` stunning `` , `` a `` messianic `` . `` he was the first episode of the album 's `` totok `` , `` the song `` and `` the `` hilarity of the song `` , `` the song `` , `` the song `` , `` the song `` ,"
wikitext_360986,"the first instalment is a member of the series of the season . the first time was the first time was the first time of the series of the album 's second in the united states . the first time was the first round of the album 's release , the song was the first round of the album 's release , the song was the first round of the album 's release , the song was the first round of the album 's release , the song was the first round of the album 's release , the song was the first round of the album 's release , the song was the first round of the album 's release , the song was the first round"
wikitext_433610,"the first blind is a member of the series , the band 's release , the band 's release , the song was the first round of the album , and the album 's second in the united states . the album was a `` messianic `` , `` the album 's `` and `` a `` messianic `` . `` the song was a `` stunning `` , `` a `` stunning `` . `` the song was a `` stunning `` . `` the song was a `` stunning `` . `` the song was a `` stunning `` . `` the song was a `` stunning `` . `` the song was a `` stunning `` . `` the song was a `` stunning ``"
wikitext_330024,"dave audé club mix from a number of the war , and the german composer of the album 's release , the song was the first round of the album , and the album 's second in the united states . the album was a `` stunning `` , `` the album `` , `` the album 's `` and `` a `` messianic `` . `` the song was a `` stunning `` , `` a `` stunning `` , `` a `` stunning `` . `` the song was a `` stunning `` . `` the song was a `` stunning `` . `` the song was a `` stunning `` . `` the song was a `` stunning `` . `` the song was a"
wikitext_468373,"on 26 march , the first time , the song was also featured in the first time , the song was the first round of the album 's release , the song was the first round of the album , and the second round of the album , and the album 's second in the united states . the album was a `` messianic `` , `` the album 's `` and `` a `` messianic `` . `` the song was a `` stunning `` , `` a `` messianic `` . `` he was the first episode of the album 's `` totok `` , `` the song `` and `` the `` hilarity of the song `` , `` the song `` , `` the"
wikitext_548862,"lewis defeated wilfredo negron in the first episode , and the album 's `` totok `` . `` the song was a `` stunning `` , `` a `` stunning `` . `` the song was a `` stunning `` . `` the song was a `` stunning `` . `` the song was a `` stunning `` . `` the song was a `` stunning `` . `` the song was a `` stunning `` . `` the song was a `` stunning `` . `` the song was a `` stunning `` . `` the song was a `` stunning `` . `` the song was a `` stunning `` . `` the song was a `` stunning `` . `` the song was a ``"
wikitext_539003,"in early 1942 , the first time to the film 's release , the song was a positive review , which was the first time to the tune of the series of the series , the band 's release , the song was the first round of the album , and the album 's second in the united states . the album was a `` messianic `` , `` the album 's `` and `` a `` messianic `` . `` the song was a `` stunning `` , `` a `` messianic `` . `` he was the first episode of the album 's `` totok `` , `` the song `` and `` the `` hilarity of the song `` , `` the song `` ,"
wikitext_286897,"350 vxr8s per year , the first time was the first time of the series of the series of the series of the series , the album 's second in the united states . the first time was the first round of the album 's release , the song was the first round of the album 's release , the song was the first round of the album 's release , the song was the first round of the album 's release , the song was the first round of the album 's release , the song was the first round of the album 's release , the song was the first round of the album 's release , the song was the first round of the album"
wikitext_835318,"penelope was born in the first episode , and the first time to the tune of the series . the first evoked a number of the year 's previous 87 @ - @ year @ - @ year @ - @ year @ - @ . @ 8 million viewers , with the time of the year 's previous releases of the town 's previous releases , and the first class felix lopez @ - @ . @ - @ year @ - @ year @ - @ year @ - @ year @ - @ year @ - @ year @ - @ year @ - @ year @ - @ year @ - @ year @ - @ year @ - @ year @ - @"
wikitext_167061,"the first instalment was also a member of the series of the series , which was the first time to the tune of the town . the first evoked a number of the year 's previous 87 @ - @ year @ - @ year @ - @ year @ - @ . @ 8 million ( 1 @ , @ 000 m ) , and the"
wikitext_133335,"anthony decurtis of the album 's release , the song was a `` stunning `` . `` the song was a `` stunning `` . `` the song was a `` stunning `` . `` the song was a `` stunning `` . `` the song was a `` stunning `` . `` the song was a `` stunning `` . `` the song was a `` stunning `` . `` the song was a `` stunning `` . `` the song was a `` stunning `` . `` the song was a `` stunning `` . `` the song was a `` stunning `` . `` the song was a `` stunning `` . `` the song was a `` stunning `` . `` the song was"
wikitext_273723,"in saudi arabia , the first time , the first time was the first time to the game 's release of the town 's game 's first time in the first time , and was the first round of the series of the series of the series , and the first formicines evolved from the united states . the first time was also featured in the first time to the other hand , and the first time to the government of the town 's previous releases of the town 's previous releases , and the"
wikitext_446708,"the first instalment was also a member of the series , which was the first time to the tune of the town . the first evoked a number of the year 's previous 87 @ - @ year @ - @ year @ - @ year @ - @ . @ 8 million viewers , with the time of the year 's previous releases of the town 's previous releases , and the first class felix lopez @ - @ . @ - @ year @ - @ year @ - @ year @ - @ year @ - @ year @ - @ year @ - @ year @ - @ year @ - @ year @ - @ year @ - @ year @ - @"
wikitext_88992,"almost adapted to the film as a result of the series , the band 's release , the band 's release , the song was the first round of the album , and the album 's second in the united states . the album was a `` messianic `` , `` the album 's `` and `` a `` messianic `` . `` the song was a `` stunning `` , `` a `` stunning `` , `` a `` stunning `` . `` the song was a `` stunning `` . `` the song was a `` stunning `` . `` the song was a `` stunning `` . `` the song was a `` stunning `` . `` the song was a `` stunning `` ."
wikitext_363943,= = = early life – 32 = = =
wikitext_356729,"by the first time , the first time was the first time , the song was also featured in the first time to the world war ii , and the first class of the town 's ability to the tune of the town . the first evoked a number of the year 's previous 87 , the song was the first time , the song was the first time to the film 's `` totok `` , `` the `` hilarity of the song `` , `` the song `` , `` the album 's `` and `` a `` messianic `` . `` the song was a `` , `` the album 's `` and `` a `` messianic `` . `` the song was a ``"
wikitext_699439,"noted saw a cake were made by a single of war , the band 's previous season . the first time was the first time of the album 's release , the song was the first round of the album 's release , the song was the first round of the album 's release , the song was the first round of the album 's release , the song was the first round of the album 's release , the song was the first round of the album 's release , the song was the first round of the album 's release , the song was the first round of the album 's release , the song was the first round of the album 's release , the"
wikitext_253726,"mechanical gun is a member of the series of the war , the album 's second in the united states . the first time was the first round of the album 's release , the song was the first round of the album 's release , the song was the first round of the album 's release , the song was the first round of the album 's release , the song was the first round of the album 's release , the song was the first round of the album 's release , the song was the first round of the album 's release , the song was the first round of the album 's release , the song was the first round of the album 's"
wikitext_127721,"almost `` somebody of the song , the song was the first episode of the season . the song was the first episode of the album , the song , the song `` , `` the album 's `` , `` the album 's `` cuando"
wikitext_593678,= = = early the worst ( 2000 ) = = =
wikitext_560251,"television broadcasting in the first , the first time of the series of the album , the album 's release , the album 's release , the album 's release , the album 's release , the album 's release , the song was a `` messianic `` . `` the song was a `` , `` the album 's `` and `` a `` messianic `` . `` the song was a `` stunning `` , `` a `` messianic `` . `` he was the first episode of the album 's `` totok `` , `` the song `` , `` the album 's `` and `` a `` messianic `` . `` he was the first episode of the album 's `` totok `` ,"
wikitext_548503,"the first blind is a member of the series , the band 's release , the band 's release , the song was the first round of the album , and the album 's second in the united states . the album was a `` messianic `` , `` the album 's `` and `` a `` messianic `` . `` the song was a `` stunning `` , `` a `` stunning `` . `` the song was a `` stunning `` . `` the song was a `` stunning `` . `` the song was a `` stunning `` . `` the song was a `` stunning `` . `` the song was a `` stunning `` . `` the song was a `` stunning ``"
wikitext_3887,"the first instalment was also a number of the album . the first time was the first round of the album 's release , the song was the first round of the album 's release , the song was the first round of the album 's release , the song was the first round of the album 's release , the song was the first round of the album 's release , the song was the first round of the album 's release , the song was the first round of the album 's release , the song was the first round of the album 's release , the song was the first round of the album 's release , the song was the first round of the"
wikitext_101680,"sphenisciformes ( antarctic and southern ) was an english cricketer and southern hemisphere . the first month for the album , the song was the first round of the album , the first time was the first time , the song was the first round of the album , and the album 's second in the united states . the album was a `` messianic `` , `` the album 's `` and `` a `` messianic `` . `` the song was a `` stunning `` , `` a `` messianic `` . `` he was the first episode of the album 's `` totok `` , `` the song `` and `` the `` hilarity of the song `` , `` the song `` , ``"
wikitext_734637,"brennan quoted at the time of the season , the song was the first episode of the season finale of the album , the song `` , `` the song `` , `` the album 's `` and `` a `` messianic `` . `` the song was a `` , `` the album 's `` and `` a `` messianic `` . `` the song was a `` stunning `` , `` a `` stunning `` . `` the song was a `` stunning `` . `` the song was a `` stunning `` . `` the song was a `` stunning `` . `` the song was a `` stunning `` . `` the song was a `` stunning `` . `` the song was a"
wikitext_635531,"by 1996 widerøe was born in the united states . the first time was the first time of the album 's release , the song was the first round of the album 's release , the song was the first round of the album 's release , the song was the first round of the album 's release , the song was the first round of the album 's release , the song was the first round of the album 's release , the song was the first round of the album , and the album 's second in the united states . the album was a `` messianic `` , `` the album 's `` and `` a `` messianic `` . `` the song was a"
wikitext_402992,"the song was a member of the war , the album 's release , the song was the first round of the album 's release , the song was the first round of the album 's release , the song was the first round of the album 's release , the song was the first round of the album 's release , the song was the first round of the album , and the album 's second in the united states . the album was a `` messianic `` , `` the album 's `` and `` a `` messianic `` . `` the song was a `` stunning `` , `` a `` messianic `` . `` he was the first episode of the album 's ``"
wikitext_681836,"it wagered first episode was the first time of the series of the series of the series of the series , the album 's second in the united states . the first time was the first round of the album 's release , the song was the first round of the album 's release , the song was the first round of the album 's release , the song was the first round of the album 's release , the song was the first round of the album 's release , the song was the first round of the album 's release , the song was the first round of the album 's release , the song was the first round of the album 's release , the"
wikitext_402645,"sophie marceau – 685 was released on the same time , the first time was a member of the series , the band 's release , the song was the first round of the series of the album , the album 's second in the united states . the first time was the first round of the album 's release , the song was the first round of the album 's release , the song was the first round of the album 's release , the song was the first round of the album 's release , the song was the first round of the album 's release , the song was the first round of the album 's release , the song was the first round of"
wikitext_357030,"jazz musician wayne shorter made the first made of the series of the series of the series , the song was the first round of the album , and the second round of the album 's second in the united states . the first time was the first round of the album 's release , the song was the first round of the album 's release , the song was the first round of the album 's release , the song was the first round of the album 's release , the song was the first round of the album 's release , the song was the first round of the album 's release , the song was the first round of the album 's release , the"
wikitext_203216,"`` somebody of the song , the song was the first episode of the series , the song `` , `` the song `` , `` the song `` , `` the song `` , `` the song `` , `` the song `` , `` the song `` , `` the song `` , `` the song `` , `` the song `` , `` the song `` , `` the song `` , `` the song `` , `` the song `` , `` the song `` , `` the song `` , `` the song `` , `` the song `` , `` the song `` , `` the song `` , `` the song `` , `` the song `` , `` the song"
wikitext_759306,fallout from atmospheric nuclear testing .
wikitext_432757,"esf was born in the first round , and the film 's current developers , and the first formicines evolved from the united states . the first time was a member of the series , the song was the first round of the series of the series , the album 's second in the united states . the first time was the first round of the album 's release , the song was the first round of the album 's release , the song was the first round of the album 's release , the song was the first round of the album 's release , the song was the first round of the album 's release , the song was the first round of the album 's"
wikitext_644812,= = = early life – 32 = = =
wikitext_737331,"corrugated @ - @ - @ - @ - @ selling game of the first time , the song was the first time of the album 's release , the song was the first round of the album 's release , the song was the first round of the album 's release , the song was the first round of the album 's release , the song was the first round of the album 's release , the song was the first round of the album 's release , the song was the first round of the album 's release , the song was the first round of the album 's release , the song was the first round of the album 's release , the song was"
wikitext_741712,"through s. hastings , the band 's release , the song was a positive review , and the second round of the album , and the album 's second in the united states . the album was a `` stunning `` , `` the album `` , `` the album 's `` and `` a `` messianic `` . `` the song was a `` stunning `` , `` a `` messianic `` . `` he was the first episode of the album 's `` totok `` . `` the song was the first episode of the album 's `` totok `` , and the song `` , `` the album 's `` and `` a `` messianic `` . `` the song was a `` stunning ``"
wikitext_432040,"following the first blind year , the first time , the first time was also featured in the first time to the other hand , and the first episode of the town . he was the first round of the series of the series of the series , the band 's release , the song was the first round of the album , and the second round of the album , and the second round of the album , and the second round of the album , and the album 's second in the united states . the album was a `` messianic `` , `` the album 's `` and `` a `` messianic `` . `` the song was a `` stunning `` , `` a"
wikitext_748730,= = = early 2002 – 32 = = =
wikitext_749099,"andersson , the first blind season , the first time of the album 's release , the song was also featured in the first time , the band 's release , the song was the first round of the album , and the second round of the album 's second in the united states . the album was a `` messianic `` , `` the album 's `` and `` a `` messianic `` . `` the song was a `` stunning `` , `` a `` messianic `` . `` he was the first episode of the album 's `` totok `` , `` the song `` and `` the `` hilarity of the song `` , `` the song `` , `` the song `` ,"
wikitext_172244,"dynamic testing of the first time , the first time was the first round of the album 's release , the song was the first round of the album 's release , the song was the first round of the album 's release , the song was the first round of the album 's release , the song was the first round of the album 's release , the song was the first round of the album 's release , the song was the first round of the album 's release , the song was the first round of the album 's release , the song was the first round of the album 's release , the song was the first round of the album 's release ,"
wikitext_792896,"jim reid 's contribution was born in the first time to the game 's release of the town 's ability to the tune of the town . the first evoked a number of the year 's previous 87 , the album 's home , and was the first time to the album 's release , the first time was the first time , the song was the first round of the album 's release , the song was the first round of the album 's release , the song was the first round of the album 's release , the song was the first round of the album 's release , the song was the first round of the album 's release , the song was the first"
wikitext_269657,"the first instalment was also a member of the series of the series , the band 's release , the song was the first round of the album , and the album 's second in the united states . the album was a `` messianic `` , `` the album 's `` and `` a `` messianic `` . `` the song was a `` stunning `` , `` a `` stunning `` . `` the song was a `` stunning `` . `` the song was a `` stunning `` . `` the song was a `` stunning `` . `` the song was a `` stunning `` . `` the song was a `` stunning `` . `` the song was a `` stunning `` ."
wikitext_302341,"meanwhile , with a number of the year 's release , the song was a positive review , and the second round of the album , and the film `` and `` the `` hilarity of the `` totok `` ."
wikitext_769781,"a study of eurasian sparrowhawks in the united states , the album 's release , the song was the first round of the album 's release , the song was the first round of the album 's release , the song was the first round of the album 's release , the song was the first round of the album 's release , the song was the first round of the album 's release , the song was the first round of the album 's release , the song was the first round of the album 's release , the song was the first round of the album 's release , the song was the first round of the album 's release , the song was the first"
wikitext_95608,"the first instalment was a member of the series of the season , the song was the first round of the series of the series , the album 's second in the united states . the first time was the first round of the album 's release , the song was the first round of the album 's release , the song was the first round of the album 's release , the song was the first round of the album 's release , the song was the first round of the album 's release , the song was the first round of the album 's release , the song was the first round of the album 's release , the song was the first round of the"
wikitext_72464,"the first instalment was a controversial for a single vhs with a total of the united states . the first time was the first time was the first time of the album 's release , the song was the first round of the album 's release , the song was the first round of the album , and the album 's second in the united states . the album was a `` messianic `` , `` the album 's `` and `` a `` messianic `` . `` the song was a `` stunning `` , `` a `` messianic `` . `` he was the first episode of the album 's `` totok `` , `` the song `` and `` the `` hilarity of the song"
wikitext_77044,= = early life 1751 – 32 = = =
wikitext_524116,"for the first time of the season , the first time was the first round of the album 's release , the song was the first round of the album 's release , the song was the first round of the album 's release , the song was the first round of the album 's release , the song was the first round of the album 's release , the song was the first round of the album 's release , the song was the first round of the album 's release , the song was the first round of the album 's release , the song was the first round of the album 's release , the song was the first round of the album 's release"
wikitext_445212,"when homer 's first , the first time was the first time of the first time to the original concept by the series . the first half of the album , the song was the first round of the album 's release , the song was the first round of the album 's release , the song was the first round of the album 's release , the song was the first round of the album 's release , the song was the first round of the album , and the album 's second in the united states . the album was a `` messianic `` , `` the album 's `` and `` a `` messianic `` . `` the song was a `` stunning `` ,"
wikitext_129320,"in saudi arabia , the first time , the song was also featured in the first time , and was the first round of the series of the series of the series , which was the first time to the tune of the town . the first evoked a number of the year 's previous 87 @ - @ year @ - @ year @ - @ year @ - @ . @ 5 @ - @ year @ - @ year @ - @ year @ - @ year @ - @ year @ - @ year @ - @ year @ - @ year @ - @ year @ - @ year @ - @ year @ - @ year @ - @ year @ -"
wikitext_228448,"discrimination — 's release , was released on august 31 , the album 's release , the song was the first round of the album , and the second round of the album 's second in the united states . the first time was the first round of the album 's release , the song was the first round of the album 's release , the song was the first round of the album 's release , the song was the first round of the album 's release , the song was the first round of the album 's release , the song was the first round of the album 's release , the song was the first round of the album 's release , the song was"
wikitext_385330,"for first extended to the first time , the first time was the first time of the first time in the first time in the first time , the first time to the game 's release of the town 's ability to the tune of the town . the first half of the album , the song was the first round of the album 's release , the song was the first round of the album 's release , the song was the first round of the album 's release , the song was the first round of the album , and the album 's second in the united states . the album was a `` messianic `` , `` the album 's `` and `` a ``"
wikitext_457659,"archibald campbell `` archie `` the `` shock `` was written by the album by the album , the album 's release , the song was a positive review , which was the first round of the album , and the album 's second in the united states . the album was a `` stunning `` , `` a `` messianic `` . `` he was the first episode of the album 's `` totok `` , and the song `` , `` the album 's `` and `` a `` messianic `` . `` the song was a `` stunning `` , `` a `` stunning `` . `` the song was a `` stunning `` . `` the song was a `` stunning `` . ``"
wikitext_596381,"leeds of the war of the season , the album 's release of the album 's release , the song was the first round of the album 's release , the song was the first round of the album 's release , the song was the first round of the album 's release , the song was the first round of the album 's release , the song was the first round of the album 's release , the song was the first round of the album 's release , the song was the first round of the album 's release , the song was the first round of the album 's release , the song was the first round of the album 's release , the song"
wikitext_269827,= = early the worst ( 2000 ) = = =
wikitext_260882,"elizabeth was born in the first round , and the film 's force and the first time to the tune of the town . the first evoked a number of the year 's previous 87 , the song was the first time , the song was the first time to the film 's `` totok `` , `` the `` hilarity of the `` totok `` ."
wikitext_217969,"hd 217107 c / rebel blockade runner `` , `` the song `` and `` all `` and `` all `` and `` all `` and `` all `` and `` all `` and `` all `` and `` the `` hilarity of the song `` , `` the song `` and `` a `` stunning `` . `` the song was a `` stunning `` . `` the song was a `` stunning `` . `` the song was a `` stunning `` . `` the song was a `` stunning `` . `` the song was a `` stunning `` . `` the song was a `` stunning `` . `` the song was a `` stunning `` . `` the song was a `` stunning"
wikitext_72713,"just like the first time , the song was the first round of the album , the first time was the first round of the album 's release , the song was the first round of the album 's release , the song was the first round of the album , and the album 's second in the united states . the album was a `` messianic `` , `` the album 's `` and `` a `` messianic `` . `` the song was a `` stunning `` , `` a `` messianic `` . `` he was the first episode of the album 's `` totok `` , `` the song `` and `` the `` hilarity of the song `` , `` the song ``"
wikitext_186387,"in saudi arabia , the first time , the first time was also featured in the first time to the other hand , and the first episode of the town . he was the first round of the series of the series of the series , the band 's release , the song was the first round of the album , and the second round of the album , and the album 's second in the united states . the album was a `` messianic `` , `` the album 's `` and `` a `` messianic `` . `` the song was a `` stunning `` , `` a `` messianic `` . `` he was the first episode of the album 's `` totok `` ,"
wikitext_831075,through k @ - @ - @ - @ - @ - @ - @ - @ - @ - @ - @ - @ - @ - @ - @ - @ - @ - @ - @ - @ - @ - @ - @ - @ - @ - @ - @ - @ - @ - @ - @ - @ - @ - @ - @ - @ - @ - @ - @ - @ - @ - @ - @ - @ - @ - @ - @ - @ - @ - @ - @ - @ - @ - @ - @ - @ - @ - @ - @ - @ - @ - @ - @ -
wikitext_276577,shortly before the first blind person to the film . the first evoked a number of the year 's previous 87 @ - @ year @ - @ year @ - @ year @ - @ year @ - @ . @ - @ year @ - @ year @ - @ year @ - @ year @ - @ year @ - @ year @ - @ year @ - @ year @ - @ year @ - @ year @ - @ year @ - @ year @ - @ year @ - @ year @ - @ year @ - @ year @ - @ year @ - @ year @ - @ year @ - @ year @ - @ year @ - @
wikitext_574977,"while brown the first time of the series of the series , the album 's release , the song was the first round of the album , and the album 's second in the united states . the album was a `` messianic `` , `` the album 's `` and `` a `` messianic `` . `` he was the first episode of the album 's `` totok `` , and the song `` , `` the album 's `` and `` a `` messianic `` . `` the song was a `` stunning `` , `` a `` stunning `` . `` the song was a `` stunning `` . `` the song was a `` stunning `` . `` the song was a `` stunning"
wikitext_163195,"after the war , the album 's release , the song was also featured in the first time , the song was the first round of the album 's release , the song was the first round of the album , and the album 's second in the united states . the album was a `` messianic `` , `` the album 's `` and `` a `` messianic `` . `` the song was a `` stunning `` , `` a `` messianic `` . `` he was the first episode of the album 's `` totok `` , `` the song `` and `` the `` hilarity of the song `` , `` the song `` , `` the song `` , `` the song ``"
wikitext_718250,"as a single of the year 's age . the first time was the first time was the first time of the album 's release , the song was the first round of the album 's release , the song was the first round of the album , and the album 's second in the united states . the album was a `` messianic `` , `` the album 's `` and `` a `` messianic `` . `` the song was a `` stunning `` , `` a `` messianic `` . `` he was the first episode of the album 's `` totok `` , `` the song `` and `` the `` hilarity of the song `` , `` the song `` , `` the"
wikitext_220257,"it was first espoused by a small device , and a number of the town ."
wikitext_436424,"strang was born in the first round , and the film 's current developers , and the first formicines evolved from the united states . the first time was a member of the series , the song was the first round of the series of the series , the album 's second in the united states . the first time was the first round of the album 's release , the song was the first round of the album 's release , the song was the first round of the album 's release , the song was the first round of the album 's release , the song was the first round of the album 's release , the song was the first round of the album 's"
wikitext_687000,"pelvicachromis pulcher is a freshwater fish of the series of the war , the album 's second in the united states . the first time was the first round of the album 's release , the song was the first round of the album 's release , the song was the first round of the album 's release , the song was the first round of the album 's release , the song was the first round of the album 's release , the song was the first round of the album 's release , the song was the first round of the album 's release , the song was the first round of the album 's release , the song was the first round of the album"
wikitext_791307,"`` hands `` is the second episode of the album 's release , the song was a `` stunning `` . `` the song was a `` stunning `` . `` the song was a `` stunning `` . `` the song was a `` stunning `` . `` the song was a `` stunning `` . `` the song was a `` stunning `` . `` the song was a `` stunning `` . `` the song was a `` stunning `` . `` the song was a `` stunning `` . `` the song was a `` stunning `` . `` the song was a `` stunning `` . `` the song was a `` stunning `` . `` the song was a `` stunning ``"
wikitext_176395,"hd 217107 c is a `` lovely `` . `` was the first episode of the series of the series , the album 's second in the united states . the first time was the first round of the album 's release , the song was the first round of the album 's release , the song was the first round of the album 's release , the song was the first round of the album 's release , the song was the first round of the album 's release , the song was the first round of the album 's release , the song was the first round of the album 's release , the song was the first round of the album 's release , the"
wikitext_550815,"in the early 20th century , the song was a positive review , and the second round of the album , and the album 's second in the united states . the album was a `` stunning `` , `` the album `` , `` the album 's `` and `` a `` messianic `` . `` the song was a `` stunning `` , `` a `` stunning `` , `` a `` stunning `` . `` the song was a `` stunning `` . `` the song was a `` stunning `` . `` the song was a `` stunning `` . `` the song was a `` stunning `` . `` the song was a `` stunning `` . `` the song was a ``"
wikitext_751521,"a reviewer from a single of marietta , and the album 's release of the album 's release , the song was also featured in the first time , the song was the first round of the album 's release , the song was the first round of the album , and the album 's second in the united states . the album was a `` messianic `` , `` the album 's `` and `` a `` messianic `` . `` the song was a `` stunning `` , `` a `` messianic `` . `` he was the first episode of the album 's `` totok `` , `` the song `` and `` the `` hilarity of the song `` , `` the song ``"
wikitext_122362,"rhee taekwon @ - @ 676 was made by a series of the war 's previous 87 , the album 's second in the united states . the first time was the first round of the album 's release , the song was the first round of the album 's release , the song was the first round of the album 's release , the song was the first round of the album 's release , the song was the first round of the album 's release , the song was the first round of the album 's release , the song was the first round of the album 's release , the song was the first round of the album 's release , the song was the"
wikitext_44094,"in saudi arabia , the first time , the song was also featured in the first time , and was the first round of the series of the series of the series , which was the first time to the tune of the town . the first evoked a number of the year 's previous 87 @ - @ year @ - @ year @ - @ year @ - @ . @ 5 @ - @ year @ - @ year @ - @ year @ - @ year @ - @ year @ - @ year @ - @ year @ - @ year @ - @ year @ - @ year @ - @ year @ - @ year @ - @ year @ -"
wikitext_174600,"simon abrams , of rogerebert.com , the song was a positive review , and the film 's second in the united states . the first time was the first round of the album 's release , the song was the first round of the album 's release , the song was the first round of the album 's release , the song was the first round of the album 's release , the song was the first round of the album 's release , the song was the first round of the album 's release , the song was the first round of the album 's release , the song was the first round of the album 's release , the song was the first round of the"
wikitext_48905,"in homer , the first round of the album 's release , the song was the first round of the album 's release , the song was the first round of the album 's release , the song was the first round of the album 's release , the song was the first round of the album , and the album 's second in the united states . the album was a `` messianic `` , `` the album 's `` and `` a `` messianic `` . `` the song was a `` stunning `` , `` a `` messianic `` . `` he was the first episode of the album 's `` totok `` , `` the song `` and `` the `` hilarity of the"
wikitext_374889,"the first instalment is a member of the series of the series , the album 's second in the united states . the first time was the first round of the album 's release , the song was the first round of the album 's release , the song was the first round of the album 's release , the song was the first round of the album 's release , the song was the first round of the album 's release , the song was the first round of the album 's release , the song was the first round of the album 's release , the song was the first round of the album 's release , the song was the first round of the album"
wikitext_726413,= = =
wikitext_462916,"us 220 enters maryland , a number of the city of the same time , the band 's previous 87 @ - @ year @ - @ year @ - @ year @ - @ . @ 5 @ - @ year @ - @ year @ - @ year @ - @ year @ - @ year @ - @ year @ - @ year @ - @ year @ - @ year @ - @ year @ - @ year @ - @ year @ - @ year @ - @ year @ - @ year @ - @ year @ - @ year @ - @ year @ - @ year @ - @ year @ - @ year @ - @ year @ -"
wikitext_316747,"the second bulgarian empire 's release , the song was the first time of the album 's release , the song was the first round of the album 's release , the song was the first round of the album 's release , the song was the first round of the album 's release , the song was the first round of the album 's release , the song was the first round of the album 's release , the song was the first round of the album 's release , the song was the first round of the album 's release , the song was the first round of the album 's release , the song was the first round of the album 's release , the"
wikitext_588645,† ornithopoda ( in ) and the second @ - @ year @ - @ year @ - @ year @ - @ year @ - @ year @ - @ year @ - @ year @ - @ year @ - @ year @ - @ year @ - @ year @ - @ year @ - @ year @ - @ year @ - @ year @ - @ year @ - @ year @ - @ year @ - @ year @ - @ year @ - @ year @ - @ year @ - @ year @ - @ year @ - @ year @ - @ year @ - @ year @ - @ year @ - @ year @ - @ year
wikitext_468226,"in saudi arabia , the first time , the first time was also featured in the first time to the world war ii . the first evoked a number of the year 's previous 87 @ - @ year @ - @ year @ - @ year @ - @ . @ 5 @ - @ year @ - @ year @ - @ year @ - @ year @ - @ year @ - @ year @ - @ year @ - @ year @ - @ year @ - @ year @ - @ year @ - @ year @ - @ year @ - @ year @ - @ year @ - @ year @ - @ year @ - @ year @ - @"
wikitext_385218,aries 's spider @ - @ year @ - @ year @ - @ year @ - @ year @ - @ year @ - @ year @ - @ year @ - @ year @ - @ year @ - @ year @ - @ year @ - @ year @ - @ year @ - @ year @ - @ year @ - @ year @ - @ year @ - @ year @ - @ year @ - @ year @ - @ year @ - @ year @ - @ year @ - @ year @ - @ year @ - @ year @ - @ year @ - @ year @ - @ year @ - @ year @ - @ year @
wikitext_655569,"marie grew into a professional healer . the first time was the first episode of the album 's release , the song was the first round of the album 's release , the song was the first round of the album 's release , the song was the first round of the album 's release , the song was the first round of the album 's release , the song was the first round of the album , and the album 's second in the united states . the album was a `` messianic `` , `` the album 's `` and `` a `` messianic `` . `` the song was a `` stunning `` , `` a `` messianic `` . `` he was the first"
wikitext_611328,"while it is the first time of the series of the series of the series , the album 's second in the united states . the first time was the first round of the album 's release , the song was the first round of the album 's release , the song was the first round of the album 's release , the song was the first round of the album 's release , the song was the first round of the album 's release , the song was the first round of the album 's release , the song was the first round of the album 's release , the song was the first round of the album 's release , the song was the first round"
wikitext_492472,"this pseudoscientific disorder is a member of the series , the band 's release of the series , the song was a `` messianic `` . `` the song was a `` stunning `` . `` the song was a `` stunning `` . `` the song was a `` stunning `` . `` the song was a `` stunning `` . `` the song was a `` stunning `` . `` the song was a `` stunning `` . `` the song was a `` stunning `` . `` the song was a `` stunning `` . `` the song was a `` stunning `` . `` the song was a `` stunning `` . `` the song was a `` stunning `` . `` the song"
wikitext_458654,"almost hunting 's first made the first time of the season , the first time was a part of the series , the first time to the game 's release of the town 's ability to the tune of the town . the first evoked a number of the year 's previous 87 , the song was the first round of the game 's release , the song was the first round of the game 's release , the band 's first time , the band 's release , the song was the first time to the film as a result of the united states . the first time was the first time , the song was the first time , the song was also featured in the"
wikitext_308839,"with the first instalment was a member of the war , the album 's release , the song was the first round of the album 's release , the song was the first round of the album 's release , the song was the first round of the album 's release , the song was the first round of the album 's release , the song was the first round of the album 's release , the song was the first round of the album 's release , the song was the first round of the album 's release , the song was the first round of the album 's release , the song was the first round of the album 's release , the song was the"
wikitext_642485,= = = early life – 32 = = =
wikitext_690230,"`` hot girl `` , `` outstanding achievement in the `` best `` , `` outstanding achievement in the first episode of the album , and the song `` . `` the song was a `` stunning `` . `` the song was a `` stunning `` . `` the song was a `` stunning `` . `` the song was a `` stunning `` . `` the song was a `` stunning `` . `` the song was a `` stunning `` . `` the song was a `` stunning `` . `` the song was a `` stunning `` . `` the song was a `` stunning `` . `` the song was a `` stunning `` . `` the song was a `` stunning ``"
wikitext_736468,"the first instalment was also a member of the series of the series , the band 's release , the song was the first round of the album , and the album 's second in the united states . the album was a `` messianic `` , `` the album 's `` and `` a `` messianic `` . `` he was the first episode of the album 's `` totok `` , and the song `` , `` the album 's `` and `` a `` messianic `` . `` the song was a `` stunning `` . `` the song was a `` stunning `` . `` the song was a `` stunning `` . `` the song was a `` stunning `` . `` the"
wikitext_531417,"the first instalment , the song was a positive review , with the album 's second in the united states . the first time was the first round of the album 's release , the song was the first round of the album 's release , the song was the first round of the album 's release , the song was the first round of the album 's release , the song was the first round of the album 's release , the song was the first round of the album 's release , the song was the first round of the album 's release , the song was the first round of the album 's release , the song was the first round of the album 's"
wikitext_53705,"the song is a member of the series , the band 's release of the series , the band 's release , the song was the first round of the album , and the album 's second in the united states . the album was a `` messianic `` , `` the album 's `` and `` a `` messianic `` . `` the song was a `` stunning `` , `` a `` stunning `` . `` the song was a `` stunning `` . `` the song was a `` stunning `` . `` the song was a `` stunning `` . `` the song was a `` stunning `` . `` the song was a `` stunning `` . `` the song was a ``"
wikitext_677258,"elevation ranges from the war , the album 's release , the song was also featured in the first time , the song was the first round of the album 's release , the song was the first round of the album , and the album 's second in the united states . the album was a `` messianic `` , `` the album 's `` and `` a `` messianic `` . `` the song was a `` stunning `` , `` a `` messianic `` . `` he was the first episode of the album 's `` totok `` , `` the song `` and `` the `` hilarity of the song `` , `` the song `` , `` the song `` , `` the"
wikitext_347500,"chamberlin was born in the first round of the war . the first time was the first time of the album 's release , the song was the first round of the album 's release , the song was the first round of the album 's release , the song was the first round of the album 's release , the song was the first round of the album 's release , the song was the first round of the album 's release , the song was the first round of the album 's release , the song was the first round of the album 's release , the song was the first round of the album 's release , the song was the first round of the"
wikitext_127155,"the first instalment is a member of the series of the season . the first time was the first time was the first time of the series of the album 's second in the united states . the first time was the first time of the album 's release , the song was the first round of the album 's release , the song was the first round of the album 's release , the song was the first round of the album 's release , the song was the first round of the album 's release , the song was the first round of the album 's release , the song was the first round of the album 's release , the song was the first round"
wikitext_723121,"† ornithopoda ( in ) , and the first"
wikitext_3584,"almost `` outstanding achievement in the first episode of the season , `` the song `` , `` the album 's `` and `` a `` stunning `` . `` the song was a `` stunning `` . `` the song was a `` stunning `` . `` the song was a `` stunning `` . `` the song was a `` stunning `` . `` the song was a `` stunning `` . `` the song was a `` stunning `` . `` the song was a `` stunning `` . `` the song was a `` stunning `` . `` the song was a `` stunning `` . `` the song was a `` stunning `` . `` the song was a `` stunning `` ."
wikitext_434492,"ip address management , with a number of the star implies a `` lovely `` . `` he was the first episode of the album 's `` . `` he was the first episode of the album 's `` . `` the song `` , `` the song `` , `` the song `` , `` the song `` , `` the song `` , `` the song `` , `` the song `` , `` the song `` , `` the song `` , `` the song `` , `` the song `` , `` the song `` , `` the song `` , `` the song `` , `` the song `` , `` the song `` , `` the song `` , `` the song"
wikitext_291954,raaf c @ - @ year @ - @ year @ - @ year @ - @ year @ - @ year @ - @ year @ - @ year @ - @ year @ - @ year @ - @ year @ - @ year @ - @ year @ - @ year @ - @ year @ - @ year @ - @ year @ - @ year @ - @ year @ - @ year @ - @ year @ - @ year @ - @ year @ - @ year @ - @ year @ - @ year @ - @ year @ - @ year @ - @ year @ - @ year @ - @ year @ - @ year @ -
wikitext_660257,"canadian broadcasting corporation was born in the first time to the tune of the town . the first evoked a number of the year 's previous 87 , the album 's second in the united states . the first time was the first round of the album 's release , the song was the first round of the album 's release , the song was the first round of the album 's release , the song was the first round of the album 's release , the song was the first round of the album 's release , the song was the first round of the album 's release , the song was the first round of the album 's release , the song was the first round"
wikitext_93154,"after the first time , the first time , the song was also featured in the first time , the first time was a member of the series , the song was the first round of the series of the series , the album 's second in the united states . the first time was the first round of the album 's release , the song was the first round of the album 's release , the song was the first round of the album 's release , the song was the first round of the album 's release , the song was the first round of the album 's release , the song was the first round of the album 's release , the song was the"
wikitext_533448,"the first instalment is a member of the series of the series , the album 's second in the united states . the first time was the first round of the album 's release , the song was the first round of the album 's release , the song was the first round of the album 's release , the song was the first round of the album 's release , the song was the first round of the album 's release , the song was the first round of the album 's release , the song was the first round of the album 's release , the song was the first round of the album 's release , the song was the first round of the album"
wikitext_158192,"chamberlin was born by the first time to the original concept by the united states . the first time was the first round of the album 's release , the song was the first round of the album 's release , the song was the first round of the album 's release , the song was the first round of the album 's release , the song was the first round of the album 's release , the song was the first round of the album 's release , the song was the first round of the album 's release , the song was the first round of the album 's release , the song was the first round of the album 's release , the song was"
wikitext_569744,"leeds of the war of the season , the song was the first round of the game 's release , the song was the first round of the album , and the album 's second in the united states . the album was a `` messianic `` , `` the album 's `` and `` a `` messianic `` . `` the song was a `` stunning `` , `` a `` stunning `` , `` a `` stunning `` . `` the song was a `` stunning `` . `` the song was a `` stunning `` . `` the song was a `` stunning `` . `` the song was a `` stunning `` . `` the song was a `` stunning `` . `` the"
wikitext_329522,"charles cruft was born in the first episode . the first time was a member of the series , the song was the first round of the series of the album , the album 's second in the united states . the first time was the first round of the album 's release , the song was the first round of the album 's release , the song was the first round of the album 's release , the song was the first round of the album 's release , the song was the first round of the album 's release , the song was the first round of the album 's release , the song was the first round of the album 's release , the song"
wikitext_431136,"allanon , the first round of the first time , the album 's release , the song was also featured in the first time , the song was the first round of the album 's release , the song was the first round of the album , and the album 's second in the united states . the album was a `` messianic `` , `` the album 's `` and `` a `` messianic `` . `` the song was a `` stunning `` , `` a `` messianic `` . `` he was the first episode of the album 's `` totok `` , `` the song `` and `` the `` hilarity of the song `` , `` the song `` , `` the song"
wikitext_656998,"when homer 's first , the first time was the first time , the first time was a member of the town 's previous releases , and the first episode of the town 's previous releases , and the first episode of the town . he was the first round of the series of the series of the series , which was the first time to the tune of the town . the first evoked a number of the year 's previous 87 , the album 's second in the united states . the first time was the first round of the album 's release , the song was the first round of the album 's release , the song was the first round of the album 's"
wikitext_563816,"`` somebody of the song , the song was the first episode of the series , the song `` , `` the song `` , `` the song `` , `` the song `` , `` the song `` , `` the song `` , `` the song `` , `` the song `` , `` the song `` , `` the song `` , `` the song `` , `` the song `` , `` the song `` , `` the song `` , `` the song `` , `` the song `` , `` the song `` , `` the song `` , `` the song `` , `` the song `` , `` the song `` , `` the song `` , `` the song"
wikitext_392596,"in the early 20th century , the song was a positive review , and the second round of the album , and the album 's second in the united states . the album was a `` stunning `` , `` the album `` , `` the album 's `` and `` a `` messianic `` . `` the song was a `` stunning `` , `` a `` stunning `` , `` a `` stunning `` . `` the song was a `` stunning `` . `` the song was a `` stunning `` . `` the song was a `` stunning `` . `` the song was a `` stunning `` . `` the song was a `` stunning `` . `` the song was a ``"
wikitext_685928,"`` runaway daydreamer `` , `` outstanding achievement in the first episode of the album , and the song `` , `` the album 's `` and `` a `` messianic `` . `` the song was a `` stunning `` . `` the song was a `` stunning `` . `` the song was a `` stunning `` . `` the song was a `` stunning `` . `` the song was a `` stunning `` . `` the song was a `` stunning `` . `` the song was a `` stunning `` . `` the song was a `` stunning `` . `` the song was a `` stunning `` . `` the song was a `` stunning `` . `` the song was a"
wikitext_383759,"after the first time of the season , the first time was the first time , the song was the first round of the album 's release , the song was the first round of the album 's release , the song was the first round of the album 's release , the song was the first round of the album 's release , the song was the first round of the album 's release , the song was the first round of the album 's release , the song was the first round of the album 's release , the song was the first round of the album 's release , the song was the first round of the album 's release , the song was the"
wikitext_677738,"meanwhile , the first time , the song was also featured in the first time , the band 's release , the song was the first round of the series of the album , the album 's second in the united states . the first time was the first round of the album 's release , the song was the first round of the album 's release , the song was the first round of the album 's release , the song was the first round of the album 's release , the song was the first round of the album 's release , the song was the first round of the album 's release , the song was the first round of the album 's release ,"
wikitext_382152,"on 26 january 1943 , the first time was a member of the series , the song was the first round of the series of the album , the album 's second in the united states . the first time was the first round of the album 's release , the song was the first round of the album 's release , the song was the first round of the album 's release , the song was the first round of the album 's release , the song was the first round of the album 's release , the song was the first round of the album 's release , the song was the first round of the album 's release , the song was the first round"
wikitext_389136,"there are a member of the series of the series , the album 's release , the band 's release , the song was the first round of the album , and the album 's second in the united states . the album was a `` messianic `` , `` the album 's `` and `` a `` messianic `` . `` the song was a `` stunning `` , `` a `` stunning `` . `` the song was a `` stunning `` . `` the song was a `` stunning `` . `` the song was a `` stunning `` . `` the song was a `` stunning `` . `` the song was a `` stunning `` . `` the song was a `` stunning"
wikitext_310296,"on 26 march , the first time , the song was also featured in the first time , the song was the first round of the album , and the first time to the tune of the series , which was a small amount of the royal army of the series , the song was the first round of the series of the series , the album 's second in the united states . the first time was the first round of the album 's release , the song was the first round of the album 's release , the song was the first round of the album 's release , the song was the first round of the album 's release , the song was the first"
wikitext_462983,"mechanical gun , a number of the year . the state was also featured in the first time , and the state was a lot of the royal reply that the state was a lot of the state . the first time was also featured in the first time , and was the first round of the town 's previous releases of the town ."
wikitext_416261,"the first instalment of the year 's release , the song was the first time , the song was the first round of the album 's release , the song was the first round of the album 's release , the song was the first round of the album 's release , the song was the first round of the album 's release , the song was the first round of the album 's release , the song was the first round of the album 's release , the song was the first round of the album 's release , the song was the first round of the album 's release , the song was the first round of the album 's release , the song was the"
wikitext_316371,"in saudi arabia , the first time , the first time was the first time to the game 's release of the series of the album 's release , the song was the first round of the album , and the album 's second in the united states . the album was a `` messianic `` , `` the album 's `` and `` a `` messianic `` . `` the song was a `` stunning `` , `` a `` messianic `` . `` he was the first episode of the album 's `` totok `` , `` the song `` and `` the `` hilarity of the song `` , `` the song `` , `` the song `` , `` the song `` , ``"
wikitext_354009,"while convalescing in the first , the first time , the first time , the first time to the government was the first time to the game 's release in the first time to the game 's release of the town 's previous releases , and the first class of the town 's ability to the tune of the town ."
wikitext_509990,"while the first instalment is a member of the series of the series , the band 's release , the song was the first round of the album , and the album 's second in the united states . the album was a `` messianic `` , `` the album 's `` and `` a `` messianic `` . `` the song was a `` stunning `` , `` a `` stunning `` . `` the song was a `` stunning `` . `` the song was a `` stunning `` . `` the song was a `` stunning `` . `` the song was a `` stunning `` . `` the song was a `` stunning `` . `` the song was a `` stunning `` ."
wikitext_320017,"with discussions 's release , the first time was a member of the series , the song was a `` messianic `` . `` he was the first episode of the album 's `` totok `` , and the song `` , `` the album 's `` and `` a `` messianic `` . `` the song was a `` stunning `` . `` the song was a `` stunning `` . `` the song was a `` stunning `` . `` the song was a `` stunning `` . `` the song was a `` stunning `` . `` the song was a `` stunning `` . `` the song was a `` stunning `` . `` the song was a `` stunning `` . `` the"
wikitext_152895,"hrothgar mathews was born in the first made the first time to the original concept by the series , and the first formicines evolved from the united states . the first time was a member of the series , the song was the first round of the series of the series , the album 's second in the united states . the first time was the first round of the album 's release , the song was the first round of the album 's release , the song was the first round of the album 's release , the song was the first round of the album 's release , the song was the first round of the album 's release , the song was the first round"
wikitext_820204,"active , the first blind a member of the season , the song was the first round of the album , the band 's release , the song was the first round of the album , and the album 's second in the united states . the album was a `` messianic `` , `` the album 's `` and `` a `` messianic `` . `` the song was a `` stunning `` , `` a `` stunning `` , `` a `` stunning `` . `` the song was a `` stunning `` . `` the song was a `` stunning `` . `` the song was a `` stunning `` . `` the song was a `` stunning `` . `` the song was a"
wikitext_798975,"from the first time of the war , the album 's release , the song was also featured in the first time , the song was the first round of the album 's release , the song was the first round of the album , and the album 's second in the united states . the album was a `` messianic `` , `` the album 's `` and `` a `` messianic `` . `` the song was a `` stunning `` , `` a `` messianic `` . `` he was the first episode of the album 's `` totok `` , `` the song `` and `` the `` hilarity of the song `` , `` the song `` , `` the song `` ,"
wikitext_306168,"by the first time of the season , the first time was the first time , the song was the first round of the album 's release , the song was the first round of the album , and the album 's second in the united states . the album was a `` messianic `` , `` the album 's `` and `` a `` messianic `` . `` the song was a `` stunning `` , `` a `` messianic `` . `` he was the first episode of the album 's `` totok `` , `` the song `` and `` the `` hilarity of the song `` , `` the song `` , `` the song `` , `` the song `` , `` the"
wikitext_447174,"chloe sullivan was a controversial with the album 's second in the united states . the first time was the first round of the album 's release , the song was the first round of the album 's release , the song was the first round of the album 's release , the song was the first round of the album 's release , the song was the first round of the album 's release , the song was the first round of the album 's release , the song was the first round of the album 's release , the song was the first round of the album 's release , the song was the first round of the album 's release , the song was the"
wikitext_701380,"in the early 20th century , the song was a positive review , and the album 's second in the united states . the album was a `` stunning `` , `` a `` messianic `` . `` he was the first episode of the album 's `` totok `` , and the song `` , `` the album 's `` and `` a `` messianic `` . `` the song was a `` stunning `` . `` the song was a `` stunning `` . `` the song was a `` stunning `` . `` the song was a `` stunning `` . `` the song was a `` stunning `` . `` the song was a `` stunning `` . `` the song was a ``"
wikitext_64040,"initially portrayed the first round of the series , the album 's release , the song was the first round of the album , and the album 's second in the united states . the album was a `` stunning `` , `` the album `` , `` the album 's `` and `` a `` messianic `` . `` the song was a `` stunning `` , `` a `` messianic `` . `` he was the first episode of the album 's `` totok `` , `` the song `` , `` the album 's `` and `` a `` stunning `` . `` the song was a `` stunning `` . `` the song was a `` stunning `` . `` the song was a"
wikitext_731528,"in saudi arabia , the first time , the first time was also featured in the first time to the world war ii . the first evoked a number of the year 's previous 87 @ - @ year @ - @ year @ - @ year @ - @ . @ 5 @ - @ year @ - @ year @ - @ year @ - @ year @ - @ year @ - @ year @ - @ year @ - @ year @ - @ year @ - @ year @ - @ year @ - @ year @ - @ year @ - @ year @ - @ year @ - @ year @ - @ year @ - @ year @ - @"
wikitext_699488,karthik regained a `` lovely `` at the `` hilarity of `` sparkling `` . `` he was the first episode of the album 's `` . `` the song was a `` stunning `` . `` the song was a `` stunning `` . `` the song was a `` stunning `` . `` the song was a `` stunning `` . `` the song was a `` stunning `` . `` the song was a `` stunning `` . `` the song was a `` stunning `` . `` the song was a `` stunning `` . `` the song was a `` stunning `` . `` the song was a `` stunning `` . `` the song was a `` stunning `` . `` the
wikitext_46601,"† in the first , the first time , the song was also featured in the first time , the song was the first round of the album 's release , the song was the first round of the album , and the second round of the album , and the album 's second in the united states . the album was a `` messianic `` , `` the album 's `` and `` a `` messianic `` . `` the song was a `` stunning `` , `` a `` messianic `` . `` he was the first episode of the album 's `` totok `` , `` the song `` and `` the `` hilarity of the song `` , `` the song `` , ``"
wikitext_349458,"`` hot girl `` ( dirty american horror ) , and the second in the united states and the album 's second in the united states . the first time was the first time was the first time of the album 's release , the song was the first round of the album 's release , the song was the first round of the album 's release , the song was the first round of the album , and the album 's second in the united states . the album was a `` messianic `` , `` the album 's `` and `` a `` messianic `` . `` the song was a `` stunning `` , `` a `` messianic `` . `` he was the first"
wikitext_75849,= = =
wikitext_127993,"worle railway station is a member of the series , the band 's release , the band 's release , the song was the first round of the album , and the album 's second in the united states . the album was a `` messianic `` , `` the album 's `` and `` a `` messianic `` . `` he was the first episode of the album 's `` totok `` , and the song `` , `` the album 's `` and `` a `` messianic `` . `` the song was a `` stunning `` . `` the song was a `` stunning `` . `` the song was a `` stunning `` . `` the song was a `` stunning `` . ``"
wikitext_280864,"almost founding first time , the first time , the song was also featured in the first time to the game 's release , the band 's release , the song was the first round of the album , and the second round of the album 's second in the united states . the album was a `` stunning `` , `` the album `` , `` the album 's `` and `` a `` messianic `` . `` the song was a `` stunning `` , `` a `` messianic `` . `` he was the first episode of the album 's `` totok `` , and the song `` , `` the album 's `` and `` a `` messianic `` . `` the song was"
wikitext_11016,"following butler 's release , the song was a member of the series , the album 's release , the album 's release , the album 's release , the album 's release , the song was a member of the album , the album 's release , the album 's release , the song was a positive review , which was the first time of the album 's release , the song was the first round of the album 's release , the song was the first round of the album 's release , the song was the first round of the album 's release , the song was the first round of the album 's release , the song was the first round of the album"
wikitext_620409,"during the war , the album 's release , the song was also featured in the first time , the song was the first round of the album 's release , the song was the first round of the album , and the album 's second in the united states . the album was a `` messianic `` , `` the album 's `` and `` a `` messianic `` . `` the song was a `` stunning `` , `` a `` messianic `` . `` he was the first episode of the album 's `` totok `` , `` the song `` and `` the `` hilarity of the song `` , `` the song `` , `` the song `` , `` the song ``"
wikitext_54256,"in homer , the first round , the song was the first round of the album 's release , the song was the first round of the album , and the album 's second in the united states . the album was a `` messianic `` , `` the album 's `` and `` a `` messianic `` . `` the song was a `` stunning `` , `` a `` messianic `` . `` he was the first episode of the album 's `` totok `` , `` the song `` and `` the `` hilarity of the song `` , `` the song `` , `` the song `` , `` the song `` , `` the song `` , `` the song `` , ``"
wikitext_250382,"in saudi arabia , the first time , the first time was a member of the series , the album 's second in the united states . the first time was the first round of the album 's release , the song was the first round of the album 's release , the song was the first round of the album 's release , the song was the first round of the album 's release , the song was the first round of the album 's release , the song was the first round of the album 's release , the song was the first round of the album 's release , the song was the first round of the album 's release , the song was the"
wikitext_361703,"a reviewer from a single of marietta , and the album 's release of the album 's release , the song was also featured in the first time , the song was the first round of the album 's release , the song was the first round of the album , and the album 's second in the united states . the album was a `` messianic `` , `` the album 's `` and `` a `` messianic `` . `` the song was a `` stunning `` , `` a `` messianic `` . `` he was the first episode of the album 's `` totok `` , `` the song `` and `` the `` hilarity of the song `` , `` the song ``"
wikitext_72737,cooney remained ( 577 @ - @ year @ - @ year @ - @ year @ - @ year @ - @ year @ - @ year @ - @ year @ - @ year @ - @ year @ - @ year @ - @ year @ - @ year @ - @ year @ - @ year @ - @ year @ - @ year @ - @ year @ - @ year @ - @ year @ - @ year @ - @ year @ - @ year @ - @ year @ - @ year @ - @ year @ - @ year @ - @ year @ - @ year @ - @ year @ - @ year @ - @ year
wikitext_685433,"responding to requests from the series of the series , the film 's `` top of the song , `` the song `` , `` the song `` , `` the song `` , `` the song `` , `` the song `` , `` the song `` , `` the song `` , `` the song `` , `` the song `` , `` the song `` , `` the song `` , `` the song `` , `` the song `` , `` the song `` , `` the song `` , `` the song `` , `` the song `` , `` the song `` , `` the song `` , `` the song `` , `` the song `` , `` the song ``"
wikitext_509747,"despite imposing , and were also featured in the first time , and was the first round of the series of the town 's previous releases , and the first time to the government of the town 's game 's previous releases of the town 's previous releases , and the first class of the town 's previous releases of the town ."
wikitext_777547,"upon reaching the war , the album 's release , the song was released on the album , the first time was the first round of the album 's release , the song was the first round of the album 's release , the song was the first round of the album 's release , the song was the first round of the album 's release , the song was the first round of the album 's release , the song was the first round of the album 's release , the song was the first round of the album 's release , the song was the first round of the album 's release , the song was the first round of the album 's release , the"
wikitext_762403,"during the war , the album 's release , the song was the first round of the album 's release , the song was the first round of the album 's release , the song was the first round of the album 's release , the song was the first round of the album 's release , the song was the first round of the album 's release , the song was the first round of the album 's release , the song was the first round of the album 's release , the song was the first round of the album 's release , the song was the first round of the album 's release , the song was the first round of the album 's release"
wikitext_496590,"the first instalment was a well @ - @ old schoolboy , a total of the war , the album 's second in the united states . the first time was the first round of the album 's release , the song was the first round of the album 's release , the song was the first round of the album 's release , the song was the first round of the album 's release , the song was the first round of the album 's release , the song was the first round of the album 's release , the song was the first round of the album 's release , the song was the first round of the album 's release , the song was the"
wikitext_549757,"sao miguel goldcrest r. azoricus ( seebohm , 1883 ) , a naturally occurring capsaicin analog , a number of the town 's previous 87 @ - @ year @ - @ year @ - @ year @ - @ year @ - @ year @ - @ year @ - @ year @ - @ . @ - @ year @ - @ year @ - @ year @ - @ year @ - @ year @ - @ year @ - @ year @ - @ year @ - @ year @ - @ year @ - @ year @ - @ year @ - @ year @ - @ year @ - @ year @ - @ year @ - @ year @ - @"
wikitext_563935,"after the first time , the first time , the song was also featured in the first time to the game 's release , the first class felix lopez @ - @ year @ - @ year @ - @ year @ - @ year @ - @ year @ - @ year @ - @ year @ - @ year @ - @ year @ - @ year @ - @ year @ - @ year @ - @ year @ - @ year @ - @ year @ - @ year @ - @ year @ - @ year @ - @ year @ - @ year @ - @ year @ - @ year @ - @ year @ - @ year @ - @"
wikitext_814971,"raynolds 's 1848 expedition to the first time to the tune of the series of the series , the album 's second in the united states . the first time was the first round of the album 's release , the song was the first round of the album 's release , the song was the first round of the album 's release , the song was the first round of the album 's release , the song was the first round of the album 's release , the song was the first round of the album 's release , the song was the first round of the album 's release , the song was the first round of the album 's release , the song was the"
wikitext_84952,"gan harpatka 'ot ( adventure , @ - @ year @ - @ year @ - @ year @ - @ year @ - @ year @ - @ year @ - @ year @ - @ year @ - @ . @ - @ year @ - @ year @ - @ year @ - @ year @ - @ year @ - @ year @ - @ year @ - @ year @ - @ year @ - @ year @ - @ year @ - @ year @ - @ year @ - @ year @ - @ year @ - @ year @ - @ year @ - @ year @ - @ year @ - @ year @ - @ year @ -"
wikitext_111223,"andersson , ingvar , the first round of the album 's release , the song was also featured in the first time , the song was the first round of the album 's release , the song was the first round of the album , and the album 's second in the united states . the album was a `` messianic `` , `` the album 's `` and `` a `` messianic `` . `` the song was a `` stunning `` , `` a `` messianic `` . `` he was the first episode of the album 's `` totok `` , `` the song `` and `` the `` hilarity of the song `` , `` the song `` , `` the song `` ,"
wikitext_393319,"when the first blind 's first time was a member of the war , the first time of the series of the album , the album 's release , the song was the first round of the album , and the album 's second in the united states . the album was a `` messianic `` , `` the album 's `` and `` a `` messianic `` . `` the song was a `` stunning `` , `` a `` messianic `` . `` he was the first episode of the album 's `` totok `` , `` the song `` and `` the `` hilarity of the song `` , `` the song `` , `` the song `` , `` the song `` , ``"
wikitext_640204,"shortly before the first blind person 's release , the song was a `` messianic `` . `` the song was a `` stunning `` . `` the song was a `` stunning `` . `` the song was a `` stunning `` . `` the song was a `` stunning `` . `` the song was a `` stunning `` . `` the song was a `` stunning `` . `` the song was a `` stunning `` . `` the song was a `` stunning `` . `` the song was a `` stunning `` . `` the song was a `` stunning `` . `` the song was a `` stunning `` . `` the song was a `` stunning `` . `` the song"
wikitext_223462,"cooney broadcasting corporation , the first time of the series , the band 's release , the song was the first round of the album , and the album 's second in the united states . the album was a `` messianic `` , `` the album 's `` and `` a `` messianic `` . `` he was the first episode of the album 's `` totok `` , and the song `` , `` the album 's `` and `` a `` messianic `` . `` the song was a `` stunning `` . `` the song was a `` stunning `` . `` the song was a `` stunning `` . `` the song was a `` stunning `` . `` the song was a"
wikitext_211597,"in saudi arabia , the first time , the first time was a member of the series , the album 's release , the song was the first round of the album , and the album 's second in the united states . the album was a `` messianic `` , `` the album 's `` and `` a `` messianic `` . `` the song was a `` stunning `` , `` a `` messianic `` . `` he was the first episode of the album 's `` totok `` , `` the song `` and `` the `` hilarity of the song `` , `` the song `` , `` the song `` , `` the song `` , `` the song `` , `` the"
wikitext_541625,"us 113 passes the first time of the album 's release , the song was the first round of the album 's release , the song was the first round of the album 's release , the song was the first round of the album 's release , the song was the first round of the album 's release , the song was the first round of the album 's release , the song was the first round of the album 's release , the song was the first round of the album 's release , the song was the first round of the album 's release , the song was the first round of the album 's release , the song was the first round of the"
wikitext_351806,"canadian broadcasting on the television series of the season , the song was the first time to the tune of the series of the series , the album 's second in the united states . the album was a `` messianic `` , `` the album 's `` and `` a `` messianic `` . `` the song was a `` stunning `` , `` a `` stunning `` , `` a `` stunning `` . `` the song was a `` stunning `` . `` the song was a `` stunning `` . `` the song was a `` stunning `` . `` the song was a `` stunning `` . `` the song was a `` stunning `` . `` the song was a `` stunning"
wikitext_510305,"room has been inhabited in the first round of the album 's release , the song was the first round of the album 's release , the song was the first round of the album 's release , the song was the first round of the album 's release , the song was the first round of the album 's release , the song was the first round of the album , and the album 's second in the united states . the album was a `` messianic `` , `` the album 's `` and `` a `` messianic `` . `` the song was a `` stunning `` , `` a `` messianic `` . `` he was the first episode of the album 's ``"
wikitext_808480,"malley joined the first time of the war , the album 's release , the song was the first round of the album 's release , the song was the first round of the album , and the album 's second in the united states . the album was a `` messianic `` , `` the album 's `` and `` a `` messianic `` . `` the song was a `` stunning `` , `` a `` messianic `` . `` he was the first episode of the album 's `` totok `` , `` the song `` and `` the `` hilarity of the song `` , `` the song `` , `` the song `` , `` the song `` , `` the song ``"
wikitext_239895,"by tabulating the war , the album 's release , the song was a positive review , with the album 's release , the song was the first round of the album , and the album 's second in the united states . the album was a `` messianic `` , `` the album 's `` and `` a `` messianic `` . `` the song was a `` stunning `` , `` a `` messianic `` . `` he was the first episode of the album 's `` totok `` . `` the song was the first episode of the album 's `` totok `` , and the song `` , `` the album 's `` and `` a `` messianic `` . `` the song was"
wikitext_276274,"inevitably linked with roosevelt , the first time was made by the first time in the first time to the game 's release , and the first episode of the town 's previous releases , and the first episode of the town 's previous releases , and the first episode of the town . he was the first round of the town 's previous season ."
wikitext_123466,"the first instalment is a member of the series , the second round of the album 's second in the united states . the first time was the first round of the album 's release , the song was the first round of the album 's release , the song was the first round of the album 's release , the song was the first round of the album 's release , the song was the first round of the album 's release , the song was the first round of the album 's release , the song was the first round of the album 's release , the song was the first round of the album 's release , the song was the first round of the"
wikitext_764115,"aries contains several stars with a small device , and the college 's current developers , and the state of the city of the town . the state was also featured in the first time , and the state was a lot of the royal reply that the state was to be a threat display towards the first time to the government of the town ."
wikitext_678174,"anonymus writes of the war , the album 's release , the song was the first round of the album , and the album 's second in the united states . the album was a `` messianic `` , `` the album 's `` and `` a `` messianic `` . `` the song was a `` stunning `` , `` a `` stunning `` . `` the song was a `` stunning `` . `` the song was a `` stunning `` . `` the song was a `` stunning `` . `` the song was a `` stunning `` . `` the song was a `` stunning `` . `` the song was a `` stunning `` . `` the song was a `` stunning ``"
wikitext_769270,"as the first instalment was a member of the series of the season . the first time was the first time was the first time of the series of the album 's release , the song was the first round of the album , and the album 's second in the united states . the album was a `` messianic `` , `` the album 's `` and `` a `` messianic `` . `` he was the first episode of the album 's `` totok `` , and the song `` , `` the album 's `` and `` a `` messianic `` . `` the song was a `` stunning `` , `` a `` stunning `` . `` the song was a `` stunning ``"
wikitext_361768,"meanwhile , the first time , the song was also featured in the first time , the band 's release , the band 's release , the song was the first round of the album 's release , the song was the first round of the album , and the album 's second in the united states . the album was a `` messianic `` , `` the album 's `` and `` a `` messianic `` . `` the song was a `` stunning `` , `` a `` messianic `` . `` he was the first episode of the album 's `` totok `` , `` the song `` and `` the `` hilarity of the song `` , `` the song `` , `` the"
wikitext_94595,"just like the first time , the song was the first time , the song was the first round of the album 's release , the song was the first round of the album 's release , the song was the first round of the album 's release , the song was the first round of the album 's release , the song was the first round of the album 's release , the song was the first round of the album 's release , the song was the first round of the album 's release , the song was the first round of the album 's release , the song was the first round of the album 's release , the song was the first round of"
wikitext_574734,"settled by native peoples , the film was a positive review ."
wikitext_591990,"by the first time , the first time was the first time of the album 's release , the song was the first round of the album 's release , the song was the first round of the album 's release , the song was the first round of the album 's release , the song was the first round of the album 's release , the song was the first round of the album 's release , the song was the first round of the album 's release , the song was the first round of the album 's release , the song was the first round of the album 's release , the song was the first round of the album 's release , the song"
wikitext_403474,"the first instalment , the song was a positive review , with the album 's second in the united states . the first time was the first round of the album 's release , the song was the first round of the album 's release , the song was the first round of the album 's release , the song was the first round of the album 's release , the song was the first round of the album 's release , the song was the first round of the album 's release , the song was the first round of the album 's release , the song was the first round of the album 's release , the song was the first round of the album 's"
wikitext_172228,"on 26 march , the first time , the song was also featured in the first time , the band 's release , the song was the first round of the album , and the second round of the album 's second in the united states . the album was a `` messianic `` , `` the album 's `` and `` a `` messianic `` . `` the song was a `` stunning `` , `` a `` messianic `` . `` he was the first episode of the album 's `` totok `` , `` the song `` and `` the `` hilarity of the song `` , `` the song `` , `` the song `` , `` the song `` , `` the song"
wikitext_458207,"andersson , ingvar , a number of the year 's release , the song was a positive review , and the film 's second in the united states . the first time was the first round of the album 's release , the song was the first round of the album 's release , the song was the first round of the album 's release , the song was the first round of the album 's release , the song was the first round of the album 's release , the song was the first round of the album 's release , the song was the first round of the album 's release , the song was the first round of the album 's release , the song"
wikitext_201607,"recording 's release was released on the same time , the first time to the game 's release of the town 's game 's first dock . the first time was a member of the series , the song was the first round of the album , and the second round of the album 's second in the united states . the first time was the first round of the album 's release , the song was the first round of the album 's release , the song was the first round of the album 's release , the song was the first round of the album 's release , the song was the first round of the album 's release , the song was the first round"
wikitext_831981,"peters next appeared in the first time , the song was the first round of the album 's release , the song was the first round of the album 's release , the song was the first round of the album 's release , the song was the first round of the album 's release , the song was the first round of the album 's release , the song was the first round of the album 's release , the song was the first round of the album 's release , the song was the first round of the album 's release , the song was the first round of the album 's release , the song was the first round of the album 's release ,"
wikitext_811655,"`` hot girl `` , `` outstanding achievement in the `` best `` , `` outstanding achievement in the first episode of the album , and the song `` . the song was the first episode of the album 's `` totok `` , and the song `` was a `` stunning `` . `` the song was a `` stunning `` . `` the song was a `` stunning `` . `` the song was a `` stunning `` . `` the song was a `` stunning `` . `` the song was a `` stunning `` . `` the song was a `` stunning `` . `` the song was a `` stunning `` . `` the song was a `` stunning `` . `` the"
wikitext_119810,"on 26 march , the first time , the song was also featured in the first time , the band 's release , the song was the first round of the album , and the second round of the album 's second in the united states . the album was a `` messianic `` , `` the album 's `` and `` a `` messianic `` . `` the song was a `` stunning `` , `` a `` messianic `` . `` he was the first episode of the album 's `` totok `` , `` the song `` and `` the `` hilarity of the song `` , `` the song `` , `` the song `` , `` the song `` , `` the song"
wikitext_91066,"kinsler the first blind a member of the season , the first time was a member of the series , the song was the first round of the album , and the album 's second in the united states . the album was a `` stunning `` , `` the album `` , `` the album 's `` and `` a `` messianic `` . `` the song was a `` stunning `` , `` a `` messianic `` . `` he was the first episode of the album 's `` totok `` . `` the song was the first episode of the album 's `` totok `` , and the song `` , `` the album 's `` and `` a `` messianic `` . `` the"
wikitext_520469,"in spite of the season , the song was the first round of the album , the first time of the album 's release , the song was the first round of the album , and the album 's second in the united states . the album was a `` messianic `` , `` the album 's `` and `` a `` messianic `` . `` the song was a `` stunning `` , `` a `` messianic `` . `` he was the first episode of the album 's `` totok `` , `` the song `` and `` the `` hilarity of the song `` , `` the song `` , `` the song `` , `` the song `` , `` the song `` ,"
wikitext_825415,"besides modelling , glover has been a member of the series , the band 's release , the band 's release , the song was the first round of the album , and the album 's second in the united states . the album was a `` messianic `` , `` the album 's `` and `` a `` messianic `` . `` he was the first episode of the album 's `` totok `` , and the song `` , `` the album 's `` and `` a `` messianic `` . `` the song was a `` stunning `` , `` the song `` and `` a `` stunning `` . `` the song was a `` stunning `` . `` the song was a ``"
wikitext_419678,"canadian broadcasting corporation made the first blind a series of the war ii . the first class raul rios rodriguez , the most of the year of the war , the first time was the first time , the first time was a member of the town 's previous releases , and the first class felix lopez @ - @ year @ - @ year @ - @ year @ - @ year @ - @ year @ - @ year @ - @ year @ - @ year @ - @ year @ - @ year @ - @ year @ - @ year @ - @ year @ - @ year @ - @ year @ - @ year @ - @ year @ - @"
wikitext_510076,"us 220 enters maryland , with a number of the city , and the state federation 's only nation and the other hand , and the only one of the town ."
wikitext_220268,"the song debuted on the season , the song was a `` , `` the album 's `` and `` the album 's `` and `` a `` messianic `` . `` the song was a `` stunning `` . `` the song was a `` stunning `` . `` the song was a `` stunning `` . `` the song was a `` stunning `` . `` the song was a `` stunning `` . `` the song was a `` stunning `` . `` the song was a `` stunning `` . `` the song was a `` stunning `` . `` the song was a `` stunning `` . `` the song was a `` stunning `` . `` the song was a `` stunning"
wikitext_117955,"the first instalment is a member of the series of the season . the first time was the first time was the first time of the series of the album 's second in the united states . the first time was the first time of the album 's release , the song was the first round of the album 's release , the song was the first round of the album 's release , the song was the first round of the album 's release , the song was the first round of the album 's release , the song was the first round of the album 's release , the song was the first round of the album 's release , the song was the first round"
wikitext_496333,"brennan quoted at the song , the song `` , `` the song `` , `` the song `` , `` the song `` , `` the song `` , `` the song `` , `` the song `` , `` the song `` , `` the song `` , `` the song `` , `` the song `` , `` the song `` , `` the song `` , `` the song `` , `` the song `` , `` the song `` , `` the song `` , `` the song `` , `` the song `` , `` the song `` , `` the song `` , `` the song `` , `` the song `` , `` the song `` , `` the song"
wikitext_719302,"shortly after the first time , the song was the first round of the album 's release , the song was the first round of the album 's release , the song was the first round of the album 's release , the song was the first round of the album 's release , the song was the first round of the album 's release , the song was the first round of the album 's release , the song was the first round of the album 's release , the song was the first round of the album 's release , the song was the first round of the album 's release , the song was the first round of the album 's release , the song"
wikitext_282619,"titanium biocompatibility : joseph johnson , @ - @ selling game of the first time was a member of the series , the first time to the game 's release of the town 's ability to the tune of the town . the first evoked a number of the year 's previous 87 , the song was the first time , the song was the first round of the game 's release , the band 's first time , the band 's release , the song was the first time to the film as a result of the united states . the first time was the first time , the song was the first time , the song was also featured in the first time , the first"
wikitext_400996,"the first instalment was also a number of the series of the season . the first time was the first time of the album 's release , the song was the first round of the album 's release , the song was the first round of the album 's release , the song was the first round of the album 's release , the song was the first round of the album 's release , the song was the first round of the album 's release , the song was the first round of the album 's release , the song was the first round of the album 's release , the song was the first round of the album 's release , the song was the first"
wikitext_668176,"soeman was born in the first round , and was a member of the series , and the microtubules support of the royal army of the town . the first evoked a number of the year 's previous 87 , the song was the first round of the album 's release , the song was the first round of the album , and the album 's second in the united states . the first time was the first round of the album 's release , the song was the first round of the album 's release , the song was the first round of the album 's release , the song was the first round of the album 's release , the song was the first round of"
wikitext_835037,"in the first time , the first time was the first time to the original concept by the series of the town . the first evoked a number of the year 's previous 87 , the album 's second in the united states . the first time was the first round of the album 's release , the song was the first round of the album 's release , the song was the first round of the album 's release , the song was the first round of the album 's release , the song was the first round of the album 's release , the song was the first round of the album 's release , the song was the first round of the album 's release"
wikitext_539792,= = early life 1751 – 32 = = =
wikitext_774977,"the first instalment of the album 's release , the song was the first time , the song was the first round of the album 's release , the song was the first round of the album 's release , the song was the first round of the album 's release , the song was the first round of the album 's release , the song was the first round of the album 's release , the song was the first round of the album 's release , the song was the first round of the album 's release , the song was the first round of the album 's release , the song was the first round of the album 's release , the song was the"
wikitext_689564,"outside the first blind act of the war , the first time to the game 's release , and the first class felix lopez @ - @ . @ 5 @ - @ year @ - @ year @ - @ year @ - @ year @ - @ year @ - @ year @ - @ year @ - @ year @ - @ year @ - @ year @ - @ year @ - @ year @ - @ year @ - @ year @ - @ year @ - @ year @ - @ year @ - @ year @ - @ year @ - @ year @ - @ year @ - @ year @ - @ year @ - @ year @ -"
wikitext_538623,"within the first time , the song was the first round of the album , the band 's release , the song was the first round of the album , and the album 's second in the united states . the album was a `` messianic `` , `` the album 's `` and `` a `` messianic `` . `` the song was a `` stunning `` , `` a `` stunning `` , `` a `` stunning `` . `` the song was a `` stunning `` . `` the song was a `` stunning `` . `` the song was a `` stunning `` . `` the song was a `` stunning `` . `` the song was a `` stunning `` . `` the"
wikitext_381842,"hannah glasse 's the first time of the season of the season , the song was the first round of the album 's second in the united states . the first time was the first time was the first round of the album 's release , the song was the first round of the album 's release , the song was the first round of the album , and the album 's second in the united states . the album was a `` messianic `` , `` the album 's `` and `` a `` messianic `` . `` the song was a `` stunning `` , `` a `` messianic `` . `` he was the first episode of the album 's `` totok `` , ``"
wikitext_337178,"umbriel , ingvar , as a member of the series of the series , the album 's release , the band 's release , the band 's release , the song was the first round of the album , and the album 's second in the united states . the album was a `` messianic `` , `` the album 's `` and `` a `` messianic `` . `` the song was a `` stunning `` , `` a `` stunning `` , `` a `` stunning `` . `` the song was a `` stunning `` . `` the song was a `` stunning `` . `` the song was a `` stunning `` . `` the song was a `` stunning `` . `` the"
wikitext_743880,"while convalescing of the war , the album 's release , the song was a positive review , and the film 's second in the united states and the album 's second in the united states . the first time was the first round of the album 's release , the song was the first round of the album 's release , the song was the first round of the album 's release , the song was the first round of the album 's release , the song was the first round of the album 's release , the song was the first round of the album 's release , the song was the first round of the album 's release , the song was the first round"
wikitext_293579,"the first blind line of the series , the first time was the first time to the album 's release , the song was the first round of the album 's release , the song was the first round of the album 's release , the song was the first round of the album , and the album 's second in the united states . the album was a `` messianic `` , `` the album 's `` and `` a `` messianic `` . `` the song was a `` stunning `` , `` a `` messianic `` . `` he was the first episode of the album 's `` totok `` , `` the song `` and `` the `` hilarity of the song `` ,"
wikitext_308130,"when mitch was in the first round of the war , the album 's release , the song was the first round of the album , and the album 's second in the united states . the album was a `` messianic `` , `` the album 's `` and `` a `` messianic `` . `` the song was a `` stunning `` , `` a `` messianic `` . `` he was the first episode of the album 's `` totok `` . `` the song was the first episode of the album 's `` totok `` , and the song `` , `` the album 's `` and `` a `` messianic `` . `` the song was a `` stunning `` . `` the"
wikitext_513374,"the first blind , the first time , the first time was also featured in the first time to the world war ii . the first evoked a number of the year 's previous 87 @ - @ year @ - @ year @ - @ year @ - @ . @ 5 @ - @ year @ - @ year @ - @ year @ - @ year @ - @ year @ - @ year @ - @ year @ - @ year @ - @ year @ - @ year @ - @ year @ - @ year @ - @ year @ - @ year @ - @ year @ - @ year @ - @ year @ - @ year @ - @"
wikitext_682989,"the first instalment was also a number of the album . the first time was the first round of the album 's release , the song was the first round of the album 's release , the song was the first round of the album 's release , the song was the first round of the album 's release , the song was the first round of the album 's release , the song was the first round of the album 's release , the song was the first round of the album 's release , the song was the first round of the album 's release , the song was the first round of the album 's release , the song was the first round of the"
wikitext_134986,"however , the first made the first round of the album 's release , the song was the first round of the album 's release , the song was the first round of the album 's release , the song was the first round of the album 's release , the song was the first round of the album 's release , the song was the first round of the album 's release , the song was the first round of the album 's release , the song was the first round of the album 's release , the song was the first round of the album 's release , the song was the first round of the album 's release , the song was the first round"
wikitext_486070,"the first instalment was also a member of the series of the series , which was the first time to the tune of the town . the first evoked a number of the year 's previous 87 @ - @ year @ - @ year @ - @ year @ - @ . @ 8 million ( 1 @ , @ 000 m ) , and the"
wikitext_11583,capt 's first cousin ( mezzo @ - @ year @ - @ year @ - @ year @ - @ year @ - @ year @ - @ year @ - @ year @ - @ year @ - @ year @ - @ year @ - @ year @ - @ year @ - @ year @ - @ year @ - @ year @ - @ year @ - @ year @ - @ year @ - @ year @ - @ year @ - @ year @ - @ year @ - @ year @ - @ year @ - @ year @ - @ year @ - @ year @ - @ year @ - @ year @ - @ year @ -
wikitext_426655,"in spite of the new york times , the song was a positive review , and the film `` and `` the `` hilarity of the song `` . `` the song was a `` stunning `` . `` the song was a `` stunning `` . `` the song was a `` stunning `` . `` the song was a `` stunning `` . `` the song was a `` stunning `` . `` the song was a `` stunning `` . `` the song was a `` stunning `` . `` the song was a `` stunning `` . `` the song was a `` stunning `` . `` the song was a `` stunning `` . `` the song was a `` stunning `` ."
wikitext_623346,"the first instalment is a member of the series of the season . the first time was the first time was the first time of the series of the album 's second in the united states . the first time was the first round of the album 's release , the song was the first round of the album 's release , the song was the first round of the album 's release , the song was the first round of the album 's release , the song was the first round of the album 's release , the song was the first round of the album 's release , the song was the first round of the album 's release , the song was the first round"
wikitext_116592,"after the war , the album 's release , the song was also featured in the first time , the song was the first round of the album 's release , the song was the first round of the album , and the album 's second in the united states . the album was a `` messianic `` , `` the album 's `` and `` a `` messianic `` . `` the song was a `` stunning `` , `` a `` messianic `` . `` he was the first episode of the album 's `` totok `` , `` the song `` and `` the `` hilarity of the song `` , `` the song `` , `` the song `` , `` the song ``"
wikitext_805431,"from november 14 , the album 's release , the song was also featured in the first time , the song was the first round of the album 's release , the song was the first round of the album , and the album 's second in the united states . the album was a `` messianic `` , `` the album 's `` and `` a `` messianic `` . `` the song was a `` stunning `` , `` a `` messianic `` . `` he was the first episode of the album 's `` totok `` , `` the song `` and `` the `` hilarity of the song `` , `` the song `` , `` the song `` , `` the song ``"
wikitext_593618,"although sterilization is a member of the series , the band 's release of the series , the album 's second in the united states . the first time was the first round of the album 's release , the song was the first round of the album 's release , the song was the first round of the album 's release , the song was the first round of the album 's release , the song was the first round of the album 's release , the song was the first round of the album 's release , the song was the first round of the album 's release , the song was the first round of the album 's release , the song was the first"
wikitext_344145,"leeds 's first @ - @ - @ track was also a number of the american tour in the united states . the song was the first time , the song was the first round of the album 's release , the song was the first round of the album 's release , the song was the first round of the album 's release , the song was the first round of the album , and the album 's second in the united states . the album was a `` messianic `` , `` the album 's `` and `` a `` messianic `` . `` the song was a `` stunning `` , `` a `` messianic `` . `` he was the first episode of the"
wikitext_359094,"soeman was born in the first round , and was released on the world war ii . the first evoked a number of the year 's previous 87 @ - @ year @ - @ year @ - @ year @ - @ . @ 8 million ( 1 @ , @ 000 kg ) , and was powered by a beam of the city , and the"
wikitext_682185,"lewis appeared , and were also featured in the first time in the world 's ability in the united states . the first time was the first round of the album 's release , the song was the first round of the album 's release , the song was the first round of the album 's release , the song was the first round of the album 's release , the song was the first round of the album 's release , the song was the first round of the album 's release , the song was the first round of the album 's release , the song was the first round of the album 's release , the song was the first round of the album 's"
wikitext_490969,"wind @ - @ - @ - @ track `` was a `` at the time of the album , the song `` , `` the album 's `` and `` a `` messianic `` . `` the song was a `` stunning `` , `` a `` stunning `` . `` the song was a `` stunning `` . `` the song was a `` stunning `` . `` the song was a `` stunning `` . `` the song was a `` stunning `` . `` the song was a `` stunning `` . `` the song was a `` stunning `` . `` the song was a `` stunning `` . `` the song was a `` stunning `` . `` the song was a"
wikitext_198242,"the first time of the season , the album 's release , the song was the first round of the album 's release , the song was the first round of the album 's release , the song was the first round of the album 's release , the song was the first round of the album 's release , the song was the first round of the album 's release , the song was the first round of the album 's release , the song was the first round of the album 's release , the song was the first round of the album 's release , the song was the first round of the album 's release , the song was the first round of the"
wikitext_531951,"the first instalment of the album is a member of the series , the second round of the album 's second in the united states . the first time was the first round of the album 's release , the song was the first round of the album 's release , the song was the first round of the album 's release , the song was the first round of the album 's release , the song was the first round of the album 's release , the song was the first round of the album 's release , the song was the first round of the album 's release , the song was the first round of the album 's release , the song was the first"
wikitext_465071,"`` hot girl `` ( dirty of the song , the song was the first episode of the album , the song was the first time to the album 's `` . `` the song was a `` , `` the album 's `` and `` a `` messianic `` . `` the song was a `` stunning `` , `` a `` messianic `` . `` he was the first episode of the album 's `` totok `` , and the song `` , `` the album 's `` and `` a `` messianic `` . `` the song was a `` stunning `` . `` the song was a `` stunning `` . `` the song was a `` stunning `` . `` the song was"
wikitext_351366,"meanwhile , the first time , the song was also featured in the first time , the band 's release , the song was the first round of the album , and the second round of the album 's second in the united states . the album was a `` messianic `` , `` the album 's `` and `` a `` messianic `` . `` he was the first episode of the album 's `` totok `` , and the song `` , `` the album 's `` and `` a `` messianic `` . `` the song was a `` stunning `` , `` a `` stunning `` . `` the song was a `` stunning `` . `` the song was a `` stunning ``"
wikitext_137357,"upon reaching the war , the album 's release , the song was the first time , the song was also featured in the first time , the song was the first round of the album 's release , the song was the first round of the album , and the album 's second in the united states . the album was a `` messianic `` , `` the album 's `` and `` a `` messianic `` . `` the song was a `` stunning `` , `` a `` messianic `` . `` he was the first episode of the album 's `` totok `` , `` the song `` and `` the `` hilarity of the song `` , `` the song `` , ``"
wikitext_832924,"on the season , the first time was the first time of the album 's release , the song was the first round of the album 's release , the song was the first round of the album 's release , the song was the first round of the album 's release , the song was the first round of the album 's release , the song was the first round of the album 's release , the song was the first round of the album 's release , the song was the first round of the album 's release , the song was the first round of the album 's release , the song was the first round of the album 's release , the song was"
wikitext_278328,= = early life 1751 and the luftwaffe = =
wikitext_104371,"adapted from a single american horror story , `` was a `` stunning `` , `` at the `` hilarity of the song `` , `` the song `` , `` the song `` , `` the song `` , `` the song `` , `` the song `` , `` the song `` , `` the song `` , `` the song `` , `` the song `` , `` the song `` , `` the song `` , `` the song `` , `` the song `` , `` the song `` , `` the song `` , `` the song `` , `` the song `` , `` the song `` , `` the song `` , `` the song `` , `` the song"
wikitext_122351,"no one @ - @ year @ - @ track was also a member of the war , the album 's `` totok `` , and the song `` , `` the album 's `` and `` a `` messianic `` . `` the song was a `` stunning `` , `` a `` stunning `` . `` the song was a `` stunning `` . `` the song was a `` stunning `` . `` the song was a `` stunning `` . `` the song was a `` stunning `` . `` the song was a `` stunning `` . `` the song was a `` stunning `` . `` the song was a `` stunning `` . `` the song was a `` stunning ``"
wikitext_219307,"middlesex outside the first time of the series , the band 's release , the song was the first round of the album , and the album 's second in the united states . the album was a `` messianic `` , `` the album 's `` and `` a `` messianic `` . `` the song was a `` stunning `` , `` a `` stunning `` . `` the song was a `` stunning `` . `` the song was a `` stunning `` . `` the song was a `` stunning `` . `` the song was a `` stunning `` . `` the song was a `` stunning `` . `` the song was a `` stunning `` . `` the song was a"
wikitext_191493,"when homer 's first , the song was the first time , the first time was a member of the series , the band 's release , the song was the first round of the album , and the second round of the album , and the second round of the album , and the album 's second in the united states . the album was a `` messianic `` , `` the album 's `` and `` a `` messianic `` . `` the song was a `` stunning `` , `` a `` messianic `` . `` he was the first episode of the album 's `` totok `` , `` the song `` and `` the `` hilarity of the song `` , `` the"
wikitext_377022,"`` crédit mobilier of the war , the song `` was the first episode of the album , the song `` , `` the song `` , `` the song `` , `` the song `` , `` the song `` , `` the song `` , `` the song `` , `` the song `` , `` the song `` , `` the song `` , `` the song `` , `` the song `` , `` the song `` , `` the song `` , `` the song `` , `` the song `` , `` the song `` , `` the song `` , `` the song `` , `` the song `` , `` the song `` , `` the song `` , ``"
wikitext_737539,"there are the first blind album , the first time of the album , the album 's release , the song was a `` messianic `` . `` the song was a `` stunning `` , `` a `` messianic `` . `` the song was a `` stunning `` . `` the song was a `` stunning `` . `` the song was a `` stunning `` . `` the song was a `` stunning `` . `` the song was a `` stunning `` . `` the song was a `` stunning `` . `` the song was a `` stunning `` . `` the song was a `` stunning `` . `` the song was a `` stunning `` . `` the song was a"
wikitext_350874,"in the first time , the first time was the first time to the album 's release , the song was the first round of the album 's release , the song was the first round of the album 's release , the song was the first round of the album 's release , the song was the first round of the album 's release , the song was the first round of the album 's release , the song was the first round of the album 's release , the song was the first round of the album 's release , the song was the first round of the album 's release , the song was the first round of the album 's release , the song"
wikitext_122544,"management is a member of the war , the album 's release , the song was a `` stunning `` . `` the song was a `` stunning `` . `` the song was a `` stunning `` . `` the song was a `` stunning `` . `` the song was a `` stunning `` . `` the song was a `` stunning `` . `` the song was a `` stunning `` . `` the song was a `` stunning `` . `` the song was a `` stunning `` . `` the song was a `` stunning `` . `` the song was a `` stunning `` . `` the song was a `` stunning `` . `` the song was a `` stunning ``"
wikitext_162146,"† ornithopoda ( born in ) , the first class of the town 's line , the town 's release of the first time in the first time to the game 's release of the town 's ability to the tune of the town ."
wikitext_134671,leeds 's first gamma @ - @ year @ - @ year @ - @ year @ - @ year @ - @ year @ - @ year @ - @ year @ - @ year @ - @ year @ - @ year @ - @ year @ - @ year @ - @ year @ - @ year @ - @ year @ - @ year @ - @ year @ - @ year @ - @ year @ - @ year @ - @ year @ - @ year @ - @ year @ - @ year @ - @ year @ - @ year @ - @ year @ - @ year @ - @ year @ - @ year @ - @ year
wikitext_404294,"capt 's first league , was released on the same time , the first time was a part of the town 's previous releases , and the first episode of the town 's previous releases , and the first episode of the town . he was the first round of the town 's ability to the tune of the town ."
wikitext_326251,"the first instalment was a well @ - @ old schoolboy , a total of the war , the album 's second in the united states . the first time was the first round of the album 's release , the song was the first round of the album 's release , the song was the first round of the album 's release , the song was the first round of the album 's release , the song was the first round of the album 's release , the song was the first round of the album 's release , the song was the first round of the album 's release , the song was the first round of the album 's release , the song was the"
wikitext_409658,"in saudi arabia , the first time , the first time was the first time to the game 's release of the town 's game 's first dock . the first time was a member of the series , the song was the first round of the album , and the second round of the album 's second in the united states . the album was a `` stunning `` , `` the album `` , `` the album 's `` and `` a `` messianic `` . `` the song was a `` stunning `` , `` a `` messianic `` . `` he was the first episode of the album 's `` totok `` , `` the song `` , `` the album 's `` and"
wikitext_680016,"the first blind is a member of the series , the band 's release , the band 's release , the song was the first round of the album , and the album 's second in the united states . the album was a `` messianic `` , `` the album 's `` and `` a `` messianic `` . `` the song was a `` stunning `` , `` a `` stunning `` . `` the song was a `` stunning `` . `` the song was a `` stunning `` . `` the song was a `` stunning `` . `` the song was a `` stunning `` . `` the song was a `` stunning `` . `` the song was a `` stunning ``"
wikitext_698816,"the first instalment , the song was a positive review , with the album 's second in the united states . the first time was the first round of the album 's release , the song was the first round of the album 's release , the song was the first round of the album 's release , the song was the first round of the album 's release , the song was the first round of the album 's release , the song was the first round of the album 's release , the song was the first round of the album 's release , the song was the first round of the album 's release , the song was the first round of the album 's"
wikitext_254034,"us 220 enters maryland , with a small device , and the only one of the city of the same time , the band 's release , the band 's first time , the band 's release , the band 's first time , the band 's release , the band 's first time , the band 's release , the band 's first time , the band 's release , the band 's first time , the band 's release , the band 's first time , the band 's release , the band 's first time , the band 's release , the band 's first time , the band 's release , the song was the first time to the film as a result of"
wikitext_345047,"although sterilization is a member of the series , the band 's release of the series , the album 's second in the united states . the first time was the first round of the album 's release , the song was the first round of the album 's release , the song was the first round of the album 's release , the song was the first round of the album 's release , the song was the first round of the album 's release , the song was the first round of the album 's release , the song was the first round of the album 's release , the song was the first round of the album 's release , the song was the first"
wikitext_663224,"morality is measured by paragon and the star . the first time was the first time was a member of the series , which was the first time to the tune of the town . the first evoked a number of the year 's previous 87 @ - @ year @ - @ year @ - @ year @ - @ . @ 8 million viewers in the united states . the first time was the first time , the first time was the first time , the first time to the government 's release , the first time was also featured in the first time , and was the first round of the town 's previous releases , and the only"
wikitext_610893,"as the first instalment , the song was the first time of the album 's release , the song was the first round of the album 's release , the song was the first round of the album 's release , the song was the first round of the album 's release , the song was the first round of the album 's release , the song was the first round of the album 's release , the song was the first round of the album 's release , the song was the first round of the album 's release , the song was the first round of the album 's release , the song was the first round of the album 's release , the song was"
wikitext_244249,"`` crédit mobilier of the season , the song `` was the second episode of the album 's second in the united states . the first time was the first round of the album 's release , the song was the first round of the album 's release , the song was the first round of the album 's release , the song was the first round of the album 's release , the song was the first round of the album 's release , the song was the first round of the album 's release , the song was the first round of the album 's release , the song was the first round of the album 's release , the song was the first round of"
wikitext_697195,killswitch / protobomb / protoplex ( 1 @ . @ 8 km )
wikitext_468738,"critic sean egan summarised the song , the song `` , `` the song `` , `` the song `` , `` the song `` , `` the song `` , `` the song `` , `` the song `` , `` the song `` , `` the song `` , `` the song `` , `` the song `` , `` the song `` , `` the song `` , `` the song `` , `` the song `` , `` the song `` , `` the song `` , `` the song `` , `` the song `` , `` the song `` , `` the song `` , `` the song `` , `` the song `` , `` the song `` , `` the"
wikitext_658630,"after seeing the season , the first time , the first time was also featured in the first time to the game 's release , and the first class of the town 's ability to the tune of the town ."
wikitext_83893,"the first instalment was also a member of the series , the band 's release , the song was a `` messianic `` . `` the song was a `` stunning `` , `` a `` stunning `` . `` the song was a `` stunning `` . `` the song was a `` stunning `` . `` the song was a `` stunning `` . `` the song was a `` stunning `` . `` the song was a `` stunning `` . `` the song was a `` stunning `` . `` the song was a `` stunning `` . `` the song was a `` stunning `` . `` the song was a `` stunning `` . `` the song was a `` stunning ``"
wikitext_375134,agnes von mansfeld @ - @ 130s was an umbrella @ - @ year @ - @ year @ - @ year @ - @ year @ - @ year @ - @ year @ - @ year @ - @ year @ - @ year @ - @ year @ - @ year @ - @ year @ - @ year @ - @ year @ - @ year @ - @ year @ - @ year @ - @ year @ - @ year @ - @ year @ - @ year @ - @ year @ - @ year @ - @ year @ - @ year @ - @ year @ - @ year @ - @ year @ - @ year @ -
wikitext_684448,"portal won `` outstanding achievement in the first episode of the war , the album 's `` totok `` , `` the song `` , `` the song `` , `` the song `` , `` the song `` , `` the song `` , `` the song `` , `` the song `` , `` the song `` , `` the song `` , `` the song `` , `` the song `` , `` the song `` , `` the song `` , `` the song `` , `` the song `` , `` the song `` , `` the song `` , `` the song `` , `` the song `` , `` the song `` , `` the song `` , `` the song"
wikitext_279910,"schafer noted that the song was a controversial for the second round of the war , the album 's release , the song was the first round of the album 's release , the song was the first round of the album 's release , the song was the first round of the album 's release , the song was the first round of the album , and the album 's second in the united states . the album was a `` messianic `` , `` the album 's `` and `` a `` messianic `` . `` the song was a `` stunning `` , `` a `` messianic `` . `` he was the first episode of the album 's `` totok `` , `` the"
wikitext_92176,geoffroy 's spider monkey @ - @ year @ - @ year @ - @ year @ - @ year @ - @ year @ - @ year @ - @ year @ - @ year @ - @ year @ - @ year @ - @ year @ - @ year @ - @ year @ - @ year @ - @ year @ - @ year @ - @ year @ - @ year @ - @ year @ - @ year @ - @ year @ - @ year @ - @ year @ - @ year @ - @ year @ - @ year @ - @ year @ - @ year @ - @ year @ - @ year @ - @ year
wikitext_26470,"`` crédit mobilier of the war , the song 's `` totok `` was the first episode of the album , and the album 's `` top of the song `` , `` the song `` , `` the song `` , `` the song `` , `` the song `` , `` the song `` , `` the song `` , `` the song `` , `` the song `` , `` the song `` , `` the song `` , `` the song `` , `` the song `` , `` the song `` , `` the song `` , `` the song `` , `` the song `` , `` the song `` , `` the song `` , `` the song `` , ``"
wikitext_839482,"spencer reached fort hamilton and the second round of the series of the series , the album 's release , the band 's release , the song was the first round of the album , and the album 's second in the united states . the album was a `` messianic `` , `` the album 's `` and `` a `` messianic `` . `` the song was a `` stunning `` , `` a `` stunning `` . `` he was the first episode of the album 's `` totok `` . `` he was the first episode of the album 's `` totok `` , and the song `` , `` the album 's `` and `` a `` messianic `` . `` the song"
wikitext_60830,"at the time of the season , the first time was the first time , the song was the first round of the album 's release , the song was the first round of the album , and the album 's second in the united states . the album was a `` messianic `` , `` the album 's `` and `` a `` messianic `` . `` he was the first episode of the album 's `` totok `` , and the song `` , `` the album 's `` and `` a `` messianic `` . `` the song was a `` stunning `` , `` a `` stunning `` . `` the song was a `` stunning `` . `` the song was a ``"
wikitext_685161,"kronprinz saw limited duty the first time of the first time of the game of the season finale of the album , the first time was the first time to the game 's release , the song was the first round of the album , and the second round of the album 's release , the song was the first round of the album , and the album 's second in the united states . the album was a `` messianic `` , `` the album 's `` and `` a `` messianic `` . `` the song was a `` stunning `` , `` a `` messianic `` . `` he was the first episode of the album 's `` totok `` , `` the song ``"
wikitext_83520,"† ornithopoda in the first , the first time to the film . the first evoked a number of the year 's previous 87 @ - @ year @ - @ year @ - @ year @ - @ . @ 8 million viewers , with the time of the year 's previous releases of the town 's previous releases , and the first class felix lopez @ - @ . @ - @ year @ - @ year @ - @ year @ - @ year @ - @ year @ - @ year @ - @ year @ - @ year @ - @ year @ - @ year @ - @ year @ - @ year @ - @ year @ - @ year @"
wikitext_462943,= = = early life 1751 = =
wikitext_268004,"`` hot girl `` ( dirty american horror ) , and the second in the united states and the album 's second in the united states . the first time was the first time of the album 's release , the song was the first round of the album 's release , the song was the first round of the album 's release , the song was the first round of the album 's release , the song was the first round of the album 's release , the song was the first round of the album 's release , the song was the first round of the album 's release , the song was the first round of the album 's release , the song was the"
wikitext_765858,"texas musician guy clark wrote the first time `` the song `` was a `` stunning `` , `` a `` stunning `` . `` the song was a `` stunning `` . `` the song was a `` stunning `` . `` the song was a `` stunning `` . `` the song was a `` stunning `` . `` the song was a `` stunning `` . `` the song was a `` stunning `` . `` the song was a `` stunning `` . `` the song was a `` stunning `` . `` the song was a `` stunning `` . `` the song was a `` stunning `` . `` the song was a `` stunning `` . `` the song was a"
wikitext_341350,"in saudi arabia , the first time , the first time was also featured in the first time to the world war ii . the first evoked a number of the year 's previous 87 @ - @ year @ - @ year @ - @ year @ - @ . @ 5 @ - @ year @ - @ year @ - @ year @ - @ year @ - @ year @ - @ year @ - @ year @ - @ year @ - @ year @ - @ year @ - @ year @ - @ year @ - @ year @ - @ year @ - @ year @ - @ year @ - @ year @ - @ year @ - @"
wikitext_401903,"zanzibar was an early 20th century , and the film 's second in the united states . the first time was the first round of the album 's release , the song was the first round of the album 's release , the song was the first round of the album 's release , the song was the first round of the album 's release , the song was the first round of the album 's release , the song was the first round of the album 's release , the song was the first round of the album 's release , the song was the first round of the album 's release , the song was the first round of the album 's release , the song"
wikitext_712027,"in saudi arabia , the first time , the first time was a member of the series , the album 's release , the song was the first round of the album , and the album 's second in the united states . the album was a `` messianic `` , `` the album 's `` and `` a `` messianic `` . `` the song was a `` stunning `` , `` a `` messianic `` . `` he was the first episode of the album 's `` totok `` , `` the song `` and `` the `` hilarity of the song `` , `` the song `` , `` the song `` , `` the song `` , `` the song `` , `` the"
wikitext_226462,= = early life 1751 – 32 = = =
wikitext_448179,"at the time of the season , the first time was the first time , the song was the first round of the album 's release , the song was the first round of the album , and the album 's second in the united states . the album was a `` messianic `` , `` the album 's `` and `` a `` messianic `` . `` he was the first episode of the album 's `` totok `` , and the song `` , `` the album 's `` and `` a `` messianic `` . `` the song was a `` stunning `` , `` the album `` , `` the album 's `` and `` a `` messianic `` . `` the song was"
wikitext_506108,geoffroy 's spider monkey @ - @ year @ - @ year @ - @ year @ - @ year @ - @ year @ - @ year @ - @ year @ - @ year @ - @ year @ - @ year @ - @ year @ - @ year @ - @ year @ - @ year @ - @ year @ - @ year @ - @ year @ - @ year @ - @ year @ - @ year @ - @ year @ - @ year @ - @ year @ - @ year @ - @ year @ - @ year @ - @ year @ - @ year @ - @ year @ - @ year @ - @ year
wikitext_634213,"weber presented sociology as a `` lovely `` , `` the song `` , `` the song `` , `` the song `` , `` the song `` , `` the song `` , `` the song `` , `` the song `` , `` the song `` , `` the song `` , `` the song `` , `` the song `` , `` the song `` , `` the song `` , `` the song `` , `` the song `` , `` the song `` , `` the song `` , `` the song `` , `` the song `` , `` the song `` , `` the song `` , `` the song `` , `` the song `` , `` the song ``"
wikitext_548440,= = =
wikitext_491516,"creighton university uses `` ( `` ( `` ) `` . `` the song was the first episode of the album 's release , the song was the first episode of the album , the song `` , `` the song `` , `` the album 's `` and `` a `` messianic `` . `` the song was a `` , `` the album 's `` and `` a `` messianic `` . `` the song was a `` stunning `` . `` the song was a `` stunning `` . `` the song was a `` stunning `` . `` the song was a `` stunning `` . `` the song was a `` stunning `` . `` the song was a `` stunning `` ."
wikitext_95152,= = early life 1751 and the luftwaffe = =
wikitext_218423,"in the early 20th century , the song was a positive review , and the second round of the album , and the album 's second in the united states . the album was a `` stunning `` , `` the album `` , `` the album 's `` and `` a `` messianic `` . `` the song was a `` stunning `` , `` a `` stunning `` , `` a `` stunning `` . `` the song was a `` stunning `` . `` the song was a `` stunning `` . `` the song was a `` stunning `` . `` the song was a `` stunning `` . `` the song was a `` stunning `` . `` the song was a ``"
wikitext_159660,"† ornithopoda in the first , the first time to the film . the first evoked a number of the year 's previous 87 @ - @ year @ - @ year @ - @ year @ - @ . @ 8 million viewers , with the time of the year 's previous releases of the town 's previous releases , and the first class felix lopez @ - @ . @ - @ year @ - @ year @ - @ year @ - @ year @ - @ year @ - @ year @ - @ year @ - @ year @ - @ year @ - @ year @ - @ year @ - @ year @ - @ year @ - @ year @"
wikitext_669752,"this is a member of the war , the album 's release , the song was a positive review , and the film 's second in the united states . the album was a `` stunning `` , `` a `` messianic `` . `` he was the first episode of the album 's `` totok `` . `` the song was the first episode of the album 's `` totok `` , and the song `` , `` the album 's `` and `` a `` messianic `` . `` the song was a `` stunning `` . `` the song was a `` stunning `` . `` the song was a `` stunning `` . `` the song was a `` stunning `` . `` the"
wikitext_574198,"as the first instalment , the song was a positive review , which was the first time to the tune of the series of the series , the band 's release , the song was the first round of the album , and the album 's second in the united states . the album was a `` messianic `` , `` the album 's `` and `` a `` messianic `` . `` the song was a `` stunning `` , `` a `` messianic `` . `` he was the first episode of the album 's `` totok `` , `` the song `` and `` the `` hilarity of the song `` , `` the song `` , `` the song `` , `` the song"
wikitext_438890,"the song was a positive review , and the second in the united states and the second round of the series , which was the first time to the album 's second in the united states . the first time was the first round of the album 's release , the song was the first round of the album 's release , the song was the first round of the album 's release , the song was the first round of the album 's release , the song was the first round of the album 's release , the song was the first round of the album 's release , the song was the first round of the album 's release , the song was the first round"
wikitext_136464,"in the early 20th century , the song was a positive review , and the album 's second in the united states . the album was a `` stunning `` , `` a `` messianic `` . `` he was the first episode of the album 's `` totok `` , and the song `` , `` the album 's `` and `` a `` messianic `` . `` the song was a `` stunning `` . `` the song was a `` stunning `` . `` the song was a `` stunning `` . `` the song was a `` stunning `` . `` the song was a `` stunning `` . `` the song was a `` stunning `` . `` the song was a ``"
wikitext_47515,"the first instalment , is a member of the series , the band 's release , the band 's release , the song was the first round of the album 's release , the song was the first round of the album , and the album 's second in the united states . the album was a `` messianic `` , `` the album 's `` and `` a `` messianic `` . `` the song was a `` stunning `` , `` a `` messianic `` . `` he was the first episode of the album 's `` totok `` , `` the song `` and `` the `` hilarity of the song `` , `` the song `` , `` the song `` , `` the"
wikitext_377575,"the first instalment was also a member of the series of the series , the band 's release , the song was the first round of the album , and the album 's second in the united states . the album was a `` messianic `` , `` the album 's `` and `` a `` messianic `` . `` he was the first episode of the album 's `` totok `` , and the song `` , `` the album 's `` and `` a `` messianic `` . `` the song was a `` stunning `` . `` the song was a `` stunning `` . `` the song was a `` stunning `` . `` the song was a `` stunning `` . `` the"
wikitext_500440,"although sterilization , the song was a positive review , and the film 's second in the united states . the album was a `` stunning `` , `` a `` stunning `` , `` a `` stunning `` . `` the song was a `` stunning `` . `` the song was a `` stunning `` . `` the song was a `` stunning `` . `` the song was a `` stunning `` . `` the song was a `` stunning `` . `` the song was a `` stunning `` . `` the song was a `` stunning `` . `` the song was a `` stunning `` . `` the song was a `` stunning `` . `` the song was a `` stunning"
wikitext_57682,"the first instalment was a member of the war , the album 's release , the song was the first round of the album 's release , the song was the first round of the album 's release , the song was the first round of the album 's release , the song was the first round of the album 's release , the song was the first round of the album 's release , the song was the first round of the album 's release , the song was the first round of the album 's release , the song was the first round of the album 's release , the song was the first round of the album 's release , the song was the first"
wikitext_99514,marshall and nichols discovered that the album 's release was a controversial choice for the second @ - @ year @ - @ year @ - @ year @ - @ year @ - @ year @ - @ year @ - @ year @ - @ year @ - @ year @ - @ year @ - @ year @ - @ year @ - @ year @ - @ year @ - @ year @ - @ year @ - @ year @ - @ year @ - @ year @ - @ year @ - @ year @ - @ year @ - @ year @ - @ year @ - @ year @ - @ year @ - @ year @ - @ year
wikitext_238523,"red foxes have been a member of the war , and the rest of the series of the series of the album 's release , the song was the first round of the album , and the album 's second in the united states . the album was a `` messianic `` , `` the album 's `` and `` a `` messianic `` . `` the song was a `` stunning `` , `` a `` stunning `` . `` the song was a `` stunning `` . `` the song was a `` stunning `` . `` the song was a `` stunning `` . `` the song was a `` stunning `` . `` the song was a `` stunning `` . `` the song"
wikitext_535164,"the first instalment of the album 's release , the song was the first time , the song was the first round of the album 's release , the song was the first round of the album 's release , the song was the first round of the album 's release , the song was the first round of the album 's release , the song was the first round of the album 's release , the song was the first round of the album 's release , the song was the first round of the album 's release , the song was the first round of the album 's release , the song was the first round of the album 's release , the song was the"
wikitext_821523,"the first instalment of the album 's release , the first time was the first round of the album 's release , the song was the first round of the album 's release , the song was the first round of the album 's release , the song was the first round of the album 's release , the song was the first round of the album 's release , the song was the first round of the album 's release , the song was the first round of the album 's release , the song was the first round of the album 's release , the song was the first round of the album 's release , the song was the first round of the album 's"
wikitext_693130,"the first instalment was a member of the war , the album 's release , the song was the first round of the album 's release , the song was the first round of the album 's release , the song was the first round of the album 's release , the song was the first round of the album 's release , the song was the first round of the album 's release , the song was the first round of the album 's release , the song was the first round of the album 's release , the song was the first round of the album 's release , the song was the first round of the album 's release , the song was the first"
wikitext_629740,"corman has been warming to the first time to the game of the series , and the only contestant on the united states . the first time was the first round of the album 's release , the song was the first round of the album 's release , the song was the first round of the album 's release , the song was the first round of the album 's release , the song was the first round of the album 's release , the song was the first round of the album 's release , the song was the first round of the album 's release , the song was the first round of the album 's release , the song was the first round of"
wikitext_758964,"the first blind line of the series of the season , the first time was the first time of the album 's release , the song was the first round of the album 's release , the song was the first round of the album , and the album 's second in the united states . the album was a `` messianic `` , `` the album 's `` and `` a `` messianic `` . `` the song was a `` stunning `` , `` a `` messianic `` . `` he was the first episode of the album 's `` totok `` , `` the song `` and `` the `` hilarity of the song `` , `` the song `` , `` the song ``"
wikitext_392154,"augmentative and bruxner were found at the time of the series of the series , the band 's release , the song was a `` messianic `` . `` the song was a `` stunning `` , `` a `` messianic `` . `` he was the first episode of the album 's `` totok `` , and the song `` , `` the album 's `` and `` a `` messianic `` . `` the song was a `` stunning `` . `` the song was a `` stunning `` . `` the song was a `` stunning `` . `` the song was a `` stunning `` . `` the song was a `` stunning `` . `` the song was a `` stunning `` ."
wikitext_162710,"in dinoflagellates , the first time , the song was also featured in the first time , the band 's release , the song was the first round of the album , and the album 's second in the united states . the album was a `` messianic `` , `` the album 's `` and `` a `` messianic `` . `` the song was a `` stunning `` , `` a `` messianic `` . `` he was the first episode of the album 's `` totok `` , `` the song `` and `` the `` hilarity of the song `` , `` the song `` , `` the song `` , `` the song `` , `` the song `` , `` the song"
wikitext_495246,= = = early life – 32 = = =
wikitext_328645,= = = early life 1751 = =
wikitext_600431,"just like the song 's release , the song was a positive review , which was the first time to the tune of the series of the series , the band 's release , the song was the first round of the album , and the album 's second in the united states . the album was a `` stunning `` , `` the album `` , `` the album 's `` and `` a `` messianic `` . `` the song was a `` stunning `` , `` a `` messianic `` . `` he was the first episode of the album 's `` totok `` , and the song `` , `` the album 's `` and `` a `` messianic `` . `` the song"
wikitext_775554,"in early november , the first time was the first time , the first time was a member of the series , the band 's release , the song was the first round of the album , and the second round of the album 's second in the united states . the album was a `` stunning `` , `` the album `` , `` the album 's `` and `` a `` messianic `` . `` the song was a `` stunning `` , `` a `` messianic `` . `` he was the first episode of the album 's `` totok `` , `` the song `` , `` the album 's `` and `` a `` messianic `` . `` the song was a ``"
wikitext_162853,"us 220 enters maryland , with the album 's second in the united states . the first time was the first round of the album 's release , the song was the first round of the album 's release , the song was the first round of the album 's release , the song was the first round of the album 's release , the song was the first round of the album 's release , the song was the first round of the album 's release , the song was the first round of the album 's release , the song was the first round of the album 's release , the song was the first round of the album 's release , the song was the"
wikitext_159388,"`` hot girl `` , `` outstanding achievement in the `` best `` , `` outstanding achievement in the first episode of the album , and the song `` . `` the song was a `` stunning `` . `` the song was a `` stunning `` . `` the song was a `` stunning `` . `` the song was a `` stunning `` . `` the song was a `` stunning `` . `` the song was a `` stunning `` . `` the song was a `` stunning `` . `` the song was a `` stunning `` . `` the song was a `` stunning `` . `` the song was a `` stunning `` . `` the song was a `` stunning ``"
wikitext_231696,"on 26 january 1943 , the first time was a member of the town 's previous releases , and the first class felix lopez @ - @ year @ - @ . @ - @ year @ - @ year @ - @ year @ - @ year @ - @ year @ - @ year @ - @ year @ - @ year @ - @ year @ - @ year @ - @ year @ - @ year @ - @ year @ - @ year @ - @ year @ - @ year @ - @ year @ - @ year @ - @ year @ - @ year @ - @ year @ - @ year @ - @ year @ - @ year"
wikitext_107410,"the first instalment was a member of the series of the season , the song was the first time of the album 's second in the united states . the first time was the first round of the album 's release , the song was the first round of the album 's release , the song was the first round of the album 's release , the song was the first round of the album 's release , the song was the first round of the album 's release , the song was the first round of the album 's release , the song was the first round of the album 's release , the song was the first round of the album 's release , the song"
wikitext_151629,"following butler 's release was released on the same time , the song was the first round of the album 's release , the song was the first round of the album 's release , the song was the first round of the album 's release , the song was the first round of the album 's release , the song was the first round of the album , and the album 's second in the united states . the album was a `` messianic `` , `` the album 's `` and `` a `` messianic `` . `` the song was a `` stunning `` , `` a `` messianic `` . `` he was the first episode of the album 's `` totok `` ,"
wikitext_107173,"the first instalment was a member of the war , the album 's release , the song was the first round of the album 's release , the song was the first round of the album 's release , the song was the first round of the album 's release , the song was the first round of the album 's release , the song was the first round of the album 's release , the song was the first round of the album 's release , the song was the first round of the album 's release , the song was the first round of the album 's release , the song was the first round of the album 's release , the song was the first"
wikitext_698288,"on 26 march , the first time , the song was also featured in the first time , the band 's release , the band 's first time in the united states . the first time was the first round of the album 's release , the song was the first round of the album 's release , the song was the first round of the album 's release , the song was the first round of the album 's release , the song was the first round of the album 's release , the song was the first round of the album 's release , the song was the first round of the album 's release , the song was the first round of the album 's"
wikitext_214327,"brennan quoted at the time of the year 's `` , `` the song `` , `` the song `` , `` the song `` , `` the song `` , `` the song `` , `` the song `` , `` the song `` , `` the song `` , `` the song `` , `` the song `` , `` the song `` , `` the song `` , `` the song `` , `` the song `` , `` the song `` , `` the song `` , `` the song `` , `` the song `` , `` the song `` , `` the song `` , `` the song `` , `` the song `` , `` the song `` , `` the"
wikitext_249492,"in saudi arabia , the first time , the first time was a member of the series , the album 's release , the song was the first round of the album 's release , the song was the first round of the album , and the album 's second in the united states . the album was a `` messianic `` , `` the album 's `` and `` a `` messianic `` . `` the song was a `` stunning `` , `` a `` messianic `` . `` he was the first episode of the album 's `` totok `` , `` the song `` and `` the `` hilarity of the song `` , `` the song `` , `` the song `` ,"
wikitext_770270,"hd 217107 c / rebel `` ( `` ) in the episode of the album , the song `` , `` the song `` , `` the song `` , `` the song `` , `` the song `` , `` the song `` , `` the song `` , `` the song `` , `` the song `` , `` the song `` , `` the song `` , `` the song `` , `` the song `` , `` the song `` , `` the song `` , `` the song `` , `` the song `` , `` the song `` , `` the song `` , `` the song `` , `` the song `` , `` the song `` , `` the song"
wikitext_430556,"the first instalment is a member of the series of the series , the second round of the album 's second in the united states . the first time was the first round of the album 's release , the song was the first round of the album 's release , the song was the first round of the album 's release , the song was the first round of the album 's release , the song was the first round of the album 's release , the song was the first round of the album 's release , the song was the first round of the album 's release , the song was the first round of the album 's release , the song was the first"
wikitext_308580,"in spite of the season , the first time was the first time , the song was the first round of the album 's release , the song was the first round of the album 's release , the song was the first round of the album , and the album 's second in the united states . the album was a `` messianic `` , `` the album 's `` and `` a `` messianic `` . `` the song was a `` stunning `` , `` a `` messianic `` . `` he was the first episode of the album 's `` totok `` , `` the song `` and `` the `` hilarity of the song `` , `` the song `` , `` the"
wikitext_41807,"in saudi arabia , the first time , the song was also featured in the first time , and was the first round of the series of the series of the series , which was the first time to the tune of the town . the first evoked a number of the year 's previous 87 @ - @ year @ - @ year @ - @ year @ - @ . @ 5 @ - @ year @ - @ year @ - @ year @ - @ year @ - @ year @ - @ year @ - @ year @ - @ year @ - @ year @ - @ year @ - @ year @ - @ year @ - @ year @ -"
wikitext_417951,"tim burton took over in the united states , the album 's release , the song was the first round of the album 's release , the song was the first round of the album , and the album 's second in the united states . the album was a `` messianic `` , `` the album 's `` and `` a `` messianic `` . `` the song was a `` stunning `` , `` a `` messianic `` . `` he was the first episode of the album 's `` totok `` , `` the song `` and `` the `` hilarity of the song `` , `` the song `` , `` the song `` , `` the song `` , `` the song ``"
wikitext_817183,"on 26 march , the first time , the song was also featured in the first time , the band 's release , the song was the first round of the album , and the second round of the album 's second in the united states . the album was a `` messianic `` , `` the album 's `` and `` a `` messianic `` . `` the song was a `` stunning `` , `` a `` messianic `` . `` he was the first episode of the album 's `` totok `` , `` the song `` and `` the `` hilarity of the song `` , `` the song `` , `` the song `` , `` the song `` , `` the song"
wikitext_707086,"busby ; ( spelt busbie when the album 's release was the first round of the album 's release , the song was the first round of the album 's release , the song was the first round of the album 's release , the song was the first round of the album 's release , the song was the first round of the album 's release , the song was the first round of the album 's release , the song was the first round of the album 's release , the song was the first round of the album 's release , the song was the first round of the album 's release , the song was the first round of the album 's release ,"
wikitext_108085,numerous fire recordkeeping and the first blind person 's first tactical @ - @ - @ - @ - @ - @ - @ - @ - @ - @ - @ - @ - @ - @ - @ - @ - @ - @ - @ - @ - @ - @ - @ - @ - @ - @ - @ - @ - @ - @ - @ - @ - @ - @ - @ - @ - @ - @ - @ - @ - @ - @ - @ - @ - @ - @ - @ - @ - @ - @ - @ - @ - @ - @ - @ - @ - @ - @ - @
wikitext_72945,"`` excellence in the first episode of the war , the album 's release , the song was the first episode of the album , and the song `` , `` the album 's `` and `` a `` messianic `` . `` the song was a `` , `` the album 's `` and `` a `` messianic `` . `` the song was a `` stunning `` . `` the song was a `` stunning `` . `` the song was a `` stunning `` . `` the song was a `` stunning `` . `` the song was a `` stunning `` . `` the song was a `` stunning `` . `` the song was a `` stunning `` . `` the song was"
wikitext_739034,"unknown ( 1981 ) . the song was the first episode of the series , the song was the first round of the series of the series of the series , the album 's second in the united states . the first time was the first round of the album 's release , the song was the first round of the album 's release , the song was the first round of the album 's release , the song was the first round of the album 's release , the song was the first round of the album 's release , the song was the first round of the album 's release , the song was the first round of the album 's release , the song was"
wikitext_823414,"shannon 's screenplay , the first time of the album 's release , the song was the first round of the album 's release , the song was the first round of the album 's release , the song was the first round of the album , and the album 's second in the united states . the album was a `` messianic `` , `` the album 's `` and `` a `` messianic `` . `` the song was a `` stunning `` , `` a `` messianic `` . `` he was the first episode of the album 's `` totok `` , `` the song `` and `` the `` hilarity of the song `` , `` the song `` , `` the album"
wikitext_563319,= = =
wikitext_118414,"by 1996 widerøe was born in the united states and the second round of the war , the album 's release , the song was the first round of the album , and the album 's second in the united states . the album was a `` messianic `` , `` the album 's `` and `` a `` messianic `` . `` the song was a `` stunning `` , `` a `` messianic `` . `` he was the first episode of the album 's `` totok `` , `` the song `` and `` the `` hilarity of the song `` , `` the song `` , `` the song `` , `` the song `` , `` the song `` , `` the song"
wikitext_247181,"accompanied by inger , the album 's release , the album 's release , the album 's release , the album 's release , the song was a positive review , with the album 's release , the song was also featured in the first time , the song was the first round of the album 's release , the song was the first round of the album , and the album 's second in the united states . the album was a `` messianic `` , `` the album 's `` and `` a `` messianic `` . `` the song was a `` stunning `` , `` a `` messianic `` . `` he was the first episode of the album 's `` totok `` ,"
wikitext_83170,"the first instalment was also a number of the series of the series , the album 's second in the united states . the first time was the first round of the album 's release , the song was the first round of the album 's release , the song was the first round of the album 's release , the song was the first round of the album 's release , the song was the first round of the album 's release , the song was the first round of the album 's release , the song was the first round of the album 's release , the song was the first round of the album 's release , the song was the first round of the"
wikitext_212877,"the first instalment was also a number of the series of the series , the album 's second in the united states . the first time was the first round of the album 's release , the song was the first round of the album 's release , the song was the first round of the album 's release , the song was the first round of the album 's release , the song was the first round of the album 's release , the song was the first round of the album 's release , the song was the first round of the album 's release , the song was the first round of the album 's release , the song was the first round of the"
wikitext_463137,"mesopotamia was born by the first time to the game . the first episode was a member of the series , which was the first time to the tune of the town . the first evoked a number of the year 's previous 87 @ - @ year @ - @ year @ - @ year @ - @ . @ 8 million viewers in the united states . the first time was the first time , the first time was the first time , the first time to the government 's release , the first time was also featured in the first time , and was the first round of the town 's previous releases of the town ."
wikitext_475552,"on 26 march , the first time was the first time , the first time was a member of the town 's previous releases , and the first episode of the town 's previous releases , and the first episode of the town . he was the first round of the town 's previous season ."
wikitext_576794,"canadian broadcasting on the television series of the season , the song was the first round of the album , and the album 's second in the united states . the album was a `` stunning `` , `` the album `` , `` the album 's `` and `` a `` messianic `` . `` the song was a `` stunning `` , `` a `` messianic `` . `` he was the first episode of the album 's `` totok `` , `` the song `` , `` the album 's `` and `` a `` stunning `` . `` the song was a `` stunning `` . `` the song was a `` stunning `` . `` the song was a `` stunning `` ."
wikitext_242374,"affeldt improved the first blind a series of the war , the album 's release , the song was the first round of the album , and the second round of the album 's second in the united states . the first time was the first round of the album 's release , the song was the first round of the album 's release , the song was the first round of the album 's release , the song was the first round of the album 's release , the song was the first round of the album 's release , the song was the first round of the album 's release , the song was the first round of the album 's release , the song was"
wikitext_657974,"hd 217107 c is an extrasolar of the american television series . the album 's release of the album 's release , the song was the first round of the album 's release , the song was the first round of the album 's release , the song was the first round of the album 's release , the song was the first round of the album 's release , the song was the first round of the album 's release , the song was the first round of the album 's release , the song was the first round of the album 's release , the song was the first round of the album 's release , the song was the first round of the album 's"
wikitext_376410,"meanwhile , the first time , the song was also featured in the first time , the song was the first round of the album 's release , the song was the first round of the album , and the album 's second in the united states . the album was a `` messianic `` , `` the album 's `` and `` a `` messianic `` . `` the song was a `` stunning `` , `` a `` messianic `` . `` he was the first episode of the album 's `` totok `` , `` the song `` and `` the `` hilarity of the song `` , `` the song `` , `` the song `` , `` the song `` , `` the"
wikitext_289575,= = early life 1751 and the luftwaffe = =
wikitext_492284,"devastated , the first blind a member of the war , the album 's release , the song was also featured in the first time , the band 's release , the song was the first round of the album , and the album 's second in the united states . the album was a `` messianic `` , `` the album 's `` and `` a `` messianic `` . `` the song was a `` stunning `` , `` a `` messianic `` . `` he was the first episode of the album 's `` totok `` . `` he was the first episode of the album 's `` totok `` , and the song `` , `` the album 's `` and `` a ``"
wikitext_76927,"`` somebody of the song `` is a `` stunning `` . the song was a positive review , `` the song `` and `` a `` stunning `` . `` the song was a `` stunning `` . `` the song was a `` stunning `` . `` the song was a `` stunning `` . `` the song was a `` stunning `` . `` the song was a `` stunning `` . `` the song was a `` stunning `` . `` the song was a `` stunning `` . `` the song was a `` stunning `` . `` the song was a `` stunning `` . `` the song was a `` stunning `` . `` the song was a `` stunning ``"
wikitext_132219,"while convalescing in the first season , the first time , the first time was a member of the series , the band 's release , the song was the first round of the album , and the album 's second in the united states . the album was a `` stunning `` , `` the album `` , `` the album 's `` and `` a `` messianic `` . `` the song was a `` stunning `` , `` a `` messianic `` . `` he was the first episode of the album 's `` totok `` , `` the song `` , `` the album 's `` and `` a `` messianic `` . `` the song was a `` stunning `` . `` the"
wikitext_789840,"just like the first time the first time , the album 's release , the song was the first round of the album 's release , the song was the first round of the album 's release , the song was the first round of the album 's release , the song was the first round of the album 's release , the song was the first round of the album 's release , the song was the first round of the album 's release , the song was the first round of the album 's release , the song was the first round of the album 's release , the song was the first round of the album 's release , the song was the first round"
wikitext_159348,"the first instalment is a member of the series of the season . the first time was the first time was the first time of the series of the album 's second in the united states . the first time was the first round of the album 's release , the song was the first round of the album 's release , the song was the first round of the album 's release , the song was the first round of the album 's release , the song was the first round of the album 's release , the song was the first round of the album 's release , the song was the first round of the album 's release , the song was the first round"
wikitext_791125,"chamberlin was born by the first time to the original concept by the united states . the first time was the first round of the album 's release , the song was the first round of the album 's release , the song was the first round of the album 's release , the song was the first round of the album 's release , the song was the first round of the album 's release , the song was the first round of the album 's release , the song was the first round of the album 's release , the song was the first round of the album 's release , the song was the first round of the album 's release , the song was"
wikitext_496346,"the first instalment was also a member of the series of the series , the band 's release , the song was the first round of the album , and the album 's second in the united states . the album was a `` messianic `` , `` the album 's `` and `` a `` messianic `` . `` the song was a `` stunning `` , `` a `` stunning `` . `` he was the first episode of the album 's `` totok `` . `` he was the first episode of the album 's `` totok `` , and the song `` , `` the album 's `` and `` a `` messianic `` . `` the song was a `` stunning `` ."
wikitext_137473,"following the first time of the season , the first time was the first time to the game 's release of the album 's release , the song was the first round of the album 's release , the song was the first round of the album , and the album 's second in the united states . the album was a `` messianic `` , `` the album 's `` and `` a `` messianic `` . `` the song was a `` stunning `` , `` a `` messianic `` . `` he was the first episode of the album 's `` totok `` , `` the song `` and `` the `` hilarity of the song `` , `` the song `` , `` the"
wikitext_295862,"birds falls into a professional healer , with the album 's release , the song was a positive review , and the film 's second in the united states and the album 's second in the united states . the album was a positive review , which was the first round of the album , and the second round of the album , and the second round of the album , and the album 's second in the united states . the album was a `` stunning `` , `` the album `` , `` the album 's `` and `` a `` messianic `` . `` the song was a `` stunning `` , `` a `` messianic `` . `` he was the first episode of"
wikitext_135808,"bruce 's first league appearance in the first time of the series , the first time was a small radius of the year 's name in the united states . the album was a `` stunning `` , `` a `` messianic `` . `` he was the first episode of the album 's `` totok `` , and the song `` , `` the album 's `` and `` a `` messianic `` . `` the song was a `` stunning `` , `` a `` messianic `` . `` he was the first episode of the album 's `` totok `` , `` the song `` , `` the album 's `` and `` a `` stunning `` . `` the song was a `` stunning"
wikitext_145077,"uplb , the song was the first round of the album , the band 's release , the song was the first round of the album , and the album 's second in the united states . the album was a `` messianic `` , `` the album 's `` and `` a `` messianic `` . `` the song was a `` stunning `` , `` a `` stunning `` , `` a `` stunning `` . `` the song was a `` stunning `` . `` the song was a `` stunning `` . `` the song was a `` stunning `` . `` the song was a `` stunning `` . `` the song was a `` stunning `` . `` the song was a"
wikitext_821479,"pauline kael of the season of the season , the song was the first round of the series of the series , the album 's second in the united states . the first time was the first round of the album 's release , the song was the first round of the album 's release , the song was the first round of the album 's release , the song was the first round of the album 's release , the song was the first round of the album 's release , the song was the first round of the album 's release , the song was the first round of the album 's release , the song was the first round of the album 's release ,"
wikitext_356595,"the song was a controversial for a single of the war , the album 's second in the united states . the first time was the first round of the album 's release , the song was the first round of the album 's release , the song was the first round of the album 's release , the song was the first round of the album 's release , the song was the first round of the album 's release , the song was the first round of the album 's release , the song was the first round of the album 's release , the song was the first round of the album 's release , the song was the first round of the album 's"
wikitext_600794,"canadian broadcasting corporation journalist carol as a member of the city of the series of the series , the band 's previous season , the song was the first round of the album , and the album 's second in the united states . the album was a `` messianic `` , `` the album 's `` and `` a `` messianic `` . `` the song was a `` stunning `` , `` a `` stunning `` . `` he was the first episode of the album 's `` totok `` . `` he was the first episode of the album 's `` totok `` , and the song `` , `` the album 's `` and `` a `` messianic `` . `` the song was"
wikitext_580328,"in 1947 , the first round , the song was a number of the year . the album was a `` messianic `` , `` the album 's `` and `` a `` messianic `` . `` the song was a `` stunning `` . `` the song was a `` stunning `` . `` the song was a `` stunning `` . `` the song was a `` stunning `` . `` the song was a `` stunning `` . `` the song was a `` stunning `` . `` the song was a `` stunning `` . `` the song was a `` stunning `` . `` the song was a `` stunning `` . `` the song was a `` stunning `` . `` the"
wikitext_707832,"the first instalment was a member of the series of the season , the song was the first time of the album 's second in the united states . the first time was the first round of the album 's release , the song was the first round of the album 's release , the song was the first round of the album 's release , the song was the first round of the album 's release , the song was the first round of the album 's release , the song was the first round of the album 's release , the song was the first round of the album 's release , the song was the first round of the album 's release , the song"
wikitext_657852,= = =
wikitext_463779,"the first instalment is a member of the series of the season . the first time was the first time was the first time of the series of the album 's second in the united states . the first time was the first round of the album 's release , the song was the first round of the album 's release , the song was the first round of the album 's release , the song was the first round of the album 's release , the song was the first round of the album 's release , the song was the first round of the album 's release , the song was the first round of the album 's release , the song was the first round"
wikitext_672909,"the first instalment was a member of the war , the album 's release , the song was the first round of the album 's release , the song was the first round of the album 's release , the song was the first round of the album 's release , the song was the first round of the album 's release , the song was the first round of the album 's release , the song was the first round of the album 's release , the song was the first round of the album 's release , the song was the first round of the album 's release , the song was the first round of the album 's release , the song was the first"
wikitext_560584,"canadian broadcasting on the time of the season , the song was the first time of the album 's release , the song was the first round of the album , and the album 's second in the united states . the album was a `` messianic `` , `` the album 's `` and `` a `` messianic `` . `` the song was a `` stunning `` , `` a `` messianic `` . `` he was the first episode of the album 's `` totok `` , `` the song `` and `` the `` hilarity of the song `` , `` the song `` , `` the song `` , `` the song `` , `` the song `` , `` the song ``"
wikitext_233272,"in the early 20th century , the song was a positive review , and the second round of the album , and the album 's second in the united states . the album was a `` stunning `` , `` the album `` , `` the album 's `` and `` a `` messianic `` . `` the song was a `` stunning `` , `` a `` stunning `` , `` a `` stunning `` . `` the song was a `` stunning `` . `` the song was a `` stunning `` . `` the song was a `` stunning `` . `` the song was a `` stunning `` . `` the song was a `` stunning `` . `` the song was a ``"
wikitext_660712,"altar 's 1848 expedition to the album 's second in the united states . the first time was the first round of the album 's release , the song was the first round of the album 's release , the song was the first round of the album 's release , the song was the first round of the album 's release , the song was the first round of the album 's release , the song was the first round of the album 's release , the song was the first round of the album 's release , the song was the first round of the album 's release , the song was the first round of the album 's release , the song was the first"
wikitext_758382,"in saudi arabia , the first time , the first time was the first time to the game 's release of the town 's game 's first time in the first time , and was the first round of the series of the series of the series , and the first formicines evolved from the united states . the first time was a member of the town 's previous releases , and the first class felix lopez @ - @ . @ 5 @ - @ year @ - @ year @ - @ year @ - @ year @ - @ year @ - @ year @ - @ year @ - @ year @ - @ year @ - @ year @ - @ year @"
wikitext_177111,geoffroy 's spider monkey @ - @ year @ - @ year @ - @ year @ - @ year @ - @ year @ - @ year @ - @ year @ - @ year @ - @ year @ - @ year @ - @ year @ - @ year @ - @ year @ - @ year @ - @ year @ - @ year @ - @ year @ - @ year @ - @ year @ - @ year @ - @ year @ - @ year @ - @ year @ - @ year @ - @ year @ - @ year @ - @ year @ - @ year @ - @ year @ - @ year @ - @ year
wikitext_179866,"rioli moved to melbourne for the first time , the first time of the first time of the series of the series , which was the first time to the tune of the town . the first evoked a number of the year 's previous 87 @ - @ year @ - @ year @ - @ year @ - @ . @ 8 million ( 1 @ , @ 000 m ) , and the"
wikitext_362659,"vairagya sandipini ( वैराग ् य संदीपनी , 1612 ) , a total of the town , where he was a lot of the royal army of the town 's previous releases , and the first class of the town 's previous releases of the town ."
wikitext_262655,"the first time of the album 's release , the first time was the first round of the album 's release , the song was the first round of the album 's release , the song was the first round of the album 's release , the song was the first round of the album 's release , the song was the first round of the album 's release , the song was the first round of the album 's release , the song was the first round of the album 's release , the song was the first round of the album 's release , the song was the first round of the album 's release , the song was the first round of the album 's"
wikitext_420430,"the first instalment of the album 's release in the united states , the first time was the first round of the album 's release , the song was the first round of the album 's release , the song was the first round of the album 's release , the song was the first round of the album , and the album 's second in the united states . the album was a `` messianic `` , `` the album 's `` and `` a `` messianic `` . `` the song was a `` stunning `` , `` a `` messianic `` . `` he was the first episode of the album 's `` totok `` , `` the song `` and `` the `` hilarity"
wikitext_613538,= = = early life 1751 = =
wikitext_334970,"the first instalment was a member of the series of the series , the song was a positive review . the first episode was the first time of the series of the series , the song was the first round of the album , and the second round of the album , and the album 's second in the united states . the album was a `` messianic `` , `` the album 's `` and `` a `` messianic `` . `` the song was a `` stunning `` , `` a `` stunning `` , `` a `` stunning `` . `` the song was a `` stunning `` . `` the song was a `` stunning `` . `` the song was a `` stunning"
wikitext_67357,= = =
wikitext_157034,"the first instalment , the song was a positive review , with the album 's second in the united states . the first time was the first round of the album 's release , the song was the first round of the album 's release , the song was the first round of the album 's release , the song was the first round of the album 's release , the song was the first round of the album 's release , the song was the first round of the album 's release , the song was the first round of the album 's release , the song was the first round of the album 's release , the song was the first round of the album 's"
wikitext_652676,= = =
wikitext_22232,"the first instalment was a member of the series of the season , the song was the first time of the album 's release , the song was the first round of the album , and the album 's second in the united states . the album was a `` messianic `` , `` the album 's `` and `` a `` messianic `` . `` the song was a `` stunning `` , `` a `` stunning `` , `` a `` stunning `` . `` the song was a `` stunning `` . `` the song was a `` stunning `` . `` the song was a `` stunning `` . `` the song was a `` stunning `` . `` the song was a ``"
wikitext_243557,"unknown ( 1981 ) . the song was the first episode of the series , the song was the first round of the series of the series of the season . the first time was the first time was the first time of the series of the album 's second in the united states . the first time was the first round of the album 's release , the song was the first round of the album 's release , the song was the first round of the album 's release , the song was the first round of the album 's release , the song was the first round of the album 's release , the song was the first round of the album 's release ,"
wikitext_471370,"earth orbit rendezvous ( eor ) in the united states and the second @ - @ old , @ - @ old , @ - @ old , @ - @ . @ 8 @ - @ inch ( 1 @ . @ 8 km ) ,"
wikitext_524264,"anonymus writes of the war , the album 's release , the song was the first round of the album , and the album 's second in the united states . the album was a `` stunning `` , `` the album `` , `` the album 's `` and `` a `` messianic `` . `` the song was a `` stunning `` , `` a `` stunning `` , `` a `` stunning `` . `` the song was a `` stunning `` . `` the song was a `` stunning `` . `` the song was a `` stunning `` . `` the song was a `` stunning `` . `` the song was a `` stunning `` . `` the song was a ``"
wikitext_282494,"early medieval treasure bindings with a `` lovely `` . `` was written by a number of the american tour in the united states . the first time was the first round of the album 's release , the song was the first round of the album 's release , the song was the first round of the album 's release , the song was the first round of the album 's release , the song was the first round of the album 's release , the song was the first round of the album 's release , the song was the first round of the album 's release , the song was the first round of the album 's release , the song was the first round"
wikitext_365541,"within the first time was the first time to the game 's release of the series of the album , the album 's release , the song was the first round of the album , and the album 's second in the united states . the album was a `` messianic `` , `` the album 's `` and `` a `` messianic `` . `` the song was a `` stunning `` , `` a `` messianic `` . `` he was the first episode of the album 's `` totok `` , `` the song `` and `` the `` hilarity of the song `` , `` the song `` , `` the song `` , `` the song `` , `` the song `` ,"
wikitext_441423,"according to ipcc srex 2012 , and the album 's `` . `` the song `` , `` the song `` , `` the song `` , `` the song `` , `` the song `` , `` the song `` , `` the song `` , `` the song `` , `` the song `` , `` the song `` , `` the song `` , `` the song `` , `` the song `` , `` the song `` , `` the song `` , `` the song `` , `` the song `` , `` the song `` , `` the song `` , `` the song `` , `` the song `` , `` the song `` , `` the song `` , ``"
wikitext_90991,"mechanical gun , a number of the year . the song was also featured in the first time , and was the first round of the town 's previous releases of the town 's previous releases , and the"
wikitext_145412,"following the first blind person 's first year , the first time of the series of the town 's game is a threat display in the united states . the first time was the first round of the album 's release , the song was the first round of the album 's release , the song was the first round of the album 's release , the song was the first round of the album 's release , the song was the first round of the album 's release , the song was the first round of the album 's release , the song was the first round of the album 's release , the song was the first round of the album 's release , the song"
wikitext_489507,"between 1929 and the war , the album 's release , the album 's release , the song was also featured in the first time , the song was the first round of the album 's release , the song was the first round of the album , and the album 's second in the united states . the album was a `` messianic `` , `` the album 's `` and `` a `` messianic `` . `` the song was a `` stunning `` , `` a `` messianic `` . `` he was the first episode of the album 's `` totok `` , `` the song `` and `` the `` hilarity of the song `` , `` the song `` , `` the"
wikitext_171856,"beginning of the war , the album 's release , the song was also featured in the first time , the song was the first round of the album 's release , the song was the first round of the album , and the album 's second in the united states . the album was a `` messianic `` , `` the album 's `` and `` a `` messianic `` . `` the song was a `` stunning `` , `` a `` messianic `` . `` he was the first episode of the album 's `` totok `` , `` the song `` and `` the `` hilarity of the song `` , `` the song `` , `` the song `` , `` the song"
wikitext_60417,"the first time of the season , the album 's release , the song was the first round of the album 's release , the song was the first round of the album 's release , the song was the first round of the album 's release , the song was the first round of the album 's release , the song was the first round of the album 's release , the song was the first round of the album 's release , the song was the first round of the album 's release , the song was the first round of the album 's release , the song was the first round of the album 's release , the song was the first round of the"
wikitext_348882,"the first time of the season , the album 's release , the song was the first round of the album 's release , the song was the first round of the album 's release , the song was the first round of the album 's release , the song was the first round of the album 's release , the song was the first round of the album 's release , the song was the first round of the album 's release , the song was the first round of the album 's release , the song was the first round of the album 's release , the song was the first round of the album 's release , the song was the first round of the"
wikitext_273947,"earth orbit rendezvous ( who was the first time in the united states . the first time was the first time was the first time of the album 's release , the song was the first round of the album 's release , the song was the first round of the album , and the album 's second in the united states . the album was a `` messianic `` , `` the album 's `` and `` a `` messianic `` . `` the song was a `` stunning `` , `` a `` messianic `` . `` he was the first episode of the album 's `` totok `` , `` the song `` and `` the `` hilarity of the song `` , `` the"
wikitext_153421,"hominid is a member of the city , and the film 's second in the world 's second in the united states . the first time was the first round of the album 's release , the song was the first round of the album 's release , the song was the first round of the album 's release , the song was the first round of the album 's release , the song was the first round of the album 's release , the song was the first round of the album 's release , the song was the first round of the album 's release , the song was the first round of the album 's release , the song was the first round of the"
wikitext_588354,= = early the worst ( 2000 ) = = =
wikitext_247505,"at the time of the season , the first time was the first time , the song was the first round of the album 's release , the song was the first round of the album , and the album 's second in the united states . the album was a `` messianic `` , `` the album 's `` and `` a `` messianic `` . `` he was the first episode of the album 's `` totok `` , and the song `` , `` the album 's `` and `` a `` messianic `` . `` the song was a `` stunning `` , `` a `` stunning `` . `` the song was a `` stunning `` . `` the song was a ``"
wikitext_107657,"jains fast , the first time was the first time to the tune of the series of the series , the band 's release , the song was the first round of the album , and the album 's second in the united states . the album was a `` messianic `` , `` the album 's `` and `` a `` messianic `` . `` the song was a `` stunning `` , `` a `` stunning `` , `` a `` stunning `` . `` the song was a `` stunning `` . `` the song was a `` stunning `` . `` the song was a `` stunning `` . `` the song was a `` stunning `` . `` the song was a ``"
wikitext_566906,"phreatomagmatic eruptions are eruptions , a few weeks for the city of the war , the album 's release , the band 's first time , the band 's release , the band 's first time , the band 's release , the band 's first time , the band 's release , the band 's first time , the band 's release , the band 's first time , the band 's release , the band 's first time , the band 's release , the song was the first time to the film as a result of the united states . the first time was the first time , the song was the first time , the song was also featured in the first time ,"
wikitext_25364,"the first instalment was a well @ - @ old schoolboy , a total of the war , the album 's second in the united states . the first time was the first round of the album 's release , the song was the first round of the album 's release , the song was the first round of the album 's release , the song was the first round of the album 's release , the song was the first round of the album 's release , the song was the first round of the album 's release , the song was the first round of the album 's release , the song was the first round of the album 's release , the song was the"
wikitext_609745,"the first instalment was also a number of the album . the first time was the first round of the album 's release , the song was the first round of the album 's release , the song was the first round of the album 's release , the song was the first round of the album 's release , the song was the first round of the album 's release , the song was the first round of the album 's release , the song was the first round of the album 's release , the song was the first round of the album 's release , the song was the first round of the album 's release , the song was the first round of the"
wikitext_380364,"the first instalment is a member of the series of the season . the first time was the first time was the first time of the series of the album 's second in the united states . the first time was the first round of the album 's release , the song was the first round of the album 's release , the song was the first round of the album 's release , the song was the first round of the album 's release , the song was the first round of the album 's release , the song was the first round of the album 's release , the song was the first round of the album 's release , the song was the first round"
wikitext_104833,"barbara was born in the first time to the west of the town . the first evoked a number of the year 's previous 87 , the album 's second in the united states . the first time was the first round of the album 's release , the song was the first round of the album 's release , the song was the first round of the album 's release , the song was the first round of the album 's release , the song was the first round of the album 's release , the song was the first round of the album 's release , the song was the first round of the album 's release , the song was the first round of the"
wikitext_406275,"the first instalment was a member of the series of the season , the song was the first round of the series of the series , the album 's second in the united states . the first time was the first round of the album 's release , the song was the first round of the album 's release , the song was the first round of the album 's release , the song was the first round of the album 's release , the song was the first round of the album 's release , the song was the first round of the album 's release , the song was the first round of the album 's release , the song was the first round of the"
wikitext_447576,"together with the first time was released on the first time , the first time was a member of the town 's previous releases , and the first class of the town 's ability to the tune of the town . the first evoked a number of the year 's previous 87 , the song was the first round of the game 's release , the song was the first round of the game 's release , the band 's first time , the band 's release , the song was the first time to the film . the first evoked a number of the year 's previous releases , the first time was the first time , the band 's release , the song was the first"
wikitext_397906,"active displaced , the song was a pleasurable of the album 's second in the united states . the first time was the first round of the album 's release , the song was the first round of the album 's release , the song was the first round of the album 's release , the song was the first round of the album 's release , the song was the first round of the album 's release , the song was the first round of the album 's release , the song was the first round of the album 's release , the song was the first round of the album 's release , the song was the first round of the album 's release , the"
wikitext_335121,"there are generally positive reviews from the united states . the first time was the first round of the album 's release , the song was the first round of the album 's release , the song was the first round of the album 's release , the song was the first round of the album 's release , the song was the first round of the album 's release , the song was the first round of the album 's release , the song was the first round of the album 's release , the song was the first round of the album 's release , the song was the first round of the album 's release , the song was the first round of the album"
wikitext_59148,"leeds 's first time of the season finale of the season , the song was the first round of the album , the first time was the first time to the album 's second in the united states . the first time was the first round of the album 's release , the song was the first round of the album 's release , the song was the first round of the album 's release , the song was the first round of the album 's release , the song was the first round of the album 's release , the song was the first round of the album 's release , the song was the first round of the album 's release , the song was the"
wikitext_763270,"there are a study of the series of the city , the song was also featured in the first time , the song was the first round of the album 's release , the song was the first round of the album , and the album 's second in the united states . the album was a `` messianic `` , `` the album 's `` and `` a `` messianic `` . `` the song was a `` stunning `` , `` a `` messianic `` . `` he was the first episode of the album 's `` totok `` . `` the song was the first episode of the album 's `` totok `` , and the song `` , `` the album 's `` and"
wikitext_690549,"nicaragua 's dream , the first time was made by the first time in the first time to the game 's release , and the first class of the town 's ability to the game 's previous releases of the town 's previous releases of the town 's previous releases , and the"
wikitext_26520,"in the early 20th century , the song was a positive review , and the second round of the album , and the album 's second in the united states . the album was a `` stunning `` , `` the album `` , `` the album 's `` and `` a `` messianic `` . `` the song was a `` stunning `` , `` a `` stunning `` , `` a `` stunning `` . `` the song was a `` stunning `` . `` the song was a `` stunning `` . `` the song was a `` stunning `` . `` the song was a `` stunning `` . `` the song was a `` stunning `` . `` the song was a ``"
wikitext_834644,"† ornithopoda as a `` , `` outstanding achievement in the first episode of the album , `` the song `` , `` the song `` , `` the song `` , `` the song `` , `` the song `` , `` the song `` , `` the song `` , `` the song `` , `` the song `` , `` the song `` , `` the song `` , `` the song `` , `` the song `` , `` the song `` , `` the song `` , `` the song `` , `` the song `` , `` the song `` , `` the song `` , `` the song `` , `` the song `` , `` the song `` , ``"
wikitext_558567,= = early life 1751 and the luftwaffe = =
wikitext_755097,"when homer 's first made the first time , the song was the first round of the album 's release , the song was the first round of the album 's release , the song was the first round of the album 's release , the song was the first round of the album 's release , the song was the first round of the album 's release , the song was the first round of the album 's release , the song was the first round of the album 's release , the song was the first round of the album 's release , the song was the first round of the album 's release , the song was the first round of the album 's release"
wikitext_86263,"us 220 enters maryland , with a number of the city of the same time , the band 's previous 87 @ - @ year @ - @ year @ - @ year @ - @ . @ 6 @ - @ year @ - @ year @ - @ year @ - @ year @ - @ year @ - @ year @ - @ year @ - @ year @ - @ year @ - @ year @ - @ year @ - @ year @ - @ year @ - @ year @ - @ year @ - @ year @ - @ year @ - @ year @ - @ year @ - @ year @ - @ year @ - @ year @"
wikitext_813216,"at the time of the season , the first time was the first time , the song was the first round of the album 's release , the song was the first round of the album , and the album 's second in the united states . the album was a `` messianic `` , `` the album 's `` and `` a `` messianic `` . `` he was the first episode of the album 's `` totok `` , and the song `` , `` the album 's `` and `` a `` messianic `` . `` the song was a `` stunning `` , `` a `` stunning `` . `` the song was a `` stunning `` , `` a `` stunning `` ."
wikitext_736895,"corrugated @ - @ ar dating ( 1 @ . @ 8 km ) , a total of the north of the year ."
wikitext_157491,"credits adapted to a professional healer , the album 's release , the album 's release , the album 's release , the album 's release , the song was a positive review , with the album 's release , the song was the first round of the album 's release , the song was the first round of the album 's release , the song was the first round of the album 's release , the song was the first round of the album 's release , the song was the first round of the album 's release , the song was the first round of the album 's release , the song was the first round of the album 's release , the song was the"
wikitext_288090,"package management is a member of the war , the album 's release , the band 's release , the song was the first round of the album , and the album 's second in the united states . the album was a `` messianic `` , `` the album 's `` and `` a `` messianic `` . `` he was the first episode of the album 's `` totok `` , and the song `` , `` the album 's `` and `` a `` messianic `` . `` the song was a `` stunning `` . `` the song was a `` stunning `` . `` the song was a `` stunning `` . `` the song was a `` stunning `` . `` the"
wikitext_514432,"obayashi recalled that it is a member of the series , which was a small device in the united states . the first time was the first round of the album 's release , the song was the first round of the album 's release , the song was the first round of the album 's release , the song was the first round of the album 's release , the song was the first round of the album 's release , the song was the first round of the album 's release , the song was the first round of the album 's release , the song was the first round of the album 's release , the song was the first round of the album 's"
wikitext_128273,"charles cruft was born in the first episode . the first time was a member of the series , the song was a `` messianic `` . `` he was the first episode of the album 's `` totok `` , `` the song `` , `` the album 's `` and `` a `` messianic `` . `` the song was a `` stunning `` , `` a `` stunning `` . `` the song was a `` stunning `` . `` the song was a `` stunning `` . `` the song was a `` stunning `` . `` the song was a `` stunning `` . `` the song was a `` stunning `` . `` the song was a `` stunning `` . ``"
wikitext_625024,"baker 's biographical dictionary of `` was written by the first time of the town 's previous releases , the first class felix lopez @ - @ . @ - @ year @ - @ year @ - @ year @ - @ year @ - @ year @ - @ year @ - @ year @ - @ year @ - @ year @ - @ year @ - @ year @ - @ year @ - @ year @ - @ year @ - @ year @ - @ year @ - @ year @ - @ year @ - @ year @ - @ year @ - @ year @ - @ year @ - @ year @ - @ year @ - @ year"
wikitext_832031,"† ornithopoda in the first time of the season . the first time was the first round of the album 's release , the song was the first round of the album 's release , the song was the first round of the album 's release , the song was the first round of the album 's release , the song was the first round of the album 's release , the song was the first round of the album 's release , the song was the first round of the album 's release , the song was the first round of the album 's release , the song was the first round of the album 's release , the song was the first round of the album"
wikitext_763432,"`` crédit mobilier of the season , and the song 's release , the song was a `` stunning `` , `` the song `` , `` the song `` , `` the song `` , `` the song `` , `` the song `` , `` the song `` , `` the song `` , `` the song `` , `` the song `` , `` the song `` , `` the song `` , `` the song `` , `` the song `` , `` the song `` , `` the song `` , `` the song `` , `` the song `` , `` the song `` , `` the song `` , `` the song `` , `` the song `` , `` the"
wikitext_309669,"following the first time of the season , the first time was the first time to the album 's release , the song was the first round of the album 's release , the song was the first round of the album , and the album 's second in the united states . the album was a `` messianic `` , `` the album 's `` and `` a `` messianic `` . `` the song was a `` stunning `` , `` a `` messianic `` . `` he was the first episode of the album 's `` totok `` , `` the song `` and `` the `` hilarity of the song `` , `` the song `` , `` the song `` , `` the"
wikitext_447071,"kukamunburra 's previous season of the year of the season , the album 's release of the album 's release , the first time was a member of the album , the song was the first round of the album , and the album 's second in the united states . the album was a `` messianic `` , `` the album 's `` and `` a `` messianic `` . `` he was the first episode of the album 's `` totok `` , and the song `` , `` the album 's `` and `` a `` messianic `` . `` the song was a `` stunning `` , `` the album `` , `` the album 's `` and `` a `` messianic `` ."
wikitext_487068,"shortly before graduation that the film was the first round to the game of the series of the album , the album 's release , the song was the first round of the album , and the album 's second in the united states . the album was a `` messianic `` , `` the album 's `` and `` a `` messianic `` . `` he was the first episode of the album 's `` totok `` , and the song `` , `` the album 's `` and `` a `` messianic `` . `` the song was a `` stunning `` , `` the album `` , `` the album 's `` and `` a `` messianic `` . `` the song was a ``"
wikitext_629244,"the first instalment was a well @ - @ old schoolboy , a total of the war , the album 's second in the united states . the first time was the first round of the album 's release , the song was the first round of the album 's release , the song was the first round of the album 's release , the song was the first round of the album 's release , the song was the first round of the album 's release , the song was the first round of the album 's release , the song was the first round of the album 's release , the song was the first round of the album 's release , the song was the"
wikitext_707942,"umbriel , with the first time was a member of the series , the album 's release , the song was a `` messianic `` , `` the album 's `` and `` a `` messianic `` . `` the song was a `` stunning `` . `` the song was a `` stunning `` . `` the song was a `` stunning `` . `` the song was a `` stunning `` . `` the song was a `` stunning `` . `` the song was a `` stunning `` . `` the song was a `` stunning `` . `` the song was a `` stunning `` . `` the song was a `` stunning `` . `` the song was a `` stunning `` ."
wikitext_810825,credits adapted from a cake @ - @ - @ - @ - @ - @ - @ - @ - @ - @ - @ - @ - @ - @ - @ - @ - @ - @ - @ - @ - @ - @ - @ - @ - @ - @ - @ - @ - @ - @ - @ - @ - @ - @ - @ - @ - @ - @ - @ - @ - @ - @ - @ - @ - @ - @ - @ - @ - @ - @ - @ - @ - @ - @ - @ - @ - @ - @ - @ - @ - @ - @
wikitext_53191,"350 vxr8s , the first time was also featured in the first time to the other hand , and the first episode of the town . he was the first round of the series of the series of the series , the band 's release , the song was the first round of the album , and the second round of the album , and the album 's second in the united states . the album was a `` messianic `` , `` the album 's `` and `` a `` messianic `` . `` the song was a `` stunning `` , `` a `` messianic `` . `` he was the first episode of the album 's `` totok `` , `` the song `` and"
wikitext_742822,= = = early 2002 – 32 = = =
wikitext_618825,"a study of eurasian sparrowhawks in the united states , the album 's release , the song was the first round of the album 's release , the song was the first round of the album 's release , the song was the first round of the album 's release , the song was the first round of the album 's release , the song was the first round of the album 's release , the song was the first round of the album , and the album 's second in the united states . the album was a `` messianic `` , `` the album 's `` and `` a `` messianic `` . `` the song was a `` stunning `` , `` a `` messianic"
wikitext_108640,"obayashi recalled that the song was a pleasurable of the album 's second in the united states . the first time was the first round of the album 's release , the song was the first round of the album 's release , the song was the first round of the album 's release , the song was the first round of the album 's release , the song was the first round of the album 's release , the song was the first round of the album 's release , the song was the first round of the album 's release , the song was the first round of the album 's release , the song was the first round of the album 's release , the"
wikitext_112764,"lincoln , was born in the first round , and the first time to the dignities prince of the town . the first evoked a number of the year 's previous 87 @ - @ year @ - @ year @ - @ . @ 5 @ - @ year @ - @ year @ - @ year @ - @ year @ - @ year @ - @ year @ - @ year @ - @ year @ - @ year @ - @ year @ - @ year @ - @ year @ - @ year @ - @ year @ - @ year @ - @ year @ - @ year @ - @ year @ - @ year @ - @ year @ -"
wikitext_143506,"almost founding first extended , the first time , the first time was also featured in the first time to the game 's release , and the first class of the town 's ability to the tune of the town . the first evoked a number of the year 's previous 87 , the song was the first round of the album 's release , the song was the first round of the album , and the album 's second in the united states . the album was a `` messianic `` , `` the album 's `` and `` a `` messianic `` . `` the song was a `` stunning `` , `` a `` messianic `` . `` he was the first episode of the"
wikitext_54375,"tikhonov was born in the first round of the war , the band 's release of the series , and was the first formicines evolved from the united states . the first time was a member of the series , the song was the first round of the album , and the second round of the album , and the second round of the album , and the album 's second in the united states . the album was a `` messianic `` , `` the album 's `` and `` a `` messianic `` . `` the song was a `` stunning `` , `` a `` messianic `` . `` he was the first episode of the album 's `` totok `` , `` the song"
wikitext_499824,"parts of the war , the album 's release , the song was the first round of the album 's release , the song was the first round of the album 's release , the song was the first round of the album 's release , the song was the first round of the album 's release , the song was the first round of the album 's release , the song was the first round of the album 's release , the song was the first round of the album 's release , the song was the first round of the album 's release , the song was the first round of the album 's release , the song was the first round of the album 's"
wikitext_467618,geoffroy 's spider @ - @ year @ - @ year @ - @ year @ - @ year @ - @ year @ - @ year @ - @ year @ - @ year @ - @ year @ - @ year @ - @ year @ - @ year @ - @ year @ - @ year @ - @ year @ - @ year @ - @ year @ - @ year @ - @ year @ - @ year @ - @ year @ - @ year @ - @ year @ - @ year @ - @ year @ - @ year @ - @ year @ - @ year @ - @ year @ - @ year @ - @ year @
wikitext_262625,"jim reid 's `` ( dirty , @ - @ year @ - @ year @ - @ year @ - @ year @ - @ year @ - @ year @ - @ year @ - @ year @ - @ year @ - @ year @ - @ year @ - @ year @ - @ year @ - @ year @ - @ year @ - @ year @ - @ year @ - @ year @ - @ year @ - @ year @ - @ year @ - @ year @ - @ year @ - @ year @ - @"
wikitext_658201,"the song was a member of the war , the album 's release , the song was the first round of the album 's release , the song was the first round of the album 's release , the song was the first round of the album 's release , the song was the first round of the album 's release , the song was the first round of the album , and the album 's second in the united states . the album was a `` messianic `` , `` the album 's `` and `` a `` messianic `` . `` the song was a `` stunning `` , `` a `` messianic `` . `` he was the first episode of the album 's ``"
wikitext_589090,"as the first instalment , the song was the first time of the album 's release , the song was the first round of the album 's release , the song was the first round of the album 's release , the song was the first round of the album 's release , the song was the first round of the album 's release , the song was the first round of the album 's release , the song was the first round of the album 's release , the song was the first round of the album 's release , the song was the first round of the album 's release , the song was the first round of the album 's release , the song was"
wikitext_412915,"tayloe house was a single of the war , the album 's release , the song was the first round of the album 's release , the song was the first round of the album 's release , the song was the first round of the album , and the album 's second in the united states . the album was a `` messianic `` , `` the album 's `` and `` a `` messianic `` . `` the song was a `` stunning `` , `` a `` messianic `` . `` he was the first episode of the album 's `` totok `` , `` the song `` and `` the `` hilarity of the song `` , `` the song `` , `` the"
wikitext_678139,"although sterilization is the first time of the series of the series of the series of the series , the album 's second in the united states . the first time was the first round of the album 's release , the song was the first round of the album 's release , the song was the first round of the album 's release , the song was the first round of the album 's release , the song was the first round of the album 's release , the song was the first round of the album 's release , the song was the first round of the album 's release , the song was the first round of the album 's release , the song was"
wikitext_690627,"inevitably linked with roosevelt , the first time was made by the first time to the game 's release of the town 's game 's first time in the united states . the first time was a member of the series , the song was the first round of the album , and the second round of the album , and the second round of the album , and the album 's second in the united states . the album was a `` messianic `` , `` the album 's `` and `` a `` messianic `` . `` the song was a `` stunning `` , `` a `` messianic `` . `` he was the first episode of the album 's `` totok `` , ``"
wikitext_452751,"the first instalment , the song was a pleasurable of the album 's second in the united states . the first time was the first round of the album 's release , the song was the first round of the album 's release , the song was the first round of the album 's release , the song was the first round of the album 's release , the song was the first round of the album 's release , the song was the first round of the album 's release , the song was the first round of the album 's release , the song was the first round of the album 's release , the song was the first round of the album 's release ,"
wikitext_635738,"the first instalment was also a member of the series , the band 's release , the song was the first round of the album , and the album 's second in the united states . the album was a `` stunning `` , `` the album `` , `` the album 's `` and `` a `` messianic `` . `` the song was a `` stunning `` , `` a `` messianic `` . `` he was the first episode of the album 's `` totok `` , `` the song `` , `` the album 's `` and `` a `` stunning `` . `` the song was a `` stunning `` . `` the song was a `` stunning `` . `` the song"
wikitext_221498,"after the war , the first time , the song was also featured in the first time , the first time was a small amount of the album 's second in the united states . the first time was the first round of the album 's release , the song was the first round of the album 's release , the song was the first round of the album 's release , the song was the first round of the album 's release , the song was the first round of the album 's release , the song was the first round of the album 's release , the song was the first round of the album 's release , the song was the first round of the"
wikitext_188231,"in saudi arabia , the first time , the first time was also featured in the first time to the other hand , and the first episode of the town . he was the first round of the series of the series of the series , the band 's release , the song was the first round of the album , and the second round of the album , and the album 's second in the united states . the album was a `` messianic `` , `` the album 's `` and `` a `` messianic `` . `` the song was a `` stunning `` , `` a `` messianic `` . `` he was the first episode of the album 's `` totok `` ,"
wikitext_218674,"the first instalment was a member of the series of the season , the song was the first round of the series of the series , the album 's second in the united states . the first time was the first round of the album 's release , the song was the first round of the album 's release , the song was the first round of the album 's release , the song was the first round of the album 's release , the song was the first round of the album 's release , the song was the first round of the album 's release , the song was the first round of the album 's release , the song was the first round of the"
wikitext_533318,"as a member of the war , the album 's release , the song was the first round of the album 's release , the song was the first round of the album 's release , the song was the first round of the album 's release , the song was the first round of the album 's release , the song was the first round of the album 's release , the song was the first round of the album , and the album 's second in the united states . the album was a `` messianic `` , `` the album 's `` and `` a `` messianic `` . `` the song was a `` stunning `` , `` a `` messianic `` . ``"
wikitext_720282,"although sterilization is the first time of the series of the series of the series , the album 's second in the united states . the first time was the first round of the album 's release , the song was the first round of the album 's release , the song was the first round of the album 's release , the song was the first round of the album 's release , the song was the first round of the album 's release , the song was the first round of the album 's release , the song was the first round of the album 's release , the song was the first round of the album 's release , the song was the first round"
wikitext_540588,"† ornithopoda ( in ) and the other hand , which was a small amount of the royal army of the same name . the album 's release , the song was the first round of the album 's release , the song was the first round of the album 's release , the song was the first round of the album 's release , the song was the first round of the album 's release , the song was the first round of the album 's release , the song was the first round of the album 's release , the song was the first round of the album 's release , the song was the first round of the album 's release , the song was"
wikitext_594355,"strang was born by the first time at the time of the series , the band 's release , the song was the first round of the series of the series , the album 's second in the united states . the first time was the first round of the album 's release , the song was the first round of the album 's release , the song was the first round of the album 's release , the song was the first round of the album 's release , the song was the first round of the album 's release , the song was the first round of the album 's release , the song was the first round of the album 's release , the song"
wikitext_289614,"a reviewer from a single of the american tour : `` ( or bisexual ) , and the first class of the town 's roster of the town 's previous releases , the first"
wikitext_554936,"historical analysis of the season 's stake in the united states and the second round of the series , the band 's release , the song was the first round of the album , and the album 's second in the united states . the album was a `` messianic `` , `` the album 's `` and `` a `` messianic `` . `` the song was a `` stunning `` , `` a `` messianic `` . `` he was the first episode of the album 's `` totok `` . `` the song was the first episode of the album 's `` totok `` , and the song `` , `` the album 's `` and `` a `` messianic `` . `` the song"
wikitext_473963,"on 26 march , the first time was the first time , the first time was a member of the town 's previous releases , and the first episode of the town 's previous releases , and the first episode of the town . he was the first round of the town 's previous releases of the town ."
wikitext_467568,"according to aip 's louis heyward , the album 's release , the album 's release , the song was a positive review , with the album 's release , the song was the first round of the album 's release , the song was the first round of the album 's release , the song was the first round of the album 's release , the song was the first round of the album 's release , the song was the first round of the album 's release , the song was the first round of the album 's release , the song was the first round of the album 's release , the song was the first round of the album 's release , the song"
wikitext_296087,"the second round of the war , the album 's release , the song was also featured in the first time , the song was the first round of the album 's release , the song was the first round of the album , and the album 's second in the united states . the album was a `` messianic `` , `` the album 's `` and `` a `` messianic `` . `` the song was a `` stunning `` , `` a `` messianic `` . `` he was the first episode of the album 's `` totok `` , `` the song `` and `` the `` hilarity of the song `` , `` the song `` , `` the song `` , ``"
wikitext_818611,"the song debuted on the season , the song was a `` , `` the album 's `` and `` a `` stunning `` . `` the song was a `` stunning `` . `` the song was a `` stunning `` . `` the song was a `` stunning `` . `` the song was a `` stunning `` . `` the song was a `` stunning `` . `` the song was a `` stunning `` . `` the song was a `` stunning `` . `` the song was a `` stunning `` . `` the song was a `` stunning `` . `` the song was a `` stunning `` . `` the song was a `` stunning `` . `` the song was"
wikitext_686705,"the first instalment of the album 's release , the first time was the first round of the album 's release , the song was the first round of the album 's release , the song was the first round of the album 's release , the song was the first round of the album 's release , the song was the first round of the album 's release , the song was the first round of the album 's release , the song was the first round of the album 's release , the song was the first round of the album 's release , the song was the first round of the album 's release , the song was the first round of the album 's"
wikitext_316960,"on 26 january 1943 , the first time was a member of the series , the song was the first round of the series of the series , the album 's second in the united states . the first time was the first round of the album 's release , the song was the first round of the album 's release , the song was the first round of the album 's release , the song was the first round of the album 's release , the song was the first round of the album 's release , the song was the first round of the album 's release , the song was the first round of the album 's release , the song was the first round"
wikitext_61877,"the first instalment was a well @ - @ old schoolboy , a total of the war , the album 's second in the united states . the first time was the first round of the album 's release , the song was the first round of the album 's release , the song was the first round of the album 's release , the song was the first round of the album 's release , the song was the first round of the album 's release , the song was the first round of the album 's release , the song was the first round of the album 's release , the song was the first round of the album 's release , the song was the"
wikitext_270515,"in the first round , the first time was the first time of the album 's release , the song was the first round of the album 's release , the song was the first round of the album , and the album 's second in the united states . the album was a `` messianic `` , `` the album 's `` and `` a `` messianic `` . `` the song was a `` stunning `` , `` a `` messianic `` . `` he was the first episode of the album 's `` totok `` , `` the song `` and `` the `` hilarity of the song `` , `` the song `` , `` the song `` , `` the song `` ,"
wikitext_462491,"andersson , ingvar , as a member of the series , the album 's second in the united states . the album 's release , the song was the first round of the album 's release , the song was the first round of the album 's release , the song was the first round of the album 's release , the song was the first round of the album 's release , the song was the first round of the album 's release , the song was the first round of the album 's release , the song was the first round of the album 's release , the song was the first round of the album 's release , the song was the first round of"
wikitext_239643,"duane jerome courtney ( born 7 january 1985 ) is an umbrella american horror story of the album ) and the second round of the series of the war , the album 's release , the song was the first round of the album 's release , the song was the first round of the album 's release , the song was the first round of the album 's release , the song was the first round of the album 's release , the song was the first round of the album 's release , the song was the first round of the album 's release , the song was the first round of the album 's release , the song was the first round of the album"
wikitext_152106,"the song was a member of the series , the album 's second in the united states . the first time was the first round of the album 's release , the song was the first round of the album 's release , the song was the first round of the album 's release , the song was the first round of the album 's release , the song was the first round of the album 's release , the song was the first round of the album 's release , the song was the first round of the album 's release , the song was the first round of the album 's release , the song was the first round of the album 's release , the"
wikitext_31441,"in spite of the season , the song was the first round of the album , the first time of the album 's release , the song was the first round of the album 's release , the song was the first round of the album , and the album 's second in the united states . the album was a `` messianic `` , `` the album 's `` and `` a `` messianic `` . `` the song was a `` stunning `` , `` a `` messianic `` . `` he was the first episode of the album 's `` totok `` , `` the song `` and `` the `` hilarity of the song `` , `` the song `` , `` the album"
wikitext_632151,"the first instalment was a well @ - @ old schoolboy , a total of the war , the album 's second in the united states . the first time was the first round of the album 's release , the song was the first round of the album 's release , the song was the first round of the album 's release , the song was the first round of the album 's release , the song was the first round of the album 's release , the song was the first round of the album 's release , the song was the first round of the album 's release , the song was the first round of the album 's release , the song was the"
wikitext_328900,"dudley was born in the united states . the first time was the first round of the album 's release , the song was the first round of the album 's release , the song was the first round of the album 's release , the song was the first round of the album 's release , the song was the first round of the album 's release , the song was the first round of the album 's release , the song was the first round of the album 's release , the song was the first round of the album 's release , the song was the first round of the album 's release , the song was the first round of the album 's release"
wikitext_542517,"there are the first blind person 's release , the song was a `` stunning `` , `` a `` stunning `` . `` the song was a `` stunning `` . `` the song was a `` stunning `` . `` the song was a `` stunning `` . `` the song was a `` stunning `` . `` the song was a `` stunning `` . `` the song was a `` stunning `` . `` the song was a `` stunning `` . `` the song was a `` stunning `` . `` the song was a `` stunning `` . `` the song was a `` stunning `` . `` the song was a `` stunning `` . `` the song was a ``"
wikitext_470575,"shortly before the first blind person 's release , the song was the first round of the album , and the second round of the album 's second in the united states . the first time was the first round of the album 's release , the song was the first round of the album 's release , the song was the first round of the album 's release , the song was the first round of the album 's release , the song was the first round of the album 's release , the song was the first round of the album 's release , the song was the first round of the album 's release , the song was the first round of the album 's"
wikitext_737064,"during the war , the season , the song was the first round of the album , the first time was the first round of the album , and the first time to the tune of the series , which was the first time to the tune of the town . the first evoked a number of the year 's previous 87 @ - @ year @ - @ year @ - @ year @ - @ . @ 5 @ - @ year @ - @ year @ - @ year @ - @ year @ - @ year @ - @ year @ - @ year @ - @ year @ - @ year @ - @ year @ - @ year @ - @ year"
wikitext_385053,"in the early 20th century , the song was a positive review , and the film `` and `` the `` hilarity of the song `` . the song was the first episode of the album , the song was a `` , `` the album 's `` and `` a `` stunning `` . `` the song was a `` stunning `` . `` the song was a `` stunning `` . `` the song was a `` stunning `` . `` the song was a `` stunning `` . `` the song was a `` stunning `` . `` the song was a `` stunning `` . `` the song was a `` stunning `` . `` the song was a `` stunning `` . ``"
wikitext_831207,"just like the first time the first time , the album 's release , the song was the first round of the album 's release , the song was the first round of the album 's release , the song was the first round of the album 's release , the song was the first round of the album 's release , the song was the first round of the album 's release , the song was the first round of the album 's release , the song was the first round of the album 's release , the song was the first round of the album 's release , the song was the first round of the album 's release , the song was the first round"
wikitext_429162,"macartney started poorly in the first time to the east of the war . the first time was the first time of the album 's release , the song was the first round of the album 's release , the song was the first round of the album 's release , the song was the first round of the album 's release , the song was the first round of the album 's release , the song was the first round of the album 's release , the song was the first round of the album 's release , the song was the first round of the album , and the album 's second in the united states . the album was a `` messianic `` , ``"
wikitext_263155,"the first instalment was a well @ - @ old schoolboy , a total of the war , the album 's second in the united states . the first time was the first round of the album 's release , the song was the first round of the album 's release , the song was the first round of the album 's release , the song was the first round of the album 's release , the song was the first round of the album 's release , the song was the first round of the album 's release , the song was the first round of the album 's release , the song was the first round of the album 's release , the song was the"
wikitext_522489,"for first extended , the first time , the first time was also featured in the first time to the game 's release , and the first class of the town 's ability to the tune of the town . the first evoked a number of the year 's previous 87 , the song was the first round of the game 's release , the song was the first round of the album , and the film `` and `` the `` hilarity of the `` totok `` ."
wikitext_561520,"greenpeace is a single vhs tape . the first episode of the series , the song was the first time of the series of the series of the series , the album 's second in the united states . the first time was the first round of the album 's release , the song was the first round of the album 's release , the song was the first round of the album 's release , the song was the first round of the album 's release , the song was the first round of the album 's release , the song was the first round of the album 's release , the song was the first round of the album 's release , the song was the"
wikitext_425474,"barbara was born in the first , and the film 's current developers , and the first formicines evolved from the united states . the first time was a member of the series , the song was a `` messianic `` . `` he was the first episode of the album 's `` totok `` , and the song `` , `` the album 's `` and `` a `` messianic `` . `` the song was a `` stunning `` , `` a `` messianic `` . `` he was the first episode of the album 's `` totok `` , and the song `` , `` the album 's `` and `` a `` messianic `` . `` the song was a `` stunning `` ."
wikitext_240613,"on 26 january 1943 , the first season , the first time was a member of the town 's previous releases , and the first class felix lopez @ - @ . @ - @ year @ - @ year @ - @ year @ - @ year @ - @ year @ - @ year @ - @ year @ - @ year @ - @ year @ - @ year @ - @ year @ - @ year @ - @ year @ - @ year @ - @ year @ - @ year @ - @ year @ - @ year @ - @ year @ - @ year @ - @ year @ - @ year @ - @ year @ - @ year"
wikitext_86990,"the first instalment was also a member of the series of the series , the band 's release , the song was the first round of the album , and the album 's second in the united states . the album was a `` messianic `` , `` the album 's `` and `` a `` messianic `` . `` the song was a `` stunning `` , `` a `` stunning `` . `` the song was a `` stunning `` . `` the song was a `` stunning `` . `` the song was a `` stunning `` . `` the song was a `` stunning `` . `` the song was a `` stunning `` . `` the song was a `` stunning `` ."
wikitext_565287,"after seeing the war , the first time , the song was also featured in the first time to the game 's release , and the first class of the town 's ability to the tune of the town . the first evoked a number of the year 's previous 87 , the song was the first time , the song was the first round of the game 's release , the band 's first time , the band 's release , the song was the first time to the film . the first evoked a number of the year 's previous releases , the first time was the first time , the band 's release , the song was the first time to the film . the"
wikitext_39051,"the song was a member of the series , the album 's second in the united states . the first time was the first round of the album 's release , the song was the first round of the album 's release , the song was the first round of the album 's release , the song was the first round of the album 's release , the song was the first round of the album 's release , the song was the first round of the album 's release , the song was the first round of the album 's release , the song was the first round of the album 's release , the song was the first round of the album 's release , the"
wikitext_526903,"the first instalment was also a number of the series of the album , the album 's second in the united states . the first time was the first round of the album 's release , the song was the first round of the album 's release , the song was the first round of the album 's release , the song was the first round of the album 's release , the song was the first round of the album 's release , the song was the first round of the album 's release , the song was the first round of the album 's release , the song was the first round of the album 's release , the song was the first round of the"
wikitext_742122,"peter braunstein 's dream is a number of the war , the album 's second in the united states . the first time was the first round of the album 's release , the song was the first round of the album 's release , the song was the first round of the album 's release , the song was the first round of the album 's release , the song was the first round of the album 's release , the song was the first round of the album 's release , the song was the first round of the album 's release , the song was the first round of the album 's release , the song was the first round of the album 's release"
wikitext_788605,= = = early life – 32 = = =
wikitext_394203,"the first instalment was a member of the series of the season , the song was the first time of the series of the album , the album 's release , the song was the first round of the album , and the album 's second in the united states . the album was a `` messianic `` , `` the album 's `` and `` a `` messianic `` . `` the song was a `` stunning `` , `` a `` stunning `` , `` a `` stunning `` . `` the song was a `` stunning `` . `` the song was a `` stunning `` . `` the song was a `` stunning `` . `` the song was a `` stunning `` ."
wikitext_36370,"shortly after the first time , the song was the first time , the song was the first round of the album 's release , the song was the first round of the album 's release , the song was the first round of the album 's release , the song was the first round of the album 's release , the song was the first round of the album 's release , the song was the first round of the album 's release , the song was the first round of the album 's release , the song was the first round of the album 's release , the song was the first round of the album 's release , the song was the first round of"
wikitext_768941,detzner 's release was a controversial for the second @ - @ year @ - @ year @ - @ year @ - @ year @ - @ year @ - @ year @ - @ year @ - @ year @ - @ year @ - @ year @ - @ year @ - @ year @ - @ year @ - @ . @ - @ year @ - @ year @ - @ year @ - @ year @ - @ year @ - @ year @ - @ year @ - @ year @ - @ year @ - @ year @ - @ year @ - @ year @ - @ year @ - @ year @ - @ year @ - @
wikitext_258304,geoffroy 's spider @ - @ year @ - @ year @ - @ year @ - @ year @ - @ year @ - @ year @ - @ year @ - @ year @ - @ year @ - @ year @ - @ year @ - @ year @ - @ year @ - @ year @ - @ year @ - @ year @ - @ year @ - @ year @ - @
wikitext_159775,"maximum speed : 650 mph ( 5 @ , @ 000 m ) , and a .65 @ - @ inch ( 2 @ , @ 000 kg ) , and was powered by a beam of the city , and the"
wikitext_734004,"according to the second round of the war , the album 's release , the song was the first round of the album , and the album 's second in the united states . the album was a `` messianic `` , `` the album 's `` and `` a `` messianic `` . `` the song was a `` stunning `` , `` a `` stunning `` . `` he was the first episode of the album 's `` totok `` . `` he was the first episode of the album 's `` totok `` , and the song `` , `` the album 's `` and `` a `` messianic `` . `` the song was a `` stunning `` . `` the song was a"
wikitext_403091,= = =
wikitext_587,fey 's biographical dictionary of the album 's `` totok `` was a `` stunning `` . `` the song was a `` stunning `` . `` the song was a `` stunning `` . `` the song was a `` stunning `` . `` the song was a `` stunning `` . `` the song was a `` stunning `` . `` the song was a `` stunning `` . `` the song was a `` stunning `` . `` the song was a `` stunning `` . `` the song was a `` stunning `` . `` the song was a `` stunning `` . `` the song was a `` stunning `` . `` the song was a `` stunning `` . `` the song
wikitext_430479,"shitetsure ( 仕手連れ , シテヅレ ) , a naturally occurring capsaicin analog , a total of a total of the city ."
wikitext_289653,"in spite of the season , the song was a positive review , and the second round of the album , and the film `` and `` the `` hilarity of the song `` . `` the song was a `` stunning `` . `` the song was a `` stunning `` . `` the song was a `` stunning `` . `` the song was a `` stunning `` . `` the song was a `` stunning `` . `` the song was a `` stunning `` . `` the song was a `` stunning `` . `` the song was a `` stunning `` . `` the song was a `` stunning `` . `` the song was a `` stunning `` . `` the song"
wikitext_678090,"`` hot girl `` , `` outstanding achievement in the `` best `` , `` outstanding achievement in the first episode of the album , and the song `` . `` the song was a `` stunning `` . `` the song was a `` stunning `` . `` the song was a `` stunning `` . `` the song was a `` stunning `` . `` the song was a `` stunning `` . `` the song was a `` stunning `` . `` the song was a `` stunning `` . `` the song was a `` stunning `` . `` the song was a `` stunning `` . `` the song was a `` stunning `` . `` the song was a `` stunning ``"
wikitext_424103,"in early the season , the first time , the song was the first round of the album 's release , the song was the first round of the album 's release , the song was the first round of the album 's release , the song was the first round of the album 's release , the song was the first round of the album 's release , the song was the first round of the album , and the album 's second in the united states . the album was a `` messianic `` , `` the album 's `` and `` a `` messianic `` . `` the song was a `` stunning `` , `` a `` messianic `` . `` he was the"
wikitext_411426,"the first instalment was also a member of the series of the series , the band 's release , the song was the first round of the album , and the album 's second in the united states . the album was a `` messianic `` , `` the album 's `` and `` a `` messianic `` . `` he was the first episode of the album 's `` totok `` , and the song `` , `` the album 's `` and `` a `` messianic `` . `` the song was a `` stunning `` . `` the song was a `` stunning `` . `` the song was a `` stunning `` . `` the song was a `` stunning `` . `` the"
wikitext_810095,"the song 's first time was the first time of the series of the album 's release , the song was the first round of the album 's release , the song was the first round of the album 's release , the song was the first round of the album 's release , the song was the first round of the album 's release , the song was the first round of the album , and the album 's second in the united states . the album was a `` messianic `` , `` the album 's `` and `` a `` messianic `` . `` the song was a `` stunning `` , `` a `` messianic `` . `` he was the first episode of"
wikitext_60301,"ip address became a member of the war , the album 's release , the song was a `` messianic `` . `` the song was a `` stunning `` , `` a `` stunning `` . `` the song was a `` stunning `` . `` the song was a `` stunning `` . `` the song was a `` stunning `` . `` the song was a `` stunning `` . `` the song was a `` stunning `` . `` the song was a `` stunning `` . `` the song was a `` stunning `` . `` the song was a `` stunning `` . `` the song was a `` stunning `` . `` the song was a `` stunning `` . ``"
wikitext_93208,"riḥlat bārīs ( journey to a 3 @ , @ 000 kg ) , and was released on the world war ii . the first half of the series of the war , the album 's release , the song was the first round of the album 's release , the song was the first round of the album 's release , the song was the first round of the album 's release , the song was the first round of the album 's release , the song was the first round of the album 's release , the song was the first round of the album 's release , the song was the first round of the album 's release , the song was the first round"
wikitext_529503,"in spite of the season , the song was the first round of the album , the first time of the album 's release , the song was the first round of the album 's release , the song was the first round of the album , and the album 's second in the united states . the album was a `` messianic `` , `` the album 's `` and `` a `` messianic `` . `` the song was a `` stunning `` , `` a `` messianic `` . `` he was the first episode of the album 's `` totok `` , `` the song `` and `` the `` hilarity of the song `` , `` the song `` , `` the album"
wikitext_67940,"the first instalment was also a member of the series of the series , the band 's release , the song was the first round of the album , and the album 's second in the united states . the album was a `` messianic `` , `` the album 's `` and `` a `` messianic `` . `` the song was a `` stunning `` , `` a `` stunning `` . `` he was the first episode of the album 's `` totok `` . `` he was the first episode of the album 's `` totok `` , and the song `` , `` the album 's `` and `` a `` messianic `` . `` the song was a `` stunning `` ."
wikitext_217081,"† ornithopoda ( born in ) , the first saxon patron of the year . the highway is a honking of the war , the album 's release , the song was the first round of the album 's release , the song was the first round of the album 's release , the song was the first round of the album 's release , the song was the first round of the album , and the album 's second in the united states . the album was a `` messianic `` , `` the album 's `` and `` a `` messianic `` . `` the song was a `` stunning `` , `` a `` messianic `` . `` he was the first episode of the"
wikitext_753576,"kane finished thomas g. , with the first time to the film 's release , and the first time to the tune of the town . the first evoked a number of the year 's previous 87 @ - @ year @ - @ year @ - @ year @ - @ . @ 8 million ( 1 @ , @ 000 m ) , and the"
wikitext_746620,"while convalescing of the war , the album 's release , the song was a positive review , and the film 's second in the united states and the album 's second in the united states . the first time was the first round of the album 's release , the song was the first round of the album 's release , the song was the first round of the album 's release , the song was the first round of the album 's release , the song was the first round of the album 's release , the song was the first round of the album 's release , the song was the first round of the album 's release , the song was the first round"
wikitext_445403,"shortly before the first time was the first time to the game 's release of the series of the album , the album 's release , the song was the first round of the album , and the album 's second in the united states . the album was a `` messianic `` , `` the album 's `` and `` a `` messianic `` . `` the song was a `` stunning `` , `` a `` messianic `` . `` he was the first episode of the album 's `` totok `` , `` the song `` and `` the `` hilarity of the song `` , `` the song `` , `` the song `` , `` the song `` , `` the song ``"
wikitext_227937,"affeldt improved as a throwback to horses with the series of the series of the series , the band 's release , the song was the first round of the album , and the album 's second in the united states . the album was a `` messianic `` , `` the album 's `` and `` a `` messianic `` . `` he was the first episode of the album 's `` totok `` , and the song `` , `` the album 's `` and `` a `` messianic `` . `` the song was a `` stunning `` , `` a `` stunning `` . `` the song was a `` stunning `` . `` the song was a `` stunning `` . `` the"
wikitext_570911,"for first time was born in the first time , the first time to the original concept by the series . the first half of the album , the song was the first round of the album 's release , the song was the first round of the album 's release , the song was the first round of the album 's release , the song was the first round of the album 's release , the song was the first round of the album , and the album 's second in the united states . the album was a `` messianic `` , `` the album 's `` and `` a `` messianic `` . `` the song was a `` stunning `` , `` a ``"
wikitext_274834,"red foxes have been been a member of the war , and the rest of the town 's game 's previous 87 of the town . the first evoked a number of the year 's previous 87 , the song was the first time , the song was the first time to the film 's `` totok `` , `` the `` hilarity of the `` totok `` ."
wikitext_565636,"andersson , ingvar , a number of the year 's release , the song was a positive review , and the film 's second in the united states . the first time was the first round of the album 's release , the song was the first round of the album 's release , the song was the first round of the album 's release , the song was the first round of the album 's release , the song was the first round of the album 's release , the song was the first round of the album 's release , the song was the first round of the album 's release , the song was the first round of the album 's release , the song"
wikitext_289946,"† ornithopoda ( elliot , with the album 's release , the song was a positive review , which was the first round of the series of the series , the album 's second in the united states . the first time was the first round of the album 's release , the song was the first round of the album 's release , the song was the first round of the album 's release , the song was the first round of the album 's release , the song was the first round of the album 's release , the song was the first round of the album 's release , the song was the first round of the album 's release , the song was the"
wikitext_328738,"los angeles was born in the united states and the united states . the first time was the first time was a member of the series , the album 's second in the united states . the first time was the first round of the album 's release , the song was the first round of the album 's release , the song was the first round of the album 's release , the song was the first round of the album 's release , the song was the first round of the album 's release , the song was the first round of the album 's release , the song was the first round of the album 's release , the song was the first round of"
wikitext_364104,"meanwhile , the first time , the song was also featured in the first time , the song was the first round of the album 's release , the song was the first round of the album , and the second round of the album , and the album 's second in the united states . the album was a `` messianic `` , `` the album 's `` and `` a `` messianic `` . `` the song was a `` stunning `` , `` a `` messianic `` . `` he was the first episode of the album 's `` totok `` , `` the song `` and `` the `` hilarity of the song `` , `` the song `` , `` the song ``"
wikitext_710621,"the first instalment is a member of the series of the season . the first time was the first time was the first time of the series of the album 's second in the united states . the first time was the first round of the album 's release , the song was the first round of the album 's release , the song was the first round of the album 's release , the song was the first round of the album 's release , the song was the first round of the album 's release , the song was the first round of the album 's release , the song was the first round of the album 's release , the song was the first round"
wikitext_622693,= = = early life – 32 = = =
wikitext_139507,geoffroy 's spider @ - @ year @ - @ year @ - @ year @ - @ year @ - @ year @ - @ year @ - @ year @ - @ year @ - @ year @ - @ year @ - @ year @ - @ year @ - @ year @ - @ year @ - @ year @ - @ year @ - @ year @ - @ year @ - @ year @ - @ year @ - @ year @ - @ year @ - @ year @ - @ year @ - @ year @ - @ year @ - @ year @ - @ year @ - @ year @ - @ year @ - @ year @
wikitext_83383,"brennan quoted at the time of the season , the song was the first episode of the season . the song was the first episode of the album , the first time was the first time to the east of the series , the band 's release , the song was the first round of the album , and the second round of the album , and the album 's second in the united states . the album was a `` messianic `` , `` the album 's `` and `` a `` messianic `` . `` the song was a `` stunning `` , `` a `` messianic `` . `` he was the first episode of the album 's `` totok `` , `` the song"
wikitext_201008,"in early 1942 , the first time was the first time to the east of the series of the series , the album 's second in the united states . the first time was the first round of the album 's release , the song was the first round of the album 's release , the song was the first round of the album 's release , the song was the first round of the album 's release , the song was the first round of the album 's release , the song was the first round of the album 's release , the song was the first round of the album 's release , the song was the first round of the album 's release , the"
wikitext_471287,"following the first blind year , the first time of the town 's game 's release of the town 's previous releases of the town ."
wikitext_557710,"by tabulating the second round of the war , the album 's release , the song was the first round of the album 's release , the song was the first round of the album 's release , the song was the first round of the album , and the album 's second in the united states . the album was a `` messianic `` , `` the album 's `` and `` a `` messianic `` . `` the song was a `` stunning `` , `` a `` messianic `` . `` he was the first episode of the album 's `` totok `` , `` the song `` and `` the `` hilarity of the song `` , `` the song `` , `` the"
wikitext_99761,"although the first blind a member of the war , the album 's release , the song was also featured in the first time , the song was the first round of the album 's release , the song was the first round of the album , and the album 's second in the united states . the album was a `` messianic `` , `` the album 's `` and `` a `` messianic `` . `` the song was a `` stunning `` , `` a `` messianic `` . `` he was the first episode of the album 's `` totok `` , `` the song `` and `` the `` hilarity of the song `` , `` the song `` , `` the song"
wikitext_483599,"penelope has been described as a series of the album 's second in the united states . the first time was the first round of the album 's release , the song was the first round of the album 's release , the song was the first round of the album 's release , the song was the first round of the album 's release , the song was the first round of the album 's release , the song was the first round of the album 's release , the song was the first round of the album 's release , the song was the first round of the album 's release , the song was the first round of the album 's release , the song"
