id,question,final_decision
pubmedqa_521,Pap smears with glandular cell abnormalities: Are they detected by rapid prescreening?,yes
pubmedqa_737,Are patients with Werlhof's disease at increased risk for bleeding complications when undergoing cardiac surgery?,no
pubmedqa_740,Is there a connection between sublingual varices and hypertension?,yes
pubmedqa_660,Does health information exchange reduce redundant imaging?,yes
pubmedqa_411,The promise of specialty pharmaceuticals: are they worth the price?,yes
pubmedqa_678,The colour of pain: can patients use colour to describe osteoarthritis pain?,yes
pubmedqa_626,Is fluoroscopy essential for retrieval of lower ureteric stones?,no
pubmedqa_513,Increased neutrophil migratory activity after major trauma: a factor in the etiology of acute respiratory distress syndrome?,yes
pubmedqa_859,Does the SCL 90-R obsessive-compulsive dimension identify cognitive impairments?,yes
pubmedqa_136,Can transcranial direct current stimulation be useful in differentiating unresponsive wakefulness syndrome from minimally conscious state patients?,yes
pubmedqa_811,Does prostate morphology affect outcomes after holmium laser enucleation?,yes
pubmedqa_76,Injury and poisoning mortality among young men--are there any common factors amenable to prevention?,yes
pubmedqa_636,Are stroke patients' reports of home blood pressure readings reliable?,yes
pubmedqa_973,Is endothelin-1 an aggravating factor in the development of acute pancreatitis?,yes
pubmedqa_938,Is leptin involved in phagocytic NADPH oxidase overactivity in obesity?,yes
pubmedqa_899,Are women who are treated for hypothyroidism at risk for pregnancy complications?,no
pubmedqa_280,Does high blood pressure reduce the risk of chronic low back pain?,yes
pubmedqa_883,"Do the changes in the serum levels of IL-2, IL-4, TNFalpha, and IL-6 reflect the inflammatory activity in the patients with post-ERCP pancreatitis?",yes
pubmedqa_761,Ovarian torsion in children: is oophorectomy necessary?,no
pubmedqa_319,Transsphenoidal pituitary surgery in Cushing's disease: can we predict outcome?,yes
pubmedqa_549,Metastatic carcinoma to the cervical nodes from an unknown head and neck primary site: Is there a need for neck dissection?,no
pubmedqa_174,Quality of life in lung cancer patients: does socioeconomic status matter?,yes
pubmedqa_371,Does somatostatin confer insulinostatic effects of neuromedin u in the rat pancreas?,yes
pubmedqa_527,Staging laparoscopy in patients with hepatocellular carcinoma: is it useful?,no
pubmedqa_210,Can bone thickness and inter-radicular space affect miniscrew placement in posterior mandibular sites?,no
pubmedqa_235,Is oncoplastic surgery a contraindication for accelerated partial breast radiation using the interstitial multicatheter brachytherapy method?,maybe
pubmedqa_101,Do Electrochemiluminescence Assays Improve Prediction of Time to Type 1 Diabetes in Autoantibody-Positive TrialNet Subjects?,yes
pubmedqa_986,Can patient coaching reduce racial/ethnic disparities in cancer pain control?,yes
pubmedqa_902,Is intensive chemotherapy safe for rural cancer patients?,yes
pubmedqa_947,Are IgM-enriched immunoglobulins an effective adjuvant in septic VLBW infants?,yes
pubmedqa_346,Can multiple SNP testing in BRCA2 and BRCA1 female carriers be used to improve risk prediction models in conjunction with clinical assessment?,no
pubmedqa_139,Locoregional opening of the rodent blood-brain barrier for paclitaxel using Nd:YAG laser-induced thermo therapy: a new concept of adjuvant glioma therapy?,yes
pubmedqa_621,Is coeliac disease screening in risk groups justified?,yes
pubmedqa_499,Does loss of consciousness predict neuropsychological decrements after concussion?,no
pubmedqa_370,"Marital status, living arrangement and mortality: does the association vary by gender?",yes
pubmedqa_198,Transesophageal echocardiographic assessment of left ventricular function in brain-dead patients: are marginally acceptable hearts suitable for transplantation?,yes
pubmedqa_687,Delayed diagnosis of anorectal malformations: are current guidelines sufficient?,no
pubmedqa_584,Are higher rates of depression in women accounted for by differential symptom reporting?,no
pubmedqa_901,"Laparoscopic myomectomy: do size, number, and location of the myomas form limiting factors for laparoscopic myomectomy?",no
pubmedqa_59,Can predilatation in transcatheter aortic valve implantation be omitted?,yes
pubmedqa_328,Volume change of uterine myomas during pregnancy: do myomas really grow?,no
pubmedqa_96,Vertical lines in distal esophageal mucosa (VLEM): a true endoscopic manifestation of esophagitis in children?,yes
pubmedqa_312,Is half-dose contrast-enhanced three-dimensional MR angiography sufficient for the abdominal aorta and pelvis?,yes
pubmedqa_974,"Malnutrition, a new inducer for arterial calcification in hemodialysis patients?",yes
pubmedqa_299,Can the prognosis of polymyalgia rheumatica be predicted at disease onset?,yes
pubmedqa_277,Does open access publishing increase the impact of scientific articles?,yes
pubmedqa_924,Are intraoperative precursor events associated with postoperative major adverse events?,yes
pubmedqa_601,Is ultrasound equal to X-ray in pediatric fracture diagnosis?,yes
pubmedqa_439,Is an advance care planning model feasible in community palliative care?,yes
pubmedqa_837,Are 99mTc leukocyte scintigraphy and SBFT studies useful in children suspected of having inflammatory bowel disease?,yes
pubmedqa_570,Do European people with type 1 diabetes consume a high atherogenic diet?,yes
pubmedqa_879,Is digoxin use for cardiovascular disease associated with risk of prostate cancer?,yes
pubmedqa_261,Optimism and survival: does an optimistic outlook predict better survival at advanced ages?,yes
pubmedqa_578,Do teleoncology models of care enable safe delivery of chemotherapy in rural towns?,yes
pubmedqa_23,Do nomograms designed to predict biochemical recurrence (BCR) do a better job of predicting more clinically relevant prostate cancer outcomes than BCR?,yes
pubmedqa_30,Necrotizing fasciitis: an indication for hyperbaric oxygenation therapy?,no
pubmedqa_617,Has the use of complementary and alternative medicine therapies by U.S. adults with chronic disease-related functional limitations changed from 2002 to 2007?,yes
pubmedqa_10,Did Chile's traffic law reform push police enforcement?,yes
pubmedqa_221,Does the use of atypical antipsychotics as adjunctive therapy in depression result in cost savings?,no
pubmedqa_820,The Omega-3 Index: a new risk factor for death from coronary heart disease?,yes
pubmedqa_296,The nurse cystoscopist: a feasible option?,yes
pubmedqa_54,Sternal fracture in growing children : A rare and often overlooked fracture?,maybe
pubmedqa_542,Could Adult European Pharmacoresistant Epilepsy Patients Be Treated With Higher Doses of Zonisamide?,yes
pubmedqa_209,Three-dimensional ultrasound-validated large-core needle biopsy: is it a reliable method for the histological assessment of breast lesions?,yes
pubmedqa_604,Is portable ultrasonography accurate in the evaluation of Schanz pin placement during extremity fracture fixation in austere environments?,yes
pubmedqa_692,Does normothermic normokalemic simultaneous antegrade/retrograde perfusion improve myocardial oxygenation and energy metabolism for hypertrophied hearts?,no
pubmedqa_662,Endovenous laser ablation in the treatment of small saphenous varicose veins: does site of access influence early outcomes?,no
pubmedqa_866,Can gingival crevicular blood be relied upon for assessment of blood glucose level?,yes
pubmedqa_70,Is a specialised training of phonological awareness indicated in every preschool child?,maybe
pubmedqa_543,Does early migraine treatment shorten time to headache peak and reduce its severity?,yes
pubmedqa_107,Department of Transportation vs self-reported data on motor vehicle collisions and driving convictions for stroke survivors: do they agree?,no
pubmedqa_493,Is amoxapine an atypical antipsychotic?,yes
pubmedqa_590,Should all patients be optimized to the same preoperative hemoglobin level to avoid transfusion in primary knee arthroplasty?,no
pubmedqa_741,Can CT predict the level of CSF block in tuberculous hydrocephalus?,yes
pubmedqa_292,Prescriptions as a proxy for asthma in children: a good choice?,no
pubmedqa_289,Do approved doctors and medical referees in the UK agree when assessing a seafarer's fitness?,no
pubmedqa_652,Chemoradiation instead of surgery to treat mid and low rectal tumors: is it safe?,no
pubmedqa_39,Does diabetes mellitus influence the efficacy of FDG-PET in the diagnosis of cervical cancer?,no
pubmedqa_589,Do microbiological factors account for poor pregnancy outcome among unmarried pregnant women in Poland?,yes
pubmedqa_307,Does lunar position influence the time of delivery?,yes
pubmedqa_679,Inpatient Pediatric Tonsillectomy: Does Hospital Type Affect Cost and Outcomes of Care?,yes
pubmedqa_66,Does a colonoscopy after acute diverticulitis affect its management?,no
pubmedqa_275,Are increased carotid artery pulsatility and resistance indexes early signs of vascular abnormalities in young obese males?,yes
pubmedqa_67,Do instrumental activities of daily living predict dementia at 1- and 2-year follow-up?,yes
pubmedqa_318,Do familiar teammates request and accept more backup?,yes
pubmedqa_548,Do adjuvant aromatase inhibitors increase the cardiovascular risk in postmenopausal women with early breast cancer?,yes
pubmedqa_998,Can autologous platelet-rich plasma gel enhance healing after surgical extraction of mandibular third molars?,yes
pubmedqa_714,Does growth hormone replacement therapy reduce mortality in adults with growth hormone deficiency?,no
pubmedqa_753,Does laparoscopic cholecystectomy influence peri-sinusoidal cell activity?,yes
pubmedqa_327,Can routinely collected ambulance data about assaults contribute to reduction in community violence?,maybe
pubmedqa_382,Clinical identifiers for early-stage primary/idiopathic adhesive capsulitis: are we seeing the real picture?,no
pubmedqa_451,Lloyd-Davies position with Trendelenburg--a disaster waiting to happen?,yes
pubmedqa_522,The HELPP syndrome--evidence of a possible systemic inflammatory response in pre-eclampsia?,yes
pubmedqa_218,Does topical ropivacaine reduce the post-tonsillectomy morbidity in pediatric patients?,yes
pubmedqa_787,Does base deficit predict mortality in patients with severe traumatic brain injury?,no
pubmedqa_436,Does having a regular primary care clinician improve quality of preventive care for young children?,yes
pubmedqa_764,Are high flow nasal cannulae noisier than bubble CPAP for preterm infants?,no
pubmedqa_88,Does multi-modal cervical physical therapy improve tinnitus in patients with cervicogenic somatic tinnitus?,yes
pubmedqa_63,Does a 4 diagram manual enable laypersons to operate the Laryngeal Mask Supreme®?,yes
pubmedqa_826,Does SYNTAX score predict in-hospital outcomes in patients with ST elevation myocardial infarction undergoing primary percutaneous coronary intervention?,yes
pubmedqa_716,Can serum be used for analyzing the EGFR mutation status in patients with advanced non-small cell lung cancer?,yes
pubmedqa_351,Is scintigraphy a guideline method in determining amputation levels in diabetic foot?,yes
pubmedqa_936,Does ossification of the posterior longitudinal ligament affect the neurological outcome after traumatic cervical cord injury?,no
pubmedqa_256,Is breast cancer prognosis inherited?,yes
pubmedqa_635,Does early discharge with nurse home visits affect adequacy of newborn metabolic screening?,no
pubmedqa_644,Can dentists recognize manipulated digital radiographs?,no
pubmedqa_554,Are WHO/UNAIDS/UNICEF-recommended replacement milks for infants of HIV-infected mothers appropriate in the South African context?,no
pubmedqa_959,Is the h-index predictive of greater NIH funding success among academic radiologists?,yes
pubmedqa_168,Is it necessary to insert a nasobiliary drainage tube routinely after endoscopic clearance of the common bile duct in patients with choledocholithiasis-induced cholangitis?,no
pubmedqa_917,Does radiotherapy around the time of pregnancy for Hodgkin's disease modify the risk of breast cancer?,yes
pubmedqa_528,Can echocardiography and ECG discriminate hereditary transthyretin V30M amyloidosis from hypertrophic cardiomyopathy?,yes
pubmedqa_823,Does the sex of acute stroke patients influence the effectiveness of rt-PA?,no
pubmedqa_985,Does septoplasty change the dimensions of compensatory hypertrophy of the middle turbinate?,no
pubmedqa_816,Do ventricular arrhythmias in athletes subside over time?,yes
pubmedqa_86,Is it Crohn's disease?,maybe
pubmedqa_432,Can dobutamine stress echocardiography induce cardiac troponin elevation?,no
pubmedqa_184,Are there risk factors that increase the rate of staple line leakage in patients undergoing primary sleeve gastrectomy for morbid obesity?,yes
pubmedqa_978,Is eligibility for a chemotherapy protocol a good prognostic factor for invasive bladder cancer after radical cystectomy?,yes
pubmedqa_534,Is anorectal endosonography valuable in dyschesia?,yes
pubmedqa_294,Proof of concept study: does fenofibrate have a role in sleep apnoea syndrome?,yes
pubmedqa_892,Can clinical supervision sustain our workforce in the current healthcare landscape?,yes
pubmedqa_425,Are octogenarians at high risk for carotid endarterectomy?,no
pubmedqa_713,Is the 7th TNM edition suitable for biological predictor in early gastric cancer?,yes
pubmedqa_260,Does Residency Selection Criteria Predict Performance in Orthopaedic Surgery Residency?,yes
pubmedqa_237,Estimation of basal metabolic rate in Chinese: are the current prediction equations applicable?,yes
pubmedqa_559,Are physicians meeting the needs of family caregivers of the frail elderly?,no
pubmedqa_583,Screening for gestational diabetes mellitus: are the criteria proposed by the international association of the Diabetes and Pregnancy Study Groups cost-effective?,yes
pubmedqa_445,The secular growth acceleration: does it appear during fetal life?,no
pubmedqa_867,Predicting admission at triage: are nurses better than a simple objective score?,yes
pubmedqa_800,Two-year follow-up survey of patients with allergic contact dermatitis from an occupational cohort: is the prognosis dependent on the omnipresence of the allergen?,yes
pubmedqa_599,Reporting and interpreting red blood cell morphology: is there discordance between clinical pathologists and clinicians?,yes
pubmedqa_849,Double reading of barium enemas: is it necessary?,no
pubmedqa_265,Are pectins involved in cold acclimation and de-acclimation of winter oil-seed rape plants?,yes
pubmedqa_995,Does gestational age misclassification explain the difference in birthweights for Australian aborigines and whites?,no
pubmedqa_529,Does pediatric housestaff experience influence tests ordered for infants in the neonatal intensive care unit?,yes
pubmedqa_55,Is there a correlation between androgens and sexual desire in women?,yes
pubmedqa_120,Do patients with rheumatoid arthritis established on methotrexate and folic acid 5 mg daily need to continue folic acid supplements long term?,yes
pubmedqa_215,Can 'high-risk' human papillomaviruses (HPVs) be detected in human breast milk?,no
pubmedqa_25,Amblyopia: is visual loss permanent?,no
pubmedqa_72,Is the combination with 2-methoxyestradiol able to reduce the dosages of chemotherapeutices in the treatment of human ovarian cancer?,yes
pubmedqa_44,Is motion perception deficit in schizophrenia a consequence of eye-tracking abnormality?,yes
pubmedqa_247,Is the international normalised ratio (INR) reliable?,maybe
pubmedqa_721,Longer term quality of life and outcome in stroke patients: is the Barthel index alone an adequate measure of outcome?,yes
pubmedqa_281,Does responsibility affect the public's valuation of health care interventions?,maybe
pubmedqa_893,Is the determination of specific IgE against components using ISAC 112 a reproducible technique?,yes
pubmedqa_914,Is endometrial polyp formation associated with increased expression of vascular endothelial growth factor and transforming growth factor-beta1?,yes
pubmedqa_810,Does feeding tube insertion and its timing improve survival?,no
pubmedqa_244,Is there a role for endothelin-1 in the hemodynamic changes during hemodialysis?,maybe
pubmedqa_822,Do cytokine concentrations in pancreatic juice predict the presence of pancreatic diseases?,yes
pubmedqa_321,Are UK radiologists satisfied with the training and support received in suspected child abuse?,no
pubmedqa_643,Can static foot posture measurements predict regional plantar surface area?,yes
pubmedqa_158,Can bisphosphonate treatment be stopped in a growing child with skeletal fragility?,maybe
pubmedqa_977,Can the Internet be used to improve sexual health awareness in web-wise young people?,maybe
pubmedqa_429,Oral mucocele/ranula: Another human immunodeficiency virus-related salivary gland disease?,yes
pubmedqa_941,Is laparoscopic sonography a reliable and sensitive procedure for staging colorectal cancer?,yes
pubmedqa_462,Laminoplasty outcomes: is there a difference between patients with degenerative stenosis and those with ossification of the posterior longitudinal ligament?,no
pubmedqa_309,Prostatic syndrome and pleural effusion: are they different diseases?,maybe
pubmedqa_697,Are there gender differences in the reasons why African Americans delay in seeking medical help for symptoms of an acute myocardial infarction?,yes
pubmedqa_60,Autoerotic asphyxiation: secret pleasure--lethal outcome?,yes
pubmedqa_884,Is routine intraoperative frozen-section examination of sentinel lymph nodes in breast cancer worthwhile?,maybe
pubmedqa_595,Prognosis of low-tone sudden deafness - does it inevitably progress to Meniere's disease?,no
pubmedqa_767,"Antiretroviral therapy related adverse effects: Can sub-Saharan Africa cope with the new ""test and treat"" policy of the World Health Organization?",no
pubmedqa_649,A comparison of 500 prefilled textured saline breast implants versus 500 standard textured saline breast implants: is there a difference in deflation rates?,yes
pubmedqa_650,Do foreign bodies migrate through the body towards the heart?,no
pubmedqa_865,Is bicompartmental knee arthroplasty more favourable to knee muscle strength and physical performance compared to total knee arthroplasty?,no
pubmedqa_668,Is there a role for fondaparinux in perioperative bridging?,no
pubmedqa_298,Is specialty care associated with improved survival of patients with congestive heart failure?,yes
pubmedqa_689,Comparative safety of infliximab and etanercept on the risk of serious infections: does the association vary by patient characteristics?,yes
pubmedqa_314,High cumulative insulin exposure: a risk factor of atherosclerosis in type 1 diabetes?,yes
pubmedqa_310,Telemedicine and type 1 diabetes: is technology per se sufficient to improve glycaemic control?,yes
pubmedqa_361,MR Diagnosis of Bone Metastases at 1.5 T and 3 T: Can STIR Imaging Be Omitted?,yes
pubmedqa_479,Long-term significance of postictal psychotic episodes II. Are they predictive of interictal psychotic episodes?,yes
pubmedqa_110,Does self-efficacy mediate the relationship between transformational leadership behaviours and healthcare workers' sleep quality?,maybe
pubmedqa_989,Do Indigenous Australians age prematurely?,no
pubmedqa_486,Dose end-tidal carbon dioxide measurement correlate with arterial carbon dioxide in extremely low birth weight infants in the first week of life?,yes
pubmedqa_363,Does pain intensity predict a poor opioid response in cancer patients?,no
pubmedqa_254,Does the Child Health Computing System adequately identify children with cerebral palsy?,no
pubmedqa_259,Stage I non-small cell lung carcinoma: really an early stage?,no
pubmedqa_802,Can nurse-led preoperative education reduce anxiety and postoperative complications of patients undergoing cardiac surgery?,yes
pubmedqa_677,Is transurethral catheterisation the ideal method of bladder drainage?,no
pubmedqa_494,Does topical N-acetylcysteine application after myringotomy cause severe otorrhea?,yes
pubmedqa_670,Patient comprehension of emergency department care and instructions: are patients aware of when they do not understand?,no
pubmedqa_377,Does elective re-siting of intravenous cannulae decrease peripheral thrombophlebitis?,yes
pubmedqa_526,Are pelvic anatomical structures in danger during arthroscopic acetabular labral repair?,yes
pubmedqa_845,Does short-term treatment with proton pump inhibitors cause rebound aggravation of symptoms?,no
pubmedqa_137,Aromatase inhibitor-related musculoskeletal symptoms: is preventing osteoporosis the key to eliminating these symptoms?,yes
pubmedqa_355,Is vitamin D insufficiency or deficiency related to the development of osteochondritis dissecans?,maybe
pubmedqa_365,Is there an intrauterine influence on obesity?,no
pubmedqa_942,Is alexithymia a risk factor for unexplained physical symptoms in general medical outpatients?,no
pubmedqa_749,Can emergency physicians accurately and reliably assess acute vertigo in the emergency department?,yes
pubmedqa_948,Is resected stomach volume related to weight loss after laparoscopic sleeve gastrectomy?,no
pubmedqa_829,Does frozen section alter surgical management of multinodular thyroid disease?,no
pubmedqa_656,Are there effects of intrauterine cocaine exposure on delinquency during early adolescence?,no
pubmedqa_199,Attenuation of ischemia/reperfusion-induced ovarian damage in rats: does edaravone offer protection?,yes
pubmedqa_213,Does age moderate the effect of personality disorder on coping style in psychiatric inpatients?,yes
pubmedqa_408,Global Longitudinal Pathway: has medical education curriculum influenced medical students' skills and attitudes toward culturally diverse populations?,yes
pubmedqa_332,Eyelid-parotid metastasis: do we screen for coexisting masses?,yes
pubmedqa_208,Measurement of head and neck paragangliomas: is volumetric analysis worth the effort?,yes
pubmedqa_613,Is irritable bowel syndrome a diagnosis of exclusion?,maybe
pubmedqa_78,Does either obesity or OSA severity influence the response of autotitrating CPAP machines in very obese subjects?,yes
pubmedqa_29,Visceral adipose tissue area measurement at a single level: can it represent visceral adipose tissue volume?,yes
pubmedqa_535,Production of chemokines by perivascular adipose tissue: a role in the pathogenesis of atherosclerosis?,yes
pubmedqa_695,Is the Androgen Deficiency of Aging Men (ADAM) questionnaire useful for the screening of partial androgenic deficiency of aging men?,no
pubmedqa_557,Epidural analgesia for surgical treatment of peritoneal carcinomatosis: a risky technique?,no
pubmedqa_836,Can dogs prime autistic children for therapy?,yes
pubmedqa_596,Can pictorial warning labels on cigarette packages address smoking-related health disparities?,yes
pubmedqa_165,Is the use of cyanoacrylate in intestinal anastomosis a good and reliable alternative?,yes
pubmedqa_918,Should displaced midshaft clavicular fractures be treated surgically?,yes
pubmedqa_495,Is non-HDL-cholesterol a better predictor of long-term outcome in patients after acute myocardial infarction compared to LDL-cholesterol?,yes
pubmedqa_824,Are head and neck specific quality of life measures necessary?,yes
pubmedqa_65,Should circumcision be performed in childhood?,no
pubmedqa_141,Is horizontal semicircular canal ocular reflex influenced by otolith organs input?,yes
pubmedqa_925,Does a family meetings intervention prevent depression and anxiety in family caregivers of dementia patients?,no
pubmedqa_827,Is micro-computed tomography reliable to determine the microstructure of the maxillary alveolar bone?,yes
pubmedqa_655,Are variations in the use of carotid endarterectomy explained by population Need?,no
pubmedqa_331,Profiling quality of care: Is there a role for peer review?,yes
pubmedqa_664,Do people who were passive smokers during childhood have increased risk of long-term work disability?,yes
pubmedqa_249,PSA repeatedly fluctuating levels are reassuring enough to avoid biopsy?,no
pubmedqa_907,Combining process indicators to evaluate quality of care for surgical patients with colorectal cancer: are scores consistent with short-term outcome?,maybe
pubmedqa_708,Does continuous intravenous infusion of low-concentration epinephrine impair uterine blood flow in pregnant ewes?,no
pubmedqa_305,Systematic use of patient-rated depression severity monitoring: is it helpful and feasible in clinical psychiatry?,yes
pubmedqa_734,Does ambulatory process of care predict health-related quality of life outcomes for patients with chronic disease?,yes
pubmedqa_975,Does glomerular hyperfiltration in pregnancy damage the kidney in women with more parities?,no
pubmedqa_49,Assessment of carotid artery stenosis before coronary artery bypass surgery. Is it always necessary?,no
pubmedqa_896,Do women with ovaries of polycystic morphology without any other features of PCOS benefit from short-term metformin co-treatment during IVF?,no
pubmedqa_2,"Syncope during bathing in infants, a pediatric form of water-induced urticaria?",yes
pubmedqa_544,Does the manic/mixed episode distinction in bipolar disorder patients run true over time?,yes
pubmedqa_350,Birth characteristics and risk of low intellectual performance in early adulthood: are the associations confounded by socioeconomic factors in adolescence or familial effects?,no
pubmedqa_904,Is atropine needed with ketamine sedation?,yes
pubmedqa_536,Continuity of care experience of residents in an academic vascular department: are trainees learning complete surgical care?,no
pubmedqa_344,Clinician assessment for acute chest syndrome in febrile patients with sickle cell disease: is it accurate enough?,no
pubmedqa_994,Does desflurane alter left ventricular function when used to control surgical stimulation during aortic surgery?,no
pubmedqa_481,Blunt trauma in intoxicated patients: is computed tomography of the abdomen always necessary?,no
pubmedqa_575,Substance use and HIV-related sexual behaviors among US high school students: are they related?,yes
pubmedqa_33,Is Acupuncture Efficacious for Treating Phonotraumatic Vocal Pathologies?,yes
pubmedqa_31,Is the Hawkins sign able to predict necrosis in fractures of the neck of the astragalus?,maybe
pubmedqa_231,Does cup-cage reconstruction with oversized cups provide initial stability in THA for osteoporotic acetabular fractures?,yes
pubmedqa_963,Outcomes of severely injured adult trauma patients in an Australian health service: does trauma center level make a difference?,yes
pubmedqa_192,Is the holmium:YAG laser the best intracorporeal lithotripter for the ureter?,yes
pubmedqa_333,Will CT ordering practices change if we educate residents about the potential effects of radiation exposure?,no
pubmedqa_3,Are the long-term results of the transanal pull-through equal to those of the transabdominal pull-through?,no
pubmedqa_204,Is unsafe sexual behaviour increasing among HIV-infected individuals?,no
pubmedqa_514,BCRABL transcript detection by quantitative real-time PCR : are correlated results possible from homebrew assays?,maybe
pubmedqa_799,Does telmisartan prevent hepatic fibrosis in rats with alloxan-induced diabetes?,yes
pubmedqa_306,Treadmill training post stroke: are there any secondary benefits?,yes
pubmedqa_109,Does the lipid-lowering peroxisome proliferator-activated receptors ligand bezafibrate prevent colon cancer in patients with coronary artery disease?,yes
pubmedqa_430,Is there an increase in the incidence of gbs carrier rates among pregnant women in northern Israel?,yes
pubmedqa_77,Continuation of pregnancy after antenatal corticosteroid administration: opportunity for rescue?,maybe
pubmedqa_84,Treatment of contralateral hydrocele in neonatal testicular torsion: Is less more?,maybe
pubmedqa_286,Do symptoms predict COPD in smokers?,no
pubmedqa_82,Immune suppression by lysosomotropic amines and cyclosporine on T-cell responses to minor and major histocompatibility antigens: does synergy exist?,yes
pubmedqa_991,Ultrasound in squamous cell carcinoma of the penis; a useful addition to clinical staging?,yes
pubmedqa_789,Does confined placental mosaicism account for adverse perinatal outcomes in IVF pregnancies?,no
pubmedqa_894,Is the first urinary albumin/creatinine ratio (ACR) in women with suspected preeclampsia a prognostic factor for maternal and neonatal adverse outcome?,yes
pubmedqa_398,Do African American women require fewer calories to maintain weight?,no
pubmedqa_323,Can the condition of the cell microenvironment of mediastinal lymph nodes help predict the risk of metastases in non-small cell lung cancer?,yes
pubmedqa_519,Does a febrile reaction to platelets predispose recipients to red blood cell alloimmunization?,yes
pubmedqa_916,Is it possible to stop treatment with nucleos(t)ide analogs in patients with e-antigen negative chronic hepatitis B?,maybe
pubmedqa_922,Rectal cancer threatening or affecting the prostatic plane: is partial prostatectomy oncologically adequate?,maybe
pubmedqa_5,Double balloon enteroscopy: is it efficacious and safe in a community setting?,yes
pubmedqa_731,Cholesterol screening in school children: is family history reliable to choose the ones to screen?,no
pubmedqa_465,Hypotension in patients with coronary disease: can profound hypotensive events cause myocardial ischaemic events?,yes
pubmedqa_97,Does hypoglycaemia increase the risk of cardiovascular events?,yes
pubmedqa_266,Updating emotional content in working memory: a depression-specific deficit?,yes
pubmedqa_357,Mitral replacement or repair for functional mitral regurgitation in dilated and ischemic cardiomyopathy: is it really the same?,no
pubmedqa_868,Target Serum Urate: Do Gout Patients Know Their Goal?,no
pubmedqa_798,Does government assistance improve utilization of eye care services by low-income individuals?,maybe
pubmedqa_380,Totally implantable venous access device placement by interventional radiologists: are prophylactic antibiotics necessary?,no
pubmedqa_631,Are virtual planning and guided surgery for head and neck reconstruction economically viable?,yes
pubmedqa_381,Starting insulin in type 2 diabetes: continue oral hypoglycemic agents?,yes
pubmedqa_490,Does increased nerve length within the treatment volume improve trigeminal neuralgia radiosurgery?,no
pubmedqa_118,"The Main Gate Syndrome: a new format in mass-casualty victim ""surge"" management?",yes
pubmedqa_900,Internal derangement of the temporomandibular joint: is there still a place for ultrasound?,no
pubmedqa_250,Is zero central line-associated bloodstream infection rate sustainable?,yes
pubmedqa_523,Spleen-preserving distal pancreatectomy with resection of the splenic vessels. Should one rely on the short gastric arteries?,no
pubmedqa_9,A short stay or 23-hour ward in a general and academic children's hospital: are they effective?,yes
pubmedqa_196,Does vaginal intraepithelial neoplasia have the same evolution as cervical intraepithelial neoplasia?,maybe
pubmedqa_603,Hearing loss: an unknown complication of pre-eclampsia?,yes
pubmedqa_81,Aripiprazole: a new risk factor for pathological gambling?,yes
pubmedqa_783,Does the aggressive use of polyvalent antivenin for rattlesnake bites result in serious acute side effects?,no
pubmedqa_587,Serum angiotensin-converting enzyme and frequency of severe hypoglycaemia in Type 1 diabetes: does a relationship exist?,yes
pubmedqa_797,MiraLAX vs. Golytely: is there a significant difference in the adenoma detection rate?,yes
pubmedqa_239,Spinal subdural hematoma: a sequela of a ruptured intracranial aneurysm?,yes
pubmedqa_290,Hepatorenal syndrome: are we missing some prognostic factors?,yes
pubmedqa_211,Do general practice selection scores predict success at MRCGP?,yes
pubmedqa_717,Do Web-based and clinic samples of gay men living with HIV differ on self-reported physical and psychological symptoms?,maybe
pubmedqa_359,Is cholecystectomy really an indication for concomitant splenectomy in mild hereditary spherocytosis?,no
pubmedqa_449,Bridge experience with long-term implantable left ventricular assist devices. Are they an alternative to transplantation?,yes
pubmedqa_227,Can folic acid protect against congenital heart defects in Down syndrome?,no
pubmedqa_950,Do ART patients face higher C-section rates during their stage of delivery?,yes
pubmedqa_946,Can Ambu self-inflating bag and Neopuff infant resuscitator provide adequate and safe manual inflations for infants up to 10 kg weight?,maybe
pubmedqa_796,Globulomaxillary cysts--do they really exist?,no
pubmedqa_501,Does patella position influence ligament balancing in total knee arthroplasty?,yes
pubmedqa_464,Is acute fibrinous and organizing pneumonia the expression of immune dysregulation?,yes
pubmedqa_362,Histologic evaluation of the testicular remnant associated with the vanishing testes syndrome: is surgical management necessary?,yes
pubmedqa_468,Is routine chest radiography after transbronchial biopsy necessary?,no
pubmedqa_935,Have antiepileptic drug prescription claims changed following the FDA suicidality warning?,no
pubmedqa_428,Screening History Among Women with Invasive Cervical Cancer in an Academic Medical Center: Will We Miss Cancers Following Updated Guidelines?,no
pubmedqa_7,Is adjustment for reporting heterogeneity necessary in sleep disorders?,no
pubmedqa_155,Traumatic aortic injury: does the anatomy of the aortic arch influence aortic trauma severity?,yes
pubmedqa_541,Is EQ-5D a valid quality of life instrument in patients with acute coronary syndrome?,yes
pubmedqa_440,Do preoperative serum C-reactive protein levels predict the definitive pathological stage in patients with clinically localized prostate cancer?,no
pubmedqa_482,Chronic progressive cervical myelopathy with HTLV-I infection: Variant form of HAM/TSP?,yes
pubmedqa_422,Are pediatric concussion patients compliant with discharge instructions?,yes
pubmedqa_778,Can the postoperative pain level be predicted preoperatively?,yes
pubmedqa_949,Resection of colorectal liver metastases after second-line chemotherapy: is it worthwhile?,no
pubmedqa_334,Does context matter for the relationship between deprivation and all-cause mortality?,no
pubmedqa_576,Does sex influence the response to intravenous thrombolysis in ischemic stroke?,yes
pubmedqa_934,"Suturing of the nasal septum after septoplasty, is it an effective alternative to nasal packing?",yes
pubmedqa_567,Is discordance in TEOAE and AABR outcomes predictable in newborns?,yes
pubmedqa_594,Are bipolar disorders underdiagnosed in patients with depressive episodes?,maybe
pubmedqa_530,Is robotically assisted laparoscopic radical prostatectomy less invasive than retropubic radical prostatectomy?,yes
pubmedqa_581,Can vaginal pH be measured from the wet mount slide?,no
pubmedqa_707,Does preloading with colloids prevent hemodynamic changes when neurosurgical patients are subsequently changed to the seated position?,yes
pubmedqa_448,Does quantitative left ventricular regional wall motion change after fibrous tissue resection in endomyocardial fibrosis?,no
pubmedqa_453,Is the Retromandibular Transparotid Approach a Reliable Option for the Surgical Treatment of Condylar Fractures?,yes
pubmedqa_228,Are there mental health differences between francophone and non-francophone populations in manitoba?,maybe
pubmedqa_352,Is determination between complete and incomplete traumatic spinal cord injury clinically relevant?,maybe
pubmedqa_728,Do we need imaging to diagnose appendicitis in children?,maybe
pubmedqa_212,The Deformity Angular Ratio: Does It Correlate With High-Risk Cases for Potential Spinal Cord Monitoring Alerts in Pediatric 3-Column Thoracic Spinal Deformity Corrective Surgery?,yes
pubmedqa_79,Does the clinical presentation of a prior preterm birth predict risk in a subsequent pregnancy?,yes
pubmedqa_148,Do all ethnic groups in New Zealand exhibit socio-economic mortality gradients?,yes
pubmedqa_302,Could the extent of lymphadenectomy be modified by neoadjuvant chemotherapy in cervical cancer?,no
pubmedqa_628,Are lower fasting plasma glucose levels at diagnosis of type 2 diabetes associated with improved outcomes?,yes
pubmedqa_777,Is hypoalbuminemia an independent prognostic factor in patients with gastric cancer?,no
pubmedqa_506,Does ischemic preconditioning require reperfusion before index ischemia?,no
pubmedqa_342,Can we rely on arterial line sampling in performing activated plasma thromboplastin time after cardiac surgery?,no
pubmedqa_485,Is obesity a risk factor for wheezing among adolescents?,yes
pubmedqa_711,Can clinicians use the PHQ-9 to assess depression in people with vision loss?,yes
pubmedqa_133,The inverse equity hypothesis: does it apply to coverage of cancer screening in middle-income countries?,yes
pubmedqa_703,Do viral infections have a role in benign paroxysmal positional vertigo?,yes
pubmedqa_311,Is controlled ovarian stimulation in intrauterine insemination an acceptable therapy in couples with unexplained non-conception in the perspective of multiple pregnancies?,no
pubmedqa_722,Do women residents delay childbearing due to perceived career threats?,yes
pubmedqa_629,Do elderly patients call 911 when presented with clinical scenarios suggestive of acute stroke?,maybe
pubmedqa_0,Do mitochondria play a role in remodelling lace plant leaves during programmed cell death?,yes
pubmedqa_316,Do older patients who refuse to participate in a self-management intervention in the Netherlands differ from older patients who agree to participate?,yes
pubmedqa_706,Does psychological distress predict disability?,yes
pubmedqa_547,Out of the smokescreen II: will an advertisement targeting the tobacco industry affect young people's perception of smoking in movies and their intention to smoke?,yes
pubmedqa_872,Recurrent spontaneous abortion and skewed X-inactivation: is there an association?,no
pubmedqa_532,c-Kit-dependent growth of uveal melanoma cells: a potential therapeutic target?,yes
pubmedqa_477,Colorectal cancer in young patients: is it a distinct clinical entity?,yes
pubmedqa_404,Does binge drinking during early pregnancy increase the risk of psychomotor deficits?,no
pubmedqa_172,Are patients willing participants in the new wave of community-based medical education in regional and rural Australia?,yes
pubmedqa_125,Is duration of psychological treatment for depression related to return into treatment?,yes
pubmedqa_394,Are interstitial fluid concentrations of meropenem equivalent to plasma concentrations in critically ill patients receiving continuous renal replacement therapy?,no
pubmedqa_420,Does accompanying metabolic syndrome contribute to heart dimensions in hypertensive patients?,maybe
pubmedqa_552,Is Alveolar Macrophage Phagocytic Dysfunction in Children With Protracted Bacterial Bronchitis a Forerunner to Bronchiectasis?,yes
pubmedqa_903,Does sex affect the outcome of laparoscopic cholecystectomy?,yes
pubmedqa_90,Is HIV/STD control in Jamaica making a difference?,yes
pubmedqa_939,Canada's Compassionate Care Benefit: is it an adequate public health response to addressing the issue of caregiver burden in end-of-life care?,no
pubmedqa_181,Are performance measurement systems useful?,yes
pubmedqa_274,Delays in time to primary treatment after a diagnosis of breast cancer: does it impact survival?,no
pubmedqa_895,Is there awareness of pharmaceutical expenditure in the reformed primary care system?,no
pubmedqa_69,"Body perception: do parents, their children, and their children's physicians perceive body image differently?",yes
pubmedqa_291,Vaginal dose assessment in image-guided brachytherapy for cervical cancer: Can we really rely on dose-point evaluation?,maybe
pubmedqa_131,Remote ischemic postconditioning: does it protect against ischemic damage in percutaneous coronary revascularization?,yes
pubmedqa_300,Should ascitis volume and anthropometric measurements be estimated in hospitalized alcoholic cirrotics?,yes
pubmedqa_424,Treatment as prevention in resource-limited settings: is it feasible to maintain HIV viral load suppression over time?,yes
pubmedqa_326,Does depression diagnosis and antidepressant prescribing vary by location?,yes
pubmedqa_144,May student examiners be reasonable substitute examiners for faculty in an undergraduate OSCE on medical emergencies?,yes
pubmedqa_423,Is the zeolite hemostatic agent beneficial in reducing blood loss during arterial injury?,yes
pubmedqa_580,Is There an Additional Value of Using Somatostatin Receptor Subtype 2a Immunohistochemistry Compared to Somatostatin Receptor Scintigraphy Uptake in Predicting Gastroenteropancreatic Neuroendocrine Tumor Response?,no
pubmedqa_135,Does the leukocyte count correlate with the severity of injury?,yes
pubmedqa_450,Does occupational nuclear power plant radiation affect conception and pregnancy?,yes
pubmedqa_164,Does rural or urban residence make a difference to neonatal outcome in premature birth?,yes
pubmedqa_28,Is halofantrine ototoxic?,yes
pubmedqa_773,Is nasogastric decompression useful in prevention of leaks after laparoscopic sleeve gastrectomy?,no
pubmedqa_193,Metered-dose inhalers. Do health care providers know what to teach?,no
pubmedqa_388,Can students' scores on preclerkship clinical performance examinations predict that they will fail a senior clinical performance examination?,yes
pubmedqa_852,Scrotal approach to both palpable and impalpable undescended testes: should it become our first choice?,yes
pubmedqa_169,Storage of vaccines in the community: weak link in the cold chain?,maybe
pubmedqa_705,Is late-night salivary cortisol a better screening test for possible cortisol excess than standard screening tests in obese patients with Type 2 diabetes?,no
pubmedqa_140,Preoperative tracheobronchoscopy in newborns with esophageal atresia: does it matter?,yes
pubmedqa_173,Can Flexible Instruments Create Adequate Femoral Tunnel Lengths at 90° of Knee Flexion in Anterior Cruciate Ligament Reconstruction?,yes
pubmedqa_6,30-Day and 1-year mortality in emergency general surgery laparotomies: an area of concern and need for improvement?,maybe
pubmedqa_745,Do supervised colorectal trainees differ from consultants in terms of quality of TME surgery?,no
pubmedqa_478,Can implant retention be recommended for treatment of infected TKA?,maybe
pubmedqa_73,Assessing joint line positions by means of the contralateral knee: a new approach for planning knee revision surgery?,yes
pubmedqa_910,Is the ability to perform transurethral resection of the prostate influenced by the surgeon's previous experience?,yes
pubmedqa_813,"""Occult"" posttraumatic lesions of the knee: can magnetic resonance substitute for diagnostic arthroscopy?",yes
pubmedqa_238,Does rugby headgear prevent concussion?,maybe
pubmedqa_145,Are endothelial cell patterns of astrocytomas indicative of grade?,yes
pubmedqa_792,Can mass drug administration lead to the sustainable control of schistosomiasis?,no
pubmedqa_234,Does TDP-43 type confer a distinct pattern of atrophy in frontotemporal lobar degeneration?,yes
pubmedqa_220,Does concomitant anterior/apical repair during midurethral sling improve the overactive bladder component of mixed incontinence?,no
pubmedqa_923,Does bone anchor fixation improve the outcome of percutaneous bladder neck suspension in female stress urinary incontinence?,yes
pubmedqa_500,Does body mass index (BMI) influence morbidity and long-term survival in gastric cancer patients after gastrectomy?,maybe
pubmedqa_132,Does combining antiretroviral agents in a single dosage form enhance quality of life of HIV/AIDS patients?,no
pubmedqa_990,Are tuberculosis patients adherent to prescribed treatments in China?,maybe
pubmedqa_774,The objective structured clinical examination: can physician-examiners participate from a distance?,yes
pubmedqa_185,Chronic functional somatic symptoms: a single syndrome?,no
pubmedqa_41,Does radiotherapy of the primary rectal cancer affect prognosis after pelvic exenteration for recurrent rectal cancer?,yes
pubmedqa_696,Does the Transmissible Liability Index (TLI) assessed in late childhood predict suicidal symptoms at young adulthood?,yes
pubmedqa_108,"Neoadjuvant Imatinib in Locally Advanced Gastrointestinal stromal Tumours, Will Kit Mutation Analysis Be a Pathfinder?",yes
pubmedqa_588,Cervical spine fractures in geriatric blunt trauma patients with low-energy mechanism: are clinical predictors adequate?,no
pubmedqa_56,Does immediate breast reconstruction compromise the delivery of adjuvant chemotherapy?,no
pubmedqa_405,Does tranexamic acid reduce desmopressin-induced hyperfibrinolysis?,yes
pubmedqa_442,After CLASS--Is a voluntary public insurance program a realistic way to meet the long-term support and service needs of adults with disabilities?,no
pubmedqa_757,Is there a need for pelvic CT scan in cases of renal cell carcinoma?,no
pubmedqa_997,Is peak concentration needed in therapeutic drug monitoring of vancomycin?,no
pubmedqa_24,Are reports of mechanical dysfunction in chronic oro-facial pain related to somatisation?,yes
pubmedqa_467,Do inhaled corticosteroids affect perception of dyspnea during bronchoconstriction in asthma?,yes
pubmedqa_539,Are environmental factors important in primary systemic vasculitis?,yes
pubmedqa_531,Nasal polyposis: is there an inheritance pattern?,yes
pubmedqa_618,Is extended aortic replacement in acute type A dissection justifiable?,yes
pubmedqa_694,Does concept mapping enhance learning outcome of nursing students?,yes
pubmedqa_926,HIF1A as a major vascular endothelial growth factor regulator: do its polymorphisms have an association with age-related macular degeneration?,maybe
pubmedqa_338,Juvenile osteochondritis dissecans: is it a growth disturbance of the secondary physis of the epiphysis?,yes
pubmedqa_51,Do Surrogates of Injury Severity Influence the Occurrence of Heterotopic Ossification in Fractures of the Acetabulum?,maybe
pubmedqa_507,Are sports medicine journals relevant and applicable to practitioners and athletes?,no
pubmedqa_516,Does a physician's specialty influence the recording of medication history in patients' case notes?,yes
pubmedqa_920,Is etoricoxib effective in preventing heterotopic ossification after primary total hip arthroplasty?,yes
pubmedqa_781,Is primary angioplasty an acceptable alternative to thrombolysis?,yes
pubmedqa_264,Cold knife conization vs. LEEP. Are they the same procedure?,no
pubmedqa_817,Does ethnicity affect where people with cancer die?,yes
pubmedqa_710,Does menopausal transition affect the quality of life?,no
pubmedqa_682,Prostate-specific antigen and free prostate-specific antigen in the early detection of prostate cancer: do combination tests improve detection?,yes
pubmedqa_832,Can computerised tomography replace bone scintigraphy in detecting bone metastases from breast cancer?,yes
pubmedqa_518,Is renal warm ischemia over 30 minutes during laparoscopic partial nephrectomy possible?,no
pubmedqa_447,Chemoradiotherapy in the management of locally advanced squamous cell carcinoma esophagus: is surgical resection required?,no
pubmedqa_18,Is there a model to teach and practice retroperitoneoscopic nephrectomy?,yes
pubmedqa_715,Attaining negative margins in breast-conservation operations: is there a consensus among breast surgeons?,no
pubmedqa_483,Gender difference in survival of resected non-small cell lung cancer: histology-related phenomenon?,yes
pubmedqa_568,Chemical shift MRI: is there any contribution to morphologic evaluation of solid breast masses?,yes
pubmedqa_433,Cigarettes and cinema: does parental restriction of R-rated movie viewing reduce adolescent smoking susceptibility?,yes
pubmedqa_367,Is cytokeratin immunoreactivity useful in the diagnosis of short-segment Barrett's oesophagus in Korea?,yes
pubmedqa_83,Does induction chemotherapy have a role in the management of nasopharyngeal carcinoma?,yes
pubmedqa_61,Major depression and alcohol use disorder in adolescence: Does comorbidity lead to poorer outcomes of depression?,no
pubmedqa_638,Can T-cell deficiency affect spatial learning ability following toluene exposure?,yes
pubmedqa_272,Characterization of the gender dimorphism after injury and hemorrhagic shock: are hormonal differences responsible?,no
pubmedqa_285,Gluten tolerance in adult patients with celiac disease 20 years after diagnosis?,maybe
pubmedqa_360,Does surgery or radiation therapy impact survival for patients with extrapulmonary small cell cancers?,yes
pubmedqa_354,Do symptoms matter when considering patients for phase I clinical trials?,yes
pubmedqa_456,Comparing femoral version after intramedullary nailing performed by trauma-trained and non-trauma trained surgeons: is there a difference?,no
pubmedqa_278,In vivo visualization of pyloric mucosal hypertrophy in infants with hypertrophic pyloric stenosis: is there an etiologic role?,yes
pubmedqa_12,Differentiation of nonalcoholic from alcoholic steatohepatitis: are routine laboratory markers useful?,yes
pubmedqa_182,Does para-cervical block offer additional advantages in abortion induction with gemeprost in the 2nd trimester?,yes
pubmedqa_368,Is routine dissection of the station 9 lymph nodes really necessary for primary lung cancer?,no
pubmedqa_881,Can Roux-en-Y gastric bypass provide a lifelong solution for diabetes mellitus?,yes
pubmedqa_615,Does ibuprofen increase perioperative blood loss during hip arthroplasty?,yes
pubmedqa_223,Diagnostic and therapeutic ureteroscopy: is dilatation of ureteral meatus always necessary?,no
pubmedqa_572,Do antibiotics decrease post-tonsillectomy morbidity?,no
pubmedqa_970,Can teaching medical students to investigate medication errors change their attitudes towards patient safety?,yes
pubmedqa_653,Is calibration the cause of variation in liquid chromatography tandem mass spectrometry testosterone measurement?,no
pubmedqa_545,Post-tonsillectomy late haemorrhage: is it a preferably night-time event?,yes
pubmedqa_582,Does Molecular Genotype Provide Useful Information in the Management of Radioiodine Refractory Thyroid Cancers?,yes
pubmedqa_633,Biliary atresia: should all patients undergo a portoenterostomy?,no
pubmedqa_176,Should early extubation be the goal for children after congenital cardiac surgery?,yes
pubmedqa_665,Is the covering of the resection margin after distal pancreatectomy advantageous?,no
pubmedqa_673,Inhibin: a new circulating marker of hydatidiform mole?,yes
pubmedqa_585,Follow-up of patients with new cardiovascular implantable electronic devices: are experts' recommendations implemented in routine clinical practice?,yes
pubmedqa_873,Does increased patient awareness improve accrual into cancer-related clinical trials?,no
pubmedqa_393,Validation of the 2009 TNM version in a large multi-institutional cohort of patients treated for renal cell carcinoma: are further improvements needed?,yes
pubmedqa_163,Is there a relationship between complex fractionated atrial electrograms recorded during atrial fibrillation and sinus rhythm fractionation?,no
pubmedqa_248,"Are there associations of health status, disease activity and damage in SLE patients?",yes
pubmedqa_634,Does a history of unintended pregnancy lessen the likelihood of desire for sterilization reversal?,no
pubmedqa_885,Preoperative platelet count in esophageal squamous cell carcinoma: is it a prognostic factor?,yes
pubmedqa_669,Motor performance in chronic low back pain: is there an influence of pain-related cognitions?,yes
pubmedqa_375,Vitamin D supplementation and regulatory T cells in apparently healthy subjects: vitamin D treatment for autoimmune diseases?,yes
pubmedqa_412,Does invasive diagnosis of nosocomial pneumonia during off-hours delay treatment?,no
pubmedqa_74,Does the type of tibial component affect mechanical alignment in unicompartmental knee replacement?,yes
pubmedqa_113,Perioperative care in an animal model for training in abdominal surgery: is it necessary a preoperative fasting?,no
pubmedqa_598,Is fear of anaphylactic shock discouraging surgeons from more widely adopting percutaneous and laparoscopic techniques in the treatment of liver hydatid cyst?,yes
pubmedqa_961,"Does obesity predict knee pain over fourteen years in women, independently of radiographic changes?",yes
pubmedqa_390,Can surgeon familiarization with current evidence lead to a change in practice?,no
pubmedqa_104,Cycloplegic autorefraction in young adults: is it mandatory?,maybe
pubmedqa_114,Are physicians aware of the side effects of angiotensin-converting enzyme inhibitors?,no
pubmedqa_417,The effective orifice area/patient aortic annulus area ratio: a better way to compare different bioprostheses?,yes
pubmedqa_525,Hepatic arterial embolization for unresectable hepatocellular carcinomas: do technical factors affect prognosis?,yes
pubmedqa_457,Does Viral Co-Infection Influence the Severity of Acute Respiratory Infection in Children?,no
pubmedqa_409,Failed IUD insertions in community practice: an under-recognized problem?,yes
pubmedqa_92,Are even impaired fasting blood glucose levels preoperatively associated with increased mortality after CABG surgery?,yes
pubmedqa_930,Does preoperative anemia adversely affect colon and rectal surgery outcomes?,yes
pubmedqa_89,Detailed analysis of sputum and systemic inflammation in asthma phenotypes: are paucigranulocytic asthmatics really non-inflammatory?,maybe
pubmedqa_336,School food policy at Dutch primary schools: room for improvement?,yes
pubmedqa_988,Does patient position during liver surgery influence the risk of venous air embolism?,no
pubmedqa_921,Should serum pancreatic lipase replace serum amylase as a biomarker of acute pancreatitis?,yes
pubmedqa_933,Delayed imaging in routine CT examinations of the abdomen and pelvis: is it worth the additional cost of radiation and time?,no
pubmedqa_605,Medical student education in emergency medicine: do students meet the national standards for clinical encounters of selected core conditions?,no
pubmedqa_593,Is there a role for leukocyte and CRP measurements in the diagnosis of acute appendicitis in the elderly?,maybe
pubmedqa_611,Should temperature be monitorized during kidney allograft preservation?,no
pubmedqa_94,Can you deliver accurate tidal volume by manual resuscitator?,no
pubmedqa_11,Therapeutic anticoagulation in the trauma patient: is it safe?,no
pubmedqa_396,Do older men benefit from curative therapy of localized prostate cancer?,yes
pubmedqa_533,Pharmacologic regimens for knee osteoarthritis prevention: can they be cost-effective?,yes
pubmedqa_43,Colorectal cancer with synchronous liver metastases: does global management at the same centre improve results?,no
pubmedqa_42,Can a practicing surgeon detect early lymphedema reliably?,maybe
pubmedqa_329,Is laparoscopic adrenalectomy safe and effective for adrenal masses larger than 7 cm?,yes
pubmedqa_167,"Is there any evidence of a ""July effect"" in patients undergoing major cancer surgery?",no
pubmedqa_497,The association of puberty and young adolescent alcohol use: do parents have a moderating role?,no
pubmedqa_876,Do older patients receive adequate stroke care?,maybe
pubmedqa_597,Does patient-prosthesis mismatch after aortic valve replacement affect survival and quality of life in elderly patients?,no
pubmedqa_756,Rotator cuff tear--an occupational disease?,yes
pubmedqa_100,Mammographic screening in Sami speaking municipalities and a control group. Are early outcome measures influenced by ethnicity?,yes
pubmedqa_426,Has the mammography quality standards act affected the mammography quality in North Carolina?,yes
pubmedqa_178,Menopausal hormone therapy and irregular endometrial bleeding: a potential role for uterine natural killer cells?,yes
pubmedqa_444,Can we predict which head and neck cancer survivors develop fears of recurrence?,yes
pubmedqa_416,Midwives' competence: is it affected by working in a rural location?,maybe
pubmedqa_870,Are neighbourhood social capital and availability of sports facilities related to sports participation among Dutch adolescents?,maybe
pubmedqa_882,Does the severity of obstructive sleep apnea predict patients requiring high continuous positive airway pressure?,maybe
pubmedqa_680,Does anterior laxity of the uninjured knee influence clinical outcomes of ACL reconstruction?,yes
pubmedqa_177,Does delivery mode affect women's postpartum quality of life in rural China?,no
pubmedqa_395,Does Sensation Return to the Nasal Tip After Microfat Grafting?,yes
pubmedqa_911,Is there a differential in the dental health of new recruits to the British Armed Forces?,yes
pubmedqa_793,Can D-dimer become a new diagnostic parameter for acute appendicitis?,no
pubmedqa_960,Is minimally invasive mitral valve repair with artificial chords reproducible and applicable in routine surgery?,yes
pubmedqa_684,Do elderly cancer patients have different care needs compared with younger ones?,no
pubmedqa_383,"Does delaying surgery in immature adolescent idiopathic scoliosis patients with progressive curve, lead to addition of fusion levels?",yes
pubmedqa_956,SPECT study with I-123-Ioflupane (DaTSCAN) in patients with essential tremor. Is there any correlation with Parkinson's disease?,no
pubmedqa_751,Is the cell death in mesial temporal sclerosis apoptotic?,maybe
pubmedqa_257,Does nuchal translucency thickness in the first trimester predict GDM onset during pregnancy?,no
pubmedqa_538,Does birth center care during a woman's first pregnancy have any impact on her future reproduction?,no
pubmedqa_335,Does stress increase imitation of drinking behavior?,no
pubmedqa_15,Patient-Controlled Therapy of Breathlessness in Palliative Care: A New Therapeutic Concept for Opioid Administration?,yes
pubmedqa_324,Are wandering and physically nonaggressive agitation equivalent?,no
pubmedqa_758,Prognostic factors for cervical spondylotic amyotrophy: are signs of spinal cord involvement associated with the neurological prognosis?,yes
pubmedqa_222,Can patients be anticoagulated after intracerebral hemorrhage?,maybe
pubmedqa_179,Percutaneous ethanol injection for benign cystic thyroid nodules: is aspiration of ethanol-mixed fluid advantageous?,no
pubmedqa_983,Is the breast best for children with a family history of atopy?,yes
pubmedqa_22,Secondhand smoke risk in infants discharged from an NICU: potential for significant health disparities?,yes
pubmedqa_356,Do episodic migraineurs selectively attend to headache-related visual stimuli?,no
pubmedqa_666,Does treatment duration affect outcome after radiotherapy for prostate cancer?,yes
pubmedqa_861,Is muscle power related to running speed with changes of direction?,yes
pubmedqa_340,Is there a uniform basal endometrial gene expression profile during the implantation window in women who became pregnant in a subsequent ICSI cycle?,maybe
pubmedqa_431,Does a dedicated discharge coordinator improve the quality of hospital discharge?,yes
pubmedqa_551,Location and number of sutures placed for hiatal hernia repair during laparoscopic adjustable gastric banding: does it matter?,no
pubmedqa_833,Does obesity impact the pattern and outcome of trauma in children?,no
pubmedqa_203,Is vitamin D deficiency a feature of pediatric celiac disease?,no
pubmedqa_630,Cerebromediastinal tuberculosis in a child with a probable Say-Barber-Miller syndrome: a causative link?,yes
pubmedqa_93,Does positron emission tomography change management in primary rectal cancer?,yes
pubmedqa_558,Risk stratification in emergency surgical patients: is the APACHE II score a reliable marker of physiological impairment?,yes
pubmedqa_68,Does the Simultaneous Use of a Neuroendoscope Influence the Incidence of Ventriculoperitoneal Shunt Infection?,no
pubmedqa_622,Analysis of the epidemiological pattern of Shigellosis in Barcelona between 1988 and 2012: Is it an emerging sexually transmitted infection?,yes
pubmedqa_284,Does spontaneous remission occur in polyarteritis nodosa?,yes
pubmedqa_844,Is vancomycin MIC creep a worldwide phenomenon?,no
pubmedqa_434,Are laboratories reporting serum quantitative hCG results correctly?,no
pubmedqa_153,Are adult body circumferences associated with height?,yes
pubmedqa_75,Is tumour expression of VEGF associated with venous invasion and survival in pT3 renal cell carcinoma?,maybe
pubmedqa_730,Does the distribution of health care benefits in Kenya meet the principles of universal coverage?,no
pubmedqa_446,Does hippocampal atrophy on MRI predict cognitive decline?,no
pubmedqa_188,Does successful completion of the Perinatal Education Programme result in improved obstetric practice?,no
pubmedqa_271,Literacy after cerebral hemispherectomy: Can the isolated right hemisphere read?,yes
pubmedqa_236,"Diagnostic characteristics of child bipolar I disorder: does the ""Treatment of Early Age Mania (team)"" sample generalize?",yes
pubmedqa_487,Is CA72-4 a useful biomarker in differential diagnosis between ovarian endometrioma and epithelial ovarian cancer?,yes
pubmedqa_117,Does laparoscopic surgery decrease the risk of atrial fibrillation after foregut surgery?,yes
pubmedqa_943,Alcohol consumption and acute myocardial infarction: a benefit of alcohol consumed with meals?,yes
pubmedqa_512,Is the histidine triad nucleotide-binding protein 1 (HINT1) gene a candidate for schizophrenia?,no
pubmedqa_825,Diabetes mellitus among Swedish art glass workers--an effect of arsenic exposure?,no
pubmedqa_591,Is there any relation between cervical cord plaques and discopathy in patients with multiple sclerosis?,yes
pubmedqa_126,Does shaving the incision site increase the infection rate after spinal surgery?,maybe
pubmedqa_116,Are physician estimates of asthma severity less accurate in black than in white patients?,yes
pubmedqa_473,Can biofeedback training of psychophysiological responses enhance athletes' sport performance?,yes
pubmedqa_693,Are there progressive brain changes in schizophrenia?,yes
pubmedqa_57,Human papillomavirus and pterygium. Is the virus a risk factor?,maybe
pubmedqa_863,Is a 9-month treatment sufficient in tuberculous enterocolitis?,yes
pubmedqa_912,Is laparoscopic reoperation for failed antireflux surgery feasible?,yes
pubmedqa_369,Cutaneous melanoma in a multiethnic population: is this a different disease?,maybe
pubmedqa_268,Should prostate specific antigen be adjusted for body mass index?,no
pubmedqa_46,It's Fournier's gangrene still dangerous?,yes
pubmedqa_349,Does automatic transmission improve driving behavior in older drivers?,yes
pubmedqa_195,Health habits and vaccination status of Lebanese residents: are future doctors applying the rules of prevention?,no
pubmedqa_999,Are sugars-free medicines more erosive than sugars-containing medicines?,no
pubmedqa_834,Is non-invasive diagnosis of esophageal varices in patients with compensated hepatic cirrhosis possible by duplex Doppler ultrasonography?,yes
pubmedqa_736,Is first-line single-agent mitoxantrone in the treatment of high-risk metastatic breast cancer patients as effective as combination chemotherapy?,yes
pubmedqa_263,Is arch form influenced by sagittal molar relationship or Bolton tooth-size discrepancy?,no
pubmedqa_443,Is intraoperative neuromonitoring associated with better functional outcome in patients undergoing open TME?,yes
pubmedqa_675,Does peritoneal dialysis affect halitosis in patients with end-stage renal disease?,yes
pubmedqa_304,Are behavioural risk factors to be blamed for the conversion from optimal blood pressure to hypertensive status in Black South Africans?,yes
pubmedqa_341,Can decisional algorithms replace global introspection in the individual causality assessment of spontaneously reported ADRs?,no
pubmedqa_966,Does route of delivery affect maternal and perinatal outcome in women with eclampsia?,no
pubmedqa_149,Can normal knee kinematics be restored with unicompartmental knee replacement?,no
pubmedqa_124,Transient tachypnea of the newborn (TTN): a role for polymorphisms in the beta-adrenergic receptor (ADRB) encoding genes?,yes
pubmedqa_786,CYP2D6*4 allele and breast cancer risk: is there any association?,yes
pubmedqa_50,Should direct mesocolon invasion be included in T4 for the staging of gastric cancer?,maybe
pubmedqa_353,Improvements in survival of gynaecological cancer in the Anglia region of England: are these an effect of centralisation of care and use of multidisciplinary management?,yes
pubmedqa_927,Is combined therapy more effective than growth hormone or hyperbaric oxygen alone in the healing of left ischemic and non-ischemic colonic anastomoses?,yes
pubmedqa_142,Is perforation of the appendix a risk factor for tubal infertility and ectopic pregnancy?,maybe
pubmedqa_470,Does angiotensin-converting enzyme-1 (ACE-1) gene polymorphism lead to chronic kidney disease among hypertensive patients?,yes
pubmedqa_399,Emergency double-balloon enteroscopy combined with real-time viewing of capsule endoscopy: a feasible combined approach in acute overt-obscure gastrointestinal bleeding?,yes
pubmedqa_625,PREVALENCE OF THE STREPTOCOCUS AGALACTIAE IN THE PREGNANT WOMAN FROM THE AUTONOMIC CITY OF MELILLA: IS CULTURE A DETERMINANT FACTOR?,yes
pubmedqa_320,Can bedside assessment reliably exclude aspiration following acute stroke?,no
pubmedqa_19,Cardiovascular risk in a rural adult West African population: is resting heart rate also relevant?,yes
pubmedqa_809,Does quilting suture prevent seroma in abdominoplasty?,yes
pubmedqa_790,Utility of unenhanced fat-suppressed T1-weighted MRI in children with sickle cell disease -- can it differentiate bone infarcts from acute osteomyelitis?,no
pubmedqa_808,Multidisciplinary decisions in breast cancer: does the patient receive what the team has recommended?,yes
pubmedqa_407,Counter sampling combined with medical provider education: do they alter prescribing behavior?,maybe
pubmedqa_537,Household and food shopping environments: do they play a role in socioeconomic inequalities in fruit and vegetable consumption?,no
pubmedqa_620,Effects of exercise training on heart rate and QT interval in healthy young individuals: are there gender differences?,yes
pubmedqa_38,Biomolecular identification of allergenic pollen: a new perspective for aerobiological monitoring?,yes
pubmedqa_175,Are Biochemical Markers of Bone Turnover Representative of Bone Histomorphometry in 370 Postmenopausal Women?,maybe
pubmedqa_245,Do risk factors for suicidal behavior differ by affective disorder polarity?,no
pubmedqa_828,Does use of hydrophilic guidewires significantly improve technical success rates of peripheral PTA?,maybe
pubmedqa_667,Is the urinary biomarkers assessment a non-invasive approach to tubular lesions of the solitary kidney?,yes
pubmedqa_754,Does case-mix based reimbursement stimulate the development of process-oriented care delivery?,yes
pubmedqa_858,Does strategy training reduce age-related deficits in working memory?,no
pubmedqa_154,Would corrected QT dispersion predict left ventricular hypertrophy in hypertensive patients?,yes
pubmedqa_287,Search engine as a diagnostic tool in difficult immunological and allergologic cases: is Google useful?,yes
pubmedqa_602,Measuring hospital mortality rates: are 30-day data enough?,yes
pubmedqa_569,Do some U.S. states have higher/lower injury mortality rates than others?,yes
pubmedqa_743,Does cognitive function predict frequency compressed speech recognition in listeners with normal hearing and normal cognition?,no
pubmedqa_17,Do patterns of knowledge and attitudes exist among unvaccinated seniors?,yes
pubmedqa_127,The influence of atmospheric pressure on aortic aneurysm rupture--is the diameter of the aneurysm important?,maybe
pubmedqa_322,Artefacts in 24-h pharyngeal and oesophageal pH monitoring: is simplification of pH data analysis feasible?,maybe
pubmedqa_255,Are we seeing the effects of public awareness campaigns?,maybe
pubmedqa_657,Is expert breast pathology assessment necessary for the management of ductal carcinoma in situ ?,yes
pubmedqa_964,Does a well developed collateral circulation predispose to restenosis after percutaneous coronary intervention?,no
pubmedqa_190,Does music influence stress in mechanically ventilated patients?,no
pubmedqa_115,Residual fundus or neofundus after laparoscopic sleeve gastrectomy: is fundectomy safe and effective as revision surgery?,maybe
pubmedqa_616,"Laparoscopic-assisted ileocolic resections in patients with Crohn's disease: are abscesses, phlegmons, or recurrent disease contraindications?",no
pubmedqa_606,A model of healing of Los Angeles grades C and D reflux oesophagitis: is there an optimal time of acid suppression for maximal healing?,yes
pubmedqa_180,Can the growth rate of a gallbladder polyp predict a neoplastic polyp?,no
pubmedqa_301,The use of audit to identify maternal mortality in different settings: is it just a difference between the rich and the poor?,no
pubmedqa_759,Parasacral sciatic nerve block: does the elicited motor response predict the success rate?,maybe
pubmedqa_712,Should all human immunodeficiency virus-infected patients with end-stage renal disease be excluded from transplantation?,no
pubmedqa_723,Do general practitioner hospitals reduce the utilisation of general hospital beds?,yes
pubmedqa_685,Is breast cancer survival improving?,yes
pubmedqa_979,Does a geriatric oncology consultation modify the cancer treatment plan for elderly patients?,yes
pubmedqa_517,Living in an urban environment and non-communicable disease risk in Thailand: Does timing matter?,yes
pubmedqa_984,Does escalation of the apical dose change treatment outcome in beta-radiation of posterior choroidal melanomas with 106Ru plaques?,no
pubmedqa_45,Transgastric endoscopic splenectomy: is it possible?,yes
pubmedqa_909,Do emergency medical services professionals think they should participate in disease prevention?,maybe
pubmedqa_157,Should chest wall irradiation be included after mastectomy and negative node breast cancer?,maybe
pubmedqa_851,Do older adults with cancer fall more often?,yes
pubmedqa_171,Convulsions and retinal haemorrhage: should we look further?,yes
pubmedqa_16,Is there still a need for living-related liver transplantation in children?,yes
pubmedqa_511,Can dose reduction to one parotid gland prevent xerostomia?,yes
pubmedqa_48,Do provider service networks result in lower expenditures compared with HMOs or primary care case management in Florida's Medicaid program?,yes
pubmedqa_971,Has the prevalence of health care services use increased over the last decade (2001-2009) in elderly people?,yes
pubmedqa_940,Fatigue in primary Sjögren's syndrome: is there a link with the fibromyalgia syndrome?,no
pubmedqa_515,Does higher body mass index contribute to worse asthma control in an urban population?,no
pubmedqa_952,Is solitary kidney really more resistant to ischemia?,yes
pubmedqa_480,Do primary care physicians underprescribe antibiotics for peptic ulcer disease?,yes
pubmedqa_283,"Do improvements in outreach, clinical, and family and community-based services predict improvements in child survival?",yes
pubmedqa_718,Are patients with diabetes receiving the same message from dietitians and nurses?,no
pubmedqa_877,Doppler examination of uteroplacental circulation in early pregnancy: can it predict adverse outcome?,yes
pubmedqa_225,"Knee extensor strength, dynamic stability, and functional ambulation: are they related in Parkinson's disease?",yes
pubmedqa_26,Implementation of epidural analgesia for labor: is the standard of effective analgesia reachable in all women?,yes
pubmedqa_954,Does fluoridation reduce the use of dental services among adults?,maybe
pubmedqa_437,Does performance in selection processes predict performance as a dental student?,no
pubmedqa_951,Does a preoperative medically supervised weight loss program improve bariatric surgery outcomes?,no
pubmedqa_364,Do prerecorded lecture VODcasts affect lecture attendance of first-yearpre-clinical Graduate Entry to Medicine students?,no
pubmedqa_229,Does type 1 diabetes mellitus affect Achilles tendon response to a 10 km run?,no
pubmedqa_37,Do follow-up recommendations for abnormal Papanicolaou smears influence patient adherence?,no
pubmedqa_965,Are home sampling kits for sexually transmitted infections acceptable among men who have sex with men?,maybe
pubmedqa_374,Vaccine protection in the elderly: are Austrian seniors adequately protected by vaccinations?,no
pubmedqa_469,Is it safe to perform rectal anastomosis in gynaecological debulking surgery without a diverting stoma?,yes
pubmedqa_967,Surgical management of the atherosclerotic ascending aorta: is endoaortic balloon occlusion safe?,no
pubmedqa_850,Is severe macrosomia manifested at 11-14 weeks of gestation?,yes
pubmedqa_704,Does the enteral feeding advancement affect short-term outcomes in very low birth weight infants?,yes
pubmedqa_841,Does maternal obesity have an influence on feeding behavior of obese children?,no
pubmedqa_194,Does the bracket-ligature combination affect the amount of orthodontic space closure over three months?,no
pubmedqa_854,Does the investing layer of the deep cervical fascia exist?,no
pubmedqa_864,Does coronary angiography before emergency aortic surgery affect in-hospital mortality?,no
pubmedqa_503,Ultra high risk (UHR) for psychosis criteria: are there different levels of risk for transition to psychosis?,yes
pubmedqa_969,Are opioid dependence and methadone maintenance treatment (MMT) documented in the medical record?,maybe
pubmedqa_830,Could chest wall rigidity be a factor in rapid death from illicit fentanyl abuse?,yes
pubmedqa_579,Does Paget's disease exist in India?,yes
pubmedqa_968,Estradiol and Antagonist Pretreatment Prior to Microdose Leuprolide in in Vitro Fertilization. Does It Improve IVF Outcomes in Poor Responders as Compared to Oral Contraceptive Pill?,no
pubmedqa_162,Is the probability of prenatal diagnosis or termination of pregnancy different for fetuses with congenital anomalies conceived following assisted reproductive techniques?,no
pubmedqa_908,Can APC mutation analysis contribute to therapeutic decisions in familial adenomatous polyposis?,maybe
pubmedqa_152,Stretch-sensitive KCNQ1 mutation A link between genetic and environmental factors in the pathogenesis of atrial fibrillation?,yes
pubmedqa_801,Can calprotectin predict relapse risk in inflammatory bowel disease?,maybe
pubmedqa_993,Are many colorectal cancers due to missed adenomas?,no
pubmedqa_755,Risky sexual behavior among college students With ADHD: is the mother-child relationship protective?,yes
pubmedqa_111,Does microbial contamination influence the success of the hematopoietic cell transplantation outcomes?,maybe
pubmedqa_226,"Is distance to provider a barrier to care for medicaid patients with breast, colorectal, or lung cancer?",no
pubmedqa_688,Is being small for gestational age a risk factor for retinopathy of prematurity?,no
pubmedqa_103,Is there a favorable subset of patients with prostate cancer who develop oligometastases?,yes
pubmedqa_421,The Prevalence of Incidentally Detected Idiopathic Misty Mesentery on Multidetector Computed Tomography: Can Obesity Be the Triggering Cause?,yes
pubmedqa_419,Are endometrial polyps from pre-menopausal women similar to post-menopausal women?,no
pubmedqa_750,Orthostatic myoclonus: an underrecognized cause of unsteadiness?,yes
pubmedqa_586,Does limb-salvage surgery offer patients better quality of life and functional capacity than amputation?,maybe
pubmedqa_780,Does skin care frequency affect the severity of incontinence-associated dermatitis in critically ill patients?,yes
pubmedqa_672,Adjuvant radiation of stage III thymoma: is it necessary?,no
pubmedqa_119,Do communication disorders extend to musical messages?,yes
pubmedqa_53,Processing fluency effects: can the content and presentation of participant information sheets influence recruitment and participation for an antenatal intervention?,yes
pubmedqa_151,Is fetal gender associated with emergency department visits for asthma during pregnancy?,no
pubmedqa_403,Fulfilling human resources development goal in West Africa: can the training of ophthalmologist diplomates be improved?,yes
pubmedqa_945,The clinical significance of bile duct sludge: is it different from bile duct stones?,no
pubmedqa_207,Can medical students contribute to quality assurance programmes in day surgery?,yes
pubmedqa_658,Thoracic and thoracoabdominal aneurysm repair: is reimplantation of spinal cord arteries a waste of time?,yes
pubmedqa_843,Should lower limb fractures be treated surgically in patients with chronic spinal injuries?,yes
pubmedqa_762,Does minimal access major surgery in the newborn hurt less?,no
pubmedqa_8,Do mutations causing low HDL-C promote increased carotid intima-media thickness?,no
pubmedqa_807,Does evidence-based practice improve patient outcomes?,yes
pubmedqa_36,Prognosis of well differentiated small hepatocellular carcinoma--is well differentiated hepatocellular carcinoma clinically early cancer?,no
pubmedqa_452,Is patient outcome compromised during the initial experience with robot-assisted radical cystectomy?,no
pubmedqa_651,Is there a relationship between serum paraoxonase level and epicardial fat tissue thickness?,no
pubmedqa_253,Does transverse apex coincide with coronal apex levels (regional or global) in adolescent idiopathic scoliosis?,no
pubmedqa_303,Do Wound Cultures Give Information About the Microbiology of Blood Cultures in Severe Burn Patients?,yes
pubmedqa_746,Affect-regulated exercise intensity: does training at an intensity that feels 'good' improve physical health?,yes
pubmedqa_571,Adults with mild intellectual disabilities: can their reading comprehension ability be improved?,yes
pubmedqa_623,A patient with myelomeningocele: is untethering necessary prior to scoliosis correction?,no
pubmedqa_732,Bony defects in chronic anterior posttraumatic dislocation of the shoulder: Is there a correlation between humeral and glenoidal lesions?,no
pubmedqa_891,Health care for immigrants in Europe: is there still consensus among country experts about principles of good practice?,maybe
pubmedqa_262,Is it better to be big?,no
pubmedqa_610,Does partial expander deflation exacerbate the adverse effects of radiotherapy in two-stage breast reconstruction?,yes
pubmedqa_297,Is cardiovascular evaluation necessary prior to and during beta-blocker therapy for infantile hemangiomas?,no
pubmedqa_414,"Do lipids, blood pressure, diabetes, and smoking confer equal risk of myocardial infarction in women as in men?",no
pubmedqa_150,Are serum leptin levels a prognostic factor in advanced lung cancer?,no
pubmedqa_788,Does increased use of private health care reduce the demand for NHS care?,no
pubmedqa_640,Do dermatomyositis and polymyositis affect similar thigh muscles?,no
pubmedqa_889,Does intra-abdominal desmoid disease affect patients with an ileal pouch differently than those with an ileorectal anastomosis?,no
pubmedqa_550,Cardiac reoperations in octogenarians: Do they really benefit?,yes
pubmedqa_886,Can we predict urinary stone composition based on an analysis of microelement concentration in the hair and urine?,no
pubmedqa_488,Preservation of the PCL when performing cruciate-retaining TKA: Is the tibial tuberosity a reliable predictor of the PCL footprint location?,yes
pubmedqa_147,Antral follicle assessment as a tool for predicting outcome in IVF--is it a better predictor than age and FSH?,maybe
pubmedqa_146,Do healthier lifestyles lead to less utilization of healthcare resources?,no
pubmedqa_720,"Expression of c-kit protooncogen in hepatitis B virus-induced chronic hepatitis, cirrhosis and hepatocellular carcinoma: has it a diagnostic role?",maybe
pubmedqa_931,Can early second-look tympanoplasty reduce the rate of conversion to modified radical mastoidectomy?,yes
pubmedqa_739,Does oral α-galactosidase relieve irritable bowel symptoms?,no
pubmedqa_659,Is year of radical prostatectomy a predictor of outcome in prostate cancer?,yes
pubmedqa_348,Can progression of valvar aortic stenosis be predicted accurately?,yes
pubmedqa_463,Immunohistochemical assessment of steroid hormone receptors in tissues of the anal canal. Implications for anal incontinence?,yes
pubmedqa_325,Is size-reducing ascending aortoplasty with external reinforcement an option in modern aortic surgery?,yes
pubmedqa_186,"Actinobaculum schaalii, a cause of urinary tract infections in children?",maybe
pubmedqa_123,Is a patient's self-reported health-related quality of life a prognostic factor for survival in non-small-cell lung cancer patients?,maybe
pubmedqa_853,Is grandmultiparity an independent risk factor for adverse perinatal outcomes?,yes
pubmedqa_608,Sternal skin conductance: a reasonable surrogate for hot flash measurement?,no
pubmedqa_143,Serovar specific immunity to Neisseria gonorrhoeae: does it exist?,no
pubmedqa_958,Is inhaled prophylactic heparin useful for prevention and Management of Pneumonia in ventilated ICU patients?,no
pubmedqa_197,Should general practitioners call patients by their first names?,yes
pubmedqa_609,Elephant trunk in a small-calibre true lumen for chronic aortic dissection: cause of haemolytic anaemia?,yes
pubmedqa_279,Does the early adopter of drugs exist?,no
pubmedqa_293,Does the familial transmission of drinking patterns persist into young adulthood?,maybe
pubmedqa_400,Cardiopulmonary bypass temperature does not affect postoperative euthyroid sick syndrome?,no
pubmedqa_122,Does lung ischemia and reperfusion have an impact on coronary flow?,yes
pubmedqa_183,Does insulin resistance drive the association between hyperglycemia and cardiovascular risk?,yes
pubmedqa_202,"Young-Burgess classification of pelvic ring fractures: does it predict mortality, transfusion requirements, and non-orthopaedic injuries?",maybe
pubmedqa_438,Is it time to reconsider lobectomy in low-risk paediatric thyroid cancer?,yes
pubmedqa_246,Multidisciplinary breast cancer clinics. Do they work?,yes
pubmedqa_415,Does family practice at residency teaching sites reflect community practice?,yes
pubmedqa_932,Is serum total bilirubin useful to differentiate cardioembolic stroke from other stroke subtypes?,yes
pubmedqa_765,Nutritional assessment of gluten-free diet. Is gluten-free diet deficient in some nutrient?,yes
pubmedqa_906,Do family physicians know the costs of medical care?,no
pubmedqa_835,Is (18)F-FDG a surrogate tracer to measure tumor hypoxia?,no
pubmedqa_887,Could ADMA levels in young adults born preterm predict an early endothelial dysfunction?,yes
pubmedqa_129,Do somatic complaints predict subsequent symptoms of depression?,maybe
pubmedqa_637,Does increasing blood pH stimulate protein synthesis in dialysis patients?,no
pubmedqa_402,Does receipt of hospice care in nursing homes improve the management of pain at the end of life?,yes
pubmedqa_784,Do resident's leadership skills relate to ratings of technical skill?,yes
pubmedqa_770,Can myometrial electrical activity identify patients in preterm labor?,yes
pubmedqa_735,Does perspective-taking increase patient satisfaction in medical encounters?,maybe
pubmedqa_913,Does exercise during pregnancy prevent postnatal depression?,no
pubmedqa_219,Is pain a clinically relevant problem in general adult psychiatry?,yes
pubmedqa_641,Juvenile ankylosing spondylitis--is it the same disease as adult ankylosing spondylitis?,no
pubmedqa_915,Is human cytomegalovirus infection associated with hypertension?,no
pubmedqa_752,Contrast-enhanced MR imaging of hand and finger joints in patients with early rheumatoid arthritis: do we really need a full dose of gadobenate dimeglumine for assessing synovial enhancement at 3 T?,no
pubmedqa_806,Are failures of anterior cruciate ligament reconstruction associated with steep posterior tibial slopes?,yes
pubmedqa_919,Is laparoscopic cholecystectomy safe and acceptable as a day case procedure?,yes
pubmedqa_624,Is aerobic workload positively related to ambulatory blood pressure?,yes
pubmedqa_874,Does airway surgery lower serum lipid levels in obstructive sleep apnea patients?,yes
pubmedqa_760,Is Bare-Metal Stent Implantation Still Justifiable in High Bleeding Risk Patients Undergoing Percutaneous Coronary Intervention?,yes
pubmedqa_386,Do risk calculators accurately predict surgical site occurrences?,no
pubmedqa_972,Does high-dose radiotherapy benefit palliative lung cancer patients?,no
pubmedqa_509,Are polymorphisms in oestrogen receptors genes associated with lipid levels in response to hormone therapy?,yes
pubmedqa_267,Does ultrasound imaging before puncture facilitate internal jugular vein cannulation?,maybe
pubmedqa_819,Does an additional antirotation U-Blade (RC) lag screw improve treatment of AO/OTA 31 A1-3 fractures with gamma 3 nail?,no
pubmedqa_441,Sub-classification of low-grade cerebellar astrocytoma: is it clinically meaningful?,no
pubmedqa_496,Is intrapartum vibroacoustic stimulation an effective predictor of fetal acidosis?,yes
pubmedqa_112,Very high serum CA 19-9 levels: a contraindication to pancreaticoduodenectomy?,no
pubmedqa_691,Can magnetic resonance-ultrasound fusion biopsy improve cancer detection in enlarged prostates?,yes
pubmedqa_232,Pulmonary valve replacement in adults late after repair of tetralogy of fallot: are we operating too late?,yes
pubmedqa_869,Diagnosis and follow-up in constipated children: should we use ultrasound?,yes
pubmedqa_607,Gadofosveset-enhanced MR angiography of carotid arteries: does steady-state imaging improve accuracy of first-pass imaging?,yes
pubmedqa_671,Can mandibular depiction be improved by changing the thickness of double-oblique computed tomography images?,no
pubmedqa_373,Application of computer-aided diagnosis (CAD) in MR-mammography (MRM): do we really need whole lesion time curve distribution analysis?,no
pubmedqa_981,Can ki-67 play a role in prediction of breast cancer patients' response to neoadjuvant chemotherapy?,yes
pubmedqa_842,Is plate clearing a risk factor for obesity?,yes
pubmedqa_233,Xanthogranulomatous cholecystitis: a premalignant condition?,no
pubmedqa_785,The FOOTSTEP self-management foot care programme: are rheumatoid arthritis patients physically able to participate?,maybe
pubmedqa_676,Can elevated troponin I levels predict complicated clinical course and inhospital mortality in patients with acute pulmonary embolism?,yes
pubmedqa_317,Preoperative locoregional staging of gastric cancer: is there a place for magnetic resonance imaging?,no
pubmedqa_648,Does the treatment of amblyopia normalise subfoveal choroidal thickness in amblyopic children?,no
pubmedqa_410,Type II supracondylar humerus fractures: can some be treated nonoperatively?,yes
pubmedqa_898,Does Mammographic Density have an Impact on the Margin Re-excision Rate After Breast-Conserving Surgery?,no
pubmedqa_709,Is there a first night effect on sleep bruxism?,no
pubmedqa_358,Do nontriploid partial hydatidiform moles exist?,no
pubmedqa_258,Are the arginine vasopressin V1a receptor microsatellites related to hypersexuality in children with a prepubertal and early adolescent bipolar disorder phenotype?,no
pubmedqa_744,Should cavitation in proximal surfaces be reported in cone beam computed tomography examination?,yes
pubmedqa_627,Does the sequence of clamp application during open abdominal aortic aneurysm surgery influence distal embolisation?,no
pubmedqa_632,Do overweight children necessarily make overweight adults?,no
pubmedqa_282,Nasal fractures:  is closed reduction satisfying?,yes
pubmedqa_376,Gynecological cancer alarm symptoms: is contact with specialist care associated with lifestyle and socioeconomic status?,yes
pubmedqa_384,Bactericidal activity of 3 cutaneous/mucosal antiseptic solutions in the presence of interfering substances: Improvement of the NF EN 13727 European Standard?,maybe
pubmedqa_224,Does managed care enable more low income persons to identify a usual source of care?,maybe
pubmedqa_953,Neck pain treatment with acupuncture: does the number of needles matter?,no
pubmedqa_814,Could ESC (Electronic Stability Control) change the way we drive?,yes
pubmedqa_472,Is semi-closed endarterectomy of the superficial femoral artery combined with a short venous bypass in case of insufficient venous material an acceptable alternative for limb-threatening ischemia?,yes
pubmedqa_347,Does a special interest in laparoscopy affect the treatment of acute cholecystitis?,yes
pubmedqa_505,Can continuous physical training counteract aging effect on myoelectric fatigue?,yes
pubmedqa_639,Is there a relationship between homocysteine and vitiligo?,yes
pubmedqa_987,Does prior benign prostate biopsy predict outcome for patients treated with radical perineal prostatectomy?,yes
pubmedqa_928,Does oxybutynin hydrochloride cause arrhythmia in children with bladder dysfunction?,yes
pubmedqa_905,Does implant coating with antibacterial-loaded hydrogel reduce bacterial colonization and biofilm formation in vitro?,yes
pubmedqa_619,Is intensive monitoring during the first transfusion in pediatric patients necessary?,no
pubmedqa_855,Is crime associated with over-the-counter pharmacy syringe sales?,yes
pubmedqa_803,Is there a discrepancy between patient and physician quality of life assessment?,yes
pubmedqa_645,Is delayed gastric emptying following pancreaticoduodenectomy related to pylorus preservation?,no
pubmedqa_846,Do family physicians make good sentinels for influenza?,yes
pubmedqa_556,Surgical treatment of prosthetic valve endocarditis in patients with double prostheses: is single-valve replacement safe?,yes
pubmedqa_957,Are the GFRUP's recommendations for withholding or withdrawing treatments in critically ill children applicable?,yes
pubmedqa_577,Thrombosis prophylaxis in hospitalised medical patients: does prophylaxis in all patients make sense?,no
pubmedqa_795,Do clinical variables predict pathologic radiographs in the first episode of wheezing?,no
pubmedqa_85,"Are normally sighted, visually impaired, and blind pedestrians accurate and reliable at making street crossing decisions?",maybe
pubmedqa_242,Does solid culture for tuberculosis influence clinical decision making in India?,maybe
pubmedqa_698,Does histologic chorioamnionitis correspond to clinical chorioamnionitis?,yes
pubmedqa_159,"Regional anesthesia as compared with general anesthesia for surgery in geriatric patients with hip fracture: does it decrease morbidity, mortality, and health care costs?",no
pubmedqa_524,Delayed peripheral facial palsy in the stapes surgery: can it be prevented?,yes
pubmedqa_35,Do general practice characteristics influence uptake of an information technology (IT) innovation in primary care?,no
pubmedqa_540,Is low serum chloride level a risk factor for cardiovascular mortality?,yes
pubmedqa_170,Is the clinically positive axilla in breast cancer really a contraindication to sentinel lymph node biopsy?,no
pubmedqa_654,Are complex coronary lesions more frequent in patients with diabetes mellitus?,yes
pubmedqa_890,Does anastomotic leakage affect functional outcome after rectal resection for cancer?,no
pubmedqa_857,Is double-balloon enteroscopy an accurate method to diagnose small-bowel disorders?,yes
pubmedqa_847,Aberrant loss of dickkopf-3 in gastric cancer: can it predict lymph node metastasis preoperatively?,yes
pubmedqa_944,Do mossy fibers release GABA?,yes
pubmedqa_733,Do parents recall and understand children's weight status information after BMI screening?,maybe
pubmedqa_95,Can increases in the cigarette tax rate be linked to cigarette retail prices?,no
pubmedqa_563,Memory-provoked rCBF-SPECT as a diagnostic tool in Alzheimer's disease?,yes
pubmedqa_240,Can shape analysis differentiate free-floating internal carotid artery thrombus from atherosclerotic plaque in patients evaluated with CTA for stroke or transient ischemic attack?,yes
pubmedqa_742,MR arthrography of the shoulder: do we need local anesthesia?,no
pubmedqa_574,Do inhaled steroids differ from cromones in terms of hospital admission rates for asthma in children?,yes
pubmedqa_690,Fast foods - are they a risk factor for asthma?,yes
pubmedqa_460,Learning needs of postpartum women: does socioeconomic status matter?,yes
pubmedqa_553,Do elderly patients benefit from surgery in addition to radiotherapy for treatment of metastatic spinal cord compression?,no
pubmedqa_888,Can fractional lasers enhance transdermal absorption of topical lidocaine in an in vivo animal model?,yes
pubmedqa_206,Are financial incentives cost-effective to support smoking cessation during pregnancy?,yes
pubmedqa_392,Is high-sensitivity C-reactive protein associated with carotid atherosclerosis in healthy Koreans?,no
pubmedqa_794,Is there a relationship between rheumatoid arthritis and periodontal disease?,yes
pubmedqa_397,Pituitary apoplexy: do histological features influence the clinical presentation and outcome?,yes
pubmedqa_766,Standardizing care in medical oncology: are Web-based systems the answer?,maybe
pubmedqa_848,Is ganglionated plexi ablation during Maze IV procedure beneficial for postoperative long-term stable sinus rhythm?,no
pubmedqa_217,Chemotherapy and survival in advanced non-small cell lung carcinoma: is pneumologists' skepticism justified?,no
pubmedqa_4,Can tailored interventions increase mammography use among HMO women?,yes
pubmedqa_768,Are the elderly with oropharyngeal carcinoma undertreated?,maybe
pubmedqa_642,Is Aspiration Thrombectomy Beneficial in Patients Undergoing Primary Percutaneous Coronary Intervention?,no
pubmedqa_929,"Do ""America's Best Hospitals"" perform better for acute myocardial infarction?",yes
pubmedqa_612,Can p53 alterations be used to predict tumour response to pre-operative chemo-radiotherapy in locally advanced rectal cancer?,no
pubmedqa_738,Is neck pain associated with worse health-related quality of life 6 months later?,yes
pubmedqa_546,Acute hepatitis C in Israel: a predominantly iatrogenic disease?,yes
pubmedqa_725,Does parity increase insulin resistance during pregnancy?,no
pubmedqa_683,Can homemade alcohol (Raksi) be useful for preserving dead bodies?,yes
pubmedqa_98,Does the radiographic transition zone correlate with the level of aganglionosis on the specimen in Hirschsprung's disease?,no
pubmedqa_804,Impact of MPH programs: contributing to health system strengthening in low- and middle-income countries?,yes
pubmedqa_727,Is gastric cancer different in Korea and the United States?,yes
pubmedqa_573,Body diffusion-weighted MR imaging of uterine endometrial cancer: is it helpful in the detection of cancer in nonenhanced MR imaging?,yes
pubmedqa_406,Does ultrasound-scored synovitis depend on the pharmacokinetics of subcutaneous anti-TNF agents in patients with rheumatoid arthritis?,no
pubmedqa_502,Is the advanced age a contraindication to GERD laparoscopic surgery?,no
pubmedqa_47,Is it appropriate to implant kidneys from elderly donors in young recipients?,yes
pubmedqa_32,Is a mandatory general surgery rotation necessary in the surgical clerkship?,no
pubmedqa_779,Proliferative index obtained by DNA image cytometry. Does it add prognostic information in Auer IV breast cancer?,yes
pubmedqa_839,Prostate bed target interfractional motion using RTOG consensus definitions and daily CT on rails : Does target motion differ between superior and inferior portions of the clinical target volume?,no
pubmedqa_200,Does the National Institutes of Health Stroke Scale favor left hemisphere strokes?,yes
pubmedqa_134,Identification of racial disparities in breast cancer mortality: does scale matter?,yes
pubmedqa_27,Does HER2 immunoreactivity provide prognostic information in locally advanced urothelial carcinoma patients receiving adjuvant M-VEC chemotherapy?,maybe
pubmedqa_880,Are income-related differences in active travel associated with physical environmental characteristics?,no
pubmedqa_230,Fragility of the esophageal mucosa: a pathognomonic endoscopic sign of primary eosinophilic esophagitis?,yes
pubmedqa_489,The English antibiotic awareness campaigns: did they change the public's knowledge of and attitudes to antibiotic use?,no
pubmedqa_772,Is ankle/arm pressure predictive for cardiovascular mortality in older patients living in nursing homes?,no
pubmedqa_378,Can third trimester ultrasound predict the presentation of the first twin at delivery?,yes
pubmedqa_288,Uniformity of evidence-based treatments in practice?,yes
pubmedqa_418,Evaluation of pediatric VCUG at an academic children's hospital: is the radiographic scout image necessary?,no
pubmedqa_674,Is the fibronectin-aggrecan complex present in cervical disk disease?,yes
pubmedqa_391,Advanced epithelial ovarian carcinoma in Thai women: should we continue to offer second-look laparotomy?,no
pubmedqa_592,Is the processing of affective prosody influenced by spatial attention?,maybe
pubmedqa_498,Must early postoperative oral intake be limited to laparoscopy?,no
pubmedqa_138,Could different follow-up modalities play a role in the diagnosis of asymptomatic endometrial cancer relapses?,maybe
pubmedqa_62,Cold preparation use in young children after FDA warnings: do concerns still exist?,yes
pubmedqa_471,Does laparoscopic antireflux surgery improve quality of life in patients whose gastro-oesophageal reflux disease is well controlled with medical therapy?,yes
pubmedqa_647,Does a delay in transfer to a rehabilitation unit for older people affect outcome after fracture of the proximal femur?,yes
pubmedqa_128,Do French lay people and health professionals find it acceptable to breach confidentiality to protect a patient's wife from a sexually transmitted disease?,maybe
pubmedqa_976,Subclavian steal syndrome: can the blood pressure difference between arms predict the severity of steal?,yes
pubmedqa_520,Maternal creatine homeostasis is altered during gestation in the spiny mouse: is this a metabolic adaptation to pregnancy?,yes
pubmedqa_838,Risk factors for avascular necrosis of bone in patients with systemic lupus erythematosus: is there a role for antiphospholipid antibodies?,no
pubmedqa_962,Do liquid-based preparations of urinary cytology perform differently than classically prepared cases?,yes
pubmedqa_64,Can we measure mesopic pupil size with the cobalt blue light slit-lamp biomicroscopy method?,no
pubmedqa_812,Do acute changes in heart rate by isoproterenol affect aortic stiffness in patients with hypertension?,no
pubmedqa_14,Do emergency ultrasound fellowship programs impact emergency medicine residents' ultrasound education?,yes
pubmedqa_156,Inpatient versus outpatient management of neutropenic fever in gynecologic oncology patients: is risk stratification useful?,yes
pubmedqa_40,Biomechanical and wound healing characteristics of corneas after excimer laser keratorefractive surgery: is there a difference between advanced surface ablation and sub-Bowman's keratomileusis?,yes
pubmedqa_492,Should tumor depth be included in prognostication of soft tissue sarcoma?,no
pubmedqa_379,Risk factors for major depression during midlife among a community sample of women with and without prior major depression: are they the same or different?,no
pubmedqa_187,Prevalence of chronic conditions among Medicare Part A beneficiaries in 2008 and 2010: are Medicare beneficiaries getting sicker?,yes
pubmedqa_763,Does aerobic fitness influence microvascular function in healthy adults at risk of developing Type 2 diabetes?,maybe
pubmedqa_216,Quaternary cytoreductive surgery in ovarian cancer: does surgical effort still matter?,yes
pubmedqa_791,Cancer of the buccal mucosa: are margins and T-stage accurate predictors of local control?,no
pubmedqa_52,Does pretreatment with statins improve clinical outcome after stroke?,no
pubmedqa_878,Can vitamin C prevent complex regional pain syndrome in patients with wrist fractures?,yes
pubmedqa_337,Is the atopy patch test with house dust mites specific for atopic dermatitis?,yes
pubmedqa_748,Women with synchronous primary cancers of the endometrium and ovary: do they have Lynch syndrome?,maybe
pubmedqa_719,Preparing patients at high risk of falls for discharge home after rehabilitation: Do we meet the guidelines?,no
pubmedqa_724,Some aspects of social exclusion: do they influence suicide mortality?,yes
pubmedqa_295,Can mental imagery functional magnetic resonance imaging predict recovery in patients with disorders of consciousness?,yes
pubmedqa_701,Pancreas retransplantation:  a second chance for diabetic patients?,yes
pubmedqa_251,"Is gastric electrical stimulation superior to standard pharmacologic therapy in improving GI symptoms, healthcare resources, and long-term health care benefits?",yes
pubmedqa_726,Informed consent for total hip arthroplasty: does a written information sheet improve recall by patients?,yes
pubmedqa_461,Pitfalls in urinary stone identification using CT attenuation values: are we getting the same information on different scanner models?,no
pubmedqa_455,Treatment of vitamin D deficiency in CKD patients with ergocalciferol: are current K/DOQI treatment guidelines adequate?,no
pubmedqa_996,Is there any interest to perform ultrasonography in boys with undescended testis?,no
pubmedqa_815,The insertion allele of the ACE gene I/D polymorphism. A candidate gene for insulin resistance?,no
pubmedqa_862,Can magnetic resonance imaging accurately predict concordant pain provocation during provocative disc injection?,yes
pubmedqa_269,Does obstructive sleep apnea affect aerobic fitness?,maybe
pubmedqa_201,Can a Novel Surgical Approach to the Temporomandibular Joint Improve Access and Reduce Complications?,yes
pubmedqa_161,Treadmill testing of children who have spina bifida and are ambulatory: does peak oxygen uptake reflect maximum oxygen uptake?,yes
pubmedqa_555,Is minilaparoscopic inguinal hernia repair feasible?,yes
pubmedqa_729,Discharging patients earlier from Winnipeg hospitals: does it adversely affect quality of care?,no
pubmedqa_401,Body dysmorphic disorder: does it have a psychotic subtype?,yes
pubmedqa_702,Factors determining the survival of nasopharyngeal carcinoma with lung metastasis alone: does combined modality treatment benefit?,yes
pubmedqa_476,Can routine offering of influenza vaccination in office-based settings reduce racial and ethnic disparities in adult influenza vaccination?,yes
pubmedqa_821,May mean platelet volume levels be a predictor in the diagnosis of pelvic inflammatory disease?,yes
pubmedqa_771,Schizophrenia patients with high intelligence: A clinically distinct sub-type of schizophrenia?,yes
pubmedqa_105,Does screening or surveillance for primary hepatocellular carcinoma with ultrasonography improve the prognosis of patients?,yes
pubmedqa_565,Is low birth weight a risk indicator for congenital cytomegalovirus infection?,no
pubmedqa_389,"Recovery Outcome Measures: Is There a Place for Culture, Attitudes, and Faith?",yes
pubmedqa_1,Landolt C and snellen e acuity: differences in strabismus amblyopia?,no
pubmedqa_937,Can distal ureteral diameter predict reflux resolution after endoscopic injection?,yes
pubmedqa_982,Intravenous administration of metoclopramide by 2 min bolus vs 15 min infusion: does it affect the improvement of headache while reducing the side effects?,yes
pubmedqa_561,Are Reviewers' Scores Influenced by Citations to Their Own Work?,yes
pubmedqa_80,Is the Distance Worth It?,yes
pubmedqa_205,Cholestasis associated with small bowel atresia: do we always need to investigate?,no
pubmedqa_34,Is aneurysm repair justified for the patients aged 80 or older after aneurysmal subarachnoid hemorrhage?,yes
pubmedqa_775,CPAP therapy in patients with idiopathic pulmonary fibrosis and obstructive sleep apnea: does it offer a better quality of life and sleep?,maybe
pubmedqa_508,Does head positioning influence anterior chamber depth in pseudoexfoliation syndrome?,yes
pubmedqa_427,Do hospitals provide lower quality care on weekends?,yes
pubmedqa_454,Appendectomy timing: Will delayed surgery increase the complications?,no
pubmedqa_366,Assessing Patient Reported Outcomes Measures via Phone Interviews Versus Patient Self-Survey in the Clinic: Are We Measuring the Same Thing?,yes
pubmedqa_91,Is Panton-Valentine leucocidin associated with the pathogenesis of Staphylococcus aureus bacteraemia in the UK?,maybe
pubmedqa_339,Do preoperative statins reduce atrial fibrillation after coronary artery bypass grafting?,yes
pubmedqa_897,Estimated fetal weight by ultrasound: a modifiable risk factor for cesarean delivery?,yes
pubmedqa_564,Can we ease the financial burden of colonoscopy?,yes
pubmedqa_345,Outcome Feedback within Emergency Medicine Training Programs: An Opportunity to Apply the Theory of Deliberate Practice?,maybe
pubmedqa_776,Does open access endoscopy close the door to an adequately informed patient?,yes
pubmedqa_241,Dementia and aphasia in motor neuron disease: an underrecognised association?,yes
pubmedqa_13,Prompting Primary Care Providers about Increased Patient Risk As a Result of Family History: Does It Work?,no
pubmedqa_315,Are hepatitis G virus and TT virus involved in cryptogenic chronic liver disease?,no
pubmedqa_600,Does β-catenin have a role in pathogenesis of sebaceous cell carcinoma of the eyelid?,yes
pubmedqa_387,Can EMS Providers Provide Appropriate Tidal Volumes in a Simulated Adult-sized Patient with a Pediatric-sized Bag-Valve-Mask?,yes
pubmedqa_273,Can communication with terminally ill patients be taught?,yes
pubmedqa_166,Is trabecular bone related to primary stability of miniscrews?,yes
pubmedqa_840,Esophagogastric devascularization without splenectomy in portal hypertension: safe and effective?,yes
pubmedqa_992,Do oblique views add value in the diagnosis of spondylolysis in adolescents?,no
pubmedqa_646,Is Overexpression of Ki-67 a Prognostic Biomarker of Upper Tract Urinary Carcinoma?,yes
pubmedqa_818,Are patients with serious mental illness more likely to be admitted to nursing homes with more deficiencies in care?,yes
pubmedqa_484,Is lumbar drainage of postoperative cerebrospinal fluid fistula after spine surgery effective?,yes
pubmedqa_980,Does left atrial appendage (LAA) occlusion device alter the echocardiography and electrocardiogram parameters in patients with atrial fibrillation?,yes
pubmedqa_504,Has the 80-hour workweek improved surgical resident education in New England?,no
pubmedqa_831,Is severe pain immediately after spinal augmentation a predictor of long-term outcomes?,no
pubmedqa_243,Diffusion-weighted echo-planar MR imaging of primary parotid gland tumors: is a prediction of different histologic subtypes possible?,yes
pubmedqa_566,Is external palliative radiotherapy for gallbladder carcinoma effective?,yes
pubmedqa_875,Is withdrawal-induced anxiety in alcoholism based on beta-endorphin deficiency?,yes
pubmedqa_562,Does the central venous pressure predict fluid responsiveness?,no
pubmedqa_686,Can common carotid intima media thickness serve as an indicator of both cardiovascular phenotype and risk among black Africans?,yes
pubmedqa_189,Do patients with localized prostate cancer treatment really want more aggressive treatment?,no
pubmedqa_782,Should HIV-infected patients be screened for silent myocardial ischaemia using gated myocardial perfusion SPECT?,maybe
pubmedqa_699,"Are lifetime prevalence of impetigo, molluscum and herpes infection really increased in children having atopic dermatitis?",maybe
pubmedqa_475,Cue-induced behavioural activation: a novel model of alcohol craving?,yes
pubmedqa_681,Is the type of remission after a major depressive episode an important risk factor to relapses in a 4-year follow up?,yes
pubmedqa_510,Sternal plating for primary and secondary sternal closure; can it improve sternal stability?,yes
pubmedqa_58,Can PRISM predict length of PICU stay?,no
pubmedqa_474,Do cytokines have any role in epilepsy?,yes
pubmedqa_560,Can nonproliferative breast disease and proliferative breast disease without atypia be distinguished by fine-needle aspiration cytology?,no
pubmedqa_856,Is prophylactic fixation a cost-effective method to prevent a future contralateral fragility hip fracture?,maybe
pubmedqa_747,Do socioeconomic differences in mortality persist after retirement?,yes
pubmedqa_252,Should pulp chamber pulpotomy be seen as a permanent treatment?,no
pubmedqa_21,Acute respiratory distress syndrome in children with malignancy--can we predict outcome?,yes
pubmedqa_313,Digital Tomosynthesis: A Viable Alternative to Noncontrast Computed Tomography for the Follow-Up of Nephrolithiasis?,yes
pubmedqa_459,Cardiogenic shock complicating acute myocardial infarction in elderly patients: does admission to a tertiary center improve survival?,no
pubmedqa_160,Does blood pressure change in treated hypertensive patients depending on whether it is measured by a physician or a nurse?,yes
pubmedqa_276,Are acceptance rates of a national preventive home visit programme for older people socially imbalanced?,yes
pubmedqa_955,Pertrochanteric fractures: is there an advantage to an intramedullary nail?,no
pubmedqa_191,Does reducing spasticity translate into functional benefit?,yes
pubmedqa_385,Empiric treatment of uncomplicated urinary tract infection with fluoroquinolones in older women in Israel: another lost treatment option?,maybe
pubmedqa_805,Is diffusion-weighted imaging a significant indicator of the development of vascularization in hypovascular hepatocellular lesions?,no
pubmedqa_413,Undescended testes: does age at orchiopexy affect survival of the testis?,no
pubmedqa_491,Is the affinity column-mediated immunoassay method suitable as an alternative to the microparticle enzyme immunoassay method as a blood tacrolimus assay?,yes
pubmedqa_343,Does timing of initial surfactant treatment make a difference in rates of chronic lung disease or mortality in premature infants?,maybe
pubmedqa_769,Preoperative staging of patients with liver metastases of colorectal carcinoma. Does PET/CT really add something to multidetector CT?,no
pubmedqa_308,Is oral endotracheal intubation efficacy impaired in the helicopter environment?,yes
pubmedqa_661,Is decompressive surgery effective for spinal cord sarcoidosis accompanied with compressive cervical myelopathy?,no
pubmedqa_130,Are women with major depression in pregnancy identifiable in population health data?,no
pubmedqa_663,Is a pressor necessary during aortic perfusion and oxygenation therapy of cardiac arrest?,yes
pubmedqa_871,Did the call for boycott by the Catholic bishops affect the polio vaccination coverage in Kenya in 2015?,no
pubmedqa_99,Is dexamethasone an effective alternative to oral prednisone in the treatment of pediatric asthma exacerbations?,yes
pubmedqa_372,Kell alloimmunization in pregnancy: associated with fetal thrombocytopenia?,no
pubmedqa_87,Is Chaalia/Pan Masala harmful for health?,yes
pubmedqa_458,Will clinical studies elucidate the connection between the length of storage of transfused red blood cells and clinical outcomes?,no
pubmedqa_330,Upstream solutions: does the supplemental security income program reduce disability in the elderly?,yes
pubmedqa_214,Autoxidation products of both carbohydrates and lipids are increased in uremic plasma: is there oxidative stress in uremia?,yes
pubmedqa_466,An HIV1/2 point of care test on sputum for screening TB/HIV co-infection in Central India - Will it work?,yes
pubmedqa_121,Can infundibular height predict the clearance of lower pole calyceal stone after extracorporeal shockwave lithotripsy?,yes
pubmedqa_614,Is pelvic pain associated with defecatory symptoms in women with pelvic organ prolapse?,yes
pubmedqa_20,Israeli hospital preparedness for terrorism-related multiple casualty incidents: can the surge capacity and injury severity distribution be better predicted?,yes
pubmedqa_700,Does sonographic needle guidance affect the clinical outcome of intraarticular injections?,yes
pubmedqa_71,Is there any relationship between streptococcal infection and multiple sclerosis?,yes
pubmedqa_106,"""Would a man smell a rose then throw it away?",maybe
pubmedqa_270,The effect of an intracerebroventricular injection of metformin or AICAR on the plasma concentrations of melatonin in the ewe: potential involvement of AMPK?,yes
pubmedqa_860,Is fetal anatomic assessment on follow-up antepartum sonograms clinically useful?,yes
pubmedqa_435,Steroids in aminoglycoside-containing ear drops: do they reduce cochlear toxicity?,yes
pubmedqa_102,Assessment of appropriate antimicrobial prescribing: do experts agree?,yes
