id,text,sentiment
yelp_44131,"Babbo's is a great little neighborhood Italian restaurant. I like it because it is casual and the food is consistently good. I'm a big fan of their salads: chopped, brussels sprouts, buffalo chicken...they are all amazing! Their pasta dishes are really good too. They also have great bread with rosemary and onion that they serve with all the take out orders and fresh with balsamic and olive oil for dine in customers. Everything is tasty and worth a trip!",positive
yelp_160348,"MAc's is great for all kinds of bbq and beer. The pork bbq is great, and the brisket is supposedly the best around. The sides are also yummy- the baked beans are awesome and the macaroni is pretty good. They also offer over a hundred bottled beers, and a few micro brew's on tap. This place gets really busy in the evenings with patron bikers and neighborhood yups, but don't be worried the atmosphere is great. Sit outside at the picnic tables if the weather is nice.\n\nUpdate: I went recently and had the bbq chicken and it was awesome!",positive
yelp_501440,"Well how I start?.. Very Authentic food!!.. I stop by Sabor yesterday and the place was full, I have to say that the staff were really fast cooking thw food. THE SALSA BAR WAS AMAZING !. The \""""pink sauce\"""" was delicious. .well too much..\n\nFew highlights !! Amazing Margaritas , friendly staff..\nIm the most important .. I had read few Review that they had messed up few orders , but I didn't see anyone complaining and my orders was perfectly done (steak was very good ) thank you!!!",positive
yelp_189988,"After all the reviews I thought I was going to be in for a good time. Sadly it was just ok, I guess the door guy wasn't in the mood to bad I was looking forward to that. \n\nI understand the darkness is part of the feel and fun of this place but I couldn't even read my menu the little light attached to my menu was broken. :( Made it extremely hard to order. I got the lasagna when it came it was burnt so bad around the edges I couldn't cut it so I had to return it and wait for a new one. By the time it arrived I was starving, the taste was good no complaints.\n\nOur group had a group on, when we went to pay we felt like we received attitude. Don't sell them if you don't want people to use them. Our waitress claimed the system was down and we couldn't use it, we refused to not use it and suddenly it was working again. The whole time the manager who could have smoothed some feathers was sitting at the bar drinking.\n\nSo the food was ok service sucked, oh well...",negative
yelp_109231,"This was my first time eating Ethiopian food.. and I think it was authentic? The servers didn't speak much English but that made the experience so wonderful! I can't remember what I ordered, but I know that I liked everything I ordered (and everything people at my table ordered as well). It was really cool because they don't eat with silverware, they use the sour-dough like bread to dip into the sauce! The service was so great and the food tasted delicious!",positive
yelp_61889,Worst place I've ever been all the bartenders are wasted. One of the bartenders added a tip when we payed cash it is a very very shady place it's now called kilroys and the bartender got off and got into a bar fight like it was nothing if u wanna get socked by a bartender then this is ur spot,negative
yelp_48804,Slow service. I thought the food was kind of tasteless. I had to smother it in salsa to taste anything good.,negative
yelp_366233,Too bad I can't do zero stars. This place is busy and everytime i get a coupon in the mail i think.....let's try it one more time. Even with the 50% off coupon....still not worth it. Not good at all......especially for a yogurt shop.,negative
yelp_6188,"I've been through this airport numerous times throughout more than a decade my traveling back and forth between where I live and Boston to see my dad. I have to end up going through this airport in order to go to Boston, which is why I am so acquainted with this airport. I've never really had a problem until the last couple of years when I graduated from being a kid to being an adult which it wasn't required to have people wait on me as I got off the plane and stuff.\n\nThat's not why I have a problem, though. I do like that they have a variety of shops and food outlets to choose from, especially a full Chili's in the airport. However, I understand that it takes money and such to build a big airport instead of a small airport to become technology friendly through the building and inputting of charging stations and more outlets to deal with the amount of charging of phones and such people would need to do in-between flights. I just found it vastly annoying that there still wasn't a lot of charging stations or great outlets to charge my phone. Since this summer, I actually had to PAY for wifi which was outrageous for me since it's offered free wifi in the past. I don't know if it was just me, but I could not get my hands on wifi without some kind of payment.\n\nThe staff has been friendly as I don't think that the bathroom help is a nuisance and they do a good job. This summer, I was walking and a staff came about and asked if I wanted a ride since I looked tired so he called for a ride for me on the transport, which was great. I have had a pleasant experience as far as the staff was concerned. I even lost my ticket from Charlotte to Boston at one point and they just printed out a new one as soon as they saw my ID and everything. It wasn't a big deal and it was easy.\n\nI just think they should fix their outlet/charging problem and put in new charging stations and if it's true that you have to pay for your wifi now, then they should make it free again because it's ridiculous to pay for it when it's been free in the past.",positive
yelp_37196,"This week, our sushi quest brought us to Hiro Sushi in Scottsdale. After last week's debacle, we wanted something that seemed like a more sure bet.\n\nWe started with the miso soup, and then ordered pretty much everything that seemed new and/or tasty.\n\nThe first dish that was served was our sashimi, which included uni (not the best I've had, but I'm spoiled after having had live sea urchin), toro (this was delicious), and Spanish mackerel (with deep fried bones!). I am a mackerel fan, and the bones were even better. I thought about asking if they had any extra Spanish mackerel bones lying around.\n\nNext, we had the ankimo, which was pretty good. I've had better ankimo, but it was far superior to the ankimo we had at Hana Japanese Eatery over a month ago.\n\nAfter the ankimo, they brought the dynamite appetizer. This was a baked scallop, mushroom, and cream dish that was pretty delicious, and a definite hit at our table (though it was inferior to the dynamite I had over a week earlier, which had geoduck in addition to scallops).\n\nWe then had the sushi: sea snail, edge of halibut, escolar, and jellyfish. The halibut was garnished with too much wasabi for my taste, the sea snail was lightly flavored and crunchy, and the escolar was amazing. (One of my friends pointed out this morning that escolar can cause diarrhea that is orange and oily, and I said, \""""So, basically like my diarrhea this morning.\"""" I contend that it was worth it.) The jellyfish was a first for me; it was crunchy with a bit of a spicy flavor (not sure if they seasoned it, or if this is naturally the way jellyfish tastes).\n\nAt this point, we decided that we wanted a little more, so we ordered grilled shishitou peppers and salmon roe. The salmon roe was not the best I have had, but the peppers were pretty tasty (not as good as the ones they have at Roka Akor, however).\n\nOut of curiosity, I asked the waitress if they had any kama, which I did not see on the menu. She said they had hamachi and salmon kama, which was only $8, so we sprung for the hamachi. It was tasty and tender, but not as fall-off-the-bone tender or mouth-wateringly delicious as the hamachi kama we had at Sushi on Shea.\n\nFinally, we had the tempura ice cream, which was the best tempura ice cream I have found in Phoenix.\n\nOverall, Hiro seems like a very good sushi bar. The food is fresh, they have some good special items, and it is actually very reasonably priced. Unfortunately, it will be hard to go back here with Sushi on Shea being only a few miles down the road.",positive
yelp_372303,I'm not usually a huge fan of Subway but I have to say the cheese omelet on flat bread with some spinach makes for a quick and tasty breakfast. \n\nYou can also 'borrow' Starbucks wifi while your there ;).,positive
yelp_37502,"My husband and I like to go Melting Pot to have dinner always. Everything was great so far. However, we were extremely disappointed with the food that they served yesterday.Yesterday we chose the special offer - Endless fondue. $36.95 per person. \n\nThe filet mignon was not fresh at all and it has strange smell. I guess this was the worst filet mignon that i ever had in my life! The teriyaki marinated sirloin and prawns were great at first. However, when we asked to refill the teriyaki marinated sirloin and prawns, you can tell that those quality of the refillable sirloin and prawns dropped significantly. I guess those refillable food are cheap/sales stuff. I actually have the pictures with me. \n\nWe have spent $111 yesterday but was extremely disappointed with the food quality. I was thinking to give feedback at their website but I couldn't as I have forgotten to take the receipt with me and we need to fill in the receipt number in order to give feedback to the Melting Pot website. I will never tried their ENDLESS FONDUE again as I do not want to eat those lousy food. I like to go to the Melting Pot BUT i think i will STOP going as i cant believe that they served bad quality food to their customer at the moment. I was thinking to tell my friends to try this ENDLESS FONDUE at first. However, I would tell all my friends NOT to try their ENDLESS FONDUE now. \n\nI Hope that the Melting Pot will take note of this issue and please don't serve your customer with2nd/3rd grade food when your customers are willing to pay. I do not know the reason behind why you served bad quality food... Is that because of the price is cheaper or because of the business is not that good during this summer and you have tons of food in your freezer which are not fresh?",negative
yelp_150809,"Grand Lux Cafe is an upscale Cheesecake Factory. They are owned by the same company so the two restaurants are very similar. \n\nTheir food is pretty standard, decent quality but nothing amazing. They have huge portions for the prices that they charge, and the service is decent too. \n\nGrand Lux was convenient and right inside our hotel, so we went twice. I had an omelet with a side of hash browns that was pretty good and then we went back after clubbing for zen noodles. Chicken broth with rice noodles after a night of drinking? It's not pho but it will have to do. Yummy!",positive
yelp_530948,"Niza is awesome!! He is very knowledgable and super skilled. I have very curly \""""ethnic\"""" hair that is quite difficult to manage, yet Niza made me leave looking like a star!! He cut my hair and bangs exactly the way I envisiHe was very thorough with the deep conditioning treatment (not to mention that he gave me the best neck massage I ever had). He made me feel very comfortable, gave me tips about my hair, offered me a drink, and when I asked him to take a picture with my phone, the man gave me a mini photo shoot :)) he genuinely wanted me like how I looked and leave the saloon happy. Strongly recommend!!",positive
yelp_403616,"I've come here a few times now and I loved it. Yes, there is a wait, but once you're in- it's so much fun! I love the variety and the presentation of the food. Everything is excellent quality and I seriously think half the fun is marveling at the presentation. I highly recommend coming early to wait in line.",positive
yelp_497454,"Worst red sauce I've ever had in my life and I am Italian and I have been from northern Italy to southern Italy in every major city and town. Not to mention I've eaten all across the country as well and had Italian food in all major cities in America. I love all different peoples sauce and I'm not expecting it to be like my mothers like most people I love trying different styles. Their marinara was disgusting and I don't even know what they use as a tomato base but it was very bizarre and cheap tasting. This is no exaggeration Prego and Ragu are way better than their sauces. I can't even believe their in business because of this alone. The pasta was over cooked. I did try my mother's pasta and that sauce was the same, really bad. The Marsala was incredibly average. I will say the service was good and it's a nice environment even though I was confused by plain white paper covering the tables over the linen.",negative
yelp_432696,"A strong 4 stars!\n\nI came here most recently because I was wanting a place with a unique feel and wonderful ambiance for dinner before going to The Laundry Room for cocktails. I was looking for some continuity in feel between dinner and drinks and was entirely happy with the choice of The Barrymore! The atmosphere is exceptional. Old film reels line the ceiling in the main dining area and the surrounding aesthetics compliment with a feel from yesteryear.\n\nThe food is consistently 4 star quality-- with the occasional 5 star standout and the less occasional 3 star encounter. The menu changes seasonally, but I've had a lot of love for the fish entr\u00e9es and as a result haven't ventured too far from those options as a main course goes. More memorable though, have been some of the starters. Their Foie Gras used to come with peach gobbler and more recently it has been Pan Seared and accented with clementine confit and citrus jus. They do a good job of pairing it with fruits that enhance the natural flavors of the foie. The octopus has a beautiful texture and taste. Lobster Mac & Cheese isn't usually my favorite, but I liked sharing it here specifically because of the truffle essence and mascarpone-tallegio cream sauce. We enjoyed the Steak Tartare with pickled shimeji mushroom and quail egg. The mushrooms were a pleasant, rightfully earthy addition, but generally speaking wasn't as memorable as some of the other options.\n\nThey also make quality drinks at The Barrymore. Their menu is dominated with white spirits and a good selection of gin, but I have had a couple real nice whiskey based drinks after talking to the bartender for a bit.\n\nWhile I would come in for the food, the setting has consistently been the impetus for my return visits...I am a sucker for nice ambiance though. Still, this isn't my choice for a romantic meal, just for special/memorable experiences.",positive
yelp_517865,Oh man! Overwhelming! Especially for those who loves waffles AAAND breakfast! Also great coffees n teas beverages to choose from! Vegans welcome! Everyone is soooo friendly as well as the atmosphere!,positive
yelp_466010,"I had an outside prescription, and I went to the Oakland location to look at glasses. I found a pair I liked and had them calculate the total cost with my insurance. They were more expensive than other places I had looked, so I told them I wasn't going to buy them and to drop the authorization on my insurance. \n\nTwo weeks later I went to a different retailer and decided to purchase my glasses there. When they went to enter my insurance information, the hold from 3 Guys was still there. I had to call Three Guys and tell them to drop the hold immediately because I was about to purchase glasses from another store. The guy on the phone was completely rude throughout the entire process. He literally said \""""Whatever you're paying for them, I can get them for you cheaper.\"""" Really?!? 3 Guys told me the total cost would be around $260. I got the exact same frames with the same lenses for $90 elsewhere. I highly doubt they could have come down to beat that price.",negative
yelp_261431,"I absolutely love Dolce. I was a regular at the Arrowhead location for almost two years but now Borgata is closer to me. There is no other full service salon and spa like this that offers the same array of services at such great prices. Yes, their prices seem steep if you look at their standard menu but they offer so many hook ups (discounts) on facebook if you are a fan, you can become a member for a nominal fee which comes with many perks as well. I plan on doing that next time I go in. On top of that their boutique is fabulous if I don't spend all of my money on pampering I'm bound to spend it on the chic and unique costume jewelry. This is the place to go if you want to look good and feel good. \n\nSpecial shout out to Jessica, my new hair stylist. She spent four and a half hours on me doing a color correct (I was trying to get red dye out of my hair) and did so successfully without damaging my hair. She was so diligent and made sure she really understood what I wanted before we got started (she actually did about a 30 min consult with me and decided to reschedule me for a bigger block of time instead of just rushing me through and risking a mediocre job)\n\nDolce has the highest of standards and it shows in every aspect, from check in (where you get walked to the seating area and offered a cool beverage) to the services rendered, to checking out (they always offer personal care products that applied to the service you received and every time they have been relevant to my needs)\nI heart Dolce and will be back as soon and as often as possible.",positive
yelp_124233,Service sucks. They are always messing up orders and are rude to customers. One of their workers was just yelling at a kid for bringing in his skateboard and told him to have consideration. So rude and unprofessional.,negative
yelp_523221,Very delicious. Good place for big parties. And to chill with friends. Or even go to the bar and get a drink.,positive
yelp_48023,"Dr Sina and her staff were very nice, courteous, and friendly. The office is very colorful & child friendly. My only issue is the last time I was there with my 9 year old, she said he had three very small cavities & wanted to fix them immediately. I said no! She said if he's very diligent brushing his teeth then they won't progress. They won't disappear but they won't progress. Well 6 months later they won't take my insurance without a referral from a regular dentist. I take my son to my dentist to get a referral, they give him a checkup, cleaning, and x rays. There are NO cavities! I told the dentist that he should have 3! He takes more detailed x rays...NO CAVITIES!! So, now my son goes to my dentist.",negative
yelp_368890,"Split across two levels, and very rarely empty, Vittoria on the bridge is a family owned Itaian restaurant which is great for a friendly family evening meal.\n\nIndeed, my family and I dined here recently and the experience was a great one - from the moment we arrived we felt welcome and cozy, with our waiter (whose name escapes me) showing nothing but helpfulness and friendlyness. It was only after our orders had been taken (from a vast and very tempting menu) that I realised how full Vittorias was. Despite this, the service was impecable, and the food was on our tables very quickly. The carbanara that I had ordered was sublime, rich and tasty. Each of us exclaimed that our own food was amazing, and indeed it was.\n\nVittoria is a great place for you and your family to go for a beautiful Italian meal.",positive
yelp_259763,"Probably an unknown hidden gem in my opinion. This lounge is situated right before the Pussycat Dolls Casino and Pure, so it made for some great people watching from their cozy furniture. Their drinks are kinda pricey but that's nothing new since you're on the Strip. The waitresses here are very nice though and I've managed to make a few friends out of them since I frequent here every time I fly back to Vegas. Definitely check it out and give it chance if not to drink, but to just chill out and take a break from the hustle and bustle of the Strip.",positive
yelp_471454,Really good vibe. Really nice place. Sound and stage is awesome.,positive
yelp_507569,"This pizza was a disappointment. The young people molding the dough did not use gloves and when I mentioned this I was told they didn't need to! GAG! I left my purse at the table and returned to find it there, untouched. Is anyone paying attention in this store? I won't be back.",negative
yelp_489505,Best wings in town!! It doesn't help that I live across the street!! LOVE IT,positive
yelp_43221,"Was visiting the area....my friend chose this place.\n\nI was going to order the fish tacos, until I asked the waiter what they put on the fish tacos and he was like: \""""Uhhhhhhh....\""""\nme: \""""Do you put anything on the fish? White sauce? Red sauce? Salsa?\""""\nwaiter: \""""Oh yeah. Salsa.\""""\n\nUhhhhhh....nevermind. (I guess you can only get good fish tacos in Cali.)\nSo I ordered the carne asada tacos. You can't mess that up, right? WRONG. It was the driest meat I have ever tasted. And then they loaded that dry ass meat with tons of cilantro. ugh. It was sort of like I was eating a cilantro salad with tiny pieces of meat mixed in.\n\nThe only reason I am giving this place two stars is because everyone I was with seemed to like their food. If I was basing the stars just on my food it would definitely be a ONE star joint.",negative
yelp_463319,Decided to stop by to have two of my watch batteries replaced. Read the great reviews. Arrived at 9:50 AM to find the shop opens at 10 AM. I waited. Another car came at 10 and the driver went to the door. Still locked. I waiting ten more minutes and decided to leave. Only can decide the shop is great but it failed to open on time. Chose to go to another shop.,negative
yelp_210361,The best place I have been in Vegas very good food and very good environment I really enjoyed my birthday there and I definitely be there next time...,positive
yelp_273569,"Client fid\u00e8le depuis des lustres,on y est bien re\u00e7u et bien nourri.on y boit bien aussi.patrons et cuisine fran\u00e7aise ,sage et bien ex\u00e9cut\u00e9e.une des belles terrasses de Montr\u00e9al en saison.prix sans histoire.",positive
yelp_511491,"Whaaaaaaaaat!! How have I not known about this place?!?! Other cities have way better options on desi food and I've always been generally disappointed in the options in and around Charlotte but this place has won me over. We tried several dishes and all were flavorful, warm, and fresh. I didn't get the \""""this just came out of a can/box/whatever\"""" feel from this place and I love that! The restaurant wasn't super busy around 730 on a Monday night but they did have a steady stream of customers (desi people eat late....LOL). Anyway, the servers were very attentive and quickly and efficiently brought and removed items to and from the table. Cannot wait to go back and try more dishes!",positive
yelp_14078,"I'm only half Asian so I'm not sure if my opinion counts. tho the price is cheap and the service is lightning fast the food does not stack up. yet the place was packed. \n\nThere was enough oil on my food for me to deep fry my thanksgiving turkey, luckily it was not peanut oil otherwise i would have ask for a to go box.",negative
yelp_319959,We ate here after our flight was delayed and we arrived at 2 a.m.. My husband and I were starving so we figured we might as well grab a bite to eat. They were offering the late night menu which was limited but offered a lot of good options. We opted to go for the nachos with steak and chicken tenders. We got a huge portion of the nachos but we really didn't like the nacho cheese sauce that they used. The chicken tenders were cooked perfectly with the sides of ranch and barbecue sauce complimenting it well. I got the house made lemonade which was delicious. The server was attentive and refilled my lemonade quickly. minus 1 for the nacho cheese sauce but overall a great late night meal.,positive
yelp_501984,"I purchased a romper for CCB, when my order arrived I was very excited, when I opened it I realized that a wrong item was shipped. I emailed the company letting them know and not only did they send me a return label as well so I wouldn't have to pay for shipping, but they express mailed the correct item. I LOVE the romper and was very impressed by how efficient and helpful they were to fix the mistake. I will definitely be shopping here again, such cute items!\n\nI feel the need to address Berta i's review below...just to let you know Berta, no one is impressed by your distasteful/hateful comment about the religion of the owners. Religious preference is irrelevant when it comes to business. Making derogatory comments about religious beliefs makes you TRASHY and an ignorant idiot, what makes you so high and mighty that you think you're any smarter or better. How dare you. I would cancel your order too if you sent an email with attitude, no wonder they don't want anything to do with you. I challenge you to pull your head out of you bottom and learn how to treat people nicely, see how that goes for you :) CCB, I am glad you stand for Christ, way to go!",positive
yelp_63551,"This is a must-see when you are visiting Pittsburgh. The Duquesne incline is regarded as one of the top 10 city line views in the world, accordingly to USA Today.\n\nYou have two options to check out the incline, either park at the parking lot at the bottom of the incline on West Carson street or park at the top of the incline. During the summer season, parking at the top of the incline can be bleak. There is a private parking lot right across the incline that charges $10/day.\n\nInside the incline, there is a cute little museum where you get a bit of the history of the incline also you can see the 'inards' of the mechanical room. The view is pretty awesome from the top.\n\nDo not forget your camera!",positive
yelp_476351,"Carnitas tacos all the way! If I didn't listen to my belly, I could easily kill 10 of these suckers. So I stopped at 6, and surprisingly, did not feel gross afterwards. That's a 5 stars review in my neck of the woods. \n\nDon't be fooled by the exterior, the bars aren't meant to keep you out, it's to protect you when you're inside. I've never felt so safe, watching Telemundo music videos, eating tacos, and hanging out with my buds.",positive
yelp_155848,"A pretty untypical spot for this neighborhood, but very welcomed. The staff is friendly and knowledgeable about the menu and the flavors. Clean restaurant with colorful \""""Austin\"""" decor. They slow cook their own beef and pork. Very tasty!",positive
yelp_150882,they are open 24 hours!!! \nperfect for those that get hungry after long day of gambling or traveling!!! \nfood selections are similar to cheesecake factory!!,positive
yelp_483021,"Mr Ramsey I think you are a phenomanal chef and I am a big fan , but I am dissapointed with Burgr .\nUsing your words here is a short review \nI don't want to blow smoke up your A ...\n3 words for you , In N Out !!!!!\nFries over seasoned ,\nBurgers under seasoned.\nShake chalky .\nService and ambience good.\nListen to joe Bastianich and get rid of the truffle oil.\nOn the whole a disappointing experience.",negative
yelp_147406,"I'm a big fan of the Cirque du Soleil shows and have seen over 10 of them, not one of them a disappointment. After watching this show, Mystere is now one of my favorite Cirque du Soleil shows. The stunts they pulled and the acrobatics were amazing! The most incredible part of the show was when two men were showing us how much the human body is really capable of. The cast was incredible talented and performed flawlessly. If you're into acrobatics and want to see how crazy gracefully flexible and strong the human body is, you can't miss this show! Is it expensive? It can be? Is it worth it? Hell yes!",positive
yelp_249041,"I am a frequent visitor to this chilis at chandler mall. I have to write this review because I am tired of getting my burger cooked well done. This is the 3rd time in a row that I have ordered a burger MEDIUM (not well done). I ordered the bacon burger - bacon was nicely cooked but AGAIN, the burger was like shoe leather. What is it with these places so afraid of getting people sick they can't leave any pink in the burger??? Yes the blue moon was good, yes the bartender was friendly, but I was not happy with my shoe leather well done burger that I ordered medium. I will return, but I will definitely let them know next time what I expect.",negative
yelp_2891,"I didn't quite realize how much I love Thai Cuisine until they closed for a few months to remodel. Their absence was deeply felt. Now that they are back in action, the restaurant is better than ever! It is now fully handicapped accessible, with a bright clean new dining room and multiple bathroom stalls. I was worried that the prices may increase due to the remodel, but no, they are the same. The food, also same, if not improved. The Tom Kha soup is as awesome as can be and our entrees were perfectly delicious. They still feature a separate vegetarian menu to make ordering easy. Most anything on the vegetarian menu is or can be vegan (just ask about egg - veg items do not contain fish sauce or shrimp paste). And the service has always been excellent.",positive
yelp_492896,"I planned a 40th birthday Vegas trip for a friend of mine and we planned on going to see Calvin Harris at Hakkasan on Sat. night. I worked with a VIP host to get a reservation for a table for 10 people (5 couples). He told me to arrive early, we did, he said to speak with one of his fellow hosts to get in, we did. What ensued, was the worst experience I have ever endured at a club.\n\nThe area outside the club was a veritable zoo. No clear lines, no clear signage of where to check in if you only had tickets, if you had nothing, and if you had a table. I went to the side to speak with someone and he said he could not help me, but I needed to speak to the host. It took me at least 45 min to get his attention (Greg I think). We spoke VERY briefly and I mentioned that we have a reservation for a table for 10 and he asked what our spend was. I told him it was $2k and he said to give him a minute. He waled away for at least 30 minutes. I grabbed him once again and asked what we need to do to get in. He said get in the other \""""line\"""" which was more like an ocean of people. I asked if there was any other way and he hinted that it would take some greasing of his palm. I collected what I thought was acceptable ($80) and offered it to him. He looked down and asked, \""""what's that?\"""" I said it was $80, he walked away.\n\nFrom there, I finally decided to bite the bullet and get in the \""""line\"""". After another hour or so of madness and watching others get in randomly, we decided to leave and go to XS. What I learned from this experience, makes me pretty sick. First, nothing is guaranteed, no matter how much money you are planning on spending. Two, if you plan on going to this club, be prepared to pay an extra $300-$500 to bribe the host to get you in. Now, I am all for tipping, but when you are about to spend thousands of dollars at a table to have fun for a night, there should be no need to add a bribe to that. \n\nI don't care if I sound naive or cheap, but that is complete BS. People come to Vegas from all over the country and the world to experience Vegas nightlife. If this is the norm, someone should at least tell the future guests that the only way to get in is to grease some palms with multiple Benjamins.\n\nLastly, to clear up any questions, they were not even letting in groups of smoking hot women. I am at a loss.\n\nLAME",negative
yelp_225580,"Normally it's a pleasant experience.\n\nI ordered a veggie omelette that was delivered with a bug in the greens. When I brought it up to the kid at the register he replied with,\n\n\""""Yeah, it's because we pick them fresh...it happens\""""\n\nI agreed, it does happen. No apology given though.\n\nI was asked if I'd like something else, I ordered a sand which that never came but my girlfriend had the same sand which so we split it, and it was tasty.\n\nBut, mine never came.\n\nI went back up to ask about it and was met with, \n\n\""""well we made it\""""\n\nOk great, congrats...but where is my sandwich? \n\nAt this point I am HANGRY (hungry+angry). \n\nAfter some shuffling around the same kid from earlier grabs cash from the register and says, \n\n\""""here's your money back, have a good one\"""".\n\nStill no apology...\n\nFrom a person who dines out often and is a proud foodie...just offer an apology and ask for an opportunity to get it right. \n\nThe food and ambiance is enjoyable, but not enough to make up for a lack of basic manners and personality.",negative
yelp_156971,The food here was T-e-r-r-i-b-l-e! Service was so-so...Don't waste your money here.,negative
yelp_139437,"I stayed here last September with my boyfriend, we'd reserved a queen bed room in advance. NEVER AGAIN. They double booked us so we wound up with some smokey double queen room which lacked in every which way.. I mean I know it's not the best hotel but I can't stand smelling smoke the entire time I'm in Vegas, it's bad enough the casinos aren't aired out. We didn't even get any discounts for the inconvenience. JERKS! Next time if I want to stay at the end of the strip we'll be at Stratosphere the rooms are 10x nicer.",negative
yelp_393905,Not quite the menu as the original but the tacos and the service are hard to beat.,positive
yelp_12617,"Mouth is watering just thinking about this place!!\n\nThe boyfriend and I FINALLY decided to try it out after passing it for almost a year. I loved how they kept it true and retro. Very cute inside. The service was very poor. Our waitress was sitting up at the soda bar eating when we walked in, then sat us down, handed us menus, didn't greet us and told us to just ask if we have questions to ask the table behind us since they apparently had a lot that she had answered before we arrived. Most awkward intro ever. We did have a lot, since it was our first time there and we didn't know how the menu worked. We ended up ordering a butterscotch-cookie dough ice cream soda and a fudge sundae with pistachio and vanilla ice cream, topped with whipped cream and nuts. OMG it was soooo yummy!! Biggest sundae I had ever been served! And you can bet I ate that entire thing! When we got our bill we couldn't believe how cheap it was for all that amazingness! We can forgive the customer service because that's not the main reason we went there in the first place.",positive
yelp_441139,So you'll marry someone who elopes...regardless of their intentions?!?!? But won't marry a stable couple who fought so hard for the right. SHAME!!! People like you are an embarrassment to the human race! #stayclassy,negative
yelp_513195,"Well just called for a simple togo and I asked,\"""" Can I still place a to go?\"""" I ask because I work in a kitchen and it is close to closing time , so if they are already shutting down , I understand. Guy on phone answers back with, \"""" if you want\"""". Why would I ask? Wth. He says hold on one sec and five minutes into my phone wait, still holding but my grip has weakened and so has my love for this place. I go here 3-4 times a month and than I get this. All I wanted was rice, shishitos, tuna tataki, and cajun albacore. In restaurants you have to be consistent, it's not about being escoffier one day and a burger king line cook the next. If your consistent , eventually that consistency will turn into greatness. Unfortunately this place obviously has workers in here who do not meet the consistency accord and do not want to be great. Huge disappointment, one that I will share with all my restaurant comrades .",negative
yelp_376655,"Loved this show! I agree w/ some comments about the storyline....etc. But think about it, this is a dance crew and they want it to cater to ALL age brackets. I know Jabba from ABDC, it's what I wanted to see and it's what I got. I can care less about the storyline, I want to see some tight dancing. Loved the light show and this crew is smooth and on point from beginning to finish. Also, most shows in Vegas are redundant moves, look at Cirque du Soleil, they own like 90% of the top shows in Vegas, and what do you see? It's all freaking acrobats!! Loved the music in the show and pretty much loved everything about them..sick!!!!!!!",positive
yelp_291957,Was really disappointed that my weekly visit to Jenni Pho has come to an end after arriving and finding out it had been closed by the health department. I now will go to Sammy pho after discovering it! Kinda happy Jenni Pho is closed now:),negative
yelp_136432,"I love Spearmint Rhino but the negative is that it ruined all other strip clubs for me. How could you beat free limo ride, no cover and gorgeous girls?\n\nWe called the number on their website and they brought a stretch limo to take just four people. Our chauffeur Tony was very polite and friendly. When we got in, it was very crowded but we lucked out and found a table. We eventually were able to make our way to seats on the main stage. Drinks are a little more expensive but very tall so well worth the money.\n\nNow lets talk about the most important part. I saw about 100+ girls and none of them were under an 8. A great variety of pretty girls and some of them with fantastic talent on the poles. My bf and I had an amazing time and this place is a definite must for my next visit to Vegas!",positive
yelp_74736,"I have never written a review on here before because I never felt it was necessary, but after my experience today, I advise those potential shoppers to think twice about visiting this store.\n\nI had a bad feeling about our appointment when we showed up early for our appointment and had to ask twice if we had a consultant. They finally had a room for us a half hour later, as our arms were overflowing with dresses. Once we were in a room (four girls in one room, mind you), our consultant was nowhere to be found. I would ask her to grab some dresses for us and it would take her ten minutes to come back. We had other appointments today and couldn't be waiting around. She apologized saying her other appointment ran over, but I do not feel that means she should spend less time with us. She only surfaced to take our \""""no's\"""" out of the dressing room.\n\nAdditionally, when we asked about other dresses in the line, they lied to us and said they had every dress there in store. No sooner did we leave, did I look online and find other dresses in the line that were not in store.\n\nWe understood that they were busy and that it is a Saturday during prom season, but that should not have affected our experience or the way we were treated. They treated us like our time didn't matter and that their prom girls were more important. Plus, as we were finishing up, we felt rushed out of our area because a large group was coming in and needed the space.\n\nIn short - we were made to feel like our time was not worth their efforts and that other customers were more important. The good news is that we found dresses that we love, however we will not be buying them from Michelle's.",negative
yelp_283991,Been coming since opening day but for some reason last weekend was almost terrible. The seating was terrible because my chair was place in a high traffic area so everyone that works there was bumping into me all night. Food is still great but the service is lacking. I had to asked for the lamb chops twice and they didn't serve it until I was there for 1hr 30mins. Some of the fillet minions were also dry. The dessert menu needs upgrading and what's distasteful is that the manager was too busy watching MMA at the bar instead of making sure the customers were satisfied.,negative
yelp_130516,"I really don't want to write this. This restaurant used to be on our regular rotation. That is why it is so disappointing that it has gone down hill. Yesterday I was there for the lunch buffet - which is the trademark of this place - and it about made me sick. The issue is the 'tongs' that are used to pick up your sushi from the buffet table - they are gross ! Now, I understand all buffets suffer from this issue to some extent but what was happening yesterday was a whole new level. With each new tray of sushi being brought out the staff simply took the tong from the old plate and put it on the new plate. Also - and this was the worst of it - they laid it on top of the new plate of sushi. \n\nNow, if this was one server and one plate - I wouldn't be writing this - but this was consistent throughout the 45 minutes I was there during the lunch hour. By the end the tongs were visibly filthy. I mean - sauces and rice and whatever being transferred from the old plate to the new and the servers just took it in stride. I mentioned this rather loudly to the other patrons at the buffet table and 2 others held up their tongs with a disgusting look on their face.\n\nIt was gross.....and unacceptable.....",negative
yelp_168360,I come here for one thing. Happy hour ramen. Happy hour ends at 6 but it is never really busy here. The broth is creamy and fantastic. The pork is the money winning meat to add to it. The noodles are great. I think that it is my favorite soup! I've had other dishes here and they are good but I come specifically for the ramen. The service has always been good and the domestic beers are $3.50. How could you go wrong?,positive
yelp_503136,"This opening was a little bittersweet for me. Sad that the dumplings are no longer down the street from my house in Fitchburg, but happy that they have returned to their rightful place on State Street. \n\nThe dumplings are just as tasty as ever. Go for the full order of mixed meat and potato with the spicy sauce and an extra side of sour cream. And then come back for dinner for another order.\n\nThe new place has a different more modern feel than the old hole in the wall. Can't say whether this is good or bad - all I know is that I would sit in a cardboard box on the corner and eat them if I had to.",positive
yelp_377968,"I have yet to try out the restaurant, but for right now, this review is solely based on the candy store alone...the place isn't all that...just another ordinary looking candy store to me...\n\ndude wtf...25 dollars for a gourmet lollipop? what's so gourmet about it? it's just a lollipop with a blinged out lollipop stick...i was expecting a plethora of candy flavors, only to find out it's just the standard and ordinary...caramel, watermelon, chocolate.etc.\n\nI gave this place an additional star b/c there gelato was good haha...i just got the strawberry cheesecake gelato...nothing out of the ordinary, but the flavor was spot on...",negative
yelp_125353,"So - stop me if you've heard this one - a Beer Girl walks into a Martini Bar...\n\nOk, couldn't help myself. So yes, Boltini is known for their martinis, but they have quite an awesome (and oft overlooked) beer list. I got a Shipyard Pumpkin Ale - that stuff's hard to find in Chicago, so points to the C-U mini-metropolis on that one!\n\nFor dinner, we went with the crab cake appetizer (as a Child of the Chesapeake, I am honor-bound to try any crab dish heralded as \""""best in town\""""). I must say, this appetizer held its own. While these were not traditional Chesapeake cakes, they took on a sort of Asian flair with the sauce and the vegetable pairings (I had no idea what to expect when I read that this came with \""""Asian Slaw\"""". What is that? Eh, I'm still not sure, but it was delicious). We definitely cleaned the plate.\n\nFor my entree, I ordered the Blue Crab salad. It was basically the appetizer salad-ified. Without my asking, the dressing was on the side (gold star!).\n\nOverall, everything was fresh, tasty, and a touch unexpected (you never know when it comes to \""""bar food\""""). While their drink menu far surpasses their dinner menu, Boltini is still a decent spot to grab a bite downtown.",positive
yelp_493711,"2.5 stars, but I think it's because we came at a bad weekend. There weren't big name DJ's playing and it was pretty chilly due to a few rain drops. \n\nSo we got on guest list via a promoter, girls got in for free and boys already bought their tickets. There was no line to get in (we got there by noon) but they forgot to give us girls the free drink tickets. We were confused but we just brushed it off and went inside. We're working professionals, we can buy our own dranks yo, and so we did. Drinks were expensive though, $23 for henny and redbull? YIKES!\n\nAnyways, the venue was cool, a simple layout. A big pool in the middle. bar at the back, stage at the front. The stage looked really good for a day club. I have to give props to daylight for keeping a GREAT guy to girl ratio. Lots of girls so it wasn't a complete sausage fest. However one thing was lacking, that was the crowd's energy. Too many pretty girls chilling on the side, nobody was splashing water after every drop, it was too chill for a day club, esp only experiencing a crazy day club at marquee with hardwell last year. I had high expectations coming here, so I came out sorely disappointed, and sad my friends (first time at a day club) had to experience this. We still had fun though.\n\nLater my promoter texted me saying we checked in wrong? I actually followed the instructions right, it wasn't our fault, it was the people working at the booth that screwed up. Apparently he didn't get points and we didn't get drink tickets like we were supposed to. So us 7 girls got out of the pool (it was cold!), ran outside the club in our bikini, just to find out the drink tickets ended at 2 so we pretty much just gave our promoter points. The workers were giving us a WTF look, not very helpful. They kept asking us how we got in. WTF?! They let us in in the first place. I texted our promoter and he didn't even respond to me. We were pretty pissed and that killed our buzz. Getting back in was a hassle, supposedly we had to get a \""""reentry\"""" stamp to go back in? The dumb dude at the door didn't even ask us if we needed a reentry stamp. So we had to go back in the regular line AGAIN. Such a hassle and a buzz kill.\n\nIt started raining cold rain drops, so we bounced. We'll probably come back here for big name dj's but we'll def try other day clubs before coming here.\n\nLater the promoter had the audacity to text me later asking if we want to go to \""""Light\"""" after he ignored my previous texts when we had an issue. WTF, step up your customer service. Feel like they gave a sh*t about it, using girls for \""""points\"""".",negative
yelp_468118,"I came here with a few of my friends after having read through all these great Yelp reviews. Let me give you a rundown of what I got to try:\n\n1. Greek Pide - I loved it! This \""""pide\"""" is pretty much a pizza with tapenade, feta, and cherry tomatoes--all that good stuff! It's cheesy! I like that. This is a must-try.\n\n2. BBQ Chicken Pide - If I liked BBQ, I would definitely love this; I just had it just to try it. Lol! But it earns extra points because the chicken wasn't bland or dry. It was moist and full of BBQ goodness! Mmmm...\n\n3. Kale salad - This, for me, was THE winner. I love the combination of kale, quinoa, cranberries and feta, but the addition of cashews were what balanced out the dish perfectly! If I had to choose one dish to come back for, it would be this salad.\n\n4. Corn salad - Nothing too special. Still good though!\n\n5. Tropical Wake Up Smoothie - I read the ingredients (pineapple, mango, banana, ginger, coconut water) and thought it'd be a punch of bold, tropical flavors. I was wrong. I downed it, but couldn't help but to think it was underwhelming. I think I just made the wrong choice. I'm sure the other smoothies are delicious! Next time, I will definitely try the Green Goodness Smoothie.\n\nOverall, I think the food here is very well worth the price. You don't come across many places that offer food like this (mostly) under $10. The atmosphere is alright--it's clean and there are plenty of tables. Can't wait to come back and try their sandwiches and breakfast items! :-)",positive
yelp_213911,"3.5 stars\nThe food is good but my only really horrible gripe is the noodle soup lunch special. $8.50 FOR NOODLES,SALTY SOUP AND 1 PIECE OF POTATO REALLY!!!",positive
yelp_462408,Well I came back and there was still construction going on and it woke me up early. I stayed on the same floor as last time the 5th floor and I know that is the pet floor but come on I even mentioned how disturbing the jack hammer can be. I get it the city was putting up an ice rink too. I still don't understand why they can't make an exception for the pet floor during circumstances like this. They did however give me free valet parking but I will not be staying at this particular Kimpton any more.,negative
yelp_60902,"What is it with women and purses--well my wife anyway. I finally bit the bullet and said I'd take her to Burlington today--no Coach for her. Burlington usually has something that will fill the bill, but there's a lot of looking and looking and well you get it. Today atypical. Within 20 minutes, she found the perfect purse--for this year anyway. \n\nAs usual, things in Burlington were messy. Things were all over the place. I guess there are so many people rummaging through that they just don't have nor take the time to replace stock the way a normal outlet would.\n\nThen came checkout. It's akin to enhanced interrogation. You wonder if you're in the correct lane. You bob and weave to move to another lane that then stops moving. It's a nightmare.\n\nI really would like to give the place more than 2 stars but any visit to Burlington is not OK in my book.",negative
yelp_12461,"Two stars for poor customer service. It doesn't matter how good your donuts are, you probably shouldn't ask a pregnant lady if she should be drinking coffee. It's none of your business and quite rude.\n\nFor the record, everything is okay in moderation, including donuts and a little iced coffee!\n\nI told my husband we won't be coming back here.",negative
yelp_77705,"No ambiance or customer service, but excellent food at more than excellent prices. \nI have tried various phos, com the rice dishes, apps, and bun the noodles. All are great and super inexpensive.",positive
yelp_133994,"I love everything about Paris except staying there. The beds are worse than the beds were at Motel 6 in the 1970s. The bedding is course, scratchy and thin. The mattress is one of the least comfortable hotel beds I have ever slept in.\n\nStay elsewhere but go enjoy Paris for the food and atmosphere.",negative
yelp_333534,The service here was absolutely excellent. The gentleman gave us tasters until we found the exact beer each of us were looking for. He wanted us to enjoy the pint we chose. Thank you! I really like that they offer popcorn if you need something to snack on. The beers that we had were good.,positive
yelp_326653,"Their claim to fame is their burger, but I have had much better. The patty was thin and overly seasoned. It only comes with cheese and everything you have to ask for extra. I asked for lettuce, but I didn't get it. There were no pickles anywhere. Blasphemy. The fries were kind of thin and skimpy. Much better burgers at the Wisco and Ella's.",negative
yelp_333335,"The reason for 2 stars. Order accuracy! My food has been wrong the last 3 times! I ordered 3 quesa tacos for my lady and me. We ordered 2 shrimp and 1 carnitas. We got 2 beef and 1 carnitas. The server said the ticket was correct. This is the third time this happened! Don't get me wrong, the food is great but you also should get what you order the first time.",negative
yelp_109189,"A standard Godiva store, but who doesn't love delicious chocolate? These tantalizing treats will give you the pick me up that you undoubtedly need after day drinking and $hopping!",positive
yelp_295333,"You've still got it, Mike! I'm a fan from way back when you were in Glendale in 1993! Visited for the weekend and made a special trip out to your new place. Everything was delicious from the bread and hummus, to the canneloni with housemade pasta - wow! Wait staff was accomodating and friendly too. If you ever decide to open a branch in Los Angeles, I'll be there - do you ship?? :-)",positive
yelp_253495,"I was very impressed and surprised by the quality of this restaurant! This place is STYLISH - whether it's the plush lounge chairs on the patio, or the old school movies being projected on the walls - there's definitely an element of class that is rare for the Mill Avenue district.\n\nFirst impressions were extremely positive - the place was busy but not packed, candlelit tables, and dim lighting provides the perfect atmosphere for a date, but not too much so that it causes that uncomfortable, formal, anxiety feeling. La Bocca almost seems like an AZ88 in Tempe for those who are fans. \n\nI was pleasantly surprised at the prices on the menu. Most items were in the $10-15 range, and I was immediately intrigued by the various pizza selections. I focused my sights on the garden pizza, which took me by surprise because it was basically a chef-tossed salad on a really good pizza crust. My girlfriend went with the bruschetta planks and chose two homemade pesto, one mozarella basil, and one roasted artichoke - DELICIOUS!\n\nTop that off with a few glasses of really good sangria and you've got a really good meal for right around the $40-50 mark. Needless to say we will be returning!",positive
yelp_74440,"I came into the ER while visiting Champaign from out of town. \n\nAs someone with a lot of family in the medical field and having had worked in an ER for 5 years I was evaluating my experience on many levels. \n\nFrom registration, to treatment, to being discharged less than an hour elapsed. Fantastic!\n\nThe layout of the ER confused me at first til I realized that they separate it into two sections, one for actual Emergencies/Traumas and one for lesser situations. \n\nThe equipment was dated from what I saw on the lesser side. It definitely needs an update. \n\nFriendliness of the staff was hit or miss. The woman who registered/discharged me was very friendly and professional. Her two other coworkers were less than professional, often whispering to each other and joking about patients they registered. This is NOT appropriate. \n\nThe PA (Physicians Assistant) who worked with me and treated me did a fantastic job and was very friendly. The Triage Nurse and other nursing staff seemed bored and didn't seem to want to be there. \n\nI also only spoke with the actual doctor for a whopping 5 seconds. \n\nThe 4 stars is for speed and quality of care. But I debated giving them 3 for awhile due to the lack of customer service and professionalism that I observed. \n\nCarle hospital has a lot to do to improve their quality of care. Educating their staff on how to receive and address patients should be their top priority. Patients all want to feel that they are being taken seriously, no matter what their complaint and reason for being there is.",positive
yelp_380165,"*This review is for the baguettes only\n\nWe stopped by here after Pho because my friend wanted me to try the baguettes. They didn't have any ready so they made them fresh for us. They were a dollar. I wish I could use more words to describe how ecstatic and happy I was once I had that gorgeous stick of bread in my hands. Warm, fresh, aromatic, and magical. This was probably the best dollar I have ever spent. I could eat ten of these probably. It sounds like this place isn't all that great for other stuff but I can at least tell you to stop in and grab a baguette, you won't be disappointed. Hell it would be against the laws of physics and the natural world for you not to like these baguettes. Go now. Run on over to Chinatown of all places, and get yourself some damn delicious bread.",positive
yelp_530985,"Eh, pretty good, pretty good. Just nice, greasy, satisfying Mexican (and TexMex) food. You can have your pina colada come in a pineapple! There was a hair in my food, which is fine because hair falls out. It's what it does. But it still made me queasy. And I had the worst stomach ache after eating here. Too much grease. My huarache was taking a sizzly bath. I'm conflicted between a 2 and 3 because the food was decent. The consequences, not so much. But that pina colada...",negative
yelp_253502,"My experience was lame :-/\n\nI had the dayton caesar, I know, boring... Though apparently it is possible to screw up. The chicken was dry and tasteless and the rest was, well, lettuce...\n\nReading everyone else's reviews, I will give it another go and be more adventurous with the selection :-)",negative
yelp_162273,"Great service, good food, but not as much as the hype.\nThe famous mashed potato was all butter - I felt almost a bit sick after eating.\n\nWe had:\n- for appetizer: snapper, endive, fois gras, veal dimsum\n- for entree: suckling pig, duck, pasta with lobster,\n- for dessert: coffee gelato+, taste of tarts\nAnd all were generally good, can't complain but some dishes I found very intriguing and tasteful while a few others were not as good.\n\nTasting menus are reasonable and they don't require the whole party to participate in the same number of courses. And sit at the bar and enjoy the view of the hard work in the kitchen.",positive
yelp_265115,"James and Fiona are great! Paradise Mobile Detail washed two cars and detailed a third for me. Not only were they on time, but they were friendly, professional, and easy to deal with. Most importantly, the work was done well. I'm happy with the washes and the detail. I would definitely have them back again.\n\nOh, and price wise, they are CHEAP! So cheap that I felt bad and gave them more than they asked for. :)\n\nI highly recommend Paradise Mobile Detail. Great people, great work, affordable prices...and they come to you! What more could you ask for? :)",positive
yelp_48518,Worst experience ever! I went to this nail salon because my normal nail salon was closed and I wanted to get a cute full set done before my family came to town. I went in and waited because they were behind which wasn't a big deal. But when i finally sat down to do my nails it was a disaster! I have two request make them sort of thin and short because of my work the nails can not be really long. The whole time she did my nails she kept com planing how i wanted them short then when she was finished she only put one application top coat which resulted in my nails being not shiny and looked half finished then she went on and left me in chair to clean. I even had to go back the other day because i paid for my nails to be done and they were not luckily another technician put three more tops coats and my nails were nice and shiny. Good i thought! Until 2 days later my nails started cracking and lifting. I couldn't believe it! This was a total waste of money and i decided to rip my nails off after only having them for a week total! I will never waste my money here again nor will I return i rather drive the 45 mins or wait next time till my normal salon is open.,negative
yelp_386067,"I booked my original appointment at Platinum Entourage as I was tired of going to \""""cheap\"""" hair salons and leaving the fate of my hair in the hands of the unknown. I am very thankful I did as Lisa D is by far the best hair stylist I have ever had. You can throw the most vague descriptions of what you want at her, and she will decipher it into hair perfection! She really goes above and beyond and I will continue to return to this salon for all of my hair needs. The salon itself is very clean and trendy. I love coming here and I can't recommend it enough. Platinum Entourage is not super expensive either, which it should be! I had a hair cut and had both Lisa D and another hair stylist squinting at my hair from 2 inches away making sure every strand was perfect. You can't put a price on that level of care!",positive
yelp_316289,I order a steak burrito with beans and rice and I got a rice and beans burrito with a bit of steak\n\nTaste is good\n\nService is great,negative
yelp_191832,"Food **** Service *, net score **\n\nWe sat at our nice table in the corner right on time (yay)... Was greeted very nicely by bus-staff and told that our waiter will be right with us (yay)... \nAnother bus-staff came up to us to offer us sparkling water (yay)... \""""Are you our waiter?\"""" uh no... ok... where is our waiter.. uh... uh... uh... ok 10-minutes, no bread, no waiter, nuttin honey....\n\nWe a man in a suit for the manager and guess what ... he gets our waiter??? Hey, we asked for the manager stupid! So I asked our waiter to get the manager... out he comes.... yes sir, we're terribly sorry... I'll make sure he comes right out.. uh no, you're missing the point.. he's obviously got too many tables, put someone else on the job... sorry sir but we cannot... ugh FML...\n\nSo waiter asks for our app order, we tell him we are in NO hurry.. and that we would like to see the wine list and the sommelier... the sommelier gives us his recommendations and we order an nice Barolo and wait... now the apps are out... where's our wine??? UGH... really.... food now and no wine..\n\nThe food however, was really nice, the apps were great, loved the beef cheek ravioli, and the goat cheese tortelloni was - uh wait, it didn't arrive, cuz the great server we had FORGOT IT. My wife really just wanted to eat a couple of apps, and now her meal was well.. gone poof...\n\nUh, Mr Manager... yes sir, we're terribly sorry, we'll get it out for you... \n\n$55 Veal chop arrives but not the side... hello? Mr Manager... oh the med rare veal chop was well... rare at best, but I was tired of complaining...\n\nTHey comped much of the meal and apologized profusely",negative
yelp_266361,"We were a party of 10, on 3 different tables. Our table was a disaster. My 'American Kobe Beef''' burger, was cooked medium well, when I asked for medium. My wifes was medium when it was supposed to be medium. I could not taste any Kobe distinguished flavour in my burger, to be sure. \nAnother one of our tables waited well past after were were finished before they were served, and again, their burgers were all cooked incorrectly. Table 3 of ours enjoyed their burgers alot and they got served in decent time.\nThe place has great ambience, the shakes are to die for, but the manager has to get ahold of his kitchen/grill staff and kick some ass. Cause they are sorta out of control at least as of July 29, 2008.",negative
yelp_313226,"Our favorite place for ribs! Every trip to Vegas includes a trip here! Consistent no matter which location you choose. \n\nI had the St.Louis rib combo w/ rib tips, very good. For my sides I chose the baked beans and mashed potatoes.\n\nService and food always good!",positive
yelp_153311,"the four of us had an early dinner on Sunday afternoon, and were delighted with the service and menu selection. I had the tangier burger which friend #1 highly recommended, and I quite agree with him that the combination of flavors made this burger a unique experience. Other group members had the monthly special ( I can't remember the name) which was a blend of chicken and vegetables in a tangy seasoning over the top of a tasty rice mixture, which we all thought had the most unusal (but delicious) aroma and flavor; a pesto Caesar salad, very satisfying but needed just a touch more pesto; and the hummus plate, which we devoured without a scrap left. The only thing that was desiring was the salt and pepper fries, which came with my burger. There wasn't any pepper and very little salt, but that was on the table so we made that up as we went. Seating and ambiance were comfortable and conducive to good conversation, and we will definitely be back to try some more of the very intriguing menu items.",positive
yelp_454631,"This store is overwhelming. It's the poor man's Costco/Sam's Club. The prices were cheaper when it first opened (holy hummus, Batman), but everything's still pretty cheap. I don't go here a lot because I've found I end up buying things I don't really need (because I MIGHT NEED IT ONE DAY, IT'S SO CHEAP). haha. I also can't carry much at a time because of my back, and I was always buying more than I should carry, so I've acquiesced to Wal-Mart shopping, despite my misgivings about corporate greed, etc etc. It's a great store if you have the time, the money, and a friend or a car to help you carry the bags home.",positive
yelp_425808,"What can I say besides amazing! Most of the waiters all make you feel pampered yet like family! They have recently encroached an Italian Restaurant on the edge of it that has gaudy table cloths but other than that the place is wonderful. The booths are cozy and comfortable, the food is the best in town! You have to try the doughnuts for dessert they are...addictive!! Please get rid of the ugly checkered table cloths at Marinelli's if they have to be next to Anthony's. My one other recommendation is to NOT put anchovies on the Caesar salad unless requested!!!!!",positive
yelp_227807,"I haven't tried this location yet but I am familiar with the Lenny's on 35th Ave and Thunderbird as I have lived in the area for years. Their burgers are very delicious as well as their fries. The only reason I don't frequent Lenny's too often is because I am so used to the fast food and cheaper prices.\n\nHowever, make no mistake about it the best burger in town is Lenny's so give it a try heck with today's value meal prices at other fast food places your not gonna pay too much more anyway unless you like the dollar menus.",positive
yelp_208184,"Eh...so so. Service was speedy but...they are running so fast they're doing sort of drive by service so you can't get their attention if you need something, and there were a number of things I would have asked for. Won ton soup made with water not broth. Won tons weren't wrapped properly so they fell apart and veggies were far too crispy in the soup. They didn't serve it in a proper little bowl with a Chinese soup spoon. It was a regular old American soup spoon. Not fun. They wrapped the moo shu pork for you, and then gave you sauce to dip it in which takes all the fun out of wrapping it yourself. The plum sauce was so salty it was not enjoyable. I needed a gallon of water to drink after a few bites of that, but I couldn't get a server to stop running past my table. No tea offered to start??? I saw a couple drinking tea out of coffee mugs. That is just WRONG! at a Chinese restaurant. I don't recommend Flo's.",negative
yelp_362977,"I never feel rushed with her. I am 22 and am not pregnant, but she made me feel comfortable and took things slow enough for me so I felt fine. My insurance through my college paid for all my services which ibwas unaware of until my last visit, but she is worth every single penny. She listens to every problem I have or question, and her staff are friendly and efficient. I love their online portal, reminders, and test results. Even though I go to school in CA and I visit home for breaks, I don't see myself switching to another dr for quite a while.",positive
yelp_203139,"I walk in to ask for a quote. After waiting two minutes to be addressed by the clerk (he was talking to a co worker while I was standing there waiting), I ask to see a room. The room and place is GHETTO. Me no likey GHETTO. Ghetto superstar you who know you are.",negative
yelp_67614,"I came here to meet some friends for lunch while in Charlotte recently and was impressed. They have a great selection of wine and beer (in single bottles as well as six-packs) and a deli with some fun sandwich/wrap combinations. \n\nAlso, there's a fun outdoor space in the back that is perfect for a relaxing lunch or, even better, day drinking.",positive
yelp_493413,"There was a cockroach strolling on my table while I was eating. When I asked the waiter to remove it, he waited for about 30 seconds, like he was waiting for the bug to just crawl on its way. After my demand to remove it for the second time, then he picked it up with a napkin. I've been eating at this place for several times now, and this was the first time I encountered a bug. Once is more than enough. The manager said it was sprayed a few days earlier, which made the roaches to come out and more active. Awesome.",negative
yelp_449000,"Also bought a living social voucher. The first time they didn't show up because the cleaner got \""""attacked\"""", the SECOND time the cleaner was in an \""""accident\"""" and they were trying to find a replacement. Now I've been calling for a month, not angry or upset, just saying I want to schedule the service. You know, the one that I already paid for? Guess who doesn't get a phone call back? Pathetic. These people should do jail time for stealing so many people's money. I'm glad that when I call living social today I might actually get a refund. I'll just direct them to these reviews. Wish you could give zero stars, one star seems like too many.",negative
yelp_121961,"Just ate here for the 1st time. They had some lunch specials that I was interested in so I ordered one which came with 1 slice of cheese pizza, 6 wings, and a drink. The costs was $6.00 so not bad pricing at all. The pizza we pretty good, nothing great but it was a good size. I ordered the wings as hot as possible and the clerk guy asked if I was sure which would lead one to think they would be VERY HOT; however I ate them all and didn't think they were that hot. Ive had much hotter other places. At any rate the wings were very tasty!!! My compaint if anything would be the wait, but when you order wings you have to expect about a 15 minute wait. At least they brought out the pizza to eat while we waited for the wings. Overall I enjoyed the experience. I grabbed a menu to go so we could come back and try some other items on the menu.",positive
yelp_103670,"Great food and even better service! Really small place, but the super friendly staff that really made me feel at home. I had the chicken teriyaki taco. The meat was super tender and the sauce was really good. I even got a free sample of their seaweed salad and poke since it was their grand opening. Will come back soon for sure!",positive
yelp_88578,"This Jo-Ann is pretty freaking sweet. It's huge, as has been mentioned before me. The location is certainly handy for north-siders, as has been discussed. But did you know that they do classes? TONS of classes. Even classes just for \""""Teens, Tweens and Kids\"""" in sweing, crochet, quilting and knitting. And for adults they have all those things, but some of them are actually social clubs to make it a real event. And they even have some $5 one time \""""Try me\"""" classes where you can see if you like something they do. If not, hey, ya just wasted $5. Not so bad. But man, I'd love to take one of their sewing classes! They have so many cool ones - from clothes to upholstry! \n\nBut in the end I go to Jo-Ann because Michaels' is often dirty, and Jo-Ann bought out Cloth World, which was one of my favorite places as a kid. This location may be on the other side of the world for me, but if I was taking on a serious crafting binge - I just might make the trip.",positive
yelp_76801,"I HATE THIS PLACE!!! I had the worst experience! I have a regular stylist who went back home to Chicago for the summer. I was approached about this salon and their new location. I called, explained my hair type and style and asked who would be best to serve me. The receptionist advised me which stylist would be best, and I booked the appointment. I showed up 10 minutes early. The stylist I was told would be styling that day, rudely informed me she was a level 5 stylist with a full client list and any stylist in the salon could do a good job. I should have walked out then, but I didn't. I told myself, \""""let's give the stylist a chance.\"""" I came in with my hair done as I always wear it, I explained exactly what I needed and wanted as well as showed the stylist pictures. I left in tears, she BUTCHERED my hair!! I was VERY disappointed, I will never step foot in that salon ever again! I wouldn't wish that experience on anyone! :(\n\nI have been to different hair salons trying to find a stylist that fits me. I was hoping to finally end this long search. This is why despite my initial interaction, I decided to give the younger stylist a chance. I honestly, was hoping to find someone I could rely on regularly. My current stylist is always in and out of town. She has done this for many years and this is no longer a job to her its hobby so she's not always available.\n\nThis was a complete disaster, I left in tears and cried for 3 hours. I had to go to Fantastic Sam's near my home to help clean up the mess the stylist left me with. I wear a sassy short hair cut but not a MULLLET! With the extensive explaining, and pictures I for sure thought I would leave at the least satisfied or with something I could work with! I cannot do anything but wait for this disaster to grow out. I am devistated, and I would think twice, three, even four times before you take a risk at this salon. I will say this, the salon lay out is nice, and the atomosphere is upbeat however, the skills ARE JUST NOT THERE!!!",negative
yelp_240077,"Unquestionably the biggest Yelp let down ever!\n\nI had a pepperoni pizza and it was just plain flavorless. The pepperoni and sauce was the delicious flavor of a good old water. Yum! (not).\n\nI've never been so disappointed in a well reviewed Yelp establishment ever! Let's hope this is the first and last time!\n\n(you'd be MUCH better served by Cibo, Pizza A Metro or Spinatos ... all within the vicinity)",negative
yelp_520567,"Simple clean , friendly staff but the selection is not that great",negative
yelp_142705,"The single best dining experience I've had in the last 5 years.\n\nGood Lord, help me. I'm still craving that gnocchi.",positive
yelp_357190,"I've had to call back easily over ten times trying to get my $150deposit back..this last time they told me it was posted on the14 but my account activity shows nothing I asked for an emailed copy of something saying that they sent out my deposit and they said they didn't have anything they could send me but to still call my bank and figure it out i stayed at the tropicana and recieved my deposit the next day,\nI didn't even end up staying at the Cosmo and I still have to deal with their BS",negative
yelp_345525,"This pizza tastes like water. We just ordered a medium Veggie Downtown, which has mushrooms, peppers, onions, and olives. Unfortunately, it doesn't taste like any of those items. You can't taste the sauce or the crust, either. I've never had a more bland pizza in my life. Yes, they're open late and yes, they delivered the pizza quickly. But those are the only nice things I can say about this place. As my partner just put it, he'd rather eat Totino's Party Pizzas. Ouch.",negative
yelp_329530,"I had eaten here last year and thought it was pretty good. This time I was not so pleased. The only reason why I gave it more than one star is because my companions were somewhat satisfied with their meals.\nI ordered a fresh fruit plate, grapefruit juice and a coffee. They first brought the more complicated dishes my cohorts had ordered and about five minutes later they brought my fruit. I think maybe the reason why they took their sweet time is because they were busy getting a really long hair wrapped around several pieces of fruit. It was nasty. The coffee cup also had something suspicious sticking to the inside. Yuck. Before noticing the hair I asked the waitress, again, if she could bring me a grapefruit juice as she seemed to have completely forgotten about it. She said \""""of course\"""" , as if it was the first time she had heard of it and left. She came back a few minutes later, with no juice, to ask how our meals were. I told her about the hair and she just said \""""oh sorry\"""" and took the plate away. I asked her to not bring anything back as I didn't want her just to pull the hair out and give me the same plate. After everyone finished eating and she brought the check was when she decided was a good time to bring the the juice which I did not touch since I was grossed out. Before she took our payment she said \""""sorry again\"""" and that was that for apologies. I'm definitely not going back.",negative
yelp_60466,"Put some fries and hot sauce on that chicken shawarma wrap, it's called Sultan style. I'm just kidding. I just made that up... don't say that to the cashier, they will be confused. But you should still ask them to put fries and hot sauce on your wrap, it's a nice touch. Thank you My T for the tip brosky!\n\nThis place has really bad reviews. Granted service is not like you're going to get at Robouchon, but cmon, it's not that bad. I really like the fatoush, it's more authentic than most places in Summerlin. The chicken shawarma was great. So juicy, not dry at all, I'm surprised at what everyone else is saying.\n\nI will come back! Someone mentioned waiting 15 minutes for their food? Is that really that bad? Cmonnnnnnnnn",positive
yelp_395973,"my husband and i were visiting in laws during the holidays, tired of eating leftovers we opted for something closer to home. we took my father in law for a 1st time pho experience and all 3 of us ordered pho and it was PHOnomenal!!!!!! bowl was large enough to satisfied our taste buds for a decent price ($8-$10). \n\nfor our 3 yr old, we ordered grilled shrimp fried rice which i REALLY liked!!!!!! my toddler liked the grilled shrimp on the skewer so i had to finish his fried rice. though toward the last few bites i bit into a small 1/4 inch square shape piece of GLASS!!!!!!!!!!!!! i was mortified. i'd prefered my fried rice w/o the jagged broken piece of !!!!GLASS!!!! in my dish please. the thought of my toddler ingesting that & him getting hurt would've ruined our fun holiday plans, also a possibility of sitting in the ER for hours. because of this 'accidental' experience w/the fried rice, i've decided to give Pho Van 1 star due to the piece of glass in my toddler's dish. sigh.",negative
yelp_97046,This has to be the worst oil change place on the planet. Horrible customer service high prices and overall a pain in the neck. Seriously go anywhere but here.,negative
yelp_489230,"I was very excited to check out this place. I read the reviews and everything seemed to check out. I went on a double date with my buddy and his wife and the place was alright nothing special nothing I would ever rush back to. If you are looking for a cheap chuckle not a laugh but a chuckle and no comedies are in the theatres I would maybe recommend this place.\n\n+\n* Great audience involvement\n* BYOB\n* Inexpensive-$10 per ticket\n* 5 different comedians-2 funny 1 not so funy-2 horrible\n* Very close to parking garage\n-\n* Comedians were wasted drunk, it was embarrassing to watch him make a fool of himself.\n* The venue was not even full to capacity. Part of the fun of a comedy show is sitting in the large audience and embracing the laughter.\n* 1 not so funny comedian-2 horrible comedian",negative
yelp_390323,"Came here for UFC fight. Despite calling the day before and being told there was no cover - there was a $5 cover. We paid and went inside. Every seat that wasn't empty was \""""reserved\"""". It would've been nice to know we could reserve seats when I called the day before...?! Or that all available seats had already been reserved... But then they wouldn't have gotten that whole cover charge I guess :| They promptly kicked us out of the seats at the bar we settled for since those too were \""""reserved\"""" for gaming. We asked how this works, where do we go, how do we watch the fight and were told \""""it's on all around the bar\""""... So we paid cover charges to sit down and then be left with no where to sit, while half the seats in the bar were empty but \""""reserved\"""" when we left...What a sh*t show. Besides UFC I'd never recommend this place it was gross small and obviously unorganized. The $60+ we would've spent here we just bought the fight at home.",negative
yelp_22301,"I wouldn't go to this one ever again! \nI understand I have a high power but the glasses which they gave were so thick especially at the edges, they were literally blocking my side vision. \n\nI will never recommend this to anyone!",negative
yelp_505893,"Delicious soldier burger, fries, & apple pie. Great music. A little pricey but we will be back!",positive
yelp_251794,"I found my dog when she was a stray, and she had major issues with people she didn't know. I started taking her to Fido's and now Bella has become a well-adjusted, fairy friendly dog. I give Fido's all the credit. Not only does she get to play with dogs all day, she gets to cuddle with the employees and work on her social skills! When she comes home, she's practically in a coma for a day because she's so tired. \nI trust the employees and owners with her all day, and when I'm going out of town. You just can't find any place like it.",positive
yelp_436762,"I love the concept and I am a cheerleader for this place to do well. I'm a big fan of buffalo meat as a healthier red meat and their dogs and burgers are both excellent. They also serve fries and sweet potato tater tots that are baked vs. fried and they are also delicious and somewhat guilt free.\n\nThe reason for the two is the service, which REALLY needs to improve. The people that work there are friendly, and polite, and they've even given our daughter free frozen yogurt. \n\nWhat's the problem you ask? They can NEVER seem to get an order together in a timely fashion. You're always waiting for something while other portions of your meal are done. I think the last 4 times I was there the fries weren't ready when my dog was and EACH time (I swear I'm not exaggerating), they forgot to bring me the fries when they were done even though they promised me they would. Each time they tell me they will bring them out to me and each time, I have to go get them and remind them they owe me an order of fries. The last time I even watched them take the fries out of the oven, salt them and leave them in the bin, just 2 minutes after I placed the order. And the thing is, they're never that busy, we're always one of only two or three couples in the whole place.\n\nI've suggested to them that instead of preparing the food right in front of you, they should do what they do at Noodles or Panera Bread and make your entire order fresh, in the back of the house, and bring it out to you when they are done. If people knew that waiting was part of the experience, they wouldn't have an issue with it and I think that would make this place a hit. I truly hope it succeeds!",negative
yelp_474710,"Got the caprese sandwich, worst sandwich I've ever had in my entire life. Bread was at least 4 days old. While thing was just disgusting. Worst part, paid over $10 ew.",negative
yelp_310716,The seets are waaaay too smashed together. $125 pet fee is rape. My dog is smaller than my purse. They sure aren't charging me that to carry on my purse!,negative
yelp_385116,"The BBQ sauce is very good. That's about it. The pork was a bit dry and for the price, you'll think it should be better. I had the cookie as a dessert and it just taste like something out of a package.",negative
yelp_380736,"My experience here was mediocre. When I first checked in it looked beautiful. When I went into my room it was very dim. They do not have a lot of lighting in there so might not be a good room with only girls. Getting ready was pretty difficult. \nNext, the ac started leaking our first night there. We called front desk and they said they can switch us rooms. We were already headed out the door and they said that they can do it tomorrow for us. Tomorrow came and Greg who was at the front desk was not helpful. There were no notes on the system of the room switch and basically said all the rooms are booked and they don't have a room available for us. Load of crock. When does a hotel fully booked and their lot is not even full, pool doesn't have people there, etc. he had the too bad so sad attitude. He looked at us if we were asking for an outrageous accommodation. They ended sending a handyman out who fixed it and drained out all the water. Everything looked half done. For it to be remodeled it wasn't all that great. I was disappointed with the service I received and when asked by another person in the front desk when I checked out, I told her the same story and all she could say was sorry and I hope ur next stay with us will be better. Like realllly?????",negative
yelp_81244,How can anyone rate this 2 stars let alone 5? Walked in and the place was oozing with garbage! Look over the counter and there is dirt and grime everywhere. Lady had no clue how to do math helping us. I had a buy one get one free coupon for smoothies and she couldn't figure out how to deduct one smoothie and tried overcharging me 3 times before I had to tell her the total. The donut we tried was fine but the smoothie and cookie and cream iced drink was horrendous! I will never go back to this trash bucket.,negative
yelp_326155,"A Madison gem. The prices initially seem steep but are reasonable for a local small business selling the types and quality of product they do. A great place for more green products than you might find at a big box. That said, the best thing about this place is there development of resources and community. They have programs and groups that meet at the store and have educational opportunities as well. This is truly a store that provides services you won't find anywhere else in town.",positive
yelp_457922,"What is the point in this new Tesco? I mean, really, why is it there? There is a bigger, better, cheaper Tesco literally 1 minute walk further down the road. A little example: Tabasco in the new Tesco: \u00a31.50. Tabasco in the old Tesco a minute away \u00a31.44. Yeah I know it's only 6p, but that's a massive mark up for no particular reason. And it's rubbish and understocked.\n\nIt's horrible, conglomerate, Starbucks-esque monopolisation. I know we're powerless to stop the inexorable Tesco juggernaut but this little place actually makes me quite angry being there. Please don't go, for me.",negative
yelp_297689,"I loooove this place, love it! I found a groupon on Mezzo's early last year I've been there five times since!! You.can literally taste the quality in the food, no skimping!! Huge portions! Always taking food to go, my two favorite dishes are the meat lasagna.and chicken parmesan! I've been telling everyone I know about this place seriously underestimated. Only draw back to me is I've seen the owner everytime I've gone and he doesn't speak, no eye contact nothing. The place is not super busy.(it so should be food is bomb) that's the only reason I'm giving 4 stars! idk other than that I will forever be a Mezzo Patron! It's defiantly a must try great for date nites or you just want a really fab meal it's always my first choice!",positive
yelp_418105,"Delicious ice cream, delightful staff and local charm. \n\nWe LOVE Churn and find ourselves enjoying an ice cream more often than is likely necessary these days! The staff is very helpful and pleasant and ice cream \""""sampling\"""" is actually encouraged---- score!\n\nThe peanut butter ice cream is divine and the available flavors rotate regularly. \n\nThere are two potential negatives to be aware of: \n1. Parking. There are very few parking spaces and these are reserved for valet, which is pretty lame given their location and the caliber of the businesses (not upscale). 90% of my visits have been on a bike so I didn't realize the inconvenience until recently. Park across the street or in the restricted business lot to the North.\n2. There is no indoor seating. I usually crave ice cream when it's nice out so this has not been an issue for me... just a warning:).",positive
yelp_292114,"Wer einmal zu Besuch in Edinburgh ist, sollte diesem kleinen 'Baked Potato Shop' unbedingt einen Besuch abstatten!\nDer Laden ist zwar sehr klein, es steht in der Ecke ein kleiner Tisch und der ist meist besetzt, aber das is schon ok!!!\nUmso geiler ist einfach das Essen, dazu noch eine Dose 'Cherry Coke' und dann ist alles tutti!!!\nDaumen hoch!!!",positive
yelp_127611,"If you have eaten at one of the Thai Nakorns in Southern California, then you are spoiled like me. I guess I went to Lotus of Siam expecting something magnificent, to only be disappointed by a dinner of mediocrity. \n\nHaving heard about Lotus of Siam and read the numerous glowing reviews on the internet, I had thought that we were going to be experiencing an orgasmic meal of mammoth proportions. Some of the reviews had proclaimed that Lotus of Siam was the best Thai restaurant on the West Coast. But I beg to differ. \n\nThe food was mildly good. The restaurant itself was very bland, shoved away in a bleak strip mall in the dark corners of Las Vegas. Walking up to the restaurant, we had high expectations, but those were soured when we entered. The walls were overflowing with numerous accolades and yellowing newspaper clippings declaring the success and importance of the restaurant. OK so that was a good sign. Contrary to the restaurant's proclamation that there were no open seats, the supposed \""""packed\"""" restaurant was dotted with a few parties and looked quite spare.\n\nSo we sat down in a booth towards the back of the restaurant, near the kitchen and ordered a few bottles of sake. After being provided with our small bottles of sake and menus, we began ordering. A lady came by our table, the owner I guess, and tried to push a fried fish on us stating that we would like it. In fact, most of the night the servers tried telling us what we would like and not like suspecting us to be \""""virgin\"""" Thai food eaters. \n\nThe food came out in a somewhat fast progression, coupled with more bottles of sake. By that time we were feeling a wee bit of the sake, but the food kept us in reality as it did not conjure orgasmic feelings. In fact the food itself was quite unsettling, with very little flavor. By that time the owner had tried pushing the fried fish on us four times, we still did not budge. \n\nLeaving Lotus of Siam, we realized how spoiled we had become. Thai Nakorn was still the champion and Lotus proved to be an unworthy opponent.",negative
yelp_126979,"The service was horrible! The food was just ok. The waitress order me an extra sushi dish cause she thought we would like it (which is nice)but then we had to pay extra for it!! THEN when paying for our meal the waitress thought she could just help herself to our change!! We were extremely offended!!! A tip is given, you dont just help yourself to someone elses money.... that's called STEALING!!!",negative
yelp_92192,"This was my first foray into Ethiopian food and I was impressed. It's a cross between Indian and Morroccan, with the wonderful addition of injera. I loved the family style, non-utensil, get your fingers dirty style. I had some definite favorites, but without labels on the 15 items I tried, I have no idea what my favorites were). Looking forward to going back for more.",positive
yelp_260814,"I have a friend who I may not trust with my life, but I do trust with dining and nightlife recommendations. Basically, wherever he tells me to go, I go.\n\nThis was the first time my trust in him was shaken. \n\nMy companion got meatloaf that was terrible; my steak was tough and flavorless. Our bread basket was good, though. \n\nService was friendly but inept.\n\nThe place was empty.\n\nThe herb garden in the back room is beautiful. Actually, the whole restaurant is beautiful, especially with the pool area lit all beautifully.\n\nThe giant cotton candy ball was the highlight of the evening. What does it mean when $.10 of sugar ends up being the best part of your dining experience?\n\nOh well, you win some, you lose some.",negative
yelp_50173,"Well...\n\nWhat can you say? This place does ok for what it is supposed to do. Applebee's has made a lot of sacrifices lately as a company and the menu just continues to slide south. \n\nThis location has mixed service. We have been here twice and the first time it was pretty crazy bad. The next time it was great. \n\nNone of that changed the food. For what you pay, you are getting cafeteria food. To that end, you are probably paying too much. \n\nI hope Applebee's figures it out someday.",negative
yelp_20034,"this place is FANTASTIC!!! for $2.25/piece, you really can't go wrong with getting your clothes dry cleaned here! The staff was friendly, my clothing came back spotless, and everyone was happy! For all those interviews, conferences, board meetings when you need to be looking sharp, definitely take your clothes to park avenue cleaners!",positive
yelp_240505,I love their chips and salsa (I buy their chips at the store all the time now) and the fajita burrito. But the absolute best part is the lemon-basil margarita. So amazing. We go there regularly for the food and have had excellent food and service each time. We've been to the Monroe and the Verona locations as well and have yet to be disappointed.,positive
yelp_21098,I've been to other ones and the food is decent I went in here and it took them 15 min to even say hello after I sat at a table. I left and don't want to ever come back.,negative
yelp_268325,Bought what is my second car there last week end all I can say is awsome just picked up my car today with a nifty new car radio and it works great looking forward to putting many miles on my darango.\n\nand this tip before you let someone say you dont have a choice step back and look at the big picture. I car with high miles and a high price topped off with a high intrest rate is not a good combo even if 95% are approved they saw you coming watch out.,positive
yelp_445803,"Ugh, gross gross gross! Unless you have bottle service, really, just skip this place. This club was meant for people that buy bottle service. The dance floor was the TINIEST thing I've ever seen and the place is just filled with people from bachelorette parties. Apparently, the girl next to me didn't get the memo that we would be packed like sardines in a can. It WAS Saturday night and it WAS a Vegas club, so I'd appreciate it if you'd stop giving me the death glare for grazing you as I'm dancing *rolls eyes*\n\nAlso, I don't get why this place is called 1OAK, it's definitely not 1 of a kind, don't you guys have a club in NY...? o.O",negative
yelp_308556,"Mmmmmmm, this was my first visit to the M Resort Buffet, and probably won't be my last. It helped that it's really close to my work, so their lunch buffet will probably be the only one I do.\n\nAt $15 for lunch, it was not a bad deal for all the food and options you get. Everything seemed to be quality food. If you go, request a seat near the window. You'll have an expansive view of the Las Vegas Skyline. Something I've never experienced at a buffet before.",positive
yelp_275926,"We just stayed here for four nights. Sadly, they no longer have a pool on the roof. If you check out the Trip Advisor reviews, you'll find that some of them mention the smell of mold in some rooms, and other reviews are absolutely stellar. Unfortunately, we got a really odd smelling room on the 21st floor (2107, I think). And we had to yank really hard on the door to get it to close.\n\nMy BF brought this up to the front desk, and they said they'd look into it, which reads, \""""we'll do nothing\"""". We wanted to have some people over but the room just smelled too damn weird and so that never happened. The issues weren't dealt with at all, and that makes me sad, because Marriotts are usually pretty good. At least the free breakfast was okay. Having free coffee and tea and breakfast is a nice way for cash-strapped travelers to save some money.",negative
yelp_341463,"I did not enjoy the food at this Chili's. It was far to spicy for my individual taste. To make matters worse, I watched an employee sweep the floor and under the table of the booth across from where I ws eating. He then proceeded to sweep the cushions of the booth with the same broom he had just finished sweeping the filthy floor with! It was one of the NASTIEST things i have ever witnessed in a dining establishment! It ruined by appitite and I was not able to take another bite of the already awful food. I told the employee what he just did was not sanitary and that if he must do that type of \""""cleaning\"""", it should not be done in the view of customers. He said \""""I can wipe it down if you want\"""". Wrong reply! It never should have happened! I also told my server and he in turn told the manager. The manager came to my table and just said \""""what's going on?\"""" He did not introduce himself or state his position. I had to ask if he was the manager. I told him what I saw his employee do but he did not seem apologetic whatsoever. I got up to leave and told him I would never return to his restaurant. Makes me wonder what other unsanitary things are going on in this Chili's.",negative
yelp_83051,"I was really excited to start classes at CGCC, but the staff completely turned me off to the school. They are beyond unhelpful! They gave me the run around for weeks. Denied me financial aid, even though FAFSA approved me for 2 grants. It's been a complete nightmare trying to get enrolled and set up for school... I will definitely be going elsewhere. They are NOT friendly, or helpful. I can't say enough negative things about CGCC. I'm not a fan.",negative
yelp_504374,"Disgusting Food !!! Slow service !!! Waste of money.. I'm not coming back. All three dishes were bad, we left it almost untouched except French fries which was ok",negative
yelp_352393,"You'll never find me rating a Starbucks lower than a 4, but this one is way too congested. Yes, the staff is friendly and it is convenient, the parking lot/drive through is a mess. \n\nThis Starbucks is a drive thru - walkup window only. On busy mornings, you'll find yourself backed up onto the street just trying to drive in. If you decide to walk up, you need to park your car and get out. The drive-thru lane and parking lot overlap, which makes it hard to back-up out of your parking spot.",negative
yelp_504010,"If you are ever in need of a podiatrist this is the place for you. I recently moved back to the West Valley and was still experiencing heel pain (even though I saw a foot doctor in Phoenix). Hands down, Dr. Bates and his staff were the best. They really listened to my issues. My foot started feeling so much better after the procedure (shot of corodisone). I feel so lucky having found Dr. Bates. Yes, I found him here on Yelp.",positive
yelp_245369,Great place to bring your kids while in Las Vegas. Lots to see. Can easily spend a whole afternoon here. I didn't get a chance to check out all the trails but they looked pretty cool from the balcony off the Nevada State Museum. Admission fee for non-Nevada state residents was a little steep but still worth the trip to this place. Staff were very friendly. Would highly recommend this place to families with young teens and kids 5 and up.,positive
yelp_411617,"This is a solid choice for a nice, romantic night out. The restaurant has a pleasant interior as well as outdoor seating area without being excessive . The servers give you the old fashioned respectful treatment, which always feels nice. I came here with my girlfriend during restaurant week for dinner and we enjoyed the nice weather outside.\n\nWe ordered the stracciatella and the Insalata. The straciatella was a rather unusual dish I must say. I know that mozzarella and tomato salad is a thing that they do out there in Italy, but the addition of ricotta cheese and the melding of the cheeses into some sort of strange paste was a bit unusual. My insalata kept it simple-- greens and tasty olives with a traditional dressing.\n\nMy girlfriend ordered the spring chicken and I went with the rib pizza. The pizza was, if anything, a bit too meaty. Lots of yummy arugula and some mushrooms as well. I think I would have liked some marinara sauce with it to weaken the meaty taste of the ribs, but it still tasted pretty decent the way it was made (and the leftover slice I heated the next day in the oven was actually quite nice). Very filling for a Neapolitan style pizza. The chicken was solid-- tender potatoes, seasoned vegetables, and tender, salty chicken. We gobbled it all up without a problem.\n\nDessert really impressed me. I had the pistaccio ricotta with honey and my girlfriend had the Bourbon caramel panna cotta. Both are EXCELLENT creations. I think the ricotta is a better choice for the more sophisticated palate-- the ricotta is only lightly sweetened and this is complimented by the saltiness of the pistachio and the drizzled honey to create a most pleasurable display of complimentary tastes on the tongue. The panna cotta is a better choice for one with a stronger sweet tooth. The combination of the gelato and the caramel in each bite creates a most soothing sensation of creaminess to balance the unfathomable sweetness of the caramel. Both desserts were promptly and quickly finished by us, the patrons. \n\nPleasing atmosphere, good service, and a decent amount of wine for under $10 make this place a winner and well worth a return visit.",positive
yelp_20851,"When you walk in the room there would be little doubt that this IS a motel, but with better-than-average decor. The bed, bathroom and all other stuff are pretty modern but the room itself is small and feels cheap. \n\nDidn't like the air conditioning. It is very powerful but at the same time noisy as heck. If you don't own a pair of ear plugs, you'd better be a deep sleeper. \n\nThe breakfast is amazing. Very delicious and a lot of variety to offer. Couldn't have enough of it. \n\nToo bad we missed social hour where free drinks are provided for everyone. \n\nOverall I'd recommended this place if you are traveling with a budget but still wanna a little spoil during your stay.",positive
yelp_428241,These guys ROCKK!!! Got my windshield replaced swiftly with no problems at all. The process was so quick and easy. Robert the sales guy was very clear and professional on the phone. The guys that came out were very cool and took care of business!! Will use them again when the time comes! Which I'm sure will be soon here in AZ!,positive
yelp_445188,"I went here because I ended up feeling really ill on a holiday and nothing else was open. I also didn't think it warranted a visit to the ER either. Well, a lot of other people had that same idea because the waiting room was full. I expected to wait for a long time, but somehow I was able to get in and out in under 2 hours, which is pretty remarkable, in my opinion. The PA was nice and professional and he had some good advice for me as well. I'll probably come back here if I ever have a non-emergency when my primary care office isn't open.",positive
yelp_116612,"I was honestly shocked by how rude this doctor is! He made me feel like my questions were stupid & gave condescending answers. When I asked him what was in this chemical filled pharmaceutical cream he wanted me to put on my face, he replied 'Do you care?' and refusedl to tell me. Uhh yes, I do care! It's my skin! He took no time to get to know the history or my concerns about my skin. He also chose to overlook a ridge that I asked him to fix from Juvederm. It would have been very simple for him to use the enzyme, but out of what I felt like was sheer laziness he just left it, saying it 'wouldn't be that noticeable' after he put the filler in. Next, he recommended I have 25 units of Botox at $270, and at 21 years old I really began to question his professionalism. Maybe he was having a bad day or something, but I will definitely not be back to this doctor. His energy & attitude was enough to drive me to write this review which I rarely, if ever do! People deserve to know the truth especially when it comes to something as personal and intimate as their face. Choose your doctor wisely, shop around!",negative
yelp_479270,All the food is great except the waffles. Best crepes in CLT for a very reasonable price. Great coffee drinks! Relaxing atmosphere. Never had bad service here.,positive
yelp_17868,"As if dentist/oral surgeon visits weren't bad enough, this place is AWFUL. \n\nI had to go here to have the rest of my wisdom tooth extractions because they were heavily impacted and needed surgery, which my regular (and awesome) dentist, Dr. Steen, could not perform.\n\nFirst, imagine what you'd like a surgical center's office staff to be like. Sure, clinical, because they do the same thing every day. But how about professional? Professional would be nice. It was awful from the get-go. The front office lady looked very un-washed and her makeup looked a few days old. No \""""Hello\"""" \""""How are you\"""" or \""""How may I assist you\"""", she just looked at us when we walked in and waited for us to say something. Then, \""""Sign in\"""". \n\nThere were some problems with payment and she not only was unbudging, she was straight up snooty about it. She actually asked if I wanted to remove the anesthesia to bring the cost down.\n\nUM, I'M GETTING ORAL SURGERY HERE, LADY. SOME DOCTOR IS GOING TO BE DRILLING INTO MY FACE AND SPATTERING BLOOD EVERYWHERE. I THINK I'LL KEEP THE ANESTHESIA. \n\nDo I look like the guy from A Million Little Pieces?\n\nThe doctor himself was very arrogant and Tom Cruise-esque in Cocktail, rolled up sleeves and all. He had the audacity to call my other doctor (Dr. Steen, great guy, very gentle) names because my recovery time was longer. \""""Yeah, I'm really good at this, so it'll take ten minutes, tops. And you'll barely have any residual pain.\"""" Look where I am now, Dr. Day! At the same pain levels as when I was with Dr. Steen. Ass. \n\nDr. Day's little nurse techs strapped me down in the chair and started talking about another tech rather disparagingly, as if I wasn't there. Helloooo, I'm about 6 inches from your face and am not yet sedated. Could you hold off on the shop talk until I'm off in dreamy dream land? Kthx.\n\nI would suggest you ask for a different referral if your dentist's office tries to send you here. Dr. Day and his staff are competent at best, but so rude and unprofessional, I'd rather go to Mexico than have anything else here.",negative
yelp_521987,"We moved to Arizona from the east coast back in February 2013 with our two dogs. We did not know a soul, and needed someone to look after our dogs when we frequently had to fly back east. I was wary about letting a stranger take care of our babies, but after meeting Patty in person, I had a very good feeling she was going to take amazing care of them. She did not disappoint. Our dogs are our babies, and when we leave them in Patty's care, I do not worry for one minute. She has been watching our pups for almost two years now, whether we are gone for a week or just a night. She is incredibly trustworthy, reliable, and most importantly takes care and loves our pets. She goes above and beyond, and I don't know what we would do without her! I HIGHLY recommend.",positive
yelp_276627,"I was excited about trying this restaurant as it looked busy most of the time. Unfortunately, my wife and I both found the food a bit overcooked and very bland. Not memorable at all.",negative
yelp_42402,Have never had a bad experience at a B Dubs and this place was no different. Always freindly staff at all BWW's.,positive
yelp_418012,"Frequent this Taco Bell fairly often and experienced terrible service yesterday. Sonny, the shift manager, informed us upon ordering that there would be a wait for the food, as there was a backup. We agreed and placed our order. While watching everyone else get their food, we approached the counter 20 minutes later, only to find our food had been sitting there, but no one had bothered to call our number. The food was completely cold, and Sonny had a complete attitude when we complained that he had not notified us that the food was ready. He claimed that there was no way the food could be cold and was a total jerk, which prompted us to ask for a refund. Won't go here again, as there are plenty of other TBs in the area with better service.",negative
yelp_510678,"She did a great job on my Cavaliers, and I love that the dogs are not in tiny kennels while they wait before and after their groom. Will be back! Thank you!!",positive
yelp_98002,"GROSS. I had one bite of each item of food I brought back to my table. Not one dish was edible. Even the rice was overcooked. The salt and pepper shakers were sticky, i had to ask for new silverware TWICE. My fianc\u00e9e and I refused to pay but offered to pay for our soda. Luckily they agreed. Will not be returning to this establishment. DO NOT EAT HERE!",negative
yelp_105272,"Just say NO! While the server was nice and polite the food was horrible. Gave it two stars instead of one because the waitress was nice. Maybe it's \""""good\"""" when you are on a moderate to heavy state of lubrication. The boli came out and the cheese was not melted and the dough was doughy. Sent it back and they just threw it under the salamander, which if you know how these work, it basically burned the top and didn't really do anything else, like solve the problem of unmelted cheese and uncooked dough. Ordered a side of ranch to help choke it down and they charged $0.50. That in and of itself is perry. Since the boli didn't come with marinara the least they can do is not charge for the ranch unless I'm asking for 20 of them or something. I now remember why I haven't been here for a couple years. I wish yelp would have a personal memo section for restaurants so I can make notes for places I like and dislike.",negative
yelp_264592,"This place is a blast! You have to pay for your drinks, but I just figure that into the entertanment factor. Early in the evening they do karoke, and there are locals who show up everynight to fill in if others don't have enough booze in them to get up and sing. Picture Elvis singing Love Shack. Lot's of laughs here. If you don't want to go in (who wouldn't?) you can watch from the casino. But go in, have a drink and get up and sing. It's Vegas Baby.",positive
yelp_494180,"The weekend we saw the show Lou Gramm, the original lead singer of Foreigner, was the guest star and he performed 3 of the group's hits. This show was truly a rock concert with music of 60's-80's bands such as Bon Jovi, Journey, Van Halen, Free, and the Who. The sole weakness was during the closing credits when every participant and their next of kin were introduced. It was dragged on for so long we ended up departing before the end. \n\nA rating of 3.5 would be appropriate.",positive
yelp_329228,"I started using the Cave Dwellers valet service at work when I did not have time to stop at the cleaners to drop up and pick up my clothes while attending school. You put your clothes in a bag along with a slip with your name company, and info, and drop it into a box. They pick your clothes up and return them the next day. I love the convenience of it and the cost is only a few cents higher than the other cleaners in Charlotte. There are only a few cleaners in Charlotte that do their own work, and Cave Dwellers is one one of them. The machines they use can be rough on the buttons, but they replace them for free. I have used them for laundering shirts and dry cleaning pants and they always come out great. I wish they were a little more eco-friendly, but the places in Charlotte that are eco-friendly are just too far out of the way.",positive
yelp_180163,"There is no standards at this location. It seems as if it could be in need of some financial relief. But who knows what is going on in the back office. Because it doesn't seem to be lacking business. It's what kind of business it's bringing it that is probably going to ruin the reputation of the Aruba. This room was booked thru hotel.com but it doesn't anything worth visiting. If you're trying to get a clean room; go somewhere else. There was a cigarette burn on the bed covers. \n\nIf you're ok with ruffing it, then come save some money. But if you want something fancy, head south on the strip.",negative
yelp_246329,"Came here with family last week. We loved it so much and our waiter (I can't remember his name). \n\nWe ordered the wine of the week, which was a Rose', and started of with a dozen of their oysters YUM. Service was fast and the bread was warm and fresh. Our table shared the Caesar salad (prepared at our table). \n\nI had the Seafood Fettuccine. It was perfect. They actually gave me more seafood than noodles. A plus. My dad ordered the Fillet Mignon with crab and asparagus cooked medium rare and my mom had the Salmon with lentils. Everything was perfect and we would come here again.",positive
yelp_90824,"I received a very nice email from the manager who expressed his regrets about the problems my family and I experienced, and invited us to return after he personally took care of the fly issue. We did return in early November, but as the weather was really nice we sat outside. FWIW there were no flies outside. The service was OK at best. We were first asked for a drink order from 3 different servers, yet it took 15 min to get our drinks (tea, soda). It was just a little strange. Different people take the order, serve it, and clear the table although the person who took the order did stop by to ask if everything was ok.",negative
yelp_358308,"I was not impressed by the pizza by any means. The red sauce had no flavor and there was very little seasoning on the pizza with the regular red sauce. The garlic sauce, on the other hand, was really delicious and I regret not getting it.",negative
yelp_158139,"OMG! Love Chelsea's Kitchen! Love it. First, you MUST have the Chicken Nachitos! The Roasted Chicken Spinach Salad is awesome. This is what I order most of the time because I think it balances the Chicken Nachito pig out that prefaces the main course. However, the Fish Tacos are great too! I love hanging out on the Patio. It's so lovely and the weather is getting nice now to sit outside. Perfection. The staff is great and the service is fast but not rushed. I wish the owners would open up a place in South Phoenix -- we are \""""hungry\"""" for non-chain restaurants!",positive
yelp_385335,"I've been here a number of times over the past couple of years; however, I doubt I will go back. \nThe good: the prices are very good. The service is also good. It's generally not overly crowded. There is all there is to recommend it, unfortunately. \nThe bad: a group of us went to see the divas of comedy a couple of months ago. They were all very base and not at all funny comediennes. \nWe went again tonight for the New Year's Eve show. It was the most disorganized disaster I have witnessed masquerading as a stand up comedy act. The host most of his monologue speaking Spanish, the first comedian followed this up with more monologue in Spanish with explanations in English. They allowed a customer to get on stage and heckle the host before the main act. The main act was also not funny at all. \nWe could not get out of there soon enough. It's the first time I've seen so many people leave before the show ended. \nSave your time and money... Go elsewhere.",negative
yelp_46393,I was very disappointed with there service food staff and owner !! Mostly owner !!! He was very rude treated his workers terrible with no respect at all on a level if he had a lot of prejudice in him. As well he had no respect for individuals that sacrifice and service are country for are freedom .. That is one area that really upsets me . He would not be a owner of that business if it wasn't forhusbands or wives or are sons and daughters serving are country that is like spitting in a persons face ... I will never step a foot in his business again and would not recommend anyone to waiste there time and there money on low budget wanna be Mexican food !!,negative
yelp_54482,"When I lived in this part of town years ago, this was my regular spot. Back then it was Skinny Dugan's Pub. Stopped in this weekend. Maybe my expectations are skewed, but it was terrible. I didn't even finish my 1 drink and had to leave.\n\nIt was clean enough. Just dead, no crowd, no life, no interest from the bartender. Guess I was hoping for more.",negative
yelp_438235,"The wife and I received an Entertainment book and have been using that, along with Yelp, to find new places to try. One night we randomly opened to the page featuring an El Rancho BOGO coupon. It's right down the road from the house, so why not?\n\nWe walked in, saw there was only one other table and were greeted and seated before the door closed behind us. Our drink order was taken and filled quickly too. After the chips and canned salsa came out, we placed our order and waited patiently for our food.\n\nThe other table was getting ready to leave about the time we were running out of drinks and chips. No problem, once the one front of house employee is done cashing them out, he will come refill our glasses. Or, maybe he would just ignore us. Our drinks sat empty, the chips were long gone and only a partially full dish of flavorless, straight from the can salsa kept us company.\n\nSitting within line of sight (and about 5 feet) from the drink machine, I was tempted to just refill our glasses myself. About that time, the server guy decided to stop by and refill our water. \n\nShortly thereafter, our food came out. I gave the tacos and enchilada plate a try. I was pleasantly surprised to see that there was a hidden cheese enchilada hidden in the sauce next to my chicken enchilada. The taco was tasty, nothing magical, but it wasn't as bad as others that I have had. The enchiladas were also not bad, but nothing too amazing. The sauce seemed to also have come from a can, it didn't have any individuality.\n\nThe restaurant used to be an American restaurant/cafe with an ice cream bar that made waffle cones fresh. There is still a strong smell of waffle cones in the air, which makes for a weird combination with Mexican-style dishes.\n\nAlso, it would seem that they are trying to save money on electricity by not having a strong A/C presence and keeping the air moving with box fans, industrial strength wire frame fans and the like. A boom box sitting on the counter plays Mariachi music too loudly throughout the dining area too. \n\nHaving only one table can lead to servers either spending too much time checking on the customers or completely ignoring them. While the gentleman was very nice when he interacted with us, he was a little too absent while our drinks were empty. He was not even in view, so we could flag him down either.\n\nIf we're in a pinch, don't want to travel far and I am craving tacos, we may hit El Rancho up again, it won't be a go-to place though.",negative
yelp_393621,"I really like this place! The food is so good and fast. I think the longest we've waited is about 10 minutes to get our food...I would strongly suggest the carne asada plate. Awesome meat! There is guacamole on the side, along with rice, beans, and tortillas. Can't go wrong! \n\nIt's kind of a random location off of Maryland and Pebble...just look right behind/next to the Shell Station and you'll see it.",positive
yelp_327788,"Not sure where to begin. I dined with my husband hoping for authentic Italian cuisine and sadly, we were SO disappointed. Our appetizers were still frozen inside. When our waiter came to check on us, I told him about the mozzarella sticks. His response,\""""Oh. Uh. Uh. Do you want me to take these back?\"""" It was really hard to notice his disgust and sarcasm in his response. We already ordered a pizza, which we were told would take 45 minutes, so we waited in hopes of it being delicious. When he brought it to us 45 minutes later, it was cold ...and just gross. Another notable observation; The waiter NEVER CAME BACK TO OUR TABLE. Not to check on us. Not to refill drinks. Nothing. We had to go to the hostess stand to get our bill. The food was just awful, as was the customer service. Believe me, we will never come back.",negative
yelp_87839,"Very bad. We had been here maybe 3 years ago and did not remember much. It is a great location though, & so we went. We love Mexican food. We have been to more Mexican places than I can count. This has to be one of the worst. When we sat down, seconds later, the waiter asks\"""" ready to order\""""? No drinks offered, no appetizers offere.. We asked for a margarita. Small or large? That was it for choices. So, we went small. Thank God. Yucky. Okay, moving on.. Ordered dinner. I had a combo plate. Hubby had a beef burrito. Very basic. When in doubt, don't stretch the kitchen. Both our dinners were bad. Not even warm. Tasteless, greasy. We had to ask for hot sauce. The only condiment on the table was salt & pepper. To top off the nite, hubby needed to use the restroom. You have to walk outside to get to it? I heard the table next to us commenting on how dirty the restrooms were. All I can say is,save your money. Go somewhere else.",negative
yelp_328603,"I love sushi and have eaten all over the country but here in a little nothing town Maricopa, AZ is this awesome hole in the wall with great people. Great delicious fresh food with great service. My favorite is on daily special \""""spicy tuna\"""", it is a must try. If you have people who think sushi is gross then their spicy or teriyaki chicken bowls are fantastic.. Enjoy.",positive
yelp_420877,"After trying I love tapas, I figured out it was arepas. I had the shredded beef. The chicken and pork butt. Muy delicioso. I thought they were tiny hence why I ordered 3. Coming from a Guy who can eat it was hard to nom nom nom down the 3rd one. The meat was fresh with the right amount of seasoning. The corn bread thing it was in was lite and airy. I love the green mild sauce he gives on the side. So good.",positive
yelp_79523,"Do NOT go here. I warned you. I too would give it less then one star. The representatives are rude and not helpful at all. I feel they lack education an knowledge about teeth. The dentist are not gentle and don't try to be nice to the patients. They are there just to do the job. I don't feel like they care about the patients at all. If you go here they will make nearly impossible for you to make an appointment. They play hard to get and it is very difficult to get help on the phone. Even when you have an appointment they will make you wait for an hour before they actually touch your teeth. I have gone more than time and confirmed that, that is just how they operate. The only nice thing about this dental chain is the payment plan they offer. However, I rather go elsewhere. I am currently looking for a different dentist with payment plans.",negative
yelp_69290,"I ordered apple pecan chicken salad, fries and iced tea. This does not happens once but on other wendys store too. The salad has mold on cheese! All their salads are pre packed so I guess they serve it without expiration date. I would never eat their salad again. I would give them no star at all. Don't eat the salad until you look at it closely or worst tasted it.",negative
yelp_26426,"Awesome sandwiches. I've been here a few times now and every time, the sandwiches are fresh and filling. This is probably my favorite sandwich shop in town. The service is great and all of the staff are always friendly.",positive
yelp_534922,"A friend implored me to add Asia Subba to yelp. And here is my gleeful compliance. Asia Subba opened up about a month ago, and I was waiting for the right moment to go, namely someone else offering to buy me dinner. The restaurant offers sushi, Indian and Nepalese food. We came specifically for the Nepalese food as I had never tried it before. We tried the pork , lamb, samusas and chicken fried rice. The lamb was amazing, very juicy and flavorful . All the entrees came with curried vegetables and steamed rice. There were also Nepalese pickled veggies that my friend referred to as a \""""warm condiment\"""". The samusas were less spiced than the Indian version that I am\nAccustomed to and my son ate his fried rice. The restaurant is clean and air conditioned! Also Mr.Subba, the owner is super friendly. Please note that the restaurant is located up stairs.",positive
yelp_83228,"The counter lady was uber nice, letting the three of us sample the ice cream flavors. The rum raisin was my favorite, but the textures from the ice cream consistantly was a little gummy. And the bright food colorings reminds me of being at a happy circus but, perhaps in my old age, I prefer things a little more au natural.",negative
yelp_279773,"Came here with the Better Half to celebrate her Birthday. The restaurant came highly recommended by a friend, and we noticed that they had Foie Gras on the menu (her fave) so we decided to check it out. \n\nWe reviewed the menu before we got to the restaurant and decided to order:\n\nRoasted Foie Gras Prepared Sous Vide - $110 \nSmoked Truffle-Infused Filet Mignon - $38\n\nFor sides - $8 each:\n\nMac n' Cheese au Gratin w/ Ham\nGnocchi\nPotatoes Au Gratin\n\nThe server took the order and came back a few minutes later to tell us that they're out of Foie Gras. We were extremely disappointed and surprised....especially since there were 3 items on the menu that had Foie Gras as the main ingredient and the place wasn't packed. \n\nIn an attempt to save the day, the server checked with the kitchen and came back and said there was a small piece of Foie Gras left for the Appetizer but that he could prepare it like the entree. Since we came all the way down here for the dish, we agreed.\n\nWhile we were waiting for our dinner, our Bread and Water was never refilled and we had to pour our own Wine. For a restaurant like this, we didn't expect that kind of service.\n\nThe food arrived...the Filet was decent, but not great. Not as tender as I usually like it. The highlight was the Gnocchi. The Better Half said her Foie Gras tasted a little funny. She didn't finish her serving.\n\nOverall, the experience was sub-par. The server's attempt to save the day kept us from giving this place 1 Star.\n\nReturn Factor - 5%",negative
yelp_319400,Very good. We were with a group for my better half's company. I ordered the salmon and almost everyone else ordered the steak or lobster. Everyone loved it. I definitely recommend the salmon. Some of the best I've had.,positive
yelp_360395,"Two words: salsa fresca. If this was the only thing Cardenas carried, I'd still patronize this market because it's that good. I'm not going to lie, I was apprehensive about visiting because my previous experiences at similar markets were not all that pleasant. \n\nWhat keeps me coming back to Cardenas is the expansive selection of produce and freshly made staples such as tortillas and salsas. Produce-wise, they carry pretty much every pepper imaginable and for less than half the price that's charged at the regular market. I'm not sure why poblano peppers are nearly $4/pound at Whole Foods AND occasionally Smith's/Albertsons etc, but last time I was at Cardenas they were 99 cents per pound. Yes. I purchased nearly 4 pounds worth out of pure excitement.\n\nWhat I really love are the tortillas-flour and corn-that are made on site and that you can actually watch from start to finish. If you've never had made from scratch tortillas then you haven't had real tortillas. Everything about them is different and once you have the hand made version you won't buy the processed kind ever again.\n\nThey also have an excellent selection of on-site made guacamole, salsa fresca, salsa verde, etc. that again will convert you from the nasty jar stuff that is served at sad dinner parties. one of my two hang-ups, and call me a snob, is that there are no organic versions of these salsas. It's pretty common knowledge that tomatoes are one of the most pesticide-ridden fruits so I'd love the option to get the salsa with at least organic tomatoes, but since I don't have to do all the chopping and dicing myself, I can deal.\n\nMy other hang up is the flies in the produce section. It was kind of unnerving and although they weren't around the things that I was interested in, still kind of grossed out by their presence.\n\n\nOverall, Cardenas is great and always a pleasant visit!",positive
yelp_199046,"Greasy, salty, over-seasoned and wilting in the steam tables...that says it all. This is a sad imitation of a Chinese buffet, with little to eat that delights the senses. Instead, my tongue was quickly overwhelmed by the cook's heavy use of salt to disguise the food's low quality. \n\nA single star for service, because our waitress was quite sweet and friendly. \n\nOther than that, yuck.",negative
yelp_410149,"Not a good time. We were seated upstairs, which was fine. We ordered drinks & food. My buddy's Rum & Coke included a screw. After reporting it (and explaining that we didn't want anything comp'ed) we were given a stare-down by their security from across the bar while the manager & waiter discussed the situation. No idea how a screw got into his drink. \n\nFood was ok, normal pub food. I didn't try the beer, which is likely the draw for this pub. We ate & left feeling like we weren't welcome.",negative
yelp_490871,"My hi lights were burned off to the nub by another place, had like 2inches of tufts of hair all over the top of my head and didn't trust anyone! Now it's been like two years later and my hair has looked awesome ever since! Great personality, great with hair, just great!",positive
yelp_455676,"While put off by the name itself, I decided to eat lunch here with my sister. I don't really know what it is about the name, but it reminds of a place I went to during childhood that I despised. Anyway, the interior is just gorgeous. The furniture, color scheme, and overall vibe is very fun and chic. We were greeted and seated immediately. Everything on the menu sounded delicious, but I ended up with a personal sized plain cheese, pineapple topping, and original crust. It didn't take long for the pie to arrive and when it did, it was beautiful. I finished it in no time and as did my sister with her pizza. We considered ordering another but later decided against it due to other plans in the day. As for the service, our waiter was very attentive and our glasses were never devoid of water. He was willing to answer questions about the menu even though we didn't really have any. He even helped out another patron when they left their to-go boxes inside! I will definitely be back soon, as I forgot to try one of their teas or natural sodas. The children at the table near ours seemed to be really enjoying it.",positive
yelp_379419,"Ohhh, you sports bar you. You're too large, with too slow of service, but I get it - that's your thing. Make us wait, so we drink too fast, order another beer! Think we'll be distracted by the game to notice it's been 40 minutes since we ordered 10 wings? Most of the time, I bet you'd be right judging on crowd, but not this girl. I know what an awesome bar with decent/good food and TV's galore can be and you're just not up to par with it. At least you've got a great location for everyone going to the Nascar Hall of Fame and people attending anything at The Convention Center!",negative
yelp_491092,"A solid 4 star hip and swanky joint. We stayed 2 nights, Sun & Mon, and paid $66/night. For that price, it really should be a 5 star, but lost one because their wifi policy only allows for one device per room. \n\nIf you have the choice, stay in the Paradise Tower. It is s newer section and the room had the wow factor you expect from the HRH&C. Swanky decor, well laid out and spacious bathrooms, great showers, all exactly was you'd expect and well delivered.",positive
yelp_407511,"The strip is a party zone chock full of street performers, con artists, pan handlers and prostitute hawkers. If you go to Vegas for the \""""strip\"""" you might love it if you have these expectations. However, if you come to vegas for specific entertainment (shows) and features, the strip might be more of a nuisance, and that's where my visit falls. \n\nI couldn't walk a half block without being accosted (for lack of a better word) by any of the above people looking for a way to part a me from my money, using claims of \""""Free\"""" or \""""I do this for tips\"""" and so on. When I walked away from some of these folks I started getting attitude. That's not to say there aren't some legitimate people trying to make a legitimate living on the strip, I've just met enough people in various places that have quelled my level of trust when meeting strangers, especially those who claim to want to sell me something for \""""Free\"""" on the street.\n\nThere is a good deal of sightseeing on the strip if one can get past the strangers who want your cash, each hotel and casino is unique in its own way. Each public show on the street is unique as are many of the small shops and stores. When walking the strip, one needs to keep in mind, they don't call it \""""Sin City\"""" for nothing.",negative
yelp_302592,"Owner Brian Peitz is a master trainer/motivator who expertly mixes traditional and innovative fitness techniques that have helped me attain fitness goals I could never have reached on my own. The facility, equipment, and trainers are all top notch. Highly recommended!",positive
yelp_51800,"I forgot that Mr. Tofu was closed on Sundays and my sundubu craving had to be pacified so we made our way across the street to Tofu Hut. Half of the restaurant have stovetop tables reserved for patrons having the AYCE korean barbecue, while the other half of the restaurant has tables for the tofu eating patrons. Although the bbq smelled enticing, I was there for one reason and one reason only: sundubu. \n\nI ordered my go-to: the mushroom sundubu. The menu described it as having 3 different kinds of mushrooms, but I can guarantee that I only saw 1 type in there. The enoki and the oyster mushrooms were no where to be seen. And on top of that I ordered \""""medium\"""" spice level, and there was no heat at all. Nor was there any flavor. I poured the entire kimchee side dish and some bulgogi into the soup in order to create an edible bowl. Only after those measures, did I start to enjoy my sundubu. However, it wasn't my original order. \n\nMy husband seemed to enjoy his kimchi sundubu, but the \""""spicy\"""" level, tasted more \""""medium\"""". So be warned, that you may have to order a higher spice level just to get some heat. The bulgogi was very flavorful, and the banchan was not my favorite. My kids, however, devoured the korean pancakes, although they are a lot thicker than I am used to. \n\nAnd I don't understand why almost every korean restaurant that we dine at, there is only one server. Poor guy is running around like a chicken with his head cut off. He was trying his best to meet everyone's needs, but we had to wait a while for extra napkins, extra chopsticks after my son threw them on the floor, and water refills. And then we waited a while to pay our bill.",negative
yelp_356437,"Meh. I've experienced better.\n\nI can't claim to be a connoisseur of Hawai'ian food, so to say I've experienced better, I'll have to say that as a generality. Better quality, quantity, and priced food is out there. For what it is, it's not bad.\n\nI had the combination BBQ plate for a sampling. It included some thinly sliced beef, ribs, and chicken along with two scoops of rice and one scoop of macaroni salad. Really it wasn't as much food as that may sound, but reasonable. The ribs very obviously came from a cheaper, older animal, and the chicken is all dark meat (so make no delusions of it being healthier). Basically they were all thin cuts to quickly grill, sauce, and serve. So in terms of expediency, I'll give them kudos there. Oh, and don't expect anything more out of the cashier other than giving your order due to that language barrier I oh so enjoy (seriously).",negative
yelp_330320,"Good solid vegan food. The entrees seemed on the small side to me, but everything was tasty. The restaurant tends more toward the less healthy end of the vegan spectrum. I call this vegan comfort food, which I really enjoy sometimes. There were not nearly enough vegetables with my food, and adding a pile of vegetables would have made a big difference, both in the size and healthfulness of the meal. The service was friendly, but scattered. Maybe they were having off day. To their credit, they did get me everything I requested. I am visiting from out of town, and I will definitely come back for the good treats, especially the incredible dessert menu. I am vegan and gluten free, and easily met my food needs here.",positive
yelp_394700,"we came to vegas on a business trip and spent all day at the airport. With no energy in us we decided not to head into vegas strip and stay close by our resort since we had a early morning training. we place an order of crab, mussle and shrimps. While waiting for our order we next door to the super market and grab some drinks and snacks. 15-20 minutes later we went back and paid for our food to go. Food was so good that on our last day in vegas we went back for our last meal there.",positive
yelp_183723,"We were staying in TI and decided to eat before flying out. We each got a sandwich which we thought were a bit high priced at $15 but those things are packed with meat! \nTotally worth it, we could have split one sandwich but we just took it on the plane with us. One thing I would recommend is not subbing onion rings for the fries that come with your meal. The fries are Amazing- and if you order onion rings you get like 5 and you have to pay $2 more. \nOverall delish food, great for hangovers and not too pricey for the strip.",positive
yelp_196953,"Lately I haven't been able to make it to the gym as much as I've wanted, but I love this place when I get to go. Women only, yay baby! Let me tell you the perks of a women's only gym. \n\n1) No roid rage weirdos without necks trying to hit on you or check you out while you work out. If I wanted to work it and be gawked at I'd get a job at a strip club. The fact men are a no no, makes me happy right there. I can sweat until I smell ripe enough to kill the old ladies on the treadmills next to me. That's how you know you're working it hard :-P\n\n2) No men again! No jerks putting on ridiculously heavy weights on to the machines. Drives me bonkers when you can't use equipment because of what some dumb guy did. Buddy, you put the weight on, it's a work out to take them off, burn the extra 10 calories and do it. But no men here so I'm not worried.\n\n3) You can get your workout on, and then get your nails and hair done afterwards at the spa on sight. And then get a massage and all kinds of other delightful things done to make you feel like a girl all over again.\n\n4) They have a pretty good sized pool, and I can be a little bit self consious in a bathing suit. Even when I was bone thin and sneezing my direction might of flung me across the room. But around these women I don't feel judged and I feel free to strut my stuff.\n\n5) They have tons of free workout classes there that are included as part of the gym membership which is great. I've worked at a gym before, that's right, worked not worked out, and they had classes alright, but they weren't part of our expensive monthly fees. Nope you needed to pay $5 extra a class. But not this place, and their classes look amazingly fun and I see people from all ages and sizes do them with no criticism from others.\n\nBasically I'll sum it up, I like the place. It's clean, it's huge, it's pretty cheap for all it offers. It's a great place to be.",positive
yelp_155959,"Awesome food and service, everything was very fresh and melted in my mouth including those vodka shots! \n\nGood times!",positive
yelp_428739,"There is nothing remarkable about this strip mall nail salon, but they do a nice job and the salon is very sanitary. You can schedule an appointment, but one is not necessary... they encourage walk-ins. The deluxe pedicure is worth every penny. The five minute foot massage and hot stone rub was awesome, especially after a long run. This is my new go-to nail salon for a last minute mani or pedi.",positive
yelp_251712,"At first we thought it was a good place to go for BBQ but each time we went we found something that just wasn't right. We would mention the problem and made to feel like we didn't know what we were talking about.\n\nWhen the last order had more fat than meat and again the management seem not interested in replacing our order with one with meat, we have never been back and never will go there again.",negative
yelp_475113,"We happened to be in the area on a Saturday night and decided to give this restaurant a try. It was a very good choice. They offer both patio and restaurant seating, with large garage doors that open to bring the patio inside. They have an extensive bar with many beers on tap. The menu is diverse from pizza to burgers. We decided to try their burgers. They offer two different ones. One is the \""""green monster,\"""" a green chili cheeseburger, served on a fresh potato bun. You have a choice of a side salad or fries. The burger was cooked perfectly to the med-rare, as ordered. The fries were hand cut with the skins on,and fresh. The burgers use organic fresh beef. The service was efficient and friendly. The restaurant offered two dinner special, including salmon. They offer several wood stove pizzas, from their open oven. We would definitely return to try the pizza next time...",positive
yelp_194433,"Had a great time here... if only I could recall more of the night... :) \n\nI understand the cover is high... although we didn't pay I would have paid to get in. The playboy bunny's are adorable and happy to take photos with those who ask. The gents working door and what not were super sweet. \n\nI didn't gamble at all but, but, when I go again I will plan to drink less so I can.",positive
yelp_11794,"My husband & I recently went there for a Port tasting ,,,to say it was a disappointment is an understatement. We have been there several times & live only a few miles away. With that said - the Port tasting was a DISASTER! GO NOT GO THERE FOR TASTINGS!! Unlike most tastings they mark up the bottles by 100% in order to make $$ & sell their very mediocre food. The pours were so uneven they ran out of Port for several people!! We had all paid $20 & the pours were uneven - BS!!!!! I was livid & then they served us a tomato/basil/.crap flatbread \""""complimentary\"""" - WTH?? with Port?? Obviously these people know NOTHING about wine pairings. My husband & I were very disappointed in the service, food, price point of bottles (laughable really) & the overall experience! DO NOT GO TO THIS RESTAURANT!!!!!!!!!!",negative
yelp_517169,"Took the family from Tucson, and we are all very picky when it comes to Mexican food. It's hard when you're Mexican and come from a family of Mexican restaurant owners. \n\nRed sauce=no bueno \n\nCarne asada= bomb \n\nSalsa= good\n\nBeans= good\n\nRice=ok\n\nTortillas=bomb \n\nCarnitas= eh...kinda dry\n\nAll in all, we will return. Staff was super friendly and on their game!",positive
yelp_111442,"Seriously, what's not to love about this store? 4 Floors of everything m&m you could ever imagine. \n\nItems ranging in price from a couple of bucks to as much as you care to spend. Oh, and they're totally cool about pics taken inside the store, and even have an M hanging about out front for free photos.",positive
yelp_23770,"Fish and chips was very bland. I like to have a little bit of flavor aside from the sauce that I put on but this fish didn't have it. It seemed fresh, just lacking. The fries were disappointing too. Probably won't be back.",negative
yelp_526021,"Tried Ike's today for dinner and it was fabulous. Had the Tony Soprano and it was great. So many other sandwiches that I want to try, will definitely be back.",positive
yelp_345628,"DO NOT GET ORDERS TO GO! Why can't these people get to go orders correct? This is the third time we have ordered lunch for the office from this location...and the third time they have screwed it up! 2 of us got the Crumbly Blue Cheese salads WITH CHICKEN, paid for the salads WITH CHICKEN but when we took them out of the bag, guess what? NO CHICKEN! We also ordered cookies, paid for cookies but these cookies didn't make it into the bag. Don't even get me started on the errors with the sandwiches! Since this is the third time this has happened in the last few months, I'm familiar with the poor attitude of the Paradise Bakery folks who handle disgruntled lunch eaters such as myself. I am not willing to subject myself to this attitude in order to get this resolved. I will not go back. In short. if you want your to go lunch order to be screwed up, order from this place!",negative
yelp_505630,"I had a Salted Caramel ice cream cone last night. The ice cream was very good. I ordered a waffle cone though and got a sugar cone. I am just not a fan of sugar cones. Not sure what that was all about but maybe they only have one type. it was FF so very busy. I did not say anything because well, it was delish either way. lol. The staff were very nice. The only issue is this place is very small so the line goes out the door and claustrophobia can set in. I did not sample any other flavors. I would not drive out of the way to go here but if I am in the area I would definitely go back. I am closer to Churn which has more space and a nicer environment.",positive
yelp_123860,My favorite sushi rest. It's a quaint place and I've never had an issue with customer service. The Lisa Lisa is my favorite there. The weekend half off everything special is a great deal. My only critique is not allowing customers to order half rolls for the AYCE.,positive
yelp_416401,"We got an online coupon to try this place and went on a Sunday around 7pm for dinner. The decor is very cool-neat floral booths with plastic overlay, beer taps at the booths, amazing mural on the far right wall. \nWe both enjoyed our margaritas, which for the size were fair on the $8 price tag. \nThe food was tasty, but not original. We ordered the ceviche app (which we liked the best), the mushroom tacos and the house salad with shrimp. Although our waitress came back and informed us that they were out of shrimp so we opted to try it without as there aren't too many non-meat or fish options on the menu. The smashed plantains and pumpkin seeds were a nice touch in the salad, but it was lacking something special. \nI can see coming here for happy hour or for a fri/sat night drink. They had a DJ booth which was cool, but (and I may sound old for saying this) it was just too loud for a Sunday night dinner.",negative
yelp_66360,"I love Total Wine. Whenever I am in town I stop by one of their stores. They have like 40+ stores over six states (NJ, DE, VA, NC, SC, FL). They have thousands of brands of wine, beer and spirits. Prices are pretty good too.",positive
yelp_214454,"I love Capriotti's. Unfortunately, this location disappoints me. I am subjected to go to this location because it is the only one close to me. What I really dislike about this particular location is that they squish the bread so much! If anyone from this location ever reads this please stop squishing the bread while you're packing the sandwich. Every single time I come here the bread always ends up looking so thin and squished. I didn't order a flatbread sandwich. I want a nice and fluffy bread for my sandwich. I'll change my rating only if they stop squishing the bread so much. =\\",negative
yelp_361181,"I loved the pizza here, but thought that it was a little overpriced. I waited over 45 minutes for pizza to be done. I highly recommend calling in your order before hand. Not sure if I will be back because the price was high. However, they do have awesome customer service and great pizza",negative
yelp_533131,This was our first visit to the newly re-opened restaurant. The food was very good and we enjoyed all of the chaat selections we ordered. I will say that service was very slow and the food took a while to come out. But I am hoping that was due to their inexperience and that they will get more efficient. This is a nice option to have in this area and I am hopeful that their business will make it.,positive
yelp_313185,"Server was great. The place itself was dirty, food all over the floor and when I told the hostess that there was food all over the place under our feet, she ignored me. Sushi was ok, and I agree with other posters that it was pricey. I hope to find a better option in the area for sushi. I have tried ari and it was pretty good.",negative
yelp_27533,"One of my favorite Chinese restaurants in AZ. I've been stopping in here occasionally for years, ever since they were known as Hong Kong Noodle House and the original little Lee Lee's market was next door (with the exact same smiling owner with the exact same yellow shirt standing by the door!). \n\nThere are always plenty of junk Chinese food joints around with the oily egg rolls and fried rice, but a real decent place is hard to find in Arizona. Something that irks me about Chinese restaurants is that many of them have a secret menu with the good stuff written in Chinese, and another one with all the greasy junk in English for the gringos, but Best HK doesn't do that. It has a single menu in English and Chinese side by side and that's the way it should be.\n\nA couple of my favorites here are Singapore style fine rice noodles and oysters with black bean sauce in season, and hot pots, and...",positive
yelp_307272,"Konichiwa LV yelpers!\n\nCame here for late night AYCE sushi last night with my Vegas yelp friends Nelson S and Will F\n\nI had a few AYCE sushi experiences here in Vegas over the past 2 months and I have to say... I wasn't very amused.\n\nFirst off... I really wanted seaweed salad and they were out. No mochi ice cream :( and the ahi poke was horrible! The quality of fish was very low.\n\nSexy roll, tempura crunch roll, seared ahi nigiri and tamago was okay.\n\nThey did ask us to clean all of our plates... so be careful when ordering! Service was decent.\n\nI wouldn't go back.\n\n2 stars for good location and late night hours.\n\nCasual dining. Indoor seating only.\n\nNEXT! :((",negative
yelp_35727,"This review is long overdo...and the reason i say that is because this resort was one of the major reasons we moved to Arizona. If you look me up on Facebook you will see all the pictures i took of our vacation here in June of last year. The resort is stunning....the rooms are fabulous...the resort staff is phenomenal...and the amenities are second to none. We spent an entire week here last summer and we got an awesome deal for the place through our timeshare company....interval international. I will post some photos on here of the Resort so you can see it from point of view...because one look at this place and it will be the only resort you will want to stay in here in the Valley.\n\nI must also mention that it is so ironic that we live only a few miles from the resort. It is on N.56th street and we live on N. 42nd street...so on a nice day...which is just about everyday here i can even ride my bike to the resort. So if you ever come to Arizona and need a great, relaxing, place to stay make orange tree resort your final destination. Eat, Drink and be very Merry at the orange tree my friends!!!!!",positive
yelp_137705,I write this with a heavy heart. Everything was fine. But Bed Bugs attacked me :-(. And I am no Diva but this made me sad!!!!! Anyway to sanitize beds???? Otherwise A ok.,negative
yelp_126185,Went on a Saturday night. Big mistake. Live music is SO LOUD everyone in the place had to shout across table at their fellow guests. We were told by our waitstaff that the owner likes it that loud even though numerous customers complain to the waitstaff. Hate it when owners won't listen to reasonable complaints from customers. We were all just hoping to enjoy an evening out with friends and that wasn't the case. Got the mariscos enchiladas not worth the $22.00 I paid. Really feel like this place has seen its hayday and now it's on the downhill swing. Disappointing and in no hurry to return.,negative
yelp_38945,"Oh, finally a Wendy's with some decency! I've eaten here at this location on and off for the past few years, and today was no different. I was on the way to the Arabian Horse show at Westworld, and my stomach was grumblng-loudly\n\nI came in here to have an early lunch before I headed into the event. This place over the years has always been one of my favorite locations because their always consistent. Food is hot and ready, staff is friendly and the dining area's always clean. \n\nToday I went with the combo # 1, and it was out in no time. Bathrooms were well stocked and clean, and the condiment's were well stocked. I will say I like this location more then others. Kind of buried in the shopping center, but its clean and nice just about every single time I go here. Oh, and their new breakfast's? AWESOME!",positive
yelp_130659,World-class vietnamese. Love #49 (basically vietnamese grilled chicken salad) and #61-Curry chicken and #137-Chicken Lemon Grass. Service is higly attentive...I dare you to try and empty your water glass. Nguyen will remember what you ordered on your second visit and can even make you something special if you want to be surprised. Would eat here 3-4 nights a week if it were closer.,positive
yelp_430219,"Details:\nThe Silverton Casino hosts \""""Blingo Bingo\"""" every Wednesday and Sunday inside Veil Pavilion (outside in a white tent). Session times 1pm, 3pm, 5pm and 7pm. At each session there is a Cashball Jackpot and 14 games of Bingo. Plus a \""""Diamond\"""" special game in 18 numbers or less wins $5,000. Electronic units are also available at all sessions and the fees are $2.00 per unit.\n\nI came here with my bf yesterday to play some bingo. This would be my second time playing bingo and first time playing it on one of those small electronic devices. We walked around the casino looking for the bingo room, but we couldn't find it, so we asked an employee and he told us we had to go outside and it would be located in one of those white tents that they normally use for concerts. We made it to the tent with about 3 minutes to spare before the game started. The location is SO nice and classy looking. The tent is white and all the tables, chairs, and chandeliers (yes, giant wood carved chandeliers!) are also white to match. \n\nWe decided to use the small computers to play this time since we were going crazy trying to mark all those papers last time we played. The line was long, but it went by REALLY fast. We decided upon the Ruby package, which was the cheapest at $18 + $2 for the computers and it would've included a free shirt, but I'm guessing they ran out by then.\n\nRight before we started, Don went to get us a couple bottles of water ($2 ea.) and a bag of wheat thins ($1) at the bar. The game started the second he sat down. I expected the person to call out the numbers very fast like the time we played in Reno, but she was incredibly slow. I kind of wish we didn't get the computers because you literally don't do anything with those; everything automatically gets plugged in for you and at the rate the numbers were being called, we probably would've been able to fill out all of our papers with time to spare to eat some wheat thins!\n\nBesides the fact that the numbers were called so slowly, I really liked this place. It was so clean and looked so fancy. The staff was also very accommodating. I saw the cocktail waitress who was wearing black pants and a polo serving people popcorn and many drinks. Every time some one yelled bingo, one of the 5 employees standing near the entrance would quickly run over to see if they got everything right. The person that rang us up explained all the rules and how the computer works, since we told him this was our first time there. This lead to an overall great experience. Even though neither of us won, we still had a lot of fun.",positive
yelp_221251,"Fortunately for non-gamblers, Las Vegas has hotels with no casinos. \n\nHowever this is not the hotel that I would recommend. My understanding is that the hotel is a financial flop -- gaming license rejected, real estate market crushed plans for more towers and time share sales.\n\nThus, the hotel is left with an insufficient budget. \n\nDon't expect to get any form of accommodations from this hotel. I suspect that the staff was not able to get jobs at the true 4-star hotels. The clientele is low-class.\n\nMy experience included a drunk guest who rang the door bell to my suite at 3:00 a.m. claiming that his girlfriend was in my room. After having to physically escort him to the front desk, he returned to my room less than 15 minutes later looking for his girlfriend again. After a brief scuffle and again escorting the drunk guest to the front desk, I was greeted by 2 security thugs at my room accusing me of \""""beating up\"""" another guest.\n\nThe next day, my son and I fell ill to food poisoning (no kidding...you can't make this stuff up!) I suspect is was from the previous night's room service.\n\nNote to the Trump...\""""YOU'RE FIRED!\""""",negative
yelp_291898,"Cab Vol is great if you're into less mainstream music than you'll hear in a 'normal' club. And if you don't mind sweat dripping off the low ceilings onto you at least once a minute, or drinking out of plastic cups.\n\nI have to honest, it's not my thing. I've been dragged along on a handful of occasions by friends, and each time I go i'm determined that this will be the time I have a great night there and leave at 3am completely converted. It's been four years, and it hasn't happened yet. \n\nThat has a lot to do with the people that go though, as opposed to the club itself. On tuesdays this place pulls in a lot of \""""rahs\"""" from Edinburgh Uni, thinking that wearing weird coloured skinny jeans suddenly makes them alternative. It doesn't, and their huge back-combed blonde hair dos look even more ridiculous than normal.",negative
yelp_153385,"I never heard of FEZ before. But I sure can't forget about it now! I was introduced this place about 2 weeks ago by a special lady in my life. She had never been there either at the time, so It was a first for both of us. WE WAS GOING ON A ADVENTURE! (I'm sorry, if you saw The Hobbit last year you'll get that joke.) First of all I love the clean look of the place. My girlfriend always gives me a hard time for enjoying the look and ambiance of a place. But who doesn't like to eat in a nice looking place? It's why dining areas are made for eating and bathrooms are made for shhh.... You know what I mean. But like I was saying the look was great, very clean and modern. This isn't the usual kind of place you find out here and Phoenix. Both me and my girlfriend felt like we was in California or NY. The service was great as well. We were helped by 3 different people within 10 minutes of being seated. And it was a packed house on a Friday night. I can't remember what I had exactly. I know it was a burger and it was very good. But what stole the show for me was the sweet potato fries. Most places I've had sweet potato fries at they overcook them. They're all hard and taste burnt to me. But the ones at FEZ turned me into Goldilocks, cause they were just right! They had plenty of flavor and were just soft enough to where they wasn't mushy, and cooked enough to where they wasn't hard. They were so good that my lady and I went back to FEZ that very next morning to have brunch. Where I had a breakfast pasta and my girl had a egg white omelet, with a couple of Mimosa's and a side of those sweet potato fries each. I love my girlfriend dearly, but she's not eating none of my fries. I will definitely go there again as they seem to have a lot of other good dishes on the menu i would like to try out. I had to give it 4 stars cause parking is not the greatest. But that is nitpicking. Overall it was a damn fine dining experience.",positive
yelp_23727,"For people who prepay there should be some element of urgency, unreal how long its taking. Other car companies have the car waiting.......not Budget, not Budget EVER AGAIN!",negative
yelp_206888,"I got an e-mail from Lauren not long after I posted my review. She graciously offered to credit my account for the cost of my Mom's style. \n\nThis is what great customer service looks like and this is the way to run a business. Go above and beyond your customers expectations and they will not only keep coming back but tell anyone and everyone they know what a great place it is to patronize.\n\nLauren, thank you again. I called my Mom and she was quite impressed. (Not really an easy thing to do!) I'll be back in to see Roxanne before the end of the summer.",positive
yelp_275160,"Somehow this is the best American style food I've ever had. I know that seems strange since I was in Canada!\n\nIt was late in the evening and a friend and I were walking down Sainte-Catherine and we needed a bite to eat. It was pretty late so we weren't sure what we would be able to find. After walking around taking photos in the cold wet weather, a warm, comfortable place to eat had clearly made it to the top of the agenda. When we came across Mister Steer tucked between two strip clubs, we decided to go for it.\n\nThe food was both good and fast with friendly service. How fast was the service? Well, I went to the washroom right after I ordered and when I came back the whole meal was already there! Granted, it was late so they weren't that busy, but I have never had food come out that fast before.\n \nThe hamburger was very tasty and well seasoned. It also came as a round lump, not flat, somewhat like it would if you made it at home. The curly fries were okay, and it was nice to have a little side salad with the meal. For dessert I had hot apple pie a la mode. It wasn't the best apple pie I've ever had, but it was still a very good dessert.\n\nThis place is the perfect spot for a home style meal on a cold day.",positive
yelp_209218,"I used to love their cakes, but lately the cakes just full of very sweet cream. Just disappointed with my last 3 purchased of chocolate cake, carrot cake and black forest cake.",negative
yelp_458820,Incredible Dungess crab and their steak is delicous. Great place for a Friday night out.,positive
yelp_117495,my friends and I had the unlimited tapas and drinks for brunch and it was amazing! We ordered at least 2/3 of the menu and we reordered our favorites. It was a great deal because the food was great and we sat outside where we had a beautiful view of the lazy river.,positive
yelp_192370,I just dont get it. I dont understand how or why people brag about how great the food is here. Sometimes I wonder if people really know what good food is. I think people in general have come to accept truly average food as being spectacular in their eyes. \n\nThis place is no where near the hype it gets. Truly the most over rated burger joint on the planet. To each his own I guess? WAAAAAAyyyyyyyyyy over rated is all I am saying.,negative
yelp_98495,"Ate here tonite, and it was not good. Two of us ordered the Fajita style fundido. All it was was strips of chicken stuffed inside a flour tortilla, with jalape\u00f1o cream cheese sauce on the top. No peppers or onions inside, dry and terrible!",negative
yelp_357443,This place is awful wish i had read the reviews before renting from them. NEVER AGAIN. Yes two shuttles to get u there wait an hour just to do contract another 30 min to get car. The car had a lot of dings and scratches on it and inside grungy looking. They charged more then the online reservation by adding vechicle fee. Could have got it just as cheap through other sites would have if i'd known what a joke this place is.,negative
yelp_428629,"As one of my favorite places in Phoenix (to see a concert or otherwise) I wish I could write the perfect review for Crescent Ballroom. Alas, that is impossible because words don't really do it justice, but I'll still give it an attempt.\n\nI have seen so many amazing shows at crescent and a lot of credit for these memorable experiences goes to the venue itself. There's not a bad seat in the house in the actual concert area. There's bleacher seating in the back if you're looking to chill and plenty of standing room if you're looking to dance like a maniac, spin around in circles, and jump till you drop.\n\nWhenever somebody tells me that they haven't been to CB I immediately start gushing to them about the many great qualities about this place - music, people, food, atmosphere, ticketing, etc - and there are really very few places that I actively promote like I promote Crescent Ballroom.\n\nAt the end of the day, if you like music and/or cool bars and live anywhere in the Valley of the Sun, you have to give this place a try. Also, BEAN DIP!!!",positive
yelp_295942,"I have never been so disappointed with an olive garden before. So I arrive in the parking lot and the outside looks like your typical Olive Garden. Walk in side and it is very open and very rustic looking a plus the chairs are on wheels which I'm not used to but was kind of cool. As usual the wait staff is very friendly and polite. I ordered the bottomless pasta bowl I first had the three cheese marinara with penne pasta and Italian sausage. the sauce was almost non existent and I had to slice the sausage myself and the penne pasta was mushy but I decided to try something else so I got the Alfredo with penne and meatballs. The Alfredo was tasteless surprising because Alfredo is usually always good the penne that time was good but they forgot to salt it during the boiling part. The breadstick were delicious because it is pre made all the have to do is bake it. The chicken gnocchi soup taste good as soon as it cooled and the lasagna fritta didn't taste good till it was coeld. I feel sorry for the waiter cause he could tell that I was not happy, because of him I give it two stars.",negative
yelp_178928,"Located in an inconspicuous office park in Summerlin, Vintner Grill has been a favorite dinner spot of mine for a few years now. Looking at the address and being familiar with most restaurant locations in Vegas off of the strip, one would assume the entrance is facing directly onto Charleston Blvd, but you would be mistaken. Once you finally locate the entry amongst your standard setup of covered office parking spaces in the back, you enter a space rich with modern design and accessories. It might be a tad cluttered, but I really like the space and have always loved everything I've eaten for dinner. This is the first time I've been there for lunch, and jumped on the chance when I saw a burger on the menu. But did it stand up as well as the dinners I've eaten?\n\nThe short answer is no. As I said I've really never had any complaints about anything I've had for dinner, but I found several things wrong with this burger. First off, the bun to meat ratio was a bit too high, just more bun than I needed. It didn't help that it was quite dry and really distracted me from the meat...which in turn is a good thing, because even though I ordered it medium-rare as I always do, it was way over cooked. The burger was still surprisingly juicy even with it being more cooked than I'd like, yet by the time I got to the last few bites it was very dry. Overall the meat had little flavor to it, but the char flavor it did have on the outside was quite good. The bacon had a really great smoky flavor, and was cooked properly to have a nice crunch to it. The 'homemade' pickles also had great flavor, but were a bit lost in this burger.\n\nThe fries were another disappointment. Typically everything included with my meals at Vintner down to the sides are always great, yet these fries had very little flavor and just seemed a bit too uninspired. I would have expected a black truffle touch or something to them, but no such luck.\n\nOverall the burger did have good flavor, but the dry bun and boring fries didn't help the overall experience too much. While I wouldn't necessarily recommend going here for the burger, I would definitely recommend Vintner Grill any time as a great date spot or just to have a nice dinner.",negative
yelp_449801,"I would like to formally preface this review by announcing that my love for Jimmy John's is only eclipsed by the love I have for my family and kids. I've eaten at Jimmy John's franchises in Florida, Illinois, Wisconsin, Arizona, Nevada, and typically anytime I find one anywhere in between. JJ's was my #1 pregnancy craving with my two babies. It was a huge reason I've felt homesick for the midwest (before locations started sprinkling the Phoenix valley). Look at my facebook page! My profile pic, in two different instances, is me with my JJ's sub or cup! I have the JJ's party cups in my cupboard, and I hate clutter, hodgepodge, and crap! People CALL me when they see new locations. I mean, an ex-boyfriend called me years after we'd broken up to tell me he saw one downtown, and he just knew I loved it so much I should know this! (Duh, I totally already knew, and I told him to lose my number.)\n\nThat being said, I have officially experienced my first poor sub from any franchise, any time of day or night, any city, at this one on Bell. It pains me to disclose that my utterly perfect sub (#10 with dijon and sprouts) can actually be disgusting. And at the location nearest to my house! I was shocked, heartbroken and bemused. How could it be?? Because of my intense loyalties to this chain, I can assure you I will be back. But, my rose colored glasses are off, and my dear beloved JJ no longer ranks first in my heart of men who've never let me down. It's a sad sad day, folks.",negative
yelp_37118,I don't think it's fair to judge a casino on how much you win.... But it is fair to judge them on how they set up the games. \n\nCasino Arizona uses five decks for blackjack instead of the standard six. They also use a continuous shuffling machine..... Which raises the house edge and gets about 20% more hands dealt per hour. That's total crap. \n\nPlenty of people gamble just for fun but if the casino employees aren't nice it takes a lot of the fun out of it. At Casino Arizona the dealers aren't nice and the waitresses aren't hot.\n\nWith all of the other casinos in the valley there's no reason to go to this one.,negative
yelp_510779,"My husband and I get this every couple of months or so. We are big fans of Grimaldi's and Novecento, but there are times when we just want to hang out at home and enjoy a freshly baked pizza.\n\nOf course, getting delivery would be \""""easier,\"""" but I always feel so disgusting after eating greasy delivered pizza (even though it satisfies a craving once in a blue moon). Papa Murphy's is about 10 minutes away. We make a phone call and it's ready for pick up. In our oven, it takes only about 12 minutes to get a nice crisp crust. \n\nWe find that because it's fresh, it's not greasy. The toppings have always been good. We tend to get supreme. The sauce it yummy, slightly tart.\n\nYes, we consider ourselves \""""foodies.\"""" Yes, we enjoy our NY or Neopolitan style pizza above everything else. There are just those times when we want pizza but don't want greasy delivery and a frozen grocery store pizza won't cut it, so we go to Papa Murphy's!",positive
yelp_337471,LOVE LOVE this place. It is family owned & operated. It's so authentic and I've never had a bad experience. The food is Amazing. Try the cheese dip!! The salsa is home made and very tasty and addicting. The margaritas are killer!!!!! Everything is also very reasonably priced. The service is always very good. I Eat here usually once a week. It's always clean and I love the decor ! It makes me feel like im in mexico as soon as I step in the door. I'd recommend this place to anyone !,positive
yelp_155777,"I don't know why this buffet only has 3 stars! It is soooo good! They have all the buffet foods I would eat + more! My favorite part about it is that they have a ramen bar. I didn't expect the ramen to be good because it was a buffet, but I decided to try it anyway and man was I surprised! It was pretty darn good! Plus, this buffet costs less than the other ones.",positive
yelp_462006,"Really expensive for \""""fast food Mexican\"""". We just moved by here and thought we woudl try it out after reading the reviews on here. It was SUPER salty (yes I eat a lot of Mexican food and LOVE spice, etc. I know Mexican food is salty in general so for me to point that out, means something). The only thing I like were the tacos. They were decent and not too bad actually. The enchiladas were mediocre at best and their rice and beans were plain and boring. Think I'll stick with Filiberto's. They are much cheaper and these two are equal on the playing field of fast food for Mexican food.",negative
yelp_173428,"Went to Owens on Saturday to grab a quick breakfast before heading out of town. I have been to Owens many times over the years. Recently, I quit going for a while, because everytime I went, my bagel would be super soggy and greasy.\n\nSaturday, we decided to give it another shot, in the hopes that Owens had gotten their stuff together.....they had! \n\nI ordered the Hangover Helper on wheat (egg, cheese, ham and comes with a drink..........named appropriately!). It came out the perfect mix between steamed and toasted with tons of ham. So delish! Will definitely be returning soon.\n\nThere was a pretty good line when we left. There are only a few people working but they seemed to be getting through people fairly quickly.",positive
yelp_220547,"Went with my boyfriend one day while on this side of town. We were both famished and ordered it to go so we could sit outside with our puppy. We started with beers, which came with an icy cold glass- a nice touch. Beers were $3.50-4 a bottle, which is fairly reasonable. The restaurant has a quick turn over and fills up quickly. It's interesting being able to see the cooking going on in the background, though it feels awkward standing around waiting for your order. It's essentially a chipotle for asian food but a little fancier looking. I ordered the chile ramen with beef- essentially a lot of msg-laden egg noodles [like pancit] in a ponzu-mirin sauce with a little bit of beef and a few vegetables. It wasn't what I had anticipated and while it filled my gaping belly, wasn't something I'd ever order again. There was hardly any beef and the whole package was essentially stuffed with noodles, a super cheap ingredient. My boyfriend got a chicken dish that was recommended by the hostess but it had very little chicken, no veggies and tons of rice. Maybe it was because we ordered it to go...I'd eaten at other Pei Wei locations in town but it had been years ago, and the experience hadn't excited me enough then to draw me back over. I'd rather spend my money somewhere else and get a delicious meal as opposed to a wimpy one.",negative
yelp_127080,"\""""Save Room For Dessert\"""" is what a sign should say when you walk in. The coconut cake looked delicious, along with the other options but I was too full from my delicious Parmesan crusted chicken and the jerk chicken tacos! The jerk chicken was almost as good as what you will get down in Jamaica. \n\nI also loved the mango ice tea that they kept flowing.",positive
yelp_380609,"I had the noodles with chicken broth and the fried rice, the dishes came out quickly and well done despite the dining room being full. The menu is compact the service efficient \nI would recommend it to anyone for an informal quick, well cooked and presented meal",positive
yelp_331335,Been there 8 -10 times! Good quality sushi for all-you-can-eat but extremely rude waiters!,negative
yelp_401824,"If you are in the mood for a burger, this is the place. They serve not only traditional beef burgers, but a foodie approach to the burger concept with unique mixings. Pork belly, salmon, pulled pork, etc... Don't get me wrong, its a burger place, just not your usual burger place.\n\nI basically stole my daughter's Oreo milkshake and it was perfect. My wife enjoyed my son's root beer float as well. \n\nI judge places by the following: can't wait to go back (5 star), would go back without question (4 star), would give a second chance if there were no other options (3 star), wouldn't go back (2 star), would rather starve (1 star). This is a 4 star place.",positive
yelp_212208,"Morton's The Steakhouse was one of my favorite restaurants. I have spent about $2500 at Morton's in six months. The first two visits were perfect. Unfortunately our last visit was a serious disappointment. The food was good, but the service was poor. Our table was too small for seven people and was right outside of the kitchen, but the real bad-apple was the server. She was inattentive, slow and error-prone. She didn't even bring out the dessert cart, and it was my Mom's 93rd birthday. I filled out the survey and scored it appropriately. The manager later called and seemed a little lackadaisical. I told him the story; he promised to send a gift card.\n\nI just received a gift card for $25. That's right... $25, after spending $2500!\n\nThe gift card came from Sr. Vice President of Operations, Tim Whitlock. I really can't think of a better slap-in-the-face than a $25 gift card, after spending $2500.",negative
yelp_222169,"Anyone who is losing their hearing but refuses to use a hearing aid will assume everyone else is deaf and speak at about 200 decibels. And, of course, 300 decibels is required when talking on a cell phone which is perfectly acceptable in public. Coco's, I would like you to meet my stepfather. He will be dining with you whenever I'm involved. Feel free to provide consistently crappy service. Judging by my last two visits, that shouldn't be a problem.\n\nI would say the food at this location is generally decent. And I would say the servers are generally friendly and pleasant. Unfortunately, it will take repeated attempts to get your order right.\n\nI asked a server once if he thought he should write our order down. He jokingly said no, then came back 5 minutes later to say he forgot what someone at our table ordered. He did a nice sales pitch on the sweet potato fries, then brought regular fries anyway. But, he was so personable I didn't hold it against him. On my visit last week, four tries to get the breakfast order right. Supposedly caused by a manager insisting on helping the wait staff by bringing out orders. Seems more like an attempt to turn tables quicker. I guess it backfired.\n\nEnd result...not a bad place if you're willing to wait or eat what they bring you, rather than what you ordered.",negative
yelp_190502,"Hey, I shop here all the time, & it's time for someone to give this excellent store 4 Stars! Here's why:\n\n* Amazing sale prices! SIX POUNDS of oranges for 96 cents! Big Pablano chiles at a per-pound price that worked out to TWO CENTS (not 50 cents!) each! Big bunches of celery, TWO for 98 cents! Lots of other really super buys every week, too!\n\n* An excellent, inexpensive restaurant inside! (Review forthcoming).\n\n* LOW, LOW everyday meat prices! Some cuts at HALF the price for the same thing elsewhere!\n\n* Delicious Marinades for your chicken or beef FREE for the asking at the full service meat counter! \n\n* Fast & friendly customer service!\n\n* Interesting Mexican style events held here often! Today for instance, a guy out in the parking lot had a machine with a big wire drum & four big blow torches blasting flame into it, \""""air broiling\"""" hundreds (thousands?) of Pablano chiles, & oh what a great smell! (See photo).\n\n* A real screwball mix of customers - great people watching while you enjoy your tasty lunch here.\n\nIt's a big \""""YAY!\"""" for this big,busy, noisy, fun supermarket! :-))",positive
yelp_277048,"Been ordering delivery from Marathons all my life. If they had a VIP badge, my family would have one. Love the food, quick delivery and great price. I order twice a week and only guilt stops me from ordering more. \n\nHighly recommended.",positive
yelp_192907,You had better bring some money because what they dont tell you after you pay the 30-50 cover charge for a couple also there is a 50 dollar per person chair charge that they use to get you to spend on drinks and food. So basically just to get in the door its 130-150 per couple to be at a pool that is really not that great...,negative
yelp_470906,"Okay, I'm going to be totally honest - the name initially drew me to this newest addition to the Oakland sushi scene. Yeah, it's the seventh grader in me perhaps. But c'mon - the place IS named Fuku. Admit it. You just smiled. \n\nYou know what else will make you smile? The sushi options here! Based on the Chipotle/Noodles & Co. approach of \""""choose your own adventure food,\"""" Sushi Fuku allows you to build your own rolls with options such as white or brown rice, a variety of fish (including eel - yea!) and non-fish proteins, interesting veggie choices (such as the Korean treat kimchi), and tantalizing toppings like wasabi mayo. \n\nI withheld one star only because this place gets PACKED weekdays at lunch, so you'll end up standing in line for quite a long time and probably won't find a place to sit. I also wish they had more adventurous options for the specialty rolls. Several of them aren't even made with fish. However, this is likely due to the typical Pittsburgher's less than daring palate. (Frankly, I'm surprised none of the specialty rolls are topped with fries. This is something they might want to consider for the Pittsburgh area.)\n\nOverall, this place is worth a lunchtime visit. Just try to avoid going right at noon, unless you love long lines and eating while you stand.",positive
yelp_466925,"RUDE....RUDE...RUDE service from driver...not that a tow truck driver needs to be nice, but they do need to be professional and empathetic considering people are frustrated over their vehicle. I ONLY used them because my roadside assistance is covered through them but i will request in the future not to use them.",negative
yelp_518826,"This place is fantastic! There are a variety of shops and restaurants, all of which are local businesses. The architecture in the park is lovely, and there is a ton of outdoor seating, which will be great when the weather gets a little warmer (it's December now).",positive
yelp_363983,"First off, I don't expect a great meal in an airport. That being said this may have been the worst meal I have had in a long, long time. All I ordered was soup and a caeser salad. The soup was nasty. Some sort of tomato based tortilla soup that tasted like canned tomatoes. The caesar salad had Italian dressing!!! What a bunch of crap",negative
yelp_93194,I loved this veggie place. I was in Scottsdale for my college graduation and looked for a great veggie place. I totally recommend this place!,positive
yelp_69080,"I salute the employees of this location for putting up with rowdy UNCC undergrads (I should know, I was one).\n\nUnforgivable: Leaving the PATTY off the hamburger. Imagine eagerly unwrapping your burger at home, only to find a bun, lettuce, tomato, and ketchup. Tragic. Forgetting a condiment or a special request, okay, but the patty? THE PATTY?! It's been 7 years since this happened and I'm still not over it.",negative
yelp_337074,"I love 5 guys burgers.....or at least i used to. I visited the power rd. location.\nThey have raised their prices to epic heights and i have eaten there for the last time..\n2 cheeseburgers, 2 fries, 2 drinks.... 30.00 insane!!\nI have even heard national radio shows talk about how nutz their prices are.\nSorry guys...the dollars dont make sense anymore and your prices are higher than a sit down restaurant. We eat at Freddies steakburgers for 14.50..... 1/2 the price!!!\nVenezias pizza : 13.95 for 4 huge slices/ toppings and 2 endless drinks.\nWHERE's the value in 5 guys with their fresh only ingredients, simple store and peanuts?? I see nothing but record profits!",negative
yelp_159545,"Not sure if it was the time of day that we went, but nothing was fresh. I thought the pizza would save it, buy even that sucked. I will never go back and regret not going to the Rio.",negative
yelp_125307,This is the best JJs in Champaign. Does Jimmy read these? If so I'd appreciate if you opened a JJs in my new location in Laguna Beach so I can enjoy my beach club on wheat again.,positive
yelp_194079,"Encanto is a sad excuse for a flagship park of the magnificent city we live in. \n\nThe water here is disgusting, the rides here are outrageously overpriced, the grass is not maintained, and trash dominates the grounds. The surrounding neighborhood may be beautiful, but the community disregard for this park is reflected in it's poor condition and neglect. \n\nEncanto Park, you may have been great, once. But now you're just a scar on the face of our parks system.",negative
yelp_383255,"3 pages of lunch specials...all under $8...that menu is available until 5p every day then again 9p on....clay pots etc....huge selection! Free hot tea and wonton soup comes with lunch specials...even available on Sat. Late night way busier than any other time.\nWent with the salt and pepper pork chops highly recommended, friend went with veggies and mushrooms in an oyster sauce and then the Sacha beef and vermicelli hot pot... Guess we were hungry . Salt and Pepper pork chops are perfect... With some flash fried garlic, green onion and jalape\u00f1os...will have those again and again. Super friendly staff....",positive
yelp_38883,"2nd visit here and 2nd time receiving horrible service. Our cups of green tea were empty our entire meal, service is slow, and mediocre quality. Much better places in the valley. I will not be coming back for a third try.I love to support local businesses but this one needs some improvement.",negative
yelp_220417,"Under new management, BEWARE!\n\nI used to come in regularly to get my eyebrows waxed and loved the job they did. After it had been a month with no waxing I went in today to get my eyebrows waxed for my job interview tomorrow and the first thing I noticed was that it was under new management... Well, that could be bad, or that could be good.\n\nI walk in and there is only one person working, so I waited. Another woman came in (from lunch, I suppose) and took me to the back. Well, the wax wasn't plugged in, so it was cold. Another 15 mins of waiting. The first woman that was working left to go pick up her kid and the blonde white girl took me back again. \n\nNow the wax was too hot and burned when she applied it.\n\nI smelled alcohol, so I knew she had been drinking while she was out. She pushed too hard and pulled the paper off in the wrong direction. I seriously doubt she knew what she was doing.\n\nWhen she was finished with this butcher job, she didn't offer me a mirror and sent me out the door. When I got in the car, I looked at my eyebrows and walked right back in. They were not thin nor did they have any shape, not to mention there were TONS of stragglers. So, I showed her a picture of how they are supposed to look and she pulled too much off the top of my eyebrows and not enough from the bottom. Still with the scalding hot wax and extreme \""""i'm gonna pop your eyeball\"""" pressing to get a good grip. I walked out with the worst looking eyebrows ever and had resigned to just fixing them myself when I got home.\n\nDo NOT let the blonde, drunk, white girl wax your eyebrows!!!",negative
yelp_264515,"I work nearby and head over there for lunch several times a week. They have a grab 'n go area, as well as soups, cold sandwiches, etc.\n\nThe beer selection (my favorite thing) is amazing. The entire right side of the back wall is a cold case with hundreds of craft beers (and some crap beers like Coors lt, etc). I salivate everytime I go in, looking at all the stuff I want to try)\n\nOverall, its great!",positive
yelp_271399,"I might be being generous, but the crepes hit the spot after walking all over old Montreal. Crepe, salad and cold local beer. Outside sitting, people watching on St. Denis. Stayed for a pastry and coffee. All were very good.",positive
yelp_128307,used to be a great place - however went back this last weekend and my steak was barely edible...the drinks and other items were OK...but this place like the rest of the property has gone significantly downhill,negative
yelp_326797,"We love the setting of this place - it feels like we're in France! It's cozy and beautifully decorated. The food is very delicious and fresh, and they definitely try to make every item unique to them. We took a family friend here who reviews restaurants, and she called this place \""""very memorable.\"""" I say that's about right!",positive
yelp_14399,This place gets slammed at lunch and I don't think the restaurant does that well of managing the rush. I have been here a few times and you typically need to wait longer than usual for your food. The food quality is good and the service is ok if you can catch one of them. The prices are surprisingly low... overall the place is just ok.,positive
yelp_160951,"So. We're at Paris. Which is supposedly supposed to be all French-ish.\n\nMy husband ordered the french toast. I mean really....french toast at a French cafe? Can't go wrong? Oh yes you can. It SUCKED. My french toast that I make with crappy wheat bread beat this by miles. \n\nAnd my eggs and bacon? Meh. I asked for over-medium, and there was raw egg white in there. Bacon was floppy, which grosses me out.\n\nThe only plus is that this was the only negative food experience on our whole trip in Vegas!",negative
yelp_335656,"I did not feel like cooking on Sunday, I tried to call a different Chinese restaurant but they were not open. I remembered years ago ordering from here. \nthe delivery was fast, the food was very good. \nI had the Sesame Beef and it was delicious and the Beef Chow Mein was also very good. They gave me two free egg rolls. \nI probably will order from here again,",positive
yelp_108413,"For lack of a better word, all I have to say about this place is \""""yucky.\""""\n\nParking is horrendous. Spaces are tight and the parking structure is filthy. Upon entering the hotel, you get the familiar stench of cigarette smoke. No ventilation like the newer hotels. While walking through the casino, some spots are super cold and some are warm. I remember staying here when we would go on family vacations, but I would definitely stay away from here now. \n\nLet's get to the arcade area since that's where we spent the majority of our time. Let's just say that I've never been more grossed out in a while. SO. MANY. PEOPLE.\nGross!!! I didn't want to touch anything. Lots of spoiled little brats running around unsupervised. And why are kids these days so fat??? Oh I know, cuz their parents are fat too and don't care about being healthy. I get that kids want to have fun too, but this place is disgusting.",negative
yelp_183513,"Wow! Great sandwiches! Tom Colicchio really knows his stuff! My family came here for a quick lunch and we were not disappointed! My husband and I shared the chicken pesto panini and the fried egg sandwich. The hickey pesto was delicious and the fried egg was even better. My only complaint is that the egg was fried hard, I like a little runniness. My grandma ordered the chicken salad sandwich with was just a party in your mouth! Layer after layer of flavor! Though I didnt try my grandpas meatloaf sandwich, he said that it was the best he'd had!! The service was fantastic! Given we had a complicated order and seven people, the service was above and beyond! I would highly recommend!",positive
yelp_395133,"I WARN YOU...NEVER GO THERE. I figured Id get a clean up on my eyebrows before my wedding. I went in there and told the lady not to change my thickness or shape, just to clean up the loose hairs. I went in with Kim Kardashian eyebrows and came out with LITTLE SLIVERS of eyebrows like rosie parez!!!!! she didnt even get the few stray hairs I mentioned, and waxed off half my eyebrow on one side! I didnt notice when I was in there because she used a eyebrow pencil to cover up her mistake, BUT she got crazy with the scissors and my eyebrows look like stubble in some areas. STAY AWAY STAY AWAY STAY AWAY. This woman butchered my eyebrows! I dont know if she even has a beauty licence because NO ONE would mess up their reputation by doing this to me! STAY AWAY!",negative
yelp_182379,"Very good and reasonably priced! I love that Greek salad is an option instead of fries for the same price. I went with my parents for a late lunch and we all enjoyed our meals. I ordered the chicken pita and it was huge. \n\nI ordered a falafel, which was good, but I really love the yogurt cucumber sauce. \n\nIf I ever visit my parents in Arizona again, I will definitely ask to go back!",positive
yelp_418907,This place has a great vibe and fun atmosphere. The bartender Kyle was great and didn't look flustered once... but it was under staffed for the volume for happy hour. The owner - an older gentleman who wandered around the bar like a lost puppy never assisted the staff with anything. He stopped and talked to a few pretty girls while he ignored my credit card that was desperately sticking out of the check presenter for over a half an hour. I will come back- just not when it's busy.,positive
yelp_445059,Great food. Service could be better. Terrible managment. Hostess let friends and other go ahead in line when packed. Managment does not strive for good customer service. Had a manager who really didnt seem to care that we had been waiting and got terrible customer service. She sided with employees and made us feel like we were doing something wrong. Terrible...,negative
yelp_400076,"My friend and I decided to try this place out for a foot massage, when we got there it was nice dark and quiet so not too bad, but the girl starts asking about what service we want and this is where the disappointment begins... she offers other services full body massage etc.. We first said we only want foot, she makes a face like \""""really?\"""" And says \""""full body better\"""" so were like fine well do that.. The massage was good started from face to toes. Once we were finally done we went to pay and I always use credit so she says \""""cash better\"""" and says she has to charge $2 if I pay for me and my friend which didn't make any sense cus it's one transaction then I said add $10 more, and she looked at me like I was crazy, he other girl came over and said \""""maybe $10 each\"""" and points to a sign that basically says what u should tip!...ie: \""""unhappy:$10 less happy: $15 happy: 20 more happy:$30! ....really?! Some people might want to tip that and that's fine but to make someone feel like crap and basically bully them into tipping what they want is not ok with me. So I will not be back",negative
yelp_88983,"Don't judge me by this, but if you don't like Trader Joe's, I just don't think we can be friends. \n\nThey roll all of the good things about any supermarket I've ever been to into one, tastefully presented package. Cheap, good food and produce, and they have samples here. I love samples. When I was a kid I could spend hours at Costco listening to presenters talk about how to get stains out with their respective magical solutions, or how a blender could make tasty fruit drinks from your fresh fruit. Trader Joe's does one better. Coffee, fresh bread, and things I can consume on the spot are always there. \n\nAnd don't even get me started on Chuck Shaw. I know it isn't great, but for two dollars, it doesn't have to be. I think we all owe TJ's a thank you for introducing the world to Mr. Shaw.",positive
yelp_152826,"Garduno's is home to one of the best Sunday brunch values in Las Vegas, and one of my favorite dishes in this city.\n\nFirst the brunch. Every Sunday they serve an all-you-can-eat margarita brunch buffet for about $18. The margaritas are about what you'd expect, given the \""""bottomless\"""" part - cheap and sugary - which is not to say they skimp on the tequila. You can get brunch-crocked very easily here.\n\nThe brunch includes made-to-order fajitas and a small assortment of dishes like enchiladas, ribs, chilaquiles, tamales, and more - it's not a full cross-section of the menu but it's more than enough to satisfy. The dessert selection is surprisingly robust too. Be sure to grab some flan.\n\nNow, on to the dish that's an obsession of mine: the chile rojo. Rich, spicy red Hatch chile and melted cheese smother a huge bowl of flank steak. Add in diced tomatoes, red onions, cilantro and tortilla strips, scoop it all up in soft, warm, fresh flour tortillas and go to town. This is usually good for two meals for me.\n\nThe chips and dips served here are quality too. The bean dip is phenomenal (ProTip: you won't want to eat refried beans after this) and the avocado, jalapeno, arbol, mango and mesa salsas are all worth a taste. At the end of the meal, ask your server for a basket of sopapillas, tear off an end, squeeze some honey inside and drift into heaven.\n\nSome of the more traditional dishes that I've eaten here have been unremarkable - the tacos, chiles rellenos and fajitas are all just OK.\n\nGarduno's isn't a restaurant that gets everything right, but it is one that does a few things very, very well.",positive
yelp_435580,"What the heezy happened in this joint? I walked into Le Thai pumped for Penang last night but I walked out of Le Thai-me Is Money shaking my head.\n\nAfter slinging back some cocktails at the Mob Bar with a few home fries, we trekked over to Le Thai for a pad thai party. We were sat right away on the covered patio outside, at which we proceeded to wait. And wait. And wait. What's a girl gotta do to get some agua around here when she's dehydrated from the drinking? Wait, I guess. Our server later came around to take drink orders, and while the same people who complained about the cold opted for ICED Thai tea, I asked for a glass of hot water. The teas came by, but lo and behold, no water - is this because we're having conservation issues? No matter - I waved down a busser who came by right away with the missing goods.\n\nOur roster consisted of Thai style wings, Thai beef noodle soup, Penang curry with brown rice, tom yum soup, and short rib fried rice. The food was actually really good, which was enhanced by the cold weather and my declining buzz. Plus, the soup was so perfect in the cold, until we realized that was it - we were sitting IN THE COLD, and only 1 of the 3 heat lamps were on. We asked a staff member if we could turn on the extra heat lamps, and we were shut down, being told that heat lamps actually weren't even really allowed, given the cover on the patio and all. As we watched the last of the heat lamps die out though, he refilled the lamp as if to do us a favor. \n\nThe curry came out with white rice which was frustrating if it hadn't been for another employee who pitched in yet again, but it wasn't anything compared to the irritation we harbored when we went to pay the check and were told they could only make four transactions total after we had calculated the payment for six people. One of us opted to pay with cash, and the change was rounded up because they did not carry change - I'm not sure if this was just the server, or the restaurant as a whole, but either way, it doesn't seem to make much business CENTS. \n\nI've never had much of an issue with the food here, but the service is just such a hit or miss ALL THE TIME, with it being more of a miss lately. I feel like I'm throwing the place under the bus, but I suppose this is the same disappointment my parents felt when I told them I wasn't going to be pre-med, and they've managed to move on.",negative
yelp_419653,"The only great thing about this place is the patio. The service is totally hit or miss. The bartender was more interested in talking to his buddies than asking us if we wanted a drink, it took him over 5 minutes with no one else there to acknowledge us. The stuffed mushrooms were very bland and I had to send them back bcuz they were luke warm. They came back nuked and soggy.",negative
yelp_308122,"Went for breakfast to try for the first time. Ordered the baked French toast. Eggs were over cooked, bacon was cold and French toast was more like a bread pudding.",negative
yelp_477734,"I've watched Food Networks \""""Great Food Truck Race\"""" and thought this would be a fun event to go to. Yeah, I wasn't impressed. I guess I'm not much of a food truck guy cause all the food, while good in concept and on paper, tasted pretty bad. Food prices were pretty high for the small portions and majority of them tasted as if their oil was not hot enough or they just plain forgot to season the food. All in all, I spent close to $70 and at the end of the day, went across the street to In-N-Out. Very disappointing.",negative
yelp_240226,"Brilliant place to try new wines! The owners are very knowledgeable and patient when it comes to selecting the perfect wine for you and explaining different tastes to you! 5/5, I wish Phoenix would have more great tasting rooms like this one!",positive
yelp_149345,"I've only seen a total of 3 Cirque shows, but out of them 3, this is the best one. \n\nWhen I go to see the circus, this is what I'm expecting to see - magnificent acrobatics, impossibly high jumps and catapults, incredible music and just a huge production. What really attracted me to this show was the fact that it wasn't heavy on the storyline, which is what the other Cirque shows seem to run on. Really not my thing.\n\nBesides the fella crackin the whip, the crazy water scenes and the amazing music, I really loved the comic relief that the 2 goofball clowns provided. Highly amusing, those 2. Another thing that had me biting my nails was the girl who was walkin up/balancing up the string of a rope she was walking on. The entire audience had a huge *GASP* moment when she kinda flinched and almost looked like she was going to fall. But she didn't! It was really amazing. \n\nAnother thing I love about Vegas Cirque shows: the pre show. I love the fact that they have audience interaction segment. Makes paying almost $200 worth it. \n\nThere was also a \""""splash zone\"""" by the very front. Amusing, but I don't recall the people sitting in that area getting really wet. They might have been sprinkled, but not really a huge splash.\n\nWould I go again? As much as I want to, I won't. I want to be able to see all the shows in Vegas so this one is off my list. I thoroughly enjoyed it though and I highly recommend it for anyone who wants to see a Cirque show. Five out of five.",positive
yelp_282134,"The best thing about Ginbu 401 is they deliver...literally. I've both eaten in the restaurant and ordered delivery from them. Both have been consistent sushi. Nothing to rave about, but still good if you are wanting some sushi. The menu has more basic rolls, but a smaller menu with fewer rolls is a good thing.",positive
yelp_57401,"How can I possibly give an establishment one star if I have never eaten there, or even been inside? I will tell you! \n\nWe spotted this restaurant while driving around and tried to make a mental note of where it was located because we frequent Harvest Cafe and wanted a back-up if it was good. Unfortunately we never found this place again until last week. Eureka! We decided to go and check it out as soon as possible so I called them and the lady who answered the phone said they were open until 3 p.m. 3 p.m.? Who can make a living only being open from 7 a.m. to 3 p.m. Isn't this Vegas? You know 24/7 or at least 8 p.m.\n\nWhen we arrived there was one car in the parking lot just leaving...ut oh...the place is empty! All the signs in the windows say they close at 2 p.m! 2 p.m.? You've got to be kidding! We missed it by 5 minutes? And, who spells \""""country cafe\"""" with K's? You cannot possibly find this place with any app or yellow page looking for \""""cafes\"""" - I know as I searched for weeks!\n\nSo make a note it's open from 7-2. Guess it's good for breakfast and lunch, but not for dinner. I sure wish they were, because if they are good we certainly could use another cafe around here.",negative
yelp_26544,"I have been to Hong Kong many times but this is my first review. I must say every time I go, my belief that this is the best buffet in the Phoenix area is reaffirmed. Hong Kong is very consistent with their food quality and the service is always been excellent. I do agree with other Yelpers that you can find other buffets that are cheaper but you get what you pay for. My favorite feature is the sushi station. My wife is not a sushi fan so when we go to Hong Kong, I hit this station several times. The only problem is if I fill up on the various rolls and sushi pieces, I don't have room for all of the other wonderful items Hong Kong prepares. The only station I can't comment on is the Mongolian BBQ station. Again, it comes down to a lack of room more than a lack of will to try it. Oh well, maybe with my next visit I will make an effort to try it. \n\nIf you are looking for a great Chinese / Mongolian / Sushi buffet, this place should be number one on your list.",positive
yelp_390456,"Stopped in for a quick lunch but it ended up taking about a half an hour to get a hot dog & fries. The dog was good, the fries just OK. The place was small, but clean, the menu is just burgers, dogs, a couple Mexican dishes and a bunch of different iced teas. The service was gruff, maybe even rude. I might stop by and try again, if I have time to kill but probably wouldn't recommend them.",negative
yelp_387851,"Five stars for fares, one star for customer service. Also, if you buy your ticket at the counter instead of online you back to save more money by avoiding taxes and other fees. if you look at the rules online you'll know exactly what to bring and what not to bring in order to avoid fees or minimize them. this airline is also known for constant delays and extremely bad customer service, so just be ready for that expectation. this airline is ideal for me since its leaves out of mesa arizona how much smaller airport compared to sky harbor. a round trip ticket cost me 40 dollars. if you can travel with the backpack that's the way to go they do not charge fees for that. speak of the devil I was just informed that the flight is gonna be delayed by 1 hour and 40 minutes and this is what you have to put up with. they lack reliability and customer service for that this company get 2 stars and that is really pushing it. well at least they gave me this extra time to write this wonderful review while I sit here waiting for my flight! what can I say get what you pay 4! only use this airline for casual line if you have to be somewhere at a certain time you better pay some extra money and take a major airline that has a much better track record for on time and departure flights.",negative
yelp_368338,"We don't really write reviews- maybe 3 in 10 years, but these guys are AMAZING! Prompt, EXPERT @ diagnosing on the phone and TOTALLY reasonable! We were hysterical (ok I was-- hubby stayed sane)- this morning with water coming out of our ceiling kitchen light fixtures!! These guys (the dad, Howard) assessed it over the PHONE! He sent his son Sean right over -- & he and a partner had it FIXED in under an hour. We are in shock. Price was way less than we though it would be with labor and parts. You could see they were working fast - which kept our expenses down. We can't recommend this company more highly.. or we would do so. You just can't go wrong here...",positive
yelp_305517,"Finally made it here, and I must say DAYUM...so good! Roasted pork dish was awesome. I will be here more often",positive
yelp_405057,"I've had good coal fired pizza. Actually, I've had GREAT coal fired pizza. Unfortunately, I didn't have either at Pi. In fact, what I had there bears no resemblance to good coal fired pizza. I am not a fan and won't be going back.\n\nThe coal fired oven is intended to cook at very high heat - 800 degrees. It imparts a distinct flavor to the thin crust and gives it a nice toasty crunch while making the cheese bubble with delight. The three minutes in the oven is enough to really crank out the flavors and satisfy those of us who are impatient eaters and want our food NOW!\n\nWe sat at the table closest to the oven and I could see the pizzas going in and coming out. But I couldn't feel the oven heat. Compare that to my other experiences when I sat as far as 7 tables back from the oven and could feel the radiant heat on a cold, cold day. Now that, my friends, is 800 degrees! I felt sorry for the cook! But at Pi, no heat. I swear, they must have that oven adjusted down to something akin to a summer day in Miami. The result is that the pizza was not at all hot when it was served (I watched them take it out, cut it, and bring it right over so it wasn't because it sat anywhere and cooled off). So the cheese didn't talk to me, the toppings were lukewarm, the crust was soggy and limp, and it didn't have that kick butt flavor that you're looking for in a coal fired pie. I'll give them credit for a good, imaginative selection of pizzas with interesting toppings. Unfortunately, if you're not going to cook it properly, it's just not gonna get me excited. Especially at those prices. My advice to Pi? Turn up the heat! Cook it right!\n\nOn a positive note, they did have Fat Heads Head Hunter IPA on tap. So that salvages what otherwise would have been a one star rating for me.",negative
yelp_285904,"Blaah.\nAte here in a party of five because we were staying at the hotel and it was convenient. By Las Vegas standards, $22 for a buffet is not expensive but by my standards I do expect some good food at that price. The LVH Buffet failed to deliver.\nBasically, nothing was terrible but nothing was like \""""Wow, I gotta get me some more of that!\"""" Everyone else in my party felt the same. I had the salmon (dry and tough), chicken Marsala (flavorless). The turkey was ok, as was the beef and the sausage. I could find no fault with the shrimp cocktail. The salad bar was uninspiring and blah - at least have some pepperoni. \nThere was unlimited beer and wine -- cheap beer (Hamms) and wine. Good to get drunk on but alas I had to drive to the airport later that evening, otherwise I would have tried to drink my money's worth.\nThe best part of the meal was the soft-serve chocolate ice cream.\nWe went on a Sunday night and some of the things mentioned in other reviews were not there, namely Mexican food and sushi. I like both. My dining experience definitely suffered in their absence.\nService was good.\nIn the end I regretted being lazy and settling for the convenience of this buffet. I would have rather have put the $120 I spent towards a better quality buffet at another hotel or gone to a restaurant off the strip and had a cheaper and better meal.",negative
yelp_123776,DO NOT GO HERE. The employees here are disgusting and know nothing from how to make the menu items to customer service and even hygiene! Apparently there's never a manager or person in charge available either.,negative
yelp_368829,"Bland food, bad service, prepare to wait for an hour for your main course.",negative
yelp_225645,"1 star is to much for this place!! \n\nWe ate on a Wednesday night and the place was empty. The staff were more concerned with watching TV than serving. We were a table of 3 and the food came out quickly and cold. The fish was bland, the pasta greasy and the chicken dry. Our waitress attempted to upsell us on the 2 for 1 drink special, which, when queried on our part was finally explained as we could buy a 2nd drink for the same price as the first (so it's not free!) and get it in a plastic kids to go cup ?!?\n\nAn automatic 18% gratuity was added to the bill for our party of 3. \n\nThe place is a disgrace - poor service, terrible food, bad attitudes, hidden costs etc etc. With all the other great choices in Vegas, give this place a wide berth on your way through the Miracle Mile and spend your money anywhere but here.",negative
yelp_47477,"I've eaten here a few times and have never been let down. The wait can be long for dinner especially on the weekends, so don't come ravenous or you will be tempted to run to the drive thru nearby.\nThe service we've had was always friendly and followed with a manager's check in.\nI usually shkoff down the filet with lobster and I must say for a local's spot, their filet is pretty good and the lobster is not an oversized shrimp but a decent sized lobster tail that rivals any nice steakhouse in my opinion.\nFor under $30, I sometimes wonder why we bother going to the strip for steak a la cart when you get all the fixings here at Outback with your meal. Plus you don't have to dress to impress here, atmosphere is casual and you come to eat.",positive
yelp_361210,This is a normal Starbuck's outlet. It does not have a drive through which makes it somewhat quaint. The pace is a bit laid back because you have to park and actually walk inside.\n\nI have always found the staff to be pleasant and efficient.,positive
yelp_353133,"I love hot wings, and these ones are amazing if you like them tiny and overcooked. I'm beside myself with how awful the service was. The server dropped my large beer on top of another large beer, and the two glasses shattered, and beer and glass exploded all over us. It was a huge mess, we all got a beer/glass shower, and my phone was completely submerged in a beer puddle. We had 11 people and kids, and had to clean up ourselves and the glass, which was everywhere. The staff didn't move us to a clean table or offer to put in our food order in a timely manner. When we finished and the server brought the check, he didn't offer anything (a discount, free dessert, etc.; I waited tables for years and it's nothing for a restaurant to give freebies and make customers happy so they'll come back again) to make sure we didn't leave unhappy. I spoke to the manager, who seemed to care more about showing off her tattoo sleeves than happy customers. Ugh. I'd give this place negative stars if I could, for the sub-quality food, awful service, the manager's inability to correct a bad situation (we aren't impossible customers), and having to pull shards of glass out of everything while we ate. I can't wait to never go back here!",negative
yelp_373884,"A beautiful location in Old Montreal overlooking the river and Habitat 67. Very good service. Tasty food. I can't put my finger on why, but I rate this at 4 stars, not 5. I'm glad I went but perhaps all the hype is over the top. Still, a great meal.",positive
yelp_139740,"I seriously cannot figure out what all the hoopla is with this place! We decided to check it out and while I did like all the neon around the tables and the set up of the place, our waitress was annoying walking around with a stick up her butt like she was waiting to get discovered or something. I had the taco omelet and hubby had the chorizo and eggs. Neither dish was anything to 'oohhhh and ahhhh' about by any means. This spot for sure won't be on our return list. Ever.",negative
yelp_58282,"You would think that when you own a business, one would be friendly or at least courteous to customers, especially since there are thousand places you can use for shipping. The owner of this place is do rude. I left without sending my package, who wants to deal with his attitude.",negative
yelp_379856,"I was not a big fan of Renegade Canteen.\n\nBacon wrap shrimp stuffed with cheese and jalapenos over grits was good but that is where the good flavors ended. The risotto in the short rib over 'creamy' risotto was more like short rib over wet soupy undercooked rice. The sauce on the flank stake hit only one note and the steak was a bit tough, even for the cut. Pork osso bucco was very bland. I grinded some salt from the grinder on the table into the dish and it elevated the dish about 2 starts. Simple things like seasoning could have gone a long way. I passed on dessert.",negative
yelp_476101,"Chicken n' waffles was delicious (chicken was moistn not salty, great crust - waffle was light and fluffy w/ homemade syrup) ! \nShout out to LaBrea our server you were GREAT!!! cya next time!!!\nI am glad there is a place to get some good soul food in the SW....",positive
yelp_269982,"This is one of the very few places in Montreal that serves up Peanut Punch, a Trinidadian specialty which is basically like Peanut Butter Milk (as opposed to Chocolate Milk). Yes, it's exactly as yummy as it sounds!\n\nAs other posters have indicated, chickpea rolls, pumpkin curry, chapatis, potato roti, and the owner is exceptionally nice and friendly. \nJust go already.",positive
yelp_269036,"Came in for Captain America 2. Theater was very clean and the people were very friendly. You didn't get that 5th star because I paid $4.50 for a bottle of water..... it wasn't even magic water... just Dasani. Prices for food are real expensive. I strongly suggest eating before you go, unless you want to take out a second mortgage for a combo meal at the concession stand.",positive
yelp_243732,"What made this buffet great was our wonderful table attendant. We has to pay $20 for the mimosa brunch, and the food was sadly not worth it. But our lovely attendant kept refilling our mimosa flutes within a minute of being empty. She was funny and perky, and we left her a nice tip.\n\nWe spent an hour or so just walking back and forth to try to force feed ourselves $20 worth of crappy food, which was very hard. But all the boys in my party seemed to be in heaven as they piled their plates high with fried everything. I tried a bunch of things but they were all very cafeteria quality. The only things I enjoyed were the shrimps and cocktail sauce, which I stuffed my face with, and the mashed potatoes. \n\nOh well, lesson well learned. But thank you to our wonderful waitress!",negative
yelp_87379,"Ok. I've decided next time I enter the Kiehl's area of the cosmetic section to simply take a Sharpee and write SUCKER across my forehead. Those fancy ladies with their fancy smocks, see two gay guys headed their way and I can see the dollar signs replacing their pupils. KA CHING! Really, I just need a face lotion. Hmmm....17 different kinds. All with hard to pronounce extracts and oils. Do I need the Fortifying Baobab skin therapy? Or maybe the Centella Recovery skin salve. Or perhaps the Creamy Avocado Eye treatment? Ok, I could pronounce avocado. And yes, I tasted it. Nothing like guacamole. I get great customer service here. I'm not intimidated like other folks seem to be. Gimme a break. They're retail workers. Nothing wrong with that at all. Then why do I know so many people who won't go there cuz they're \""""afraid\"""" of the employees. Get a spine people. And while you're there, I'm sure you'll find some kind of spine lotion or salve. \nThe men's department is fantastic as well. I pretty much only shop there when I see those wonderul CLEARANCE signs calling my name. \nBEST PART OF Needless Mark up is the FREE valet parking. Nothing worse than circling the narrow parking garage across the street. I ALWAYS use the valet service here even when I'm not shopping at Neiman's. Oh, and leave the Visa and MasterCard at home, cuz they don't take them. I know that makes people crazy. But c'mon, it's a Dallas based store....need I say more!",positive
yelp_365922,"We were looking for something a little different to do for a Baptism party for our son and nephew, so after enjoying these tacos at my husband's Christmas party, we decided to have a taco cart at our party. We stopped by the Taqueria Guadalajara off Van Buren and 26th Avenue one morning to put in our order about a month prior to the event. The restaurant was clean and bright and it wasn't lunchtime yet, so no one was in there eating. The lady at the front counter was pleasant and helpful as we asked questions about how the cart worked for a party and what our options would be. You had to have at least a 50 person party for the cart. They had a list of at least ten different meats we could choose from. We went with the carnitas, azada, pollo and pastor. You also get a big jug of juice, so we chose the Horchata. For the cart to be at our house and for two people to set up and cook the meat and serve the food, we were quoted $300 for our selections. A deposit of $100 was needed at the order time and the remainder the day of the party.\nOn the day of the party, the two gals from Taqueria Guadalajara arrived on time and started setting up the grill and the toppings bar. There was a guacamole sauce, a red and green salsa, plus the usual veggies at the toppings bar: Cucumbers, carrots, onions, cilantro, etc.\nWhen the food was ready, they served us quickly and explained the different meats. We had two porks, one beef and chicken. One of the pork selections was redder from spices and they were kinda sweet. Forgive my gringo-ness, but I don't know what they were, but they were good! The corn tortillas were delicious and fresh and heated just right on the grill.\nThe taco cart and toppings bar were a hit at the party. My sister, who lived in Mexico for two years said that the food reminded her of her times there. If you want something authentic and delicious, try it out!",positive
yelp_451691,"Tea at 94 was the first place to become a favourite spot for me when I moved to Edinburgh, and not just because I lived practically opposite.\n\nThe pink exterior and seriously cute signage outside give a good flavour of what to expect within, although bright splashes of colour from the cushions and artwork add a lively touch to keep it from slipping onto the wrong side of twee.\n\nThe service is delightfully chirpy and personal, but never intrusive. Perhaps because of its location, Tea at 94 still seems to be something of an undiscovered gem, so don't come here if you like bustle; when I go with a friend we are often the only people there.\n\nAs well as the yummy homemade cakes, there's also usually a little plate of adorable mini-pastries, which the proprietor tends to wave at us just as we're thinking we're done. They're a cheap and delicious way to extend afternoon tea just a little further!\n\nWhile teashops also sell coffee and coffee shops also sell tea, there is certain nuance in being a teashop and not a coffee shop. Tea at 94 has this down to - forgive me - a T. A delicate jumble of cups and saucers from a range of sets usually leads to the \""""mine's prettier than yours\"""" game, and even if you're not particularly into scones, if you pass up a chance to try the jam they serve you are definitely missing out.",positive
yelp_227862,"Purchased a groupon for a cut, deep conditioning treatment, wash and style. Brenda took great care of me, really listened to how I normally style and prefer my hair, and delivered! She understood that I was growing out my hair and didn't over-cut it just because she could. She took her time with me and we chatted comfortably. She didn't try to push products or tools on me, but did offer some honest suggestions about what I might like to try (a wet brush that really worked well with de-tangling my just-washed super-fine hair; and I will be purchasing that from Sally's as she suggested)!\n\nThe Salon itself is super-cute and is inviting and intimate. The employees seem to get along well with each other and appear happy to work there. The facility is kept clean and offers interesting retail items.\n\nI was looking for a new stylist, and am happy with the service Brenda provided; I'll definitely consider returning to her the next time I need a hair service!\n\nThe Salon absolutely met my expectations, but didn't exceed them (the only reason I didn't rate them with five stars).",positive
yelp_50474,"I Love this place. Dave, the manager is helpful and most importantly, honest. My 99 Lexus needed a transmission rebuild & Auto Tech saved me 1,500 (compared to the dealership). It now runs like a dream! I'm coming here for everything now.",positive
yelp_39266,"A Friday night; 1st visit; as we were told, place was packed and loud. Okay, we're prepared for it: yelling to be heard sucks, but we were forewarned. Also told that the place was \""""typical bar food\"""". Hmmmmm.\n\nPROS: we were seated relatively quickly; pretty decent beer; server was friendly and took satisfactory care of our table of 8; entire staff seemed like an organized, hard working team\n\nCONS: the food. I understand bar food is not haute cuisine, but 4 Peaks was just blah. Pizza undercooked--literally, dough was still moist in parts. Worse? You could tell just by looking at the pizza it needed 5 more minutes in the oven--why even serve it? Next issue: change the fry oil! Over half our table got something of the fried variety (I really hate bar food). In every case, the fried food had that really dark brown quality, indicating the fryer oil should have been changed after the lunch rush earlier that day! After I sent the pizza back and waived off the offer for a new one or another meal selection, I accepted a chicken strip from a table mate. It tasted as gross as it looked. \n\nI understand why some folks like places like 4 Peaks, but I have yet to find a brew pub anywhere in which I've said, \""""I have to return here soon!\"""" True, the beer was okay (I was drinking one of their IPAs), and I appreciated the hard working staff (BTW, server and manager came to table to apologize for the pizza I sent back AND comped us a pitcher of beer). I accepted the noise and the need to nearly yell to communicate, but I didn't like it. But at the end of the day, the real issue was the quality of the food--poor to marginal. I won't return.\n\nCheers!\nRS",negative
yelp_228723,"Scale of 1-10 (single visit):\n6 Food\n3 *Drinks*\n8 Service\n9 Atmosphere\n7 Value\n\nI am vaguely aware that Switch, FEZ, and Ticoz are all related. While I very much love FEZ and am looking very forward to checking out Ticoz soon, I can't say I'm impressed with Switch. Granted, I've only been once and will update this after another go if I can improve the rating.\n\nBut right now it's a 2. The drinks were blegh and my buffalo chicken sandwich was made with sliced deli-style chicken meat with indistinct flavors from all the elements of the sandwich. Not what I was expecting and not enjoyable. The highlight of the food was the bruschetta however - it was very nice.\n\n\""""Meh. I've experienced better.\"""", the 2-star moniker, is accurate - though I'd would prefer it say \""""Meh. I've experienced much better.\"""" I'll give it another try before I abandon it though.",negative
yelp_126440,"Several years ago I ate at Golden Phoenix. They had the best garlic shrimp ever - a huge platter full of big, plump, juicy shrimp with a tasty brown sauce. So I ordered some today along with some sizzling rice soup. The rice didn't sizzle when I added it to the broth, and the broth was flavorless, save for a little hint of soy sauce. The shrimp were small, dry, overcooked, and tasteless, and the container was half full of sauce! The sauce wasn't bad, but I didn't pay $10+ for a container full of sauce. I will never go back there again, and I am trying to spare others from this miserable take-out dining experience.",negative
yelp_165925,"Brunch is one of the worst I have ever had in my life. I paid $8 for a salad that I ate in 3 bites. I am serious, and I am not a fatty. I also ordered a mimosa, which was overly pulpy and had a bad strawberry in it, and a super bland bloody mary after telling the waiter I like a spicy bloody. Our service was horrible too. It was impossible to ever get our disappearing waiter to serve us. Disappointing considering I ate dinner here like 5 years ago and it was decent. This place is an overpriced joke.",negative
yelp_221634,A manager did call back and said they would call back in a couple days. Never heard from them again that was 10 days ago. So they took the $25 in cash for the bill and charged my card $25.,negative
yelp_428423,"Loved it! Clean, good food & customer service.. cant get enough of the horchata. Its made freshly every day",positive
yelp_15849,Slow. Wrong order and didn't ask if i wanted cream and sugar. Saw one guy walking around aimlessly looking at the register. Wont be coming back.,negative
yelp_500440,Hello-\n\nThe Good-\nThis is a great place to have and drink and unwind. The western atmosphere is casual and comfortable. \nThe Bad- My husband and I ordered the baby back ribs and they were so tough we couldn't cut through them!! $22.00 bucks for bad food. The waitress didn't even come back to ask how the food was. We had to ask for silverware so we could eat. We ordered drinks and they never showed up. Soooo do not order the ribs or expect good service at LW's Hide-A-Way.,negative
yelp_204810,"Ok, we stopped in for their \""""special\"""" which is 3 chili burgers, 3 chili dogs and 3 small fries. We asked if we could substitute and get 2 chili burgers, 2 chili dogs, 2 corn dogs and 3 small fries. The cashier said he didn't know but would enter it to see. Good news!! Yes, all of that for $9.99. The food was honestly only 3 stars... Which of course is just basic... Not bad, not great. The reason for the 4th star is the shift manager TONY. He was very personable, checked in us 2 times to see if we needed/wanted anything else. Mind you, this is a fast food establishment. The counter area was immaculate, the dining area was SPOTLESS, the floor was clean and the restrooms were very clean. Generally when a restaurant is this clean it is a direct reflection of management and their commitment to having a well run shop. Hats off to Tony and his crew in this regard.\n\nThe food, as I said earlier was only so so, but the overall experience was exceptional. We got out corn dog, chili dog fix so we probably won't be back for a while, but I wanted to share what I felt about superlative service.",positive
yelp_328967,"This places is ok. It's right by UNLV, in a boarded up building, no windows so no natural light. \n\nIt's also a one man show. The bartender makes the bar food, serves the food, pours the drafts and does the tours of the cellar. This means if you want to actually ask questions about the beer your not going to get much dialogue since he's just too busy right now...and for the rest of the night. \n\nThey have a great beer selection for pretty much any taste but I thought it was really overpriced. We paid 20 dollars for two beers. They were good, but I can also buy them for under 3.5 at Total Wine and More and get the same level of service. \n\nWhat I mean to say is frogs didn't cultivate the experience of going out so what's the point of paying more? I'll just buy and pour it myself.",negative
yelp_206718,"Great employees, nice clean store, prices are okay. Management is a bit arrogant and not well liked by the employees. They could do a better job on their deli. No dinner combos to speak of.",positive
yelp_419780,"This place is a $hit shack. We had some coupons and went there on SuperBowl Sunday. 2 chickens and a bunch of sides cost us $40. It just wasn't worth it. Plus there is nowhere to park. If the 5 spots are filled out front, you're screwed due to the poor design and layout of this store, to its parking lot.\n\nSave yourself the trouble. Go to Costco, Albertsons or Frys and buy one of their pre-made chickens for $5. Shoot...buy 3 of them. Buy your own sides (Kraft Mac-n-cheese, Bushes baked beans, instant mashed potatoes) and make them yourself. \n\nFeel better you didn't give $40 to this crappy establishment.",negative
yelp_157834,"My most recent visit was not what I remember the food being like last year..... I was SO EXCITED to return to Rio's Carnival buffet because last time I ate myself sick.. seriously. \n\nWe came for lunch on a Thursday afternoon and the place was relatively busy. Our server brought us each two huge cups of soda. I think so he didn't have to come check up on us again. Last time our waitress brought us one glass each and the place was packed. Maybe the service is more distant on weekdays? I'll give it to our guy though, he had a lot of tables to attend to since they have less help on weekdays.\n\nThe food was mediocre at best. The prime rib was really tough and incredibly difficult to cut without having to cut so hard the plate would move. I liked the station where I was able to make tacos myself the best. Also, the freshly fried chicken wings were good too. Just make sure the batch you get just came out or else the meats really tough. I plated myself some spinach salad and the stems of the spinach were really tough as well. The ranch tasted watered down also. Like it's not hard enough being healthy?! Now I have to eat salad that's not pleasant? POO on that!\n\nIf you love desserts, this is the place to get ice cream and some great red velvet cake. The other desserts are okay.\n\nLunch on a weekday is about $20 and I think on weekends it's $40. If you have the 24 hour buffet pass, Rio's Carnival buffet is included!",negative
yelp_399298,"We went in on a Wednesday evening. \n\nIt is a very casual place, but don't let that fool you. \n\nThe food was wonderful and if you are worried about the food being too spicy, or not spicy enough- they make everything to order. \n\nWe had terrific Tom Yum Soup, the lettuce wraps, Salmon Curry, Drunken Noodles and a chicken and avocado curry. I would recommend any of these dishes. \n\nThey have a full bar.\n\nBest yet for all the food and drinks our bill was under $100. Pretty amazing.",positive
yelp_144060,"Came back for the 7.77 deal. You get- side salad, sirloin steak, mashed potatoes, and 3 shrimps on a skewer.\n\nSalad was awesome- had it with bleu cheese\n\nSteak wasn't as fantastic as last time.\n\nIf you come here I recommend getting the unlimited prime rib for 9.99. \n\nWarning-these deals are not on the menu.",positive
yelp_528980,"AMAZING! We took our kids over the weekend. One of our children has a life threating nut allergy. When we were ready to order we asked the waitress if they used peanut oil and she said she would check to see. Not only did she check , the chef came over to our table personally and told us what was safe for him to eat. AMAZING service what a great 1st impression! \nIf you have kids and they are not really into golf as much as the parents request the 1st floor area so you can be near the game room. The kids could play inside and the adults can hang outside.",positive
yelp_179100,"This review should be split into two categories: service and food quality. The food was 5-stars. Flavorful, generous, and delicious. The service was 2 stars. Our party was one of two in the entire restaurant. Due to the fact the 3 servers were seated in another part of the restaurant catching up, I had to get up and request water and other things we needed. From start to finish, lunch for 3 people took close to 1.5 hours between waiting for service. Always happy to find a good Ethiopian restaurant and definitely recommend the food here. Just plan on the extra time for the waiting you will do.",positive
yelp_162971,"It doesn't matter who you are, who you're with or what you eat. This place is delish. No matter if you are suffering from heartbreak or new found love nothing can fill that gaping void inside like an overload of veggies, meat and noodles....and meat. Meat.",positive
yelp_214027,It's a time share.\n It's not so bad except that I left my thousand dollar camera in the room and called an hour after we checked out. The maid supposedly did not find my camera. I'm so disappointed by the dishonest staff here. The Denny's restaurant located on the same property is the worst ever and smells like rotten eggs when you walk in.,negative
yelp_536324,"This place is awesome!!!! Everything n I mean everything I ordered was spot on. We had a group of 8 and our servers were on it. The skewers were all great, the hummus was to die for, and the best thing u must order is the bone marrow. Like heaven in my mouth!!!!",positive
yelp_372772,"Here's the breakdown:\n\n3 stars for food\n5 stars because of their overall mission\nMeet in the middle for a total of 4 outstanding stars!\n\nLike others have mentioned, their mission is phenomenal! 100% of profit from sales is donated to feed the poor and they provide job opportunities for people in need. In addition, they create dishes using local ingredients.\n\nThe ambiance is very nice and spacious. They even have patio seating for those nice days and nights. \n\nSpend your money here and it will go very far to help others!",positive
yelp_226737,"Well. that sucks. stale bread. no chips. mediocre service. eh. whats all the hype about? \n\nOh and ps- when and I call and tell you I ordered a fruit salad and I didn't get it, it's not rocket science. Just say I can come back and get one. Don't get all confused and argue with me just because your brain can't compute the words I am saying!? Rude! Better luck next time.\n\n\n** for those of you that have a problem with my review, feel free to email me and ask any questions you like. I wrote this review by MY own means, and based on MY own experience**\n\nA couple things I forgot to have mentioned, was their way over priced baked goods. The cupcake I got was so oily I could barely choke it down, and the iced tea was so overwhelming I had to poor half of it out and add water. Maybe, I went on an off day, maybe not, but this is my experience of this establishment. Take it or leave it.",negative
yelp_4001,"Went here to get 4 tires and they were extremely quick! Within one hour, they quoted me (a great price) and had the tires installed. Was surprised that they came in lower than other competitors, so definitely check them out.",positive
yelp_534220,"I moved to Charlotte a year ago, and after visiting MANY nail salons in the area, Allure was recommended to me by a friend. I am extremely picky about how my nails look, and for the first time ever, I left the salon absolutely pleased. My nails looked great, Holly did a fantastic job on my pink and whites. She really pays attention to detail. All the girls that work there are so friendly, always attentive. I HIGHLY recommend Allure.",positive
yelp_296975,"They call it Off the Strip, but it should be called Off the Strip with Strip Prices!! Party of 2 and we ordered 2 glasses of wine, 2 cocktails, and 2 entrees. The bill....$85 plus tip!!! I have no idea how it could possibly have been that expensive without some sort of error, but I did not feel like getting into that conversation with the bartender (we sat at the bar) as the service was already kind of slow. Ambiance is weird. It is in a strip mall. When you walk in the door, you walk right into the middle of the dining room and there is not a hostess stand. That is awkward. If you stand waiting for someone to seat you, you end up standing right over another table. So I guess there is no one to seat you, which is how we ended up at the bar. The decor is very random and inconsistent. Food was very good. We ordered the chicken and artichoke dish and the stuffed chicken with cheese and veggies dish. Service at the bar was okay. All in all, very good food, mediocre service, poor ambiance, and outrageously overpriced. Would not go back.",negative
yelp_441545,"I have been meaning to write a review for a while on this terrific place. We originally discovered this by doing a search for healthy places to eat around downtown. We live a few miles away however this is worth the effort. We have made the trip several times since discovering it and found each time that the food and service are outstanding. The food if fresh and made to order. The salads are wonderfully prepared. There have never been any issues with slight adjustments to the sandwiches that my sons order. Kid can be a little picky at time. The fresh pita chips are some of the best around. My boys will take those over chips and we are always buying a couple extra bags to take home. The smoothies are my boy's favorites. I also wanted to take time to recognize the owner. Each time we have come in he has always greeted us. He takes the time to get to know you and make you feel welcome. He is very hands on and does get behind the counter to assist and make sure that your experience is the best possible. I have seen a couple of the same employees there on multiple visits which is also a good sign.\nFresh food, great smoothies, outstanding service. This is worth the trip or if you are already downtown make sure to stop by.",positive
yelp_129565,"Went with a group of friends. We're on a celebrity chef kick and were looking forward to trying Bobby Flay's food. Also, been wanting to trying it as I wanted to take my mom who I suspect is in love with Bobby Flay.\n\n#1, even with reservations, you cannot be seated unless your whole party is there. We were never instructed/given the suggestion of having drinks at the bar. Though bar was quite crowded anyway. The result was a very number of us, maybe 20 or so, standing in the reception area. A bit of a crowd and much jostling about as people were coming and going and waiters/waitresses were trying to pass by.\n\nWait staff seated us and gave menus promptly. No specials mentioned and they seemed frazzled, Sunday night over Memorial Day. Had the cactus pear margarita. Very good. Had asked if bartender could make a jalapeno mojito but apparently he didn't know how (don't have a fancy smartphone to google recipe?). Bartender was kind enough to get us the recipe for the drink though. Wait staff continued to underimpress us as a fine dining experience but were adequate if we pretended we were at Outbacks.\n\nSo the night before we watched a rerun of best things I ever ate Vegas. Mentioned was the shrimp tamale. Wow, it certainly was pretty mediocre. Sauce and shrimp was cooked well but that was one dry tamale. We ate the shrimp and left the rest of tamale. Also had the duck tacos. The duck was a bit overcooked but the sauce was good.\n\nOnto food, pork tenderloin was tasty, chicken was dry and husband's rib eye steak was mediocre. I ordered the tuna steak. I ordered it rare and it came out medium well, there was a light pink center with canned tuna tasting outer layer. Promptly sent back. They redid and it was OK but it was obvious the grill master did not have the grill high enough for sufficient crisping of the outer layer. We ordered some corn tamales and corn pudding. The tamale went mostly uneaten after the first bite and the corn pudding was salty. We were so disappointed we decided to head elsewhere for dessert. Total bill was $450+tip for 4 people and drinks. \n\nHaving eaten at Rick Bayless's restaurant Topo in Chicago, the difference between having the chef on site vs only their name plastered on the door is remarkable. On a Wed, Bayless was there with a stained apron, sweating away in the kitchen. It's been 2 years and I still remember that remarkable restaurant. I will remember this restaurant only in terms of it's disappointments. All hype and no substance. May try his flagship in NYC, hopefully will be better but not much inspired to do so after this flop.",negative
yelp_408362,Always have great things to say BUT. If you're going to close at 7:45 then thats what should be posted on your sign not 8:00. Its a burrito. It'll take about 4 minutes to cook,negative
yelp_66824,"Some of the absolute WORST SERVICE I have ever ever experienced in my life. Sure, the pizza's delicious and if you're in the mood for it, its the place to go, but you can literally wait an hour before your food arrives. This isn't fast food, if you ask me.",negative
yelp_23669,"I walked in a few Saturday's ago and needed a nice cut, I went to Mike. He was very professional and gave me the cut I wanted and more. My other barber bailed on me at the last minute and I wasn't sure how my experience would go here. Its an older more established barbershop, I'm glad i walked in, because its a comfortable environment inside and close to my place in dtwn.. Wasn't too crowded on a Saturday either and gives you a down home barbershop vibe and def less big headed about there styles here...\n\n\nWILL BE BACK!\n\n5 STARS",positive
yelp_73206,"Happy wok has wonderful food! Their steamed dumplings are great, all hand made! We've also had crab rangoon, beef and broccoli, general tsos, and chicken lo mein! Everything has been great! Small family place, quick and friendly customer service!",positive
yelp_210129,"This is a well-managed IHOP that can get pretty busy on weekend mornings. The service I received was great even though our server had quite a few tables. There are lots of families that come eat here, so don't forget to mind your language around the kids and the elderly.\n\nI had a BOGO free meal coupon from my Las Vegas Entertainment Book and they accepted it happily. *saving money dance*\n\nAlso, kids eat free every day after 4:00 PM. This was true when I checked on 05/26/10. \n\nIHOP is classic and a great place to eat! Their crepes are my faaaave.",positive
yelp_135240,"Significant other unit and I just visited for Christmas/New Years. Loved every minute of the visit since there are so many things to do, see, and eat! There's no equal to a relaxed walk under a realistic blue sky littered with little puffy clouds, while passing high-end stores and boutiques. \n\nThe rooms at the Venetian are suite sized, well appointed, comfortable, and feature gorgeous bathrooms... but if you look carefully you can see some maintenance is in order to spruce them up (bathroom door handle loose, one sink backed up, dent in the wall near the bed, in-room safe wasn't closing, etc.).\n\nThey added The Palazzo since I was last here in '00 and it's enhanced the allure and entertainment options immensely.\n\nWe enjoyed dinner at Dal Toro (Lamborghinis viewable through the glass wall), and breakfasts and lunches at the Canyon Ranch cafe (cheap and yummy! Plus: normal portions). SambaSushi was lively and delicious, if a bit pricey (but what isn't in Vegas, right?) \n\nNew Year's Eve dinner was at Valentinos for a 10:30 pm seating... the rear room was a little blah with a burgundy color scheme...all went well up until near midnight, when our waitress forgot to serve our Moscato D'Asti to go with our dessert--nonetheless a lovely experience.\n\nWill definitely come back here if in the neighborhood.",positive
yelp_283626,"I like this place even though it is a chain because they are pretty consistent. They are connected with Changing Hands Bookstore, so when i typically go i eat and then go search for books with my daughter. I love their Oriental Chicken Salad which is a pretty generous serving, and i will never forget their chocolate croissants. I crave those everyday now. Food is made pretty quickly and there is usually lots of seating but is pretty busy of a place. I know if i move and go to one of these places i will be happy.",positive
yelp_52757,Food is good. But roach crawling on wall but disgusting. \nService can be improved,negative
yelp_165254,Erin was an awesome server. She helped my husband pick his new favorite meal. We love eating here. My daughter had a waffle,positive
yelp_261730,"I wanted to do something different for Thanksgiving so we tried Buca. We got it to go and were anxiously awaiting a delicious Italian meal at home. We ordered the Veal Marsala, it was bland and the veal was overcooked. Next on the menu was the Sorrento Salmon it wasn't bad the Salmon was also a little overcooked. The spaghetti and meatballs bleh worst marinara sauce I've had in a long time. The rosemary potatoes tasted sweet and very very dry. \n\nI am so disappointed that I was the one that suggested we try this place out for a non traditional Thanksgiving meal. We wil never ever eat here again. Terrible food.",negative
yelp_384647,"The servers and oysters were great but management sucks. We had, wine, oysters and ordered our meal which took forever to show up. My wife ordered surf n turf I ordered mussels it took a half hour to arrive. Her steak was cooked to perfection but the lobster was obviously overcooked I had to use my hands to pull it out of the shell. \n\nMy mussels(which are almost impossible to screw up) were cold on top and so dried out I gave up half way through. The thing that made it so I would never come back again is that I asked to speak to the manager, not looking for any freebee, just so he know what was being served and he sent multiple servers never coming to our table. They offered us free desert which my wife took and in the end it wasn't available yet the manager still never attempted to approach our table.\n\nThe manager was greeting clients two tables behind us and walked past our table at least five times but never attempted to know what made our meal bad. In the end the server gave us a free bottle of wine to compensate for the restaurants lack of food quality. I gave her a 20% tip stating it was not her fault the management has no care about the complaints of their customers.\n\nI eat out at least three times a week and my wife is a full time traveling consultant who eats out every day so we aren't occasional restaurant people that just have a bitch.\n\nIn conclusion as a business owner myself I was totally appalled the owner never made any effort to come to our table or find out why we had a complaint about the food. He was very eager to seat anyone that came through the door to a table dressed in a wealthy manor they got all of his attention.",negative
yelp_417161,"If you are in a rush, do not order any hot food (anything with eggs/bacon/etc). On different orders on different days, we had fairly long delays (30+ minutes). They have to get that from the back kitchen, which is apparently slow and/or far. Otherwise, the other stuff is a fine way to use your resort/food/etc credit.",negative
yelp_467792,"Had breakfast here with my daughter and parents. Food was fantastic, cool decor and it's all recycled items Service was solid everyone was extremely friendly. Will definitely going back.",positive
yelp_423503,"The decor and ambiance were very appealing. The food was fantastic. The mimosa, typical. So why 2 stars?... The restaurant is small, tiny in fact, especially when the weather is not nice enough to utilize the patio. Furthermore, a friend and I were told, after 1 hour and $45, that if we were not going to order anything else he needed to \""""turn the table over.\"""" I understand the concept and reason but what I don't understand is the attitude and the rude nature of the person (I believe he was the owner). I will never return to this establishment.",negative
yelp_471992,"The Atrium is located inside Les Cours Mont-Royal (shopping mall) on the first floor. It has two parts - a small dining area and a lounge with comfy seats. The lighting gives the lounge a nice ambience and with wifi, makes a great place to hang out and work.\n\nI found the lunches to be extremely fresh. I recommend the Thai wrap. Even the coleslaw (which I'm never a big fan of) was fresh and tasty. I've never had dinner here, but now I'm curious.\n\nWhat's nice about the Atrium is that you can get coffee, tea, and meals all day, and they even have a bar, if you're in the mood for a glass of wine. The staff are also very friendly.\n\nThe place always seems empty, so it's quiet and private. I would even consider it a good casual date spot, for young people on a budget.\n\nIt's a quiet oasis in the middle of the city.",positive
yelp_263649,"The atmosphere is very nice and they have a lot of great choices on the menu. I got the shrimp and grits with a field green salad. It was all very delicious. The only downside was the service, I waitress would disappear for 20 minutes at a time.",positive
yelp_38322,The friendliness at this Deli really stood out to me. Everytime I call to place an order the person who answers is so nice and helpful. It's a double bonus that all the food I have had has also been exceptional. I would recommend Corner Deli to anyone!,positive
yelp_276979,"I've been here sooo many times, and am never let down! Nice little resto, with a small terrace in the summer. The little spiced cornbreads they bring with your bread basket are to die for, as are their sweet potatoe fries (totally worth the $2 surcharge to upgrade from regular fries - to be dipped in spicy mayo).\nBlackened fish of the day (last time it was rainbow trout) and dinosaur beef ribs are my 2 favourites on the menu. They have regularly chaging specials which are always worth a try as well.\nThe only negative is that service is very variable. If you don't take an appetizer, then you'll have a wait for your main meal. And waiters tend to leave you alone for long stretches, but are never too far to be flagged down if need be. The open kitchen adds a nice atmosphere and delicious smells permeate the room!",positive
yelp_230705,"The service was very slow. People at several tables were waiting, far to long for, drinks checks food. The table had no bread plate , no salt and pepper. No napkins. We had to ask for everything. The busser did not seem to understand how to set a table. We ordered the beet salad, it had no flavor and huge -hard as a rock beets, no cheese. Tiny orange wedges. No good. \nI ordered, for a main dish the Covina, white fish. It was so salty I had to send it back. The waitress then informed me that I ordered it wrong! Last time I checked you made sure your food tasted good and wasn't toxic with salt. She informed me that it was served blackened, blackened does not mean coated in disgusting salt. My hubby ordered capellini. The shrimp were undercooked and not fresh. There was very little tomato sauce. It was bland greasy and void of any redeeming qualities. Again , like the beet salad, the veggies were not prepared correctly ......\nhuge lumps of tomatoes, , mix yourself? How do you serve pasta with no sauce ? Overall I would say the chef is not talented. No one bothers to prep properly, no one is tasting the plates as they are so bad it is impossible to believe the menu is being checked and corrected. In the meantime to go back for a glass of wine and an appetizer may happen as there is some potential , just a glimmer ....and , in a few months, if enough people review, and finally .....if the owner is smart enough to stop this unfortunate cascade . The patio is pleasant, I hope someone cares enough.",negative
yelp_40935,"Best Mexican food i've had in the east valley! Great service, awesome chips and salsa! I'm sure theres better places in the valley, but this is around the corner from where I live, and we've been regular customers since 2007. Highly recommend.",positive
yelp_382934,"Why do they not have Eat anywhere else in Edinburgh, except the airport? Why?! I love this place. Ok, it might be a chain - I'd say it has a similar feel to Pret a Manger - but the food just feels fresher, is that little bit tastier and different, and it's just so nom.\n\nIt's situated just as you come up the elevator in Departures. Airports are renound for having awful, overpriced food. I remember on a weekend trip to south of England I ate four Costas meatball subs in 3 days. Bad times.\n\nBut Eat is just so...fresh, and good, and yummy. There's fresh fruit salads, fresh salads that are really *healthy*, sandwiches, wraps, different Pho soups. There's also the less healthy cakes, pastries etc. But the savoury options really are healthy and tasty and good for you. I had prawn and mango salad with wild black rice, although was torn between that and a tuna and green bean salad - no mayo. This is the sort of food I would eat all day, every day. And it's packaged and 'convenience'.\n\nI know they have more of them down in London, in the busy lunch-time areas. They need to get it up to Edinburgh, on Princes Street. This food is seriously good and it's the one thing I look forward to going to Edinburgh airport for.",positive
yelp_88582,"Revolving management at this store & it shows! Quality of merchandise varies widely: sometimes good, often sub-par. if you're a consignor, the pricing of your items very much depends upon the employee who \""""appraises\"""" it...even differing from person to person as to whether MSA even \""""accepts\"""" that item or not!! You'll do OK as a buyer, but as a Consignor, go somewhere where you actually get pricing in writing and a contract that explains the store's policies. MySistersAttics not only take 55% of the sale for themselves, but they also charge the Consignor a per item \""""transaction fee\"""" as well (Huh?...The 55% isn't enough)? With the paltry amounts that MSA pays out, you might as well donate your goods to a worthy charity.",negative
yelp_512235,"Good Sammies, super fast. I love JJ's. The best one is Gilbert and Germann, just because the people that work there are always friendly. Here they just do their job but that's fine too. Not a lot of seating at this one but JJs is consistent, good and I don't think I've ever waited more than 2 minutes for a sandwich.all sandwiches are cold so if you need toasted go elsewhere but it way better than the other chains.",positive
yelp_116069,"DO NOT GO TO HONDA WEST is the best advice I have seen in a while.\n\nThere is no reason why you would want to do business with unethical people. I had an approved loan through my bank, and spent several days (on different occasions) with a sales rep looking for the used car that I wanted.\n\nWhen it came in, they called me. After we went through all of the paperwork, and I was waiting for it to be ready, they started adding various \""""fees\"""" into the contract. When I questioned these \""""fees\"""" they stated that they were mandatory. I laughed, knowing that they were simply upcharging, and hoping I was an idiot. They then tried to pressure me into taking the car \""""or I would lose the chance, and they would sell it to someone else.\"""" Needless to say. I did not buy.\n\nI know that car dealerships are largely made of all types of sales reps, some ethical, some not. I would say stay away from HONDA WEST, because if they permit these types of practices, and the management even restates the sales reps lies, as fact, then its a company problem as well as bad reps.\n\nSales organizations that do not do GREAT business deals that allow them to count on repeat business or referrals are not good organizations.",negative
yelp_526113,"Enjoyed a very nice dinner here and was happy to find a new Viet resto to add to the arsenal! I noticed this one day in which I was driving back from Marche Central. Restaurant is smaller and setup in a true Vietnamese quick and casual style! You know by the stack of chopsticks on the table and Chinese soup spoons stacked upside down that this is not your \""""Quebec Vietnamese stir fry\""""! \n\nThey have a great simple menu with many items sub $10 and a few others that are sub $15. This is my kind of place! \n\nI ordered the #28 chicken, beef and pork with noodles. It came out very nice on a plate with salad + I ordered the Imperial rolls. Imperial rolls were a bit smaller but tasty none the less! Food was tasty and with my brother's dinner it was $31(with a 15% tip added in). \n\nAlthough L'acadie is high volume traffic (NYC Style) I'll come back to test out the Pho!",positive
yelp_430470,"Was craving crab puffs so my fianc\u00e9 went here for dinner. Let's say I was very disappointed in them almost no filling, bland, lacking flavor. It would have been one star but they did save the meal with there wonton soup, it was good not amazing but ok. I think next time I will go somewhere else.",negative
yelp_376517,"One of my favorite things to do when traveling is to check out any local record stores to see what kind of treasures I will find, so naturally, when I saw Zia Records on my way to my aunt's house, I had to stop.\n\nZia was not quite what I was expecting -- I had anticipated more of a \""""proper\"""" record store, whereas Zia had more of an FYE feel to it. As in, they were stocked to the brim with DVDs, Blu-Rays, CDs, kitschy knick-knacks, and of course, records back in the corner. If I hadn't been pressed for time, I would have perused more of the other sections outside of the records, but records were what I came for. \n\nThey have a nice selection of both used and new records. Organization was not their forte, as the records were very loosely (and loosely is actually a little generous) organized by letter. This was not necessarily a bad thing since this disorganization lead me to finding a nice copy of Velvet Underground's White Light/White Heat in the A section, but it was a little annoying that I could not rely on some sort of organization to riffle through the records. \n\nAll in all, it was a nice stop -- found some records to take back to Oklahoma City with me, and when I'm in Vegas next, I will definitely stop by again.",positive
yelp_350942,"Sick of this place. We kennel our two small dogs here once in a while (over $800 for 10 days), the staff is horrendous. The desk staff is snotty and has never once looked up from their computer to greet me and act incredibly annoyed and inconvenienced that I simply walked in the door. Every. Time. I'm lucky to get a snotty \""""I'll be with you in a minute\"""". I have an appointment every time so it's not like we weren't expected. The vet who has seen or dogs has the same attitude. Wish I could give less than 1 star",negative
yelp_487159,Must try Kobe & live lobster !!!! Awesome food and service !!!!,positive
yelp_445339,"Very poor communication. I have been coming to Dr. Copus for years due to her close proximity to my house and ease of scheduling an appointment online, but will not be coming back after my last experience here. I was not informed of medication side effects, and she has changed her story about what was said in my appointment for recommended treatment. Her assistant is a completely pompous half-wit. I had to e-mail the doctor to actually talk to her - two weeks after my appointment. Don't come here!",negative
yelp_150486,"First came here for a few days recovering from back surgery one year ago. The pool was perfect for me. Easy access, the price (comps) was right, the time was perfect. Now we're back a year later and we think it is even better than before!",positive
yelp_358939,"Never coming back again. They did a good job on my pedicure, BUT they were super pushy\n The lady who did my nails totally kept pushing for me to get the deluxe pedicure .. the minute I got there, during she was doing my manicure..to the time was almost done with my service. \n\nNever ever again! Go somewhere else. They're expensive too. I don't know what the whole hype is all about",negative
yelp_264935,"I've been to Amelie's several times, and though it is a bit of a calorie splurge, I've enjoyed it every time! My husband and I have split the turkey croissant, the lemon raspberry tart (a favorite), the petite gateaux (so heavenly), and I've made any number of macaroons vanish without a crumb of proof! Their coffee is not my favorite, but (full disclosure here) the coffee is NOT why I go to Amelie's! \n\nI've also purchased birthday cakes here... SO amazingly done... I requested a large (cake-sized) version of the petite gateaux, and they were more than happy to oblige... great place to go anytime as they are always open! :D j'adore!",positive
yelp_351138,"I went to this location because I had to get some stuff from Walmart since it was the only place open before 6am. And since it was early in the morning...or rather late night for me since I hadn't been to bed yet, I was super hungry and Subway sounded delish!\n\nWent across the parking lot and as soon as I stepped in the door was greeted by Tanner. Very friendly and helpful. I gave the basics of what I wanted and made him choose the other stuff for the sandwich. My breakfast sandwich was great, I love that chipotle sauce!\n\nThe place was super clean and the other person working was friendly too, but Tanner!...keep him",positive
yelp_438362,"Easily one of the worst food places in all of Cave Creek, and horribly expensive for what you get. The draft beer is way too warm for Phoenix, expecially during the summer time, and bad food with warm beer has chased away most of the local business in the brief time they have been opened. A place with great potential delivers nothing to bring you back, and I have been there several times now since they opened. Clearly, a restaurant destined to close if they don't get it together.",negative
yelp_335223,"They didn't get any new books in last week, and this Wednesday they still aren't open as of 2:30pm. I'll be taking my business elsewhere from now on.",negative
yelp_277468,"All you can regret sushi that occasionally makes serviceable food. \n\nSeriously, once in a while the food is decent, but most of the time it's poor even for AYCE standards. I've had two meals out of 30 or more that were decent. The rest inspired later regret, and not spawned of over eating. If it weren't for co-workers that insist on eating there I'd simple avoid it. Instead I sample a bunch of single items to figure out what is least offensive on that given day and then just order more of it. Given that strategy at least ensures it's not a waste of time.\n\nMaki are considerably more troublesome than anything else. The speciality rolls are generally overly cold and mushy. It seems like these are made in advance and refridgerated. Not very appealing. It's worse if the roll contains tempura. You can guarantee that even the memory of that item being crunchy has long since passed. \n\nFor the most part the staff is fairly responsive, but with a good side of surly apathy. It is true to the worst aspects of AYCE, sit down and eat. Don't expect any sort of experience. Don't pay too much attention to the quality of the food.",negative
yelp_7294,"I have no idea what's wrong with me. Maybe it was because July 2008 is when I started Yelping, and maybe I was getting used to the website and how it works. At any rate, Uptown Retreat is a healthy, full five (5) stars. Not sure where that four came from. \n\nSince my review over two years ago, I've moved to Raleigh for a change from Charlotte and chopped off half my Rapunzel locks. In my year in Raleigh, I've tried three area hair places -- no one is Craig. I'll be making quarterly trips to Charlotte for Craig to continue doing my hair. I did find a local salon which sells Kerastase, but there is only one Craig...and he is at Uptown Retreat in Charlotte. The man is a genius!",positive
yelp_192713,"It's pet friendly ..yes that's true..but only rich dogs are allowed to stay here...\n\nGuess I should have checked that out more first, oh well, I told the clients I was taking them here so it is what it is..got them a regular room, while my chihuahuas and I stayed in fab suite.\n\nThe good...\nRemodeled\nCheck in was quick\nRoom was nice\nBed comfy\n\nThe bad...\nAll the commie fees on my room service\nThe commie fee they hide as a resort fee\nThe commie ATM fee for my Australian clients $27...omg\nThe service has gone way way way way down.....\n\nI avoided the pool because I am not into blaring DJ's banging hip hop and techno while I try to lay out and read a book...I expected more from Caesars...yes I can see Hardrock...the Palms etc going that route but really..this is Caesars..most of their customers are over 35.....anyway hate to be a party pooper but I'm not into teeth rattling bass at the pool, and I'm nocturnal....I party till 7 a.m.....I want my daytime quiet....so I ordered room service...\n\nThis is what I ordered\nEggs Benedict\nBerries with cream\nA side sausage for the chihuahuas\nDiet coke....\n\nThe food was super fast and excellent....perfect..loved it....what I don't like is all the bs fees they add to everything....my food was about $50....but my bill was $98..by the time the guy left. \n\nDo they think we don't notice all these bs fees??? What the hell is a resort fee....am I paying for the pool DJ? Is it for wifi? Can I point out that their wifi per month is only $20!!!! How do they justify all these commie fees.....aren't they supposed to be considered amenities.???? Isn't that why I am staying at. Nice resort??? Sh-t I could have stayed at Motel 6 with no wifi..pool..or pet fees...what the hell has happened to our world when I can get better service at a crap motel than I can at Caesars????\n\nI think I preferred Vegas when the mob ran the place and it still had class.....now it's ran by a bunch of useless Commies!!!!!",negative
yelp_334251,"tip: there are coupons in those free vegas coupon books, make sure to use them if your interested in attending. \n\nsuper big fan of CSI so i was pretty excited to finally get to experience this. unfortunately like most folks say my expectations fell way short. before you start the employees give you some CSI paperwork that you will use later, and then you watch a 5 minute video of Grissom saying some general things about CSI and the crimes. afterwards you have the option of choosing 3 crime scenarios, looking at the clues, and then with your csi paperwork, take notes and then return to the 'lab' to analyze the results. even though your technically only allowed to do one case, you can always go back and do all three cases since your allowed in the area as long as you like. \n\nonce you take all your notes, you head to the faux lab and go to station to station to analyze the results. each station is unique (gun shot analyze, foot prints, etc) and such but just didn't seem to exciting to me and to be honest figuring out what happen is pretty easy. once your done, you get a certificate saying you solved the mystery. \n\noverall, pretty boring, some props they use are cool, but not sure if its worth 25 bucks. for the big CSI fans, i think its worth checking out, but don't expect too much like me or else you will feel disappointed when its over. the CSI brand is pretty strong, so maybe they can improve this experience somehow...",negative
yelp_10185,"I think I'm going to review all the bars I go to at U of I, in addition to restaurants. \n\nMaybe the bar owners will actually read some of this stuff? Maybe flying pigs will abduct Alma the night before finals? Who knows?\n\nI've been to Red Lion probably 4 times and tried to convince myself to like it, but I can't. \n\nThe line to get in is usually really long, there is always a cover charge of at least $5 and it is always a loud, high-energy, dirty/sticky haven for UIUC's 'finest' undergrads.\n\nThe layout of the place is actually pretty cool, its really big if you count the outside areas. However, the place is pretty nasty. The floor is sticky, there's empty glasses/bottles everywhere, and the bathroom reminds me of when I used to go river fishing.\n\nEveryone seems to dance on the elevated dance floor and tables, but I've almost wrecked myself a couple times and I wasn't even that intoxicated, so there is a potential safety hazard there. Additionally, I've seen a guy literally fall backwards off a bar stool, a couple really close to having public sex, and not to mention countless airborne beverages that have partially landed on or close to me. Yup, it's that kind of place.\n\nThe bar service here seems to be a little quicker than most of the other bars, but still doesn't appear to be really that great, in my opinion. Half the time the bartender can't even hear me, and I always seem to keep getting pushed back in the queue of people to be served, which is aggravating. Even when you do get served, it appears everything is really expensive. $3.50 for a bottle of Miller Lite? Meh.... \n\nThe inside bouncers/barbacks usually aren't too bothersome. Although on one occasion they were checking for wristbands like Nazis every 5-10 minutes for anyone who had a drink in their hand. It was annoying, excessive and I wish I knew why, perhaps an incident occurred earlier? I really don't know.\n\nThe outside bouncers/door guys are even more aggravating. My ID was given a CSI style investigation between 2 checkers, complete with a nearly 180-degree bend test that literally almost broke it in half. It was initially deemed fake by the first checker, but after giving it to the second with a flashlight, my state-issued ID was surprisingly \""""real\"""". I now have a creased driver's license. Thanks, Red Lion! I might just have the secretary of state bill you for my next one. \n\n1/5 the place is dirty, obnoxious, expensive and I don't care for it. The only reason you might consider going here is if you drink a lot beforehand and feel like dancing (or getting pushed around by) randoms while [bad] music blares throughout the \""""castle\"""".",negative
yelp_317158,"I live in the Lone Mountain area, where delivery options are limited, so I like the convenience offered by this service. The problem is it stops being convenient when:\n\nThey don't accept PayPal for payments. This is a secure method of transacting. I am uncomfortable with the fact that they take an imprint of my card.\n\nFood is rarely delivered within the estimated delivery window, usually takes 1.5hrs for delivery. \n\nOrders are filled incorrectly and little is done to rectify the issue. I recently placed a lunch order, and found that after the driver left, the order I received is not what I ordered. I called in and after being put on hold for almost 10 mins (which felt like 60 No hold music, just an annoying beep), was told I could keep the wrong order at a discount. That was not an option due to allergies. 2nd option was that they would full fill the order correctly, but it could take longer than hour. That being said, I waited almost 3 hours for the correct order, with nothing offered for the inconvenience. The credit/discount was only offered if I kept the incorrect food. To top it all off, gratuity is included, which means that even though the driver did a poor job, she still gets a tip? Doesn't seem fair. Train your drivers to confirm order accuracy. \n\nAuto gratuity? I was a server in a past life, and I understand the need for auto grats on large parties. But my order was $30 and the tip should reflect the level of service provided. \n\nFor these reasons, I will no longer be using this service. Seems to me that a customer service minded person should be able to clean up in this market and easily put Roadrunner out of business.",negative
yelp_93723,"For my money, this is the best pizza in Tempe. If the world was fair, this place would be as popular as Oregano's, although it is tiny. This family-run restaurant is very simple but friendly. The pizza is the main attraction here and it is the thin-crust type featuring excellent sauce. Although they have gourmet-style pizzas, I have always had great success just going for the basics: plain or with mushroom. Although I have never tried the calzones, they look and smell tasty. \n\nOnce or twice my slices have come slightly more burnt on the crust than I usually like, but I even find this a nice quirk. I've grown to appreciate that type of style now. Warning though, the slices come out piping hot!",positive
yelp_101646,"Awful stay, registered for a non-smoking room assigned to a smoking room. It was awful, went back down to the front desk, nothing available, they would have one available after 11, the following morning. Wrong, it wasn't ready, the check in clerk said he would have house keeping call us is we could move rooms & then shower, so we could go play. No call from room service, we finally after checking several times out room was ready. Not in Vegas often, but will not stay here ever again!",negative
yelp_243546,"I don't know where to start. Walking into this Putters it seems like your regular mid to low class almost but not quite a Dive Bar (this can be good/fun if done right but this location doesn't exactly hit the mark).\n\nWhen you walk in everything seems normal and pleasant. About 8 locals sitting at the bar trying their hardest to forget about life for awhile. The Bartender is quick to great you with a smile and I took a seat. It was at that time I noticed a live lobster tank set up as a game. Put your money in and go fish, if you catch one they will cook it for you. I'm no PETA freak and I love seafood but I couldn't talk myself into gambling with having a non seafood restaurant cook a live Lobster for me.\n\nWhen my Fianc\u00e9 and her friend arrived they started gambling. They lost a good $50 and had two drinks a piece. Not a single comped drink for either of them. Only one of them had a winning game on the poker machines; A whole ten cents.\n\nOur food, well I ordered their version of the Supreme pizza it didn't impress my inner Pizza Parlor snob. Way too many olives, not enough cheese, and my pizza was served 15 mins after my Fianc\u00e9es Greek pizza. She didn't like hers at all but when she put a slice of her pie on mine she said it was pretty good and wished she had followed my lead. Her friend desperately wanted dessert but there was nothing in stock. \n\nHer friend was ordering the fancy Cosmo/fruity drinks and the bartender kept having to send the cook next store to buy milk, fruit etc to make the drinks. Sitting there I googled the store and found this was the location that was on Mystery Diners. Now if we could just get Robert from Restaurant Impossible there they might just get a chance to succeed.\n\nI'm never afraid to try somewhere new but I won't be back.",negative
yelp_47033,"These people ARE AMAZING. Simply Amazing. Customer service exceeds all of the levels that it could. I awkwardly parked in the parking lot with my friend. My tires popped and it was the closest place to get tires. So my friend and I was greeted by Alex. He handed both of us cold bottled water and walked us in. I was thrown back by the hospitality. I walk in there, obviously not sure what I was doing. I'm the stereotypical Asian-Woman driver that knows nothing about cars. I told Alex about my situation. I popped my tire and need assistance. While he was helping my friend with my situation, I called Ted Wiens maybe hoping that I had a warranty on the tire, which were the ones that popped. The people at Ted Wiens are a bunch if shit bags who enjoys having a stick up their ass. I told Alex that I have no way of obtaining the tire, or the donut, or whatever he was asking from my car since I do not own a jack. He said that because of my situation, he will ask one of his guy's to go meet me at my car and help put the tires on enough so I can bring it to the store and get it fully fixed. He sends Bryce to help. These workers are no joke. They were AMAZING. They were able to fix my tires in a timely manner. I was already late for work due to the issue, but it was less than an hour for them to assist me. Also, I didn't realize I had a spare in my trunk...Bryce and Alex found it for me. Alex was in the process of refunding one of the tires, but I insisted on keeping the tire I paid for. Not to mention, he gave me a full spare in case I had another accident. These workers aren't set on profit, but also the well being of their customers. That is something I truly appreciate. Alex also gave me a discount because I was stressing about money due to my wedding. He was AMAZING. I absolutely ADORE Alex and Bryce. Thank you so much for all of your help! I truly appreciate it!",positive
yelp_179175,The food was ok. The restraunt area was way to open. Chips and Salsa was really good the main meal not as much...,negative
yelp_61890,"KillRoy's... \""""World's best Berger\"""" or well now \""""worlds coldest draft beer\""""... RIGHT!!... They don't serve food... I don't know what else to say... FAIL!!!!",negative
yelp_127988,"I came to this place after hearing great things and reading about how many world class chefs have ate there. Finally after visiting, I have to say that I am a bit disappointed with the food. The service was impeccable, and having worked in a higher end restaurant for several years, I could not find a single flaw. The food doesn't feel like it lives up to the standard of the service. I came a large group of people and we ordered the nine most popular dishes. And I must say that nothing about any of the food stood out. I couldn't find a flaw with the taste or texture, but nothing about the food captured me. It was a bit of a let down, the food was still good, but everyone I was with felt the same way. Overall I would give it an 8.5 out of 10. If the food matched the service, it would be the best restaurant in the world.",positive
yelp_172844,My husband got food poisoning after eating the most expensive steak on the menu...but the view was great.,negative
yelp_30755,Location is alright cuz it's near Ultra. Product selection is alright too. Prices vary but if you shop enough you know a good price when you see it. The check out can make or break your experience here. Today it was a bust. I was not going to stand in a line that went to the back of the store. I'm thinking they need a couple more cashiers on the weekend. \nI left what I was going to purchase and just left because I didn't want to stand in such a long line.,negative
yelp_418279,"The food is great here. Have yet to have something I didn't love. The pizza is perfect! Can't say enough about the steak bomb, always hits the spot. Always the first stop when we have company in town.",positive
yelp_462097,Boss is very nice person. The service really good. My car have a lot of problem. But they only use few hours finish all the work.,positive
yelp_101674,"Shark tank was great, even though it was too cold to go out and actually use the pool during our visit. Staff was friendly and attentive. I was worried that housekeeping was going to hate us, we had been on a cruise for a week then driven up to Vegas and had 6 bags and I was trying to find things in each of them. I did try to pick up after myself, but at the same time was exhausted and just wanted to go have fun. They picked up and kept the place cleaned. We stayed in the Carson Tower and had asked for two queen beds or one king. I like the extra bed to put things on but the hotel was nearly full when we booked so they booked us a two queen room. We checked in she let us know they only had a two bed room and could change us the next day if we wanted (6 bags.....) Got upstairs and was hugely disappointed to find it was two DOUBLE beds not queen, we are not big people we are both under 6ft and pretty average sized but come on 2 people in a double bed? Went to ask about the King room the next to get told they are sold out .. REALLY???? so I booked my room through you not a booking agent 4 weeks ago and I am stuck with 2 double beds? \n\nThe tub was a little weird it kind of curves at the middle of the tub (like a u shape) so you get off balance if you step to the side ( I was sober and our friends said the same of their room) \n\nThe toilet- now remember we have been on a cruise for a week so used to VERY loud toilets, dear lord the thing in the hotel scared me half to death- we were there fro drag racing I am used to loud that thing is powerful enough to suck down a small child!\nand the lighting in the room is well DARK. \nOver I love the place, just not the bathroom and the lighting, and will not be leaving the front desk next time until they put us in a QUEEN or KING sized bed. \n\nand I don't base my review on Starbucks-but seriously the slowest Starbucks staff I have come across! and I had to repeat my order 4 times, when I did I made sure I said LATTE at the end each time and each time I got an eye roll and a \""""ok what kind of drink is it\"""" ummm lets see double tall vanilla LATTE oh I know a milkshake?",positive
yelp_165100,"My co-workers and I refer to this place as \""""Pizza n' Ants\"""". The staff will be happy to serve you with bare hands, right after using the till. Also, as the nickname suggests, there has been a noticable insect problem. \r\n\r\nAs if that could all be overlooked, the pizza isn't even good. If you are in this part of town, go to Z Pizza or Slices for great pizza instead!",negative
yelp_504571,"Amazing coffee. Local owners. Really nice staff. We will be back. Good to have something other than \""""you know what\"""". We will definitely be back!",positive
yelp_186726,"Describing the Lost Leaf, I feel like I shouldn't like it...but I really really do.\n\nThere is no signage out front so I was very timid approaching from the outside but once I did boy was I glad.\n\nMost of the art I have seen on the walls is so bad it is good. They rotate it out so I have to assume there is occassionally great stuff up. \n\nNo beer on tap? WTF? And I have never heard of most of the beers...Thats ok, ask the staff for reccomendations based on what you like and you won't be disapointed. I had a beer in a wine sized bottle...how cool am I now?\n\nIn the back room they have live music and things of this nature. A stand up bass...I am in!\n\nSeriously this place in unpretentiously pretentious. or the other way around. One way or the other it is a great place to meet up and have a laid back great time.",positive
yelp_421157,"The TI/Mirage tram is a nice little option to have. We stayed at the Mirage on our recent visit to Vegas and decided to check out TI since it was right next door. The tram will save you about a 5-7 minute walk. Basically the walk out to the strip from the Mirage and back into TI. It's nice, especially in those Vegas summers. It's free, which is awesome..but honestly, it wouldn't be worth a charge if they did ever decide to implement one. It's clean and I believe it stops every 15 or so minutes.",positive
yelp_171693,Came in for a quick snack and drinks. Sat at the bar. Bartender was extremely friendly and helpful. The food is always excellent. And the portions are huge. We always split an appettizer and an entree between the two of us. And we still have leftovers for lunch the next day. Always. Must hit stop on any trip.,positive
yelp_466232,I dig this place! Everything I have tried here was very good! The exception might be the hummus which I found to be slightly bland but it was totally edible and I am pretty picky about hummus! The Greek fries are awesome too!,positive
yelp_211390,I have grill pork have too much fat . I don't know why people give them a good rate like 5 starts.,negative
yelp_425946,"So many things to love about this place! Great atmosphere, great service and most importantly great food.\n\nIt was really hard to decide what to order here because everything on the menu sounded very well thought out and original. I went with the BigBlue Burger which was so different and delicious. I had coleslaw on the side.\n\nEverything is made in house and it shows. I will be back there again to try everything on the menu!",positive
yelp_219750,"So, yes. We knew the carpet was included with the house and most likely would be a bust after a year or so, but at month 2 of moving in, the carpet is already flattening out.\nI put area rugs down initially to keep the foot traffic from making the carpet flat, that just made it worse.\nGood customer service, poor quality carpet.",negative
yelp_344608,"There is NOTHING about this place that isn't absolutely perfect. Considering that everything is made with organic ingredients, the prices are very low. $6.95 for the sandwich I got. The staff take the time to talk to you, get your name, give you a background on the food, the organic ingredients, and how everything is made fresh. The bread is fresh. The pastries are fresh. I started with one of the croissants. It had some raisins and custard in it. The outside was crispy and flaky, the inside was buttery and soft. Then, I ordered the chipotle chicken sandwich. It was love at first bite. Just enough of everything to make it SO perfect. As I ate it, I could hear God singing \""""What a Wonderful World\"""" to me. If you haven't been there, go.",positive
yelp_498611,This is now called NY seafood buffet This was worst food the boy that was behind the grill sitting on the floor on cell phone then he stood up took my plate continue to text the whole time cooking playing with his ear. Something leaking in front of the grill the grill was dirty. Cold food at the buffet tasted awful. Expensive just plain dirty!\nThe Dr Pepper was good waiter was nice,negative
yelp_117641,The food is very good. It's worth a trip just for the Hawaiian Martini. :) Nice ambiance and great service.,positive
yelp_274367,"Centrally located, upper scale hotel. Best features of the hotel are the friendly staff, great location and fantastic food and service at Bar Le Senateur. This has become my usual place to stay when visiting Montreal.\nRooms are clean, a decent size with all the amenities you need but certainly nothing special other than the view. I would classify the physical appearance and amenities as average in the Marriott chain. \nThe front desk staff are very pleasant, accommodating and efficient. Bar Le Senateur is a perfect place to watch a game while having dinner and a beverage. The bartender (name escapes me) is excellent. Very friendly!",positive
yelp_413906,"Sandwich was good, but the fries were horrible! There are so many good places to get a quick bite to eat in Vegas, I would skip this as a meal place. Did not have dessert, but those looked pretty good.",negative
yelp_508613,"Review for the \""""ultra lounge\""""\nMe and two of my buddies were in vegas for his bachelor party a few weeks ago and we got suckered into going to this ultra lounge. We mainly went along with it because it was $30 for entrance and all you can drink. They told us if we wanted to for $50 each get one bottle then after that go to the bar and have all you can drink. Well just no beers. But we didn't and stuck to the $30 experience.\n\nThe place was really small not that many people were there, hardly anyone was dancing probably because of the trancy house music or whatever they were playing. We didn't really care too much we just wanted to drink and hang out in which we did. No no one was really using any of the booths so we decided to take one for ourselves and no one told us anything. \n\nOur experience was alright it was our first night there and we didn't want to burn ourselves out. We got our money's worth of drinks hung out talked to a few people then left. Definitely NOT a place I would go to again. \n\nGave it 2 stars only because we got our money worth as far as drinks are but much rather pay that price for a really nice club pregame it and buy a few overpriced drinks at a club I know where our experience would be memorable.",negative
yelp_457985,"From all the reviews and hype I somehow expected this place to be really big, but it's not. It's the size of a thumb!\n\nThe first night, I tried the carrot cake because it looked absolutely beautiful and a Yelper below raved about it. Really, Courtney E? Maybe the quality control isn't great here, but this cake was not even *good*. I mean, it tasted like my 8th grade [public school] cafeteria. The carrot figurine was made with something nasty like fondant, or oh maybe cardboard. The white chocolate was sickeningly sweet, and the carrot cake center was way too rich. Cheesecake frosting was all right. \n\nI went back the next night (some people go to Vegas to party, I go to eat whatever not-disgusting things I can find, OKAY?) and got the gelato. Now we're talking! It feels so wrong for gelato to be that good. The dulce de leche is truly amazing, perfect balance of creamy and caramel-y, and the mango sorbet is fantastically bursting with mango flavor.\n\nBought a small box of truffles to take home (to the boyfriend who hates me. After falling off my bike and getting scraped up, I received not sympathy but \""""Why are you such a pussy?\"""") Now I understand where Jean Philippe earns his reputation. Such chocolate, with perfect flavors like rich pistachio and smooth coconut. My only ask is that they make them with dark chocolate (although I suppose you have to sell to stupid tourists, because why would anyone truly cool spend their free time & money going to Vegas?)",positive
yelp_345885,"Gaia is my go-to florist in Las Vegas. Whether for big occasion arrangements or little thinking-of-you gestures while away for work, they always come through and totally nail it. Best part: more than once they've put something together in the time it took to go pick up groceries, and if you're doing pickup versus delivery, it isn't impossible to get a day-of order on Valentine's Day. I'm always happy to support a downtown business -- especially when it's this good.",positive
yelp_230044,"So so sad to see this mall go downhill. It has become totally ghetto. I was so disappointed to go there on the weekend and the mariachi music is playing so loudly that you can't even think! We went to Best Buy the night of Thanksgiving and then walked around the mall after, there again, mariachi music playing so loud that we couldn't even talk above it. \nIt is also sad to see all the food places pulling out, first it was Chick-Fil-A, then the American Grill, then Maggie's pitas. \nI don't understand why it has gone the direction it has, it is right off the freeway and with MCC and Banner Desert so close, you would think it would be thriving.",negative
yelp_197217,"I like going to SW about as much as Miller's Surplus. The only problem is that there's only one in Tucson about 30 miles from where I live. My most recent visit to this one in Mesa was just as positive in service and selection. I purchased a new pocket knife for myself but returned it about an hour later because I was not happy with the quality or what I paid. I don't mind paying a little more for something in a store versus buying online, but when the discrepancy is almost 50%, forget it. I have bought clothes, fishing tackle, and a backpack(even less than online) all at competitive prices there, I don't know whats up with their cutlery. \n\nI like going there and will continue to do so. Please open one on the east side of Tucson!",positive
yelp_365097,"Heads up, eat elsewhere. We were there earlier today. Sorry, but this place was very unpleasant (read: gross). I don't understand some of the 5 star reviews. Sometimes, it makes me think not to rely solely on yelp reviews, it seems like it is a hit or a miss. This place was like eating food from a mall food court or worse. The taste was so generic. We ordered tomyum, mixed tempura, alaska roll, pad thai. It was either too salty or too bland or just icky. I felt nauseous afterwards. I won't be surprised if I get diarrhea tonight. I agree with one of the reviews, it is fake asian fusion, fake sushi. The service was just as bad, our server was odd. The hostess needs to work on her dental hygiene, her front teeth appeared all rotten, whats up with that, it was hard not to notice.",negative
yelp_437547,"My boyfriend and I came out to Las Vegas for fun. I searched for hibachi grill and this was one of the first to pop up. We had to drive a little ways since we were staying at Treasure Island but it was definitely worth it. The sushi was very decently priced and yummy. Our hibachi cook was very good. The filet mignon was so juicy, tender and flavorful. I thoroughly enjoyed this place and highly recommend it. :) Would love to go back again.",positive
yelp_218712,"I'm not a HUGE Star Trek fan, but thought it may be fun to eat here based on my mothers experience there a few years ago. BIG mistake. We went in there about 8pm on a slooow night. There were a handful of tables, and our table of 3. We were seated promptly and drink orders taken right away, thus the 1 star. From there, it all fell apart. My mother and sister split fish and chips, and I got a sandwich and fries. We ordered our food and sat chatting for a bit. Then we realized, it had been 25 minutes since we ordered. Then 30 mins. Then 35 mins. Then 40 minutes. Did you have to find a river to pull the fish out? Did you have to drive to the farm to get the potatoes for my fries? Our waitress was no where to be found. People who arrived after us were getting their food. Finally our waitress made an appearance, but not at our table. I saw her look over with an \""""oh crap\"""" look on her face. Then another 10 minutes later, our food came out. I think she forgot our order, and rather than come tell us, she avoided us and then brought our food out later. \n\nThe food was mediocre at best, and definitely NOT worth the 45-50 minute wait for it after ordering. Our waitress never came back to refill our drinks either. Not once. Needless to say, she didn't get a big tip, and we will never go back there again.",negative
yelp_505784,"I have to say, this is a first. I've never had to wait 2 hours to receive a pizza. We were told it was a football night (Thursday? I don't follow football, but okay) and they were short on drivers.\n\nI could have walked there and back several times over and gotten the food myself.\n\nNeedless to say, our order was barely warm and can't really vouch for the flavor. Sorry PJ's, we're sticking with Dominoes.",negative
yelp_538310,"Food good. Service, not so much.\nWhy does a brewery make two customers wait nearly ten minutes for a beer? Confused servers, that's why. When they finally figured out who had what table and brought us our beers I thought ours troubles were over.\nWrong.\nOrdered an appetizer when we ordered lunch. 20 minutes later lunch comes out with no appetizer. The server looked at me like I was nuts when I asked her about the app. I even had to ask her to look at her order pad to see if she took the order to make sure I wasn't insane. She delivered brutal service and was tipped accordingly. \nFood was good .. My friend commented on how good the burger was.\nThey've been open a week ... Still work to do, I guess.",negative
yelp_316012,"Awesome service, and you get a lot of food for what it costs, make sure you are hungry!",positive
yelp_117247,"Hit or miss kinda place in terms of service in Las Vegas. The ingredients were fresh, the chips were awesome. Overall, I recommend this place, for a convenient, quick meal for any UNLV student(such as myself).",positive
yelp_69289,"My first time visiting and the food here was terrible! I ordered fried fish, macaroni/cheese, and yams. Couldn't order any veggies because they are all flavored with pork... Everything I ordered taste days old. If you want good soul food go to The Chicken Box!",negative
yelp_242514,"This place was packed on a Tuesday night. Granted it was during Spring Training, but I don't think they have a problem filling the joint. It's got a great atmosphere. The bar seemed fun with live music playing and lots of people enjoying themselves. \n\nThe food... If you love enormous portion sizes, then this is your place. I had the petite fillet and couldn't finish it, which I was very sad about because it was one of the best steaks I've ever had. My husband had the bone in fillet, which was terrific as well. For sides we just ordered one because we knew we wouldn't be able to finish more than that. We had the crab gnocchi, which was great, but a little too rich for me -- not the restaurant's fault - bad ordering on our part. We didn't have room for dessert. Oh, one of the reasons we didn't have room for dessert is because we ate too much of the amazing bread basket they bring you. Pretzel bread, olive bread, amazing sourdough rolls - all worth trying. \nThe service was OK. Definitely some room for improvement. Overall though, the experience was good and you can't dock them for the service because the food shines. \nThis place would be great on an expense account.",positive
yelp_353567,"Having lived in the Northeast before moving to Arizona, this place reminded me of the attitude that was so common back in NJ/ NY.\n\nRude, arrogant, cold service. This is Arizona, Chase people! Lighten up a bit! Sheesh. Not coming back to this location.",negative
yelp_515938,"Very clean very fast service, lil small and only 2 seats outside to sit. Other then those two things it's an awesome place and the food is amazing!",positive
yelp_481347,"We stopped in here late one night to try it out, as we are big fans of Gordon. We ordered the sliders, truffle fries, and of course, the sticky toffee pudding. The sliders were very good and adorable. The fries were perfect and they give you the truffle/ garlic aioli to dip as well as homemade ketchup. Delicious. And dessert- sinful. Soooooo good. Wish I would've ordered my own (sticky toffee pudding), instead of sharing. Lol. Lots and lots of beer on tap, although we didn't have any. Fish & chips too pricey at $30-I just got the fish & chip sandwich at burgr instead. ($16 Very good, but standard). Interesting appetizers but some entrees too fancy for my taste. Pretty place, fun ambiance. I prefer burgr @Planet Hollywood. May return if I am in Cesar's.",positive
yelp_308943,"This place is amazing!!!!!!!! I stayed here the first week of August and had a phenomenal time! Unfortunately I was there for business so I didn't get to spend too much time at the resort but the time I did, it was great. The rooms are a nice large size and are very up to date technology wise. We had a strip view room- just about everything was automatic. It was a nice surprise to see a tv in the bathroom mirror and a glass window in the bathroom with an automatic screen closer (maybe I am amused easily). \n\nThe restaurants in this hotel are off the charts! Hash hash a go go, the bakery and the buffet were all great! \n\nI would have loved to take a few extra days and just chilled there but sadly I couldnt! Oh and the pool was gorgeous! The jacuzzi is on a timer though so that was pretty annoying! \n\nBeware though, this place is about 15 minutes from the strip ( but I loved it regardless)\n\nThey get 4 stars only because there was one mishap- I didn't have makeup on, yet after room service came I found a towel covered in it! Iv thought that was so disgusted but management quickly apologized.\n\nWould I stay here again? YESSSSSSSSSSSSSS!!!!!!!!!!!!!!!!!!!!!!!!",positive
yelp_45073,"First I would like to thank Ian who helped with our reservation at the Best Western Plus in Goodyear AZ. He was EXCEPTIONAL!!!! And very caring!! We had a very bad experience at the Holiday Inn express in Goodyear AZ. And decided to cancel our reservation and go else where. But when we stayed at the Best Western Plus, It was the Best hospitality I have ever experienced. The staff was so friendly and caring. The rooms were great and the bed was so comfy, I slept in. I'm usually a morning person. They offer a hot breakfast in the morning. I didn't get to experience cuz I slept in. But I'm sure it was great. I travel alot and rate my stays and I gave this a 5 star. I will be back and I recommend this place. Also, the girls at the front desk was so nice and caring. One was a trainee and the other was training her and still demonstrated great hospitality. Thank you Kylie and Desiree! Because of your caring personality we will be back.",positive
yelp_386929,"I agree with one reviewer here, there has been a bunch of Thai restaurants popping up all over Ft. Apache lately and I've tried most of them and so far my favorite is still Archie's, UNTIL I found this place!\n\nI called and ordered take out and the food is ready in 15 minutes.\nEverything was delicious and just the right amount of spice.\nI usually order a 2 spice level and most of the time it will be way too hot but not this place, they got it just right.\n\nI ordered:\nSIlver Noodle Salad, Thai Fried Rice with Chicken, Thai Spice Noodle with Beef, and Yellow Curry and my total was $29! It's the cheapest Thai restaurant around here and the food is delicious and very generous portions, what more can you ask for?",positive
yelp_16900,"Wow...if you are looking for a great date bar to take a lady for a fine drink and want to set the mood....this place is definitly at the top of the list for me and you would be wise to place it on yours as well. Super dark, swanky, candles, couches,great dj and some nites they have live acoustic. If your date is not into you by the end of the evening at this place she never will be my man. I am pretty sure if Tiger had a mistress in Phoenix and didnt want to be seen he would take her to Merc Bar.",positive
yelp_45022,i remember eating here a lot when i was a kid and always enjoying it. Has a very old school feel to it that is unlike anything else on this side of town.\n\nI havent been here in over 15 years and cant wait to stop by next time im in town.,positive
yelp_124305,"Good place to have sashimi, sushi, oysters and soft shell crabs as part of all you can eat. The service is good, the waitress Pattie is very attentive and always takes our next order when we are done our plates.\n\nThis is the only all you can eat sushi restaurant we eat in Las Vegas as a local resident !",positive
yelp_55645,"I'll admit, I haven't tried any other Thai restaurant in Vegas, just yet. The BF loves this place because they serve this beef jerky appetizer that is a bit unique and tastes pretty good.\n\nOcha Restaurant is located right next to a motel, between a couple of chapels...not too far from the Stratosphere. You can hop on over to Luv-It Custard after wards!\n\nI was there the other day and made it in time for their lunch specials. Not wanting to fill up too much since it was a late lunch, I went for the standard pad thai chicken lunch special. For $5.95, it came with rice and an egg roll. The pad thai was standard and it decent lunch overall. The real winner was the Thai iced tea ($2.00). I used to make it all the time for my old job and they make it pretty good over here. Yum yum!\n\nOverall, a 3.5 star rating. It's a no frills kind of place. No particular ambiance or anything, you're really here for the food.\n\nLunch specials: $5.95 Mondays through Fridays, excluding holidays. 11:00 am to 3:30 pm\nDinner specials: $7.95 Mondays through Fridays, excluding holidays. 6:00 pm to 10:00 pm\n\nUpdate! 04.18.08 - Grabbed a quick dinner and had the rice noodles with gravy. I had it with vegetables instead of meat and they really loaded up on the veggies. (It looked more like a vegetable dish than a noodle dish!) So, they are definitely not skimpy there! The BF had his favorite, the Thai Beef Jerky (Nice tender beef brisket in thai spice sun-dried then deep fried.) $7.95. I've never had it anywhere else and it's pretty tasty, you might want some sticky rice with it! We also shared a gigantic order of Thai tea. You have to request this special size since it's not on the menu, but it's a honking cup!",positive
yelp_432137,"Nothing special. The service was slow. The burger was OK, the bun was the best part. Fries were hot and crispy but not overly flavorful.\n\nI prefer SmashBurger.",negative
yelp_378632,Just wanna say she put ice in my cup with her hands....... enough said.,negative
yelp_334625,I LOVE THIS PLACE! Great Bagels and smiling friendly people!,positive
yelp_371996,"We had a destination wedding at Talking Stick and everything was amazing. \n\nThe restaurants at the resort were plentiful and delicious, our room views were fantastic, the pool was filled with fun. \n\nMy rehearsal dinner dress was ruined by an iron in our room and the front desk was very responsive and did their best to rectify the situation.\n\nThe casino is great, but if you have no interest in gambling the casino vibe is easily avoided.\n\nI can't recommend this resort enough and would be glad to return.",positive
yelp_422754,"Love this poker bar when it's not teeming with smokers. The decor is funky and the color changing lighting is awesome. Big, comfy chairs guarantee you will be here a while. The draft beer selection is decent- Anchor Steam, Stella, Blue Moon. \nYears ago when this bar opened, they featured speciality cocktails that were very good. I always forget to ask if they still serve them. The bar is 2 sided, with poker machines on both sides. And it's centrally located within the casino.",positive
yelp_162449,"The cookies are good and the cafe latte was fine, however...\n\nSaw this place listed in the Palazzo's restaurant guide. There's a photo that shows a fully stocked bakery. It looked really good, so I marked this place for the following morning's breakfast. Mistake.\n\nFirst, there's a vast selection of breads shown on the shelves in baskets--in the photo. When I went late Monday morning, the baskets were empty and stacked carelessly on the shelves. I inquired about the bread, and the lady pulled some monster loaf out of a plastic bag. Too big, and that's it? Terrible presentation of the breads, clearly they're not selling many.\n\nOrdered a selection of dry Italian cookies. They tasted good enough, though I'm hardly an expert of them. Also ordered a cannelloni; it was decent, but when it comes to these I prefer less sweet and more ricotta in the filling.\n\nThe absolute mess was the sandwich. With everything else, I ordered a mozzarella with grilled vegetables sandwich to go. The first surprise when I got back to the room was that it was a hot sandwich. The second surprise was when I unwrapped it's aluminum foil and a bunch of sandwich juices dripped out onto my clean pants. What? Why was this sandwich dripping juices? Why was the bread soggy? Why was the lettuce wilted? I thought it to be perhaps one of the worst sandwiches in recent memory. The ingredients were good by themselves, but a hot soggy sandwich with wilted lettuce is nothing that anyone should be served.\n\nI'd definitely look for another option.",negative
yelp_283894,"Wow, this place is amazing. Ate here today and I was amazed by how pretty the place looked and the food was awesome! Definitely a carnivore's paradise :) they go around with skewered meats and they were perfectly cooked (med rare) and omg their salad bar was incredible! So much choices, all food seem fresh. And oh yeah, our server was so professional, very attentive, I believe his name was Raphael. Thank u for ur awesome service, definitely going back again just coz I received great service n of course the food was delicious :D",positive
yelp_302876,"To the server who served my fiance and me, this is not about you. It's about your employer.\n\nThe food is ridiculously over priced. PLEASE read the menu before sitting down. We did read the menu, but as the other restaurants in the airport were super-greasy, we opted for Burke in the Box. The salad and soup was mediocre in flavor. The portion on the salad was bigger than I expected. (If I order a soup and a salad, I think of it being a cup of soup with a small/side salad, not a full entree of a salad with a cup of soup.)\n\nThe server we had was so sweet and attentive. She was a delight to speak with and did her best to handle the grumpy comments of another customer seated behind us.\n\nSummary: if the other restaurants in the airport aren't sounding good, come here BUT be prepared to fork over a wad of money as the prices are high.",negative
yelp_390801,Less than zero - closes too early for a frequent traveler.,negative
yelp_12706,"This is an amazing little shop on 22nd St and McDowell. I found out about it from a Polish man who was searching for ingredients to make Polish moonshine. We were discussing the paucity of delicatessens here in the desert (a theme that transits my reviews) and he mentioned that this place was everything you wanted out of a deli. He was correct.\n\nMuch like the best delicatessens, the food is ethnic. Eastern European sausage is their specialty. You can get other stuff, and it is also good. However their selection of handmade Eastern European sausage is absolutely phenomenal. \n\nThe woman behind the counter is also terrific! You get the sense that she would rap you on the head with a spoon if she could get away with it. My first time in, I was reading the menu, she walked up and asked, \""""What you want?\"""" in a heavy (likely Polish) accent. When I hesitated, she exclaimed, \""""C'mon, what are you hungry for?\"""" Don't let the gruffness fool you, she is only bringing home the point that we spend too much time at places like Subway ordering their \""""meals\"""" than thinking about what we'd like to eat.\n\nI go two hot dogs that first time, they were absolutely amazing. I mean they were hot dogs, just amazing hot dogs. Since then I have also tried the polish sausage, a turkey sandwich (just a bite) and the pierogies...OMG the pierogies! \n\n--why is it that any place that makes pierogies only sells them by the dozen? they are soooo heavy!!!--\n\nAlso there is an amazing selection of Eastern European groceries, everyting from jams and jellies to Kosciusko mustard and candy bars. I don't think there is another spot in the valley that has some of this stuff!\n\nThis place is a must hit here in the valley. People who care about the food they serve you, and enough character to write a novel about. Go and check them out, you might find out about a sweet concert coming up from a Polish pop band as well!",positive
yelp_448429,"My boss took me to this place on their stop in NoDa. We ordered our tacos from truck (my first visit I had drunken chicken, my second time ever I had one of their specials) then went into the NoDa Brewery for some beer while waiting. The man brought our tacos into the brewery for us. The platter comes with two tacos and a small side. I got green rice, which is sooooo delicious.\n\nThe tacos themselves were sheer heaven. The filling was delicious and was cooked perfectly. Needed some napkins as my drunken chicken taco was a little drippy, but I didn't care that I made a mess of myself. It was delicious and I was off the clock.\n\nI have a frequent visitor card to the Tin Kitchen and I fully intend on filling that card SOON.",positive
yelp_450337,"A joke of a store. They only buy 2 sizes per item which means their selection is VERY limited. Whoever does their buying needs to change jobs. Their jean sizes are awful. Picked up a pair of jeans that were size \""""15\"""".... more like size \""""9\"""". Measurements are royally off.",negative
yelp_366315,"Went to the VIP Grand Opening last night for the new Smashburger. This one is awesome. Not only is the location close to CenPho but it fills in a space that is in need of decent food. \n\nThe new Smashburger is on the side of the Best Buy next to the Cold Stone. They have some outdoor seating and big windows so that you can see in and see what is going on. \n\nThe place is nicely laid out and there are a decent number of tables (more than the Tempe location). The staff is friendly and helpful.\n\nAs far as the food goes - well, it is Smashburger. You can expect to get yourself a salty burger, some slightly greasy fries, and a yummy HaagenDaz shake. If those are up your alley, then you will love this place. In my opinion, they make the best fast food burger around.\n\nIf you haven't gotten out to the Tempe location or the new Avondale one yet, go hit this one up. Im sure it will be packed come lunch time.",positive
yelp_479797,"Overpriced. Not the best carne asada fries, not even close! Nacho cheese on them instead of regular shredded cheese....doesn't make sense. We asked for no guacacmole and sour cream, still got it on our fries. Not coming back.",negative
yelp_117351,"Ate here for lunch, and ordered the Krispy Chicken Sandwich and Fries. \n\nThe sandwich was bland, but the sauce they use is pretty good. Everything else in the sandwich didn't have much flavor in my opinion. The fries were pretty good though! \n\nThe service was good, and they got out order right! Wait time before we got our food was about 10-15 minutes, which was fine considering it was about 12:30 pm on a Saturday. \n\nWill probably not eat here again.",negative
yelp_218426,"Been searching for a salon now here in Vegas for about 4 years. I've basically been grouponing salons and trying them out in order to find the one that I really enjoy. My experience at hotbox was amazing. I was early and a little nervous because the groupon I had purchased included color. I haven't colored my hair in 6 years. But the staff was great. Immediately I was offered coffee, in an actual coffee mug mind you, and was treated very well. Tara, my stylist suggested chunky highlights instead of all over color because my hair is so dark. The morrocan oil treatment was amazing to my hair. Checking in on yelp that day also qualified me for a free brow wax which I appreciated because I needed it anyway. I came back to claim that deal and I believe I have also found my waxer. Hell, even my boyfriend loved her. She cracked us up as I was getting waxed and offered us her business card and brochure an explained in detail all of her services. I like when salons get comfy with their customers. When they actually listen to what the customer wants but then doesn't try to steer them into something they don't really need. All in all, great salon. I think my hair has found a new home.",positive
yelp_78926,"We loved it! Great service, great prices, clean and yummy food! Love the chips and salsa!!",positive
yelp_419889,"I'm so bummed the Improv is closed now, as we're only stuck with this venue. The show was excellent and the view of the performer is amazing. Seriously, great inside and had a great time at the show, however everything else was terrible. I can't wait until they step up their customer service game, because then this place will be awesome.\n\nWe had the 9:45pm show tickets. We waited outside while it was still blistering hot outside. We had nice clothes on and we were all sweating so much. We couldn't get in until 9:45 or 9:50 - seriously? I thought that's when the show started? Nope, it started much later than that. When we were sat we were all super dehydrated but there was no water in sight. Is that even legal? Good god the service was horrible. You have to ask to know what beer is available, because all they give you is a terrible menu full of drinks only 21 year old girls would order (no offense, I was one too). No complaints about the 2 drink minimum, it's standard, but c'mon. At least advertise that you have a full bar. Because god knows it's difficult to hear your waiter when that place is packed. So going back to the fact that we're all dehydrated and pissed from standing in line, we asked for waters right away. We waited FOREVER to get our drinks. DRINKS! And no water. We asked about the water and he said he'd get it for us right away. Not so much. I couldn't wait any longer. We were parched! I marched into the lobby and and asked for assistance getting water. Minutes later the waiter came back to the table and asked if we still needed water. Um, duh? We told him we had to go get it ourselves. Such a poor customer service experience the first time I was there. The girl in the lobby was awesome though, she even helped me carry in the drinks. I would recommend that on a hot day they have pitchers of water available at the tables when guests first come in. You're lucky someone didn't pass out waiting for water at the event!\n\nAnother issue I had was the prices. It was I think $20 per person for a ticket and the drinks were extravagantly expensive. It was another $20 per person for the drinks. I can't believe we shelled out $50 per person for a night out at a comedy club. I'd like to come back more, but I can't imagine dropping that kind of change often.\n\nPS the Sangria was literally the worst drink I have had ever made at a real bar. I would ask for my refund but I was already so mad about the lack of water I didn't want to cause a scene. Stick with the liquors.",negative
yelp_216692,"I don't know what everyone is raving about. The decor is nice, a little space-agey but nice. The food is very mediocre. It was very over priced and the selection wasn't great. My friend who is a vegetarian, couldn't find anything other than a pizza to eat. And she didn't like goat cheese but she didn't have a choice. They need to cater to vegetarians as well.\n\nbottom line: the food is a 2 out of 5. Decor is 3.5, service was good but it wasn't worth it. I was w/ a big group and had recommended it and felt bad cuz it really wasn't great. It was the first time I felt wronged by the yelper reviews I had read that enticed me there.",negative
yelp_159428,I had the lunch buffet and I was not really blown away. The price is on the low side as far as buffet goes but I was not really that satisfied. The service was good but the food was not memorable. Typical buffet food.,negative
yelp_200011,"Mimi's is unlike many other big chains because their food is French inspired, and most people go here for their favorites...French onion soup, corn chowder, muffins, and the carrot bread. But I think most everything on the menu is very flavorful and delicious. It's unique from the other big chains. I love the decor...so cozy and lots of things to look at. I also love the free bread basket for dinner. Sometimes I have been here and service has been a little slow, but they always make it up to you with free food. I love Mimi's! We go here quite often.",positive
yelp_421127,"I'm a huge fan of Mediterranean food so we decided to try this place out for lunch on a Saturday.\n\nThe place has indoor and outdoor seating which would be nice on a warm day. (we sat indoors as it was not)\nVery casual dining atmosphere.\n\nThe food was very good and the price was very reasonable.\nI had the Gyro sandwich combo with soup and a drink and it filled me up.\n\nThe only downside that prevented me from giving 5 stars was that the Baklava that I ordered never came... The brought out all our food except for the baklava but since we were so full we forgot about it until we got back home... so partially our fault too I guess??\n\nEither way, good food, good service, good price = Will be back.\n\nGood to take friends, family, coworkers, and a date.",positive
yelp_138541,"Without a doubt, one of the best in Vegas! We had the Filet with Merlot Butter, Scallops, Trout Almondine, awesome, awesome, awesome! You really can't beat the view (patio view of the Bellagio fountains), food, price for the quality of food on the strip, and romantic to boot!",positive
yelp_34933,"I've already expressed my love for Chompies in my review of the Tempe location, but after having brunch at this location this morning, I need to do the same for Scottsdale. \n\nI'm not usually a fan of big menus. But since pretty much everything at Chompies is good, let them cook whatever they want. I met a friend here at 11am and had some trouble deciding between breakfast or lunch. As I looked through the menu, the omelets caught my eye. I had the Spanish Omelet which has black beans, onions, tomato, cheddar and jalapeno jack cheese. It also comes with potatoes and a bagel or toast for $8.50. Not only Delicious, but I'm set for the day.",positive
yelp_59107,"This place is what it is. The draft beer is really cheap and tastes fine. I haven't had the fries, but the person I was with didn't like them at all. The seating is not ideal, because if you want a casual drink you basically have to sit in the bar or these booths that look a bit dated. I was a little confused walking in because we sat at stools adjacent to the bar, but no server came. So we realized we had to walk up to the bar to order, which was a bit strange.\n\nThe crowd doesn't seem too bad. If you want cheap beer while smoking cigarettes, this spot is ok. I just wouldn't expect much more than that.",negative
yelp_325350,"I love this tropical smoothie, customer service is always great and food is amazing! Seems like this is the only one that has macroni salad. Love this place!",positive
yelp_142170,"I've kept my eye on Craftsteak as well as a couple other restaurants but I was feeling for a good flat iron two nights ago and choose this place over Fleur De Lys and Mesa Grill. \n\nHoly hell. I was so pissed to find out that Restaurant week in Vegas ended during the first couple days of my visit. I wanted the get the tasting menu that was $85pp but only $50 the day before! Should have punched myself in the face for that mistake.\n\nEither way, everything was freaking delicious. The strength of the meal came in the steaks, scallops and sides. Perfectly cooked to a medium rare. The appetizers were good, but comprised of nothing cooked, so it was harder appreciate dishes that came in various marinades and dressings (we had shaved fennel salad, cucumber and watercress salad, buffalo mozzarella and proscuitto with figs). I would've appreciated the roast quail but they were out for the night. Dessert was good too, I'm a sorbet girl so I loved the peach and chocolate sorbet. Tasted like cocoa ice cream without the ice cream texture that I don't like. We also had molten chocolate cake and monkey bread which my bf loved.\n\nPortions were HUGE. We could've fed at least 3 ppl with the food we received.\n\nService was great. The waiters weren't snobby at all, even though me and my bf were the youngest kids there. I was a little annoyed that they kept on referring to the Wagyu beef as Kobe...because its not the same thing. But the \""""lead\"""" waiter even recommended a cheaper tasting menu that fit our tastes better, instead of recommending the more expensive one that would result in a bigger bill.\n\nWhy the one star off? I'd like to see a better appetizer in the tasting menu we got. Also, I really thought the food was good but our bill came out to $275 for two people (we split 3 glasses of champagne) which I thought was hefty for food that was plain in idea and execution and not super innovative or unique. I think if I paid Restaurant Week prices I'd be a little happier but all in all, we had a great meal.",positive
yelp_324917,"Im from CA and this is by far the only decent coffee place I have tried in AZ. \nI seriously am so glad I was recommended here, if not I would hate AZ even more.\n\nI LOVE the kicker so delicious and flat out perfect.\n\nHIGHLY RECOMMEND Dutch Bros",positive
yelp_286147,"This is my local bar.\nStaff is fantastic.\nBeer list is awesome.\nFood is way above average for a bar.\nThey love the Pens, as they should.\n5 stars.",positive
yelp_402337,"Had my first Smashburger experience at this location. Staff was super helpful in guiding me through the menu and options. The guy was patient and considerate. However, in my opinion, it is a tad expensive for what it is.",positive
yelp_517171,"My wife and I came in on a Saturday night around 7:45. Got seated immediately. Salsa was great, chips on the other hand, not so much, too thin and oily. My wife had the cheese enchiladas which she said were mediocre. I had the pulled pork plate with the chorizo beans. First off, you can tell the meat had been sitting for a few hours, it was hard and dry. The beans had no trace of chorizo. The only good part of the meal was the actual plain taco. On top of that tr server made us wait 20 minutes after our meal was done to get our bill. Will not return.",negative
yelp_480444,So good love this place!! Super affordable and the ppl that work there are always really nice.,positive
yelp_44706,Today this cafe suck for customer service.. The wait staff is clueless on the customer experience. The food is okay but there better choices up the road.,negative
yelp_64290,"I have heard that it takes great bread to make an excellent sandwich. With places like this around Pittsburgh there is no reason for Subway visits for this guy. Subway has $5 footlongs well this joint has $5 dollar square foot subs. I swear this is one of the largest and tastiest sandwiches I have had from a deli. I felt like I was playing where's waldo upon entering this small supermarket because it was packed with food and people. I really enjoyed the roasted peppers that they put on this sandwich. There is no room in here to eat so to complete the experience I pulled up a milk crate out front and ate my lunch there. You have to come and try a sandwich here I think you will be happy with something about it, if not the huge size, than the experience alone is worth the $5 dollars.",positive
yelp_473392,"By and far the most authentic and tasty Indian food I have tasted so far in the US. I had come all the way from Albuquerque to try their food and every dish we ordered was very well prepared that I felt that I was back in India. Even though there are some delays in service at peak hours, it is obvious largely owing to their awesome food.\nI will come back again to Phoenix just to try the food here. Hats off to the team there!!",positive
yelp_45855,"We had a great experience. One of our greatest difficulties is finding a restaurant that has a decent kid's menu. We ordered the rib basket for our two little ones and they loved it! The meat had a nice flavor without an over abundance of salt. Also, the peanuts helped keep our kids entertained while we waited for our food.\n\nThe service was top-notch. Our kids food was to our table quickly (which we always ask for) and our food was not too far behind. My wife had the smothered chicken which was moist, flavorful, and nicely balanced with onions, mushrooms, and cheese. I had the 8 oz sirloin prepare to a medium which was actually done correctly. My sweet potato and grilled onions were excellent sides to complement the steak.\n\nOverall, fantastic experience. It is definitely a \""""go-to\"""" for my family when we are craving a solid meal for a great price.",positive
yelp_430886,Took my poor sick dod there and she got misdiagnosed\nAnd she ended up passing away\n\n\n\n;( \n\nOh and over priced 40 for a post op are u joking,negative
yelp_78050,"I'm not sure why this place is rated so highly. As a girl I love to go to strip clubs. The interaction is what makes it exciting but all you have here is great pole work and dollar \""""bush dives\"""". No interaction whatsoever other than having a girl put her thang in your face every time you tip them. Then one of the strippers literally came off stage, made out with the guy next to me, Then she made out with the stripper on stage. This place is trash.",negative
yelp_128208,"Sunday School at Body English is a great party. It's nice to hang in Vegas on industry night when a lot of the tourists are boarding planes. I spent most of my time in VIP lounge. It's small and hot but the music ROCKS. After 3 days in Vegas, the top 40 mix gets tired. The DJ in VIP lounge really know how to spin. My man Terry hooked me up for entrance. He's the promoter at Hard Rock and a Vegas God. If you get a chance introduce yourself. You won't be disappointed.",positive
yelp_452285,"Overall, this place is too expensive for what you get. I might recommend it if you are a fresh college grad moving to work in uptown Charlotte. In my experience the front desk staff is generally rude and unaccomdating\n\nThis used to be one of the best options in south end. With all the new places popping up along south boulevard, you might as well skip mosaic and take advantage of the month or two free rent the new places offer. \n\nRelatively quiet, but depends on where you live in the building. The pool doesn't get any sun based on where it is located, and it's too crowded to really use. \n\nYou can't beat the convenience and location, but you pay for it, and to the staff, you are just another $$$.",negative
yelp_516584,"I just got my couch, and oversize chair delivered and I couldn't be happier! the sales guy (Chris) helped me with the design and fabric choice and they came out more perfect than I expected (especially for the cost) \nI got better quality and style for under $500 than my last set I bought for twice as much 8 years ago.\nI'll def be a repeat customer!",positive
yelp_473771,"Just had lunch here and it was awesome! I got the catfish, greens and potato salad; hubby got the two piece chicken, mac n cheese, and greens - it was all wonderful. The catfish was honestly some of the best we have ever tasted, no joke. \n\nThe owner is SO incredibly nice and welcoming, and talented in the kitchen. However, his daughter is a different story. I feel bad because her attitude is surely negatively affecting business - there were only a handful of people in there at lunch time.\n\nI hope they stay open because this is a one of a kind place with nothing like anywhere near Tukee!",positive
yelp_218838,I have bought several cars at Gaudin and have never been anything but happy with my sales guys and my service. If you didn't get to buy a car from Eddie Smith you missed out! But tons of great guys there to help you!,positive
yelp_273978,"I just started working in the area, and came in for lunch. Nice little spot, fresh looking ingredients and friendly staff.\n\nI just got a tuna sandwich ($5.50), and a kombucha. They made the tuna sandwich on spot, very yummy, and the Kombucha was $4 (cheaper than usual $5 in places).\n\nI'd return.",positive
yelp_349957,"Service was great, atmosphere was cool. The food was lighter than normal Mexican but still tasted authentic. I'm big on beans and rice and chips and salsa. This place was excellent with all 3. The food is also really well priced. I got a two taco plate - 1 veggie and 1 shrimp. Both were light and tasty. The portion sizes were not oversized which I actually appreciated. Will definitely come back.",positive
yelp_533028,"The food at Monsoon Siam was delicious. There were enough quirks and drawbacks in the service and ambiance, however, to make it unlikely that I return soon. \n\nWe ordered tom ka soup with mushrooms as a starter and the spicy roasted tofu with basil and the spicy eggplant with tofu for entrees. The soup came with one spoon and I asked for a second. It came from behind me as the server passed it over a wall dividing the dining area from the kitchen over my shoulder, which was really awkward. I ordered brown rice ($1.99) with my meal, but white rice ($0.99) came instead. It took a long while before the server checked in so that by the time my brown rice did come, we had nearly finished our meal. Our plates were ice cold (though the food was hot) which wasn't a pleasant sensation.\n\nThe soup and the entrees were all quite tasty, though the tofu in my stir fry was more deep fried than stir fried (as advertised). The portions were adequate, but I had no leftovers like I usually look forward to at Lao Laan Xang. The roasted tofu entree comes with a side of steamed carrots, snowpeas, and cabbage that were essentially a flavorless plate filler. \n\nA final drawback: the restaurant was freezing. It was so cold that we ate in our winter jackets and stared at the video playing of a fireplace hoping it would help. The kitchen staff and some of the servers were wearing hats and gloves to stay warm, and other patrons were dining in their big winter hats. Given that I had sought out Monsoon Siam for a hot, fiery meal to ward off the January cold, a cold restaurant was definitely a turnoff. \n\nI'd order delivery from here in the future, provided they remember my brown rice. I'll likely wait until summer to try dining in again because I just don't want to be that cold when I'm eating.",negative
yelp_161684,"Large portions, average food, and bad management. The atmosphere is kind of cheap looking compared to all the other fine restaurants on the strip. The dishes ranged from $18 to $30. I was not impressed with this place, and will not go back due to the way my girlfriend was treated. While I would give this place 2 stars (based on food quality/taste/price), my girlfriend would definitely give them ZERO stars. Her steak, ordered medium rare, came out fully cooked and dry. We were in a party of 12, and it took about 45 minutes for the server to bring out a new steak for her. That steak was cooked \""""well\"""" which really upset my friend. Not only was everyone done eating, her steak was still overcooked. The final straw was that the manager still charged her for her portion even though she didn't eat the second steak and it was not prepared as ordered. While the server was nice, I think it was wrong of management to charge her for her $28 steak when it was clearly overcooked a second time.",negative
yelp_55802,"Cool place to come kill some time,I come here to buy my levis, cus they got the big sizes. Also ther is a place that sells Chicano rap CDs",positive
yelp_73197,"Average americanised Chinese. My girlfriend and I have ordered take out numerous times. This last time we both ordered the sesame chicken dinner special with an egg roll. After about 8 hrs we both became violently ill. I have had diagnosed food poisoning before and this was it. My guess would be the egg rolls. Again this was an isolated incident, but we will not be eating here again.",negative
yelp_397215,"I stayed at the Wyndham this past weekend and have mixed feelings about it.\n\nThe lobby and the front desk staff, upon arrival, really impressed me. I thought they were friendly and wished me an enjoyable stay - off to a good start. I arrived in the room which was in great condition. I didn't think it was run down as a few of the other reviews stated. Besides, a room is just a room - how much time do you spend in there anyway?\n\nI throw my stuff down... and, of course, head right for Primanti Bros. My plan was to jump right in a cab - on a Friday night at a hotel, it should be no problem getting a cab. Well... there are no cabs to be found. This isn't necessarily the hotel's fault, because I found out that apparently, cabs in Pittsburgh are hard to come by. HOWEVER, the bellhops and the valet guys did not tell me this. Instead, they say that one will come around soon. Not only did a cab not come, but the bellhops didn't tell us that the hotel offers a free shuttle service anywhere within 3 miles of the place. HELLO!? Now would be a great time to tell me that!!!\n\nRoom service: 2 bagels, 2 orange juices = about $30. INSANE.\n\nAt checkout, I was supposed to receive a special rate - buy one night, get the second half off. They charged me full price for the second night at checkout. Had I not examined the receipt carefully, I wouldn't have noticed. Bullshit. I brought it up and they quickly took a look at the computer and fixed it. \n\nOverall - mixed feelings.",negative
yelp_519597,"The lady taking our orders was pretty rude, but that's whatever she could have bad a bad day.\nBut the guacamole was almost this reddish brown all the way through, and the rice was in balls and the meat was pretty much uncooked.\nWe got it to go so we didn't know until we were home, but it was pretty disappointing haha.\nThere was a worker with a nice hair cut so that made the eh food okay :)",negative
yelp_206394,"Lets start by saying when you walk in, you get a real good feeling this is going to be good.\nWent at lunch time with a few coworkers and ordered from the specials. \nKorean bbq, with steamed white rice. The table is serves a few side disahes, kimchi etc.\nTried the fried dumplings and they were ok, will get the steamed next time.\nService was great and fast. The food was delicious.",positive
yelp_330521,"Pro. This place is sooooo good, but get there early cause they run out of the cracklin' early!\n\nhttp://www.flickr.com/photos/theedinburghblog/3018936259/",positive
yelp_385928,"The vegetarian options were numerous and delicious. I wouldn't do the veggie paella again though. Happy hour cannot be beat. When the weather allows, the outside patio along the canal is a great place to be.",positive
yelp_260432,"This place could have been amazing, I'll never know.\n\nMy husband, who is vegetarian/vegan, and I, being Vietnamese, thought this would be a great place to try during our visit to PHX this past weekend. \n\nThe trouble started when the owner, a white man, asked me why I didn't have a \""""vietnamese nose\"""". I was taken aback, and did not know how to respond. I said, \""""what do you mean?\"""" he replied, \""""you know, wider and flatter. You know, my wife is Chinese and raised in Vietnam.\"""" I was flabbergasted. I mean, I know he wasn't intending to be hurtful or borderline racist or whatnot, but it really bothered me that he felt he could say this to a complete stranger, let alone a patron in his restaurant, and that he felt justified simply because his wife is asian?? All I could muster up was \""""uhhh you'll find that people can look a variety of ways.\"""" \n\nI don't know, even though he apologized, my husband and I were left with a very bad taste in our mouths and we ended up leaving before we could order. \n\nThe owner was just weird, unprofessional, and inappropriate. It doesn't matter if the food is good, we weren't even able to get to that point. It all turned out great though, because we ended up going to Green (see my review) that was close by, and it ended up being even better.",negative
yelp_249714,"I tasted Breadfruit's sweet potato bread pudding for the first time at this years West of Western. (and then a second, third and fourth time until they asked me to stop eating all of their samples...) So when contemplating restaurants for my birthday dinner Breadfruit was at the top of a very short list. \n\nSince I work in wine I think Breadfruit's BYOB policy is fantastic. Ignore anyone on here who complains about the $5 corkage fee because the markup most restaurants put on a bottle of wine is well over five bucks (usually it's 2-3 times what they paid!). Plus BYOB allows you to bring exactly what you want to complement your meal (I would suggest a dry riesling, gewurztraminer or an un-oaked chardonnay). \n\nThe menu is small but there were plenty of options, even for vegetarians! I would have happily eaten everything from the appetizers section, but my dining pals and I set our sights on the plaintain avocado spring roll that is baked, not fried! I thought it was a creamy slice of deliciousness, and the accompanying chutney did not disappoint. My main dish was the Bok Choy and Mashed Sweet Potato....alright I've spent about 5 minutes sitting here staring at the screen because I don't know how to describe how great my meal was. Here's an idea: YUM. oh my gosh it was delicious, each ingredient and seasoning was a perfect and direct complement to all the rest. It was filling too, I mean, bok choy and mashed potatoes, that sounds like two side dishes to a \""""real\"""" meal, but this meal is the real deal. Finally, I went ahead and ordered the bread pudding again for dessert, it's just dense and lightly sweet and so satisfying. mmmm. \n\nBreadfruit's staff were very friendly and attentive and Daryl even came over to check on us at the end of the meal. The dining room wasn't crowded but we were being very loud (per usual) and no one seemed to mind in the least. What a great experience and delightful setting for a group of friends to celebrate the year's most important date: my birthday.",positive
yelp_357492,"Seriously...awful. Six representatives moving incredibly slow, I was at front of line and still waited at least 20 minutes before being helped. First car I got into had an engine problem. Second car has stained upholstery and an awful cigarette smell. The third car and eventual winner had 52,000 miles on it and later realized a loud braking issue. Neat. Absolutely awful experience. OH! Let's not forget that once you take the rental car shuttle from the airport you will need to take ANOTHER shuttle to/from their site. I'll pay a higher price next time for convenience, service, and quality. Fox never again!",negative
yelp_105537,"BOY!!!! This place is off the chain. Open 24 hours? Man you can't beat that. I simply LOVE this place. Why the 4 stars you ask, well for one thing I really didn't like their pastrami fries and yes it was enough to bump it down one star. For one thing I strongly believe that if a business/restaurant deserves 5 stars, you better believe that everything they serve and their customer service is top notch. And I failed to believe everything on the menu was good, but you better believe that their philly cheese steaks are probably the best I've tried in LV and in the Bay Area.\n\nThe first time I was here I ordered the philly cheese steak with bacon and swiss #9. It was just as good as advertised and just as good as it looked while the cook was making it. I also ordered the cheese whiz fries and boy was that also yummy. I also ordered fried 'shrooms, and those little mouth watering bites were simply just awesome. It was the first time I tried anything mushroom fried in batter, and I was damn glad this place was my first. The second time I ate here I ordered the pizza philly cheese steak.....mmmmm, was that yummy it was like ordering on of my two favorite things and smashing it into one nice juicy hoagie. I also ordered cheese whiz fries again, but this time I had the master cook add some bacon in it, man was that good.\n\nIf I really had more time to spend in Las Vegas, I sure would come here a few more times and try more off the menu. I also love the fact that this place is open 24 hours. With me being on Vegas party time and coming home about 3 or 4 in the morning after the casino, this place just becomes a savior.\n\nThank goodness for Pops Philly Steaks open 24 hours and its yummy juicyness of flavorful cheeeeeeese steaks. Keep up the good work guys, when I'm back in town you better believe I'll be back for more! It's like philly cheese steaks from heaven. YUM!",positive
yelp_246133,"Great affordable daily lunch specials. The food is always good, the location is great and service is quick. The owners are really friendly.",positive
yelp_391682,"worst costumer experience ever! besides the food being delicious, the costumer service was unbelievable. our waitress was very rude since me and my two friends got here, it was two hispanic and one black person. She sat us in the back, was very rude taking our order, did not offer us any drinks and never asked if we needed anything else, just brought the bill and left. It's very sad they treat their non asian clientelle in such a fashion .Never felt so discriminated in my life, the food was good but not enough to feel unwelcomed here.",negative
yelp_492416,"M&M Glass is quick, on time, and came directly to my home with their mobile service! The gentleman was very professional and polite, even though I was not on time since I was napping. Thank you for your kindness! I recommend this business to all! All employees are professional and courteous!",positive
yelp_300086,"I don't get the hype or the solid four star rating on yelp. I came here expecting this amazing and unique dining experience and instead I got mediocre food and service and left hungry/frustrated/annoyed and $500.00 poorer. I kid you not, we had to stop by jack in the box on the way home (after paying $500.00 for dinner)\n\nThe concept of posh is really innovative, just severely poorly executed. You go in and they give you a form that you fill out, crossing off things you don't like, meats, veggies, dietary restrictions the whole 9 yards, and they create a menu just for you. You start off with a soup or salad and go from there. One of my dining companions for the evening got 2 very similar flan type dishes in a row, pretty much unacceptable in my book. Your paying 75.00 a person and they couldn't possibly think that giving someone two very similar dishes might not be appropriate. Most dishes were pretty poorly executed, I had a mushroom soup that was super salty, they ruined the uni by somehow over saucing it with a soy base making it beyond salty and nearly inedible. Although I will say that they had a shrimp dish and the wild boar bacon were both pretty stellar and their cocktail menu was extensive and all of our drinks were amazing.\n\nLike another reviewer said and in my opinion is beyond correct, coming here is like playing Russian roulette, and if it yielded great results it wouldn't be a problem, but I think they have over extended themselves and in this case I got the bullet. \n\nThere are far better establishments to try in the valley that do the tasting menus right, try Crudo instead. It's easier on the wallet and the food is insane, I would skip Posh.",negative
yelp_147005,"Meh. There are two good things about the Spice Market - its cheap and its got plenty to choose from. But all this is overshadowed by the fact that everything tastes downright awful. A buffet like this reminds you why you shouldn't be eating at buffets in the first place. I'd rather spend twice as much on a meal that I'd actually enjoy. There were plenty of times when I put something in my mouth and took it out before taking a bite. I felt bad about wasting food but I'd feel even worse if I actually digested it. [Original Visit: November 7, 2010]",negative
yelp_499661,"My girlfriends and I went to Vegas for a bachelorette party and the last night we went to a show and I was glad we did!\nWe sat on the left side of the stage 6 rows from the front and those were amazing seats. I would sit more towards the middle if I could next time.\n\nThe whole concept was really cool, I was a little worried at first when I heard the girls picked that show but I was very happy with it. They played all the best songs from MJ's career, the older ones and the newer ones he had. The dancers and acrobats were amazing. The choreography was great, the sound effects and special effects too!\n\nThere is a scene that has a hologram of Michael Jackson dancing with the cast and that was by far my favorite part!\n\nJust make sure you pay attention to all of the stage as there are dancers and acrobats flying all over the place. \n\nVery cool! Highly recommend it. The show was 90 minutes and it felt like 20! I was not ready for it to end!",positive
yelp_49337,"I went the first week the restaurant opened, which was about 8 or 9 years ago...and did not go back until this week. I saw it on Groupon, so thought it was a good opportunity to try it again.\n\nFirst of all it is a beautiful room, and not very busy.\n\nIn fairness the food was 5 star, it was these odd occurrences that took it down to a three for me, and a 0 for the friend who went with me.\n\nI ordered a roasted beet salad, when it arrived it was beautiful, but I grabbed the plate and it was filthy underneath. I am always hesitant to send something back, but I just could not eat. I know it is easy to have dirty plates in a restaurant, so I very gently explained to the server, I saw him take it to the manager. A different server delivered a new one about half of the size on a smaller plate. Then the manager hurried by and said under his breath said \""""enjoy your salad\"""". Well I have seen enough exposes that that really creeped me out. So although it was delicious I was uncomfortable eating it.\n\nAlthough the restaurant was very quite, the manager never said a word to us. No apology, no reduction in price, no acknowledgement that something had gone wrong. My friend did not eat her dinner and I asked if she did not like it, she said the whole thing left her with such a bad feeling she could not dine comfortably, and would never go back, hence her 0 star rating.\n\nI think I would have had a much better feeling about the whole experience if the manager would have at least come and apologized.",negative
yelp_39696,service was horrible. walked in and smelled even though they were in the middle of cleaning up. drink came out wrong and server didn't even offer to fix it. ordered nachos - they were drowned with a pico that was nothing but onion and some tomato -- what i cud see of the carne asada on it was old and dried up. server new of my unhappiness and again offered nothing else. not even a sorry .,negative
yelp_176755,"I had take out chicken pad thai. Easily the WORST pad thai ever. It was UNFLAVORED. the chicken was extremely dry, and this was almost $11! The portion was very small. Even after three tablespoons of hot sauce, this thing still tasted bland.",negative
yelp_14763,"Quite simply, if you need it done, and done with flair, Impact is the place to go for your printing needs. They are an Artesan print shop where quality always comes first and the focus is value. If you appreciate quality and are willing to pay a fair price for it, then Impact is the place for you to go.",positive
yelp_15101,Undercooked noodles in the spaghetti.\nThe meatballs in the spaghetti were bland and overcooked.\nThe wings were so small they had practically no meat on them. \nThe side salad came with shriveled greens and cucumbers that look rotten.,negative
yelp_481073,"---Rant---\n\nIf I could give you guys ***more than 5 stars*** I would!!!\n\nI was looking for their discontinued RU WORTHY Hoodies. They had a few in-store but only in XL and above. Suckage since I wear a medium! I already had the blue one and wanted the faded black and great ones.\n\nGet this...the guy helping me said he'd check in the back...about 15 mins later comes out and says:\n\nUA Staff - \""""We have some in that size but they are at our off-site location. I'd have to drive out and get them. It'll take about 40 mins. Would you mind waiting while I drive out there?\""""\nMe - \""""Well if it's gonna take that long I'll just come back tomorrow night. Will you be able to have them in-store by 5:30pm?\""""\nUA Staff - \""""Oh yeah for sure. I'll go get them tomorrow morning. They'll be up at the front desk for you.\""""\n\nHis manager also came out to confirm this and to get my name and number so they could contact me once they had them in-store.\n\nWent climbing all day in the canyons, got back to the store later in the evening around 5:30pm...and there they were. Two brand new RU WORTHY hoodies, one black and one grey. SO AWESOME. Not only that but they gave me an extra 20% off for the inconvenience. Original retail per hoodie: $40+. Got both for $30 and change. EXCELLENT.\n\n---Overall---\n\nService: A+\n\nFacility/Products: A+, plenty of selections, plenty of sizes available in-store and off-site\n\nAtmosphere: A+, Under Armour stores rock~",positive
yelp_338496,"Been back many times since and must add that the Eggplant Parm is clearly the best in town. The breaded cutlets are sliced thin and are just true perfection. Also the salad that comes with the meal has some muscle and includes big tomatoes, olives and pepperchini's too with homemade dressing. Rice Balls are also great too.",positive
yelp_398902,"If you like Classic rock, tacos and margaritas for cheap this is your place. Tasty, tasty, tasty. They could clean the tables outside but other than that it's great. It's has a pretty decent happy hour too. 3-6 and all day on Saturdays.",positive
yelp_35635,"Unfortunately I cannot honestly give Shane co a good review. My boyfriend bought my setting for my engagement ring here, everything was good, layaway went smooth, and picked it up....\n\nNow here comes the issue he found the diamond he wanted online, went to the store asked if they could order it in and no change in price. They told him it was no problem made sure it was available. They then proceeded to show him less quality and NOT GIA certified diamonds. Half hour after they try and convince him that diamond is not what he wants,and about how you want inclusions so you can identify your diamond, he still wanted the one he found online. So they went to the back ordered it and he put a large payment on it until it arrived. Well no word comes of it being recieved, so at this point he calls and no one returns his call. Next day gets a call well that diamond must have accidentaly been sold... Basically it came down to they did not want to sell it at the price that is was online. (which was according to them alot less that it was supposed to be) So after trying and pushing him to buy something less quality for more we found somewhere else. Not only did we get a reasonable price they explained everything to us and did not treat us like nobodies. Granted Derek called us back but why after being screwed over and tried being talked out of what we wanted would you go back?? \n \nI wouldnt.\n\nTry Crown Fine Jewlery, Chris and Rosalee are amazing, and communication is beyond words!",negative
yelp_258109,"Awful experience at the jamba juice the other day. I was really craving a wheatgrass shot so I decided I was going to check out this jambe juice for the first time. When I get there I order a wheatgrass shot the guy tells me,\""""We just took it down, like just took it down. We close in thirty minutes and it takes thirty minutes to clean so I cant make any wheatgrass shots.\"""" (if he \""""just\"""" closed it he could of opened it & I thought closing down equipment was something done after closing)I should of left then but I decide to get something. I order the green tea matcha. He makes the matcha and overfills the cup but still trys to put the lid on. He then takes a dirty rag he was earlier using to clean the counters and wipes the top of my drink and the straw to it as I am watching him in disgust. He realizes im watching him and just hands me the cup dripping green stuff everywhere and ozzing on the top of it. He then points and tells me \""""there you go, napkins are right there.\"""" \nHorrible customer service. I didn't drink the drink. In a hurry and not wanting to deal with the insulting employees. I just considered it 6 dollars wasted. Thank you Jamba Juice. I go to juicebars to help my body stay healthy not sick from drinking your cleaner in my juice. Never again.",negative
yelp_130919,"The food was excellent and our large party enjoyed the variety of beers on tap. As a vegetarian, I had many options, two of which proved to be delicious: the potato leek soup and the cheddar melt. Our waitress, Tasha, was pretty rude though. I'm guessing she ignored us and gave us terrible service because she knew she was guaranteed the 18% for our group of 8 or more.",positive
yelp_268518,Great Pizza place. I like the thin crust but must warn you that if you order for pick up by the time you make it home it will be cold and soggy. I had it there and enjoyed it freshly out of the oven. The place is very nice and always busy.,positive
yelp_431826,"Friendly enough. Dogs are exotic, but I really think is does not work 100%. I ate the wacky one with pork belly. I was sick for half a day.",negative
yelp_354829,Rude Employees!!!!!! Too bad this is the closest place to my house.,negative
yelp_38489,"I had a very stressful experience. I asked for a room with easy access, very close to an exit because I was traveling with baby. I got a room in the middle of the hall. Quite a walk to my car (with a SHIT TON of baby crap to haul in and out) !! Not to mention, it was facing the entrance of the hotel so it was very loud when we were trying to get to bed at 11pm. Housekeeping came at 9am and interrupted our rest time... After I extended my stay I asked for them to come back...\nTook 3 hours for them to hit my room after front desk \""""told them\"""" to. Keys to my room worked about 20% of the time. \n\nWhen I notified the front office supervisor I asked him to tell the manager and all he said was \"""" you just told the manager\"""" he didn't apologize, showed zero empathy and didn't resolve anything. I am pissed! Not coming back. \n\nP.S. The property wasn't so bad. Breakfast was good (ordered the American). And the valet staff as very nice and accommodating.",negative
yelp_53995,"Loved the expirience. Food was delicious, I just wish it was a little more spicy... but then again, I didn't ask, so its my fault. :) Russell was awesome, made all of us feel very comfortable and relaxed during our first forray into Hawaiian/Korean food. Will most definitely be coming again! (P.S. Everything we had was delicious, but i liked the meat Jun and the korean cold noodles best). Loved the peanuts!!",positive
yelp_263106,"Brought the kids in and discovered the Huckleberry Ice Cream. The kids loved it. Store itself was pretty cool, clean, and comfy. The kid at the counter was very friendly and courteous. Will come back.",positive
yelp_50424,I had their CA burrito combo for lunch on a Thursday \n\n- A CA burrito without fries? Big time FAIL. Disappointing. \n- Red sauce was good.\n- I think this is 'nuff said. Take it off the menu if you can't make it right. lol. \n- Don't come here for Americanized Mexican food. Great for people that never had SD Mexican food.\n- Their hard shredded beef tacos were tasty.,negative
yelp_197402,"It didn't used to be so bad, if the lines are long they go slow. There are always these hoodlum kids that loiter around outside, making the place seem unsafe and sketchy. And they hang out with their friends that work there during the night shift. Although the men employees seem to hand out free drinks alot..",negative
yelp_208798,"Looking for an apartment for when my lease is up, after my conversation with the office I can say it will NOT be The Edge at Lyons Gate. Very snotty pretentious attitude, apparently I was bothering him with my silly questions. I have no interest in living somewhere that changes their rates on a DAILY basis.",negative
yelp_107660,"I'm not one of those people who are too impressed by the fake sky and indoor canal in the venetian, so if that's interesting to you, you might enjoy this place more. I think the food here is good not great. We started with a queso appetizer and added jalapenos to it. It was just huge chunks of jalapeno and very little cheese and almost inedible.\n\nFor dinner I had the five tacos. The steak and pork were great, the fish was meh. $5 house margarita for happy hour was nice. \n\nGood place to stop for a quick lunch but I wouldn't go out of my way to eat here.",negative
yelp_486450,"WOW WOW WOW!!!! I am absolutely addicted to this spot!!! The Turkado Chavokey is my favorite in the morning!! If you haven't been here, GO NOW",positive
yelp_450023,"The jalape\u00f1o cornbread is to die for. It's spicy so beware, but I LOVE spicy. The butter tames the spice and it is so perfect. I wish I would have ordered the whole cast iron skillet of cornbread for my meal!\n\nThe Cesar salad is also absolutely wonderful!",positive
yelp_260944,"I seriously feel like the last man on earth to try Mazie's, over the last few months my wife has went a few times, as well as some of our friends and I hear nothing but stellar reviews. somehow every time we would plan to go they would either be too busy and someone from our party was not willing to wait, or plans changed at the last minute. Luckily last night I was finally able to see what Mazie's was all about. \n\nWe ended up meeting up with fellow Yelpers Melissa H and Chris H, it was a beautiful night so it was very fitting that we sat outside. our waiter was very prompt and kept up with our table very well, It wasn't a slow night by any means but the usual hustle and bustle was absent and everything just slowed down for a few hours. We all had a glass of wine and shared the spinach artichoke dip, the flavor was subtle and not overpoweringly salty like some dishes I've had, the consistency was good too. We all Ordered off the sandwich/lunch menu, I Ordered the pizza burger and was not disappointed, the burger was thick and hearty, stuffed with pepperoni sausage and cheese, topped with a rich marinara. We ended up staying about 3 hours just talking and catching up and even after we'd paid the bill they still checked up on us several times to see if we needed anything and made it clear that we could stay as long as we wanted.\n\nAll in all a good night.",positive
yelp_216829,We went on a weekend evening. The restaurant is located on a high floor with a a nice view of Las Vegas. You check in at a desk on the main floor and ride the elevator to the restaurant exiting into a dark area. You need to navigate through the dark bar/lounge area to get to a well-lit restaurant dining room. The service was excellent. The lobster au curry was also excellent. There is an extensive wine list as well.,positive
yelp_522596,My friend had the green Chile burito he said it was really good. I was going to have the same but the green chicken parole got me. It was excellent. Also the chips are homemade and the salsa tasty.,positive
yelp_438061,"If I could give no stars, I would. My fianc\u00e9 and I have been here two times... First the worst, second the best? Not in our case. The first time we went food was good, but the service sucked. Second time. Oh boy. First, the lady who takes your order was extremely rude and b.. You know the word. \n\nSo we get our food ordered and go outside on the patio, where most of their customers were. 10minutes goes by and we haven't even gotten our drink yet. Then, our food comes out...still no drink. When we ask the waitress she says \""""it's on the way\"""". Meanwhile looking inside on the counter, there our drinks sit. The couple we went with then got their food, and still no drink. It took my fianc\u00e9 getting up and going inside to get them himself. \n\nReady for the best part? The couple we went with, the girl ordered polish sausage. 5 minutes after the food was delivered to our table the waitress comes up to her and says \""""I gave you the wrong plate, did you eat off it yet?\"""" She says no, so the waitress picks up her plate and walks it over to the table it belonged to. REALLY?!? That is a health code violation x10! At that point, I was pissed. Even scared to eat my own food. \n\nAfter everyone is about done, my fianc\u00e9 goes to eat his toast. One bite he spits it back out. Why? Because there was raw egg yolk on it. \n\nWe will never return to this disgusting so called restaurant. I was very disappointed because we like to support family owned, non chain businesses. Looks like this is one business that we WILL NOT support.",negative
yelp_334450,"Whether you just want a quick bite or a cozy, somewhat romantic dining experience, the food here is UNREAL!!!! Not only is it healthy, you can be a meat-eater or vegan--doesn't matter, everything is so tasty and you get SO MUCH food for your dollar! Service isn't super-quick, but the people are so nice and you shouldn't be in a rush if you go here anyway. Thank God for this place!!",positive
yelp_207758,An elderly cashier named Penny works here and she is the most bitter old woman I have ever met. She is a fugly slut. Do not trust her.,negative
yelp_122351,i been going to this place for almost 3 years.. an i always get the steak an eggs.. soo good... a great place to bring ur family too... it gets pack on weekends but it worth waiting..,positive
yelp_159090,"Beautiful soundtrack, good visuals, messy choreography..\n\nI cannot say I am impressed. I have seen numerous Cirque du Soleil shows (Mystere, Dralion, Quidam, Ovo, O, Zumanity, and Zarkana) and decided to give La Reve a shot after coming back to Vegas. However, the stunting and acrobatics performed in La Reve really cannot compare to those of Cirque for a couple of reasons.\n\n1) Sustainability - A Cirque act lasts for maybe 10 minutes but a La Reve act lasts for maybe 5 minutes. The performers in La Reve just do not have the strength and stamina to pull through stunts continuously. They break out in dance in between to take a breather.\n\n2) Artistry - Overall, I felt that La Reve's choreography is incredibly messy. Many of the routines are replayed over and over again (such as synchronized swimming) and hence, there is not much creativity. Props to the Latin ballroom dancing scenes, but that isn't exactly a wow factor for a show that's supposed to rival Cirque.\n\n3) Humor - Cirque clowns do an amazing job at making people laugh. La Reve tried to input some humor but the \""""clowns\"""" in La Reve could not pull it off. Many of the jokes were overused and expected.\n\nWith all that being said, the soundtrack of La Reve is amazing and I enjoyed how the performers walked/performed their way down the aisles so if you are planning to see it, definitely get an aisle seat!",negative
yelp_320279,"This was such a disappointment. Expensive and the only reason we went, was for the kabobs, however they did not have any, nor did anyone seem to care when asked about them. Crab legs were small and flavorless. Expensive for what we got. Friends went earlier in the day and said the selection was much better for the brunch. We had eleven people for a birthday dinner and was not cheap.........Did not seem fresh. The gelato was however, excellent.",negative
yelp_253939,"Stopped by for lunch today and had a big problem deciding what to get. As I was waiting in line to order, I think I saw them bring out just about everything on the menu and it all looked good.\n\nI ended up having a barbecued bratwurst and a side of brisket with green beans. I'm hard pressed to tell you which was better. They were all great. \n\nThe owner is very attentive and checked on us a couple of times to see how everything was.\n\nIf you like BBQ, you are not going to go wrong here.",positive
yelp_77325,"Pino's Pizza you are my new friend downtown. This place is a traditional mom and pop Italian Pizza Place. The Pizza is New York Style and is greasy bready flavor explosion delicious. What surprising to me was how many other items they have on the menu such as pastas, and salads. They also have dessert and a small but good wine and beer selection. The prices are just right. The large pizza is huge! They make it fresh with fresh ingredients. The service was outstanding and friendly. One thing I noticed was the owner was there and he knew the names of all his customers. They have a lot of repeat customers which is makes you feel at home in this place. I love it and you will too.",positive
yelp_469490,"This has become a regular spot of mine for the past year and for multiple reasons. The atmosphere is unique with a touch of hipster mixed with a touch of rock n roll. The servers do not have uniforms which helps to give that impression of a casual setting. There is an inside and an outside seating area and a full bar with super strong drinks and an honest selection of beers. All of that is great but isn't the real reason the place marks my top 10 list in Vegas, it's the food. If you go here for no other reason than to eat pretzels, you will still leave satisfied. The pretzels are bite-sized pieces (although tough to get in one bite) with an amazing provolone cheese fondue. I have tried most dishes on the menu and none of them disappoint. This is also a great first date place where you can get a meat/cheese plate with a glass of wine and not have to worry about what side of the plate to sit your fork. Excellent.",positive
yelp_475429,Went with my wife and friends. We have been to the Javier's in Newport Beach and it was very good so we expected at least the same. We live in Vegas and dine out a lot. Javier's is really decorated very nice. Waiter brought us menus. It was so dark in the restaurant that we had a hard time reading the menus. The waiter came by and gave us a flashlight. We ordered guacamole . I've had better guacamole out of a plastic container from a grocery store. You'd think a high end Mexican restaurant would know how to make guacamole. I ordered Carnitas. It was very good. My wife and friends ordered tacos and enchiladas . They all commented there food was average. Service was so-so. Not great but not bad.\nI thought the prices were very high for what we ordered. Will not eat there again.,negative
yelp_324841,"I picked up a half dozen cupcakes at Mind over Batter to share with some friends. The cupcakes were moist and delicious. I had not been in before and randomly selected six that looked great. The store is super cute and the staff is very friendly. The cupcakes run around $4 a piece, a half dozen set me back $21.25.",positive
yelp_89722,"Love it! \n\nPapago's got a top-notch beer selection. Best of all, they're really great about letting you taste a beer that you've never tried. Because they don't carry the standards, it's a great way to educate people about new and unique beers. \n\nThe food is pretty darn good. They offer a decent variety of items so you can get something other than fish 'n chips (ie: generic pub food). \n\nThe staff is great. This place is like Cheers for enablers. \n\nWhenever I'm in town, I stay at the Best Western Papago which is located conveniently across the parking lot. So convenient.\n\nThis is a great example of Arizona's developing craft-beer culture, and while I haven't spent a ton of time in Arizona, I get the feeling that these guys have been around for a while...so, way to go.",positive
yelp_219250,"This Walgreen is convenient close to my house I only go in there sometimes. They have pretty good sales, But the regular priced stuff is ridiculous. The one thing that reallllly bugs me is club cards!!! I hate them, bur now a a days most stores have a 'house' card for people to use when they dont have the time nor do they want a club card. This place refuses to let you use a house card and wants you to sit and fill out the form to get one. Don't got time for it and don't want one.",negative
yelp_388617,"Comfort food at it's most comfortable. I've pretty much go here every weekend for breakfast. Their chicken fried steaks are well seasoned, tender, and delicious as well as the corned beef hash. I usually pick between the two and get a side of either a fresh blueberry muffin, which comes out warm and drizzled with brown sugar or a pancake, which is also very tasty. My only complaint is that I wish the biscuits were bigger.",positive
yelp_233069,Came in right before 12:00 noon which was a good thing. This place is super small but busy. It does'nt take a lot of patrons to fill this place up.\n\nMy order the beef combo soup with meatballs and bok choy - flavor was yummy on a chilly day and the portion was decent too. \n\nLooking forward to coming back and checking out some of the other dishes.\nBTW $15.00 mimumun for credit cards so it your going solo - bring cash.,positive
yelp_350231,"Awesome as it may be that you can grab lunch in a mall food court that isn't greasy chinese, Chick-Fil-A, or crappizza, and that Blynk uses mostly organic veggies, bread, and ingredients...someone really needs to spice this menu up. The vegetarian options are the same (tinyish) sammich 3 ways, with a replaced ingredient. Roasted peppers and sundried tomatoes abound. Or you can get a salad, add tofu, and drop 8 bucks on a somewhat tiny plate of veggies. Dressings are uber-run-of-the-mill.\n\nLemonade. Bad. No kick, no sweet. \n\nEmployees, smiley, quick. \n\nPlus, who wants to spend lunch hour in this food court? Yeesh.\n\nIt's like it's 1995 and vegetarianism isn't cool yet.\n\nLuckily it was 1/2 price sammich day, or this would be a crankier review.",negative
yelp_406313,"I am mystified by the glowing reviews for this place. So-so, overpriced pizza that is no secret at all. Just because no one named this place doesn't make it a secret.",negative
yelp_343290,"Well, where to start? Let's see we sat down and got our drinks ( good thing they were all waters ) Our waiter then took our orders, so far so good. Well that is where it ended. My mother and I got each other's orders, I got the turkey burger and she got a well done hamburger. Well, she got my turkey burger and I got her well done burger. The waiter says that he messed the order up but it was the kitchen that messed it up. So the waiter did the right thing and made the order right. The manager came over and apologized and said our food would be right out. That took close to 30 min. My wife and kids already had eaten and our food arrived, finally. The meal for me was good and my mom enjoyed hers the kids liked theirs, my wife later told me that her burger was well done and she asked for a med. this was not a big deal because she was hungry. When the check came my wife said that they should have taken one or two burgers off the bill because of the screw up....... Nothing was taken off. We will not be back to this restaurant , and would not recommend this restaurant to anyone. Oooooooooh by the way they had no more then 15 people in the restaurant and had 6-8 waiters...... Sad we use to like this place",negative
yelp_182622,"My buddy and I came here looking for something warm. The ramen place we wanted to eat at was crowded and we did not really want to wait so we tried out this japanese shabu shabu joint. Apparently, there are not that many shabu shabu places in Las Vegas so this one is supposed to be the one to go to. \n\nWe entered the place and it felt underwhelming from the start. The restaurant is nothing more than 4 painted walls, a bar, and some tables. We were seated and we took a look at the menu.\n\nSwish menu: http://www.swishlasvegas.com/menu.htm\n\nTo be honest, it is not the easiest menu to read and they use terms like healthy and hungry instead of small and large portions. My buddy and I have been binge eating all week so we weren't that hungry so we opted for the healthy size.\n\nThe food came out decently fast and she turned on our burners. They use the can of gas burners here and ours didn't run out but i can see that happening and being awkward. But the food was just mediocre. The sauces seemed very salty and to me it just was very blah.\n\nThe healthy serving size is really healthy. My buddy does not have a large appetite but even he was ready for round two of dinner after we left swish.. I guess if you are dying for shabu shabu in Las Vegas you should try here, but i've been to shabu shabu places that are much better than here.\n\nOh, tourists this place is about 10-15 from the strip, in my opinion not really worth the travel. To each his own though. It is safe to say I most likely won't be spending my limited meals in vegas here.",negative
yelp_511881,"This place takes sushi to another level for Phoenix. The pricing was extremely fair for an a la carte establishment and the food was delicious. The rice threw us off a little at first on account that it's purple but it tasted so so good. The definitive selling point though is the 'Oh My God' roll... It comes out to you on fire!! What more can you ask for. Great customer service and quick, delicious food.",positive
yelp_127785,Went back with a close friend who never has been to las vegas and wanted to see a local place and he was very impressed with the food and wine list. amazing again.\nservice was attentive enough without being over bearing. went on a monday night around 545 and by the time we left at 715- it was packed.,positive
yelp_286947,"There are seven people standing around and it still took 10 minutes to get a tea that two people ahead of me already received. Some randoms are talking about a ridiculous party and everyone is just standing around. I can't taste the difference between this tea and Starbucks tea. At least Starbucks doesn't take freaking forever, not worth it.",negative
yelp_433046,"i can't really vouch for any of the other mad mex's but i like this one a lot. the staff are all friendly and always willing to mix you up a margarita of whatever flavor. the food is really good too, but i'll admit, unless there's a special going on, the prices can be a little steep. i am a big fan of the dips trio and mango margaritas though! and if you've never been to a mad mex, the atmosphere is so fun, i would tell anyone to check it out!",positive
yelp_370873,"This place has potential but unfortunately misses the mark by a wide margin. They have all the equipment and food to do great BBQ and sides but somehow fall short time after time. We've eaten BBQ from coast to coast and quite a bit in the south so we've got \""""some\"""" idea what BBQ is supposed to be. \nWe've been here on a couple occasions and both times the brisket tasted like pot roast and overdone, the pork was overdone/mushy and tasteless. \n\nThen we move to the sides, the ranch beans should stay at the ranch since I'd bet they only taste good if you've got a mouth full of trail dust after a hard day of riding. The slaw is good but only if you add some of their vinegar sauce to it. We stopped in on a night wherre they had fresh corn which we got. I can't believe they could destroy fresh corn like that but they did by boiling the heck out of it. Had they just smoked/grilled it it would have been fantastic! What a waste.....\n\n The ribs..... well they're ribs and that's about all I can and will say about them. What many may not know about real BBQ is it should be able to stand on it's own flavor wise, sauce is supposed to be an accompaniment not the only flavor. \nThe best part of what we got was either the Steak Fingers or the bun the pork came on which is truly sad for what they charge. There's better BBQ to be had around AZ that's for certain and at this point would drive all the way to Anthem to the new bbq place before hitting here again. \nI guess if you're used to McRibs or it's free this place is wonderful but if you're paying I wouldn't waste the $$ until the owners get a clue. Maybe someone who knows good BBQ to advise 'em?",negative
yelp_432712,"I called this dealership repeatedly , 3 times and have never gotten anyone from the service department on the phone to pickup. I even called back once and connected to the sales department (they picked up, surprise) and spoke with someone, I expressed my frustration in trying to get through to the service department and no call back. Her response was that they are probably driving someone back and if I leave a message someone will get back to you. Ok i left a VM, Well 2 days later and no response. Do yourself a favor and call Chapman Hyundai, always get a live body and yes! they call you back. How these places stay in business is beyond me...",negative
yelp_173498,"Great atmosphere, drinks and staff make this watering hole set up by refugees from New York one of the best bars in Pittsburgh. The downstairs is the main bar area. It's a nice layout that get redecorated fairly regularly. Only drawback is that it can get really crowded on Pub night (Wednesdays) and weekends. On weeknights, you can usually get a seat at the bar or in a booth. Even when it's busy, though, the bar staff is quick with your order. Brian is an amazing bar tender. Maybe second only to Tim over at Gooski's. They also have a good brunch on Sundays that is open 12pm until late into the afternoon. \n\nUpstairs is basically a variety hour. You can stumble upon almost any kind of music there. A week after seeing the Cults play a 4,000 person venue in Amsterdam from a balcony, I saw them on Wednesday one person back in the upstairs in Brillo ($8!). Amazing.",positive
yelp_505648,"Decided to check Gameworks on their opening day. They were giving out 2 free hour game cards with a purchase of a $12 card (54 credits) because they were experience problems, which is a nice gesture. By problems that meant that half of the games weren't working. I went to the MGM location when it was open and honestly this location doesn't even come close. There are very little games and it doesn't help that most of them were down and the area is really small. Staff is very nice though. Their systems went completely down around 9:30pm and that's when my boyfriend and I decided to leave. \n\nWhat this Gameworks has that the old one didn't is an Esports area where you can play PC games like League of Legends and World of Warcraft. I get the concept of this idea, but you can stay home and play these games and this space could've been utilized for more games. \n\nI'll give this place another chance when they've had time to straighten out their kinks.",negative
yelp_187701,"My boyfriend and I were in Pittsburgh for the NHL Bridgestone Winter Classic. On gameday, we drove to the Double Wide Grill for a late lunch before finding parking to get to the game. My boyfriend is vegetarian and I am vegan, so I picked this spot because it has options for us. It was a little tricky finding it--we were surprised to see 2341 before 2339, but once we found the right place, we walked in and were seated quickly. There is a separate vegetarian/vegan page on the menu, and items are clearly marked. My boyfriend and I started with the seitan \""""wings\"""" in the BBQ sauce, but they were really hunks of seitan, deliciously seasoned, and almost crispy. For an entree, he got the Potato Tacos while I got the Tofu Skewers. The skewers came out slathered in BBQ sauce with rice and a green bean melange. Sadly the vegetable was forgettable, but the skewers and rice were utterly delicious. I give them extra points for not putting broccoli, a vegetable I despise, on the skewers. On my one visit, I found the service rather friendly (and we were wearing our Washington Capitals jerseys in Pittsburgh Penguins country), if a bit slow.\n\nI will certainly recommend it to friends traveling to Pittsburgh and I will go back if I am ever in Pittsburgh again.",positive
yelp_27190,Pretty Awesome race cars on Display. The best Part is its Free to visit and well worth the visit. If your in Scottsdale and have some free time spend some here.,positive
yelp_217957,"Location not too far from the strip and amazing rates (the last trip we were able to stay 2 nights, $15/person/night on a holiday weekend) is what brought me and my friends back this year. I checked us in this time, and the concierge was very helpful and super friendly. Their main restaurant reminded me of an IHOP or Coco's - mediocre food, to be expected at this type of off-strip casino, and the buffet was a pleasant surprise for the price. I don't gamble, but my friends were huge fans of their late night Bingo and almost everyone won a game there or at the slots.\n\nHowever: my roommate rented out a huge, multi-room suite on the top floor (couple hundred $$/night). A comforter on one of the beds had a large, noticeable dried-up stain on it, and he later found a crack pipe which appeared to have been recently smoked and still had remnants in it stuffed into a roll of toilet paper. He immediately brought these items to management's attention who apologized and offered a discount of some sort that would be accounted for when we checked out. On check out day, we were told no discount would be given, and after a drawn out discussion they decided to take $20 off of his bill, their excuse being that maybe he was the one who planted the pipe to obtain a discount (which THEY had originally offered, he hadn't asked for.) My roommate's been sober for 10 years. Then they pointed the finger at me since I had a key to his room. Seriously? They balked when I offered to take a drug test on the spot and gave us 8 vouchers for a free buffet. Problem with that is we had no use for them since we were leaving, plus there were 10 people in our party.\n\nThis place would have easily garnered 3 or 4 stars, but management lost 2 - mainly for accusing us of illegal activity. I wouldn't recommend against staying here, just hope that no drug paraphernalia shows up in your bathroom. If it does, you're on your own.",negative
yelp_357914,"so disappointed at the way this store operates. I love my dress, but the headaches and heartaches from working with the staff may not be worth the beautiful dress. I received a call that I HAD to pick my dress up within 24 hours or they would ship it back to the designer with no refund. They also took all my measurements and ordered a size 5 sizes too big so now my alteration costs are unnecessarily high.",negative
yelp_76957,"This place is more selective with the crowd that they allow. I have been here multiple times with friends and it's fun but the services is \""""meh\"""" The best part about this place is the tacos. I know that the reason it even has 3 star is because of this. Head over to The Rock for a good time ;)",negative
yelp_401483,"Gourmet burgers that makes your head bounce, literally speaking too! For crying out loud its situated next to a raucous venue (Marquee) where streams of pretentious people scurrying to find that VIP line.\n\nDECOR: Contemporary and spacious layout. Modern bar with swanky looking lounges.\n\nVIBE: Cool and fun. DJ spinning the latest and greatest hits from Hip-Hop to Electronic.\n\nFOOD: \n\n**Korean 'Bull' Gogi: Well flavored, juicy beef patty that came on soft, toasty buns! The kimchee slaw and chili mayo worked nicely with everything. Last, but not least, the oozy FRIED EGG was the CHERRY on TOP! \n\n**Fries: I opted for the WEDGE shaped and it was EPIC! Fluffy, yet CRISPY. These are a MUST get.\n\nAPPETITE: FULL\n\nSERVICE: Not much to complain about, our server was very friendly and helpful with the menu.\n\nCONCLUSION: What makes Holsteins a very appealing burger joint is the creativeness in the menu however you might be turned off by the excess noise level coming from the club next door.",positive
yelp_47231,"My fam was craving Blueberry pancakes on christmas morning, and this restaurant came out on yelp as Open! Their prices are fair for the amount of food they serve. Service was excellent and attentive. My Sis ordered the wild west omelette and was able to share it with my mom and were both fully satisfied at the end, They serve big portions. All around, I highly recommend IT if youre an IHOP fan.",positive
yelp_522809,"Excellent service! Very nice staff members, and the food is amazing! The pizza is unique, and the feel of the whole restaurant is very modern, yet comfortable! I love all of the wood incorporated at this spot, and I will come back soon to eat again!",positive
yelp_72926,"The people who work here are super nice, and I loved browsing the costume stuff when I came in to pick up a prescription (I used to live very close). They also have a fairly broad wine selection at reasonable prices, and you can sometimes pick up sale bottles for cheap.\n\nI'm subtracting a star because, like so many other local businesses, they're closed on Sunday, which I consider a serious disadvantage in a pharmacy.",positive
yelp_502629,"This place just keeps getting better. I was aiming for a light lunch while out with a friend, so I got the Four Crostini appetizer as my meal...so worth it. All the cheeses and fruit were fresh, and there are some great classic combinations involved: apple + brie, goat cheese + cherries, and blue cheese + fig. Super filling; on special (I think?) for $6.08, of course; and super tasty. I am super happy.",positive
yelp_341305,Pizza's not bad (AZ just doesn't do it for me when it comes to pizza) but the beer selection is definitely the best in the area. Be sure to thank Jenna the bar manager for that and her awesome service. She is truly the best.\nDefinitely a fun spot for any night out.,positive
yelp_492542,Had dinner and drinks here on Friday night while visiting Phoenix for the weekend. Our server was great at recommending an easy tequila shot. The tacos we had (grilled mahi mahi and shrimp versions) were delicious - along with our appetizer of guacamole! We also had to drink: Paloma and Blueberry Smash. Can say that every one of our items was awesome!,positive
yelp_415632,"Well after seeing Krazy Fish was offering a groupon I wanted to try them out, since I have been hankering for some fish tacos. I checked Yelp and their website and discovered that they had great specials, 1/2 off of tacos from 4-6pm and drink specials as well. People also dished on their mac and cheese, and since my hubby is a mac and cheese connoisseur I figured we should grab an early dinner. \n\nWell what can I say about the decor......its funky and looks like the things that Goodwill rejects. The server was very patient and friendly with good suggestions. She suggested that I get her fav which was the Blackened tuna with Asian slaw and pineapple salsa with the creamy cheese grits. I also ordered the pineapple mojito. My hubby ordered the southern fried fish roti with lemongrass curry and mac and cheese of course. She even brought out the sauce to sample before he ordered. \n\nWell the Mojito was subpar and not much of a pineapple taste and the tuna tacos was good, but cold. Also The grits was luke warm as well. My hubby ate only half of the Roti but all of the mac and cheese!! He did enjoyed that. \n\nOverall if you are looking for a deal on tacos, then go here, but I think that my quest for great fish tacos is still on!!!",negative
yelp_477715,"I rarely give a bad rating. But sometimes a meal is so shockingly bad my fingers act out on the keyboard out of survival. The filthy bathrooms managed to be the highlight of my visit. One could get a better meal at Petco. I imagine the convenient location keeps them going, it's not the Steak burro.",negative
yelp_466221,"Best Greek food I have ever had!!!! After multiple recommendations, a couple girlfriends and I decided to finally check it out. Oh my goodness..... This place us excellent! The pita chips, crunchy on the outsides, chewy on the inside. The gyro was so flavor able. Fresh, high quality ingredients. Pita Jungle is over rated in comparison. The service was very friendly.",positive
yelp_237930,"A colorful, raucous, sometimes surreal celebration of the Beatles. At times I felt like Alice stepping through the looking glass with a Beatles soundtrack. Every member of our party thoroughly enjoyed the show.",positive
yelp_46072,"It was a slow Sunday night and if course no specials. Not a big deal, but our waitress had no idea what the specials were and after we ordered water while we looked over the menu she sat down by the front door and proceeded to hang onto a guest who she was really wanting to talk too rather than earn a tip or help her restaurants dismal Sunday sales. Who new I could have dropped some cash on food and drinks but nope. So my fianc\u00e9 and decided to leave and go to the TILTED KILT. They may were less clothing but have more structure. Lets not forget about the manager at the poo saloon who just talked to a customer or friend instead if taking care of guests. So as sip on my sailor jack and spend time with my girl I would like to thank the kilt for their hospitality!",negative
yelp_245490,"I have tried to over look the filth over and over again but I can't anymore! The floor, machines, walls, tables, chairs, bathrooms everything is disgusting!",negative
yelp_284215,I have been coming here for years. It is consistent. I have always had pleasant experiences. One time I brought my mother here and she wanted fried calamari for an appetizer. PROBLEM. Fried calamari was not on the menu. The waitress was accommodating and prepared my mother her special request. I always get the fresh rolls. I love the taste of the crisp basil and the delightful dipping sauce. A great change from the deep fried rolls. I suggest the red curry seafood with rice noodles (instead of plain rice). YUMMO!!! And it's enough for 2 meals!! If this place delivered I would be ordering weekly!,positive
yelp_366462,Disappointing all around. More expensive sushi than Kabuki or other mainstream places AND you don't get that true Biltmore dining experience. Customer service was sub-par and they were out of lobster and scallops. How are they going to be out of their big ticket items??? It wasn't even a busy day to be out of items or expect rushed service.,negative
yelp_281606,"To me, the Olympic Stadium is a symbol of failure on so many levels. An Olympic Games where Canada didn't win a single gold (no Canadian flag in the gold medal flag circle), a Games that left Montreal in debt for over 30 years, and a building that has had so many structural problems that it had to be closed for months of the year - and where concrete pieces actually fell off!\n\nIt's an embarrassment to the city, actually. While the tower provides a nice view of Montreal, it would not be a destination/attraction that I would recommend to a guest. \n\nIf you're already in the area because of a great attraction like the Biodome or Botanical Gardens, and you have money to burn for a photo op, then consider it, but don't make a special trip.",negative
yelp_530504,"(Actual score: 2.5/5)\nFood was okay at best, either hit or miss. While I certainly liked the Italian nachos and the garlic bread, I didn't like the chicken parmesan. I thought the spaghetti wasn't that appetizing, and the chicken was a bit overcooked and dry.\n\nThe only reason why this review doesn't have a higher score is because of the plate-sharing fee. It's not because of the cost of the fee - it was $4 if you wanted to share your plate with someone. I was with a group of friends, and the waiter decided not to tell us about the fee until after we were done with our food. It would be completely understandable except for the fact that the waiter was standing right in front of us when we verbally decided to share food at the beginning of our time there. Future warning for those who come here with more than one other person.",negative
yelp_189678,"If you want a unique little place to take friends or family Iguana Mack's is the place to go. All day Sunday is happy hour and they have a dog friendly patio, they even bring your dog its own bowl of food and water. The hamburgers are thick and so are the soft pretzels. Great prices, at least on Sunday. The food was very good, but not amazing. Great place for a Sunday lunch.",positive
yelp_86883,"I went to the location they have in Central Phoenix, as a court ordered referral for some trouble I had gotten into several months ago and truthfully this place is a joke. Hands down they could care less about the individual and are only interested in the mighty dollar, I would suggest that the state revokes the doctor's that work here license for the fact that their code of ethics are garbage. You truly are a number here. I would not suggest that anyone ever tries this place out. Go somewhere else...seriously!!! The only person in this whole place who was friendly was the receptionist. I would give this place negative 1000 stars and pray that it gets struck by lightning it sucks so bad. I went back to the courts for another referral this place was so bad. I would rather sit in front of the judge in the central court system and deal with a wonderful additional date in court then be forced to participate in any out patient program this business has to offer, which I did so I could go some where else. I would rather have hot metal spikes shoved in my urinary tract then go to this place. I hope this convinces you how much this place sucks.",negative
yelp_193339,"Do I really have to give them a whole star? My husband says yes, and that at least the food wasn't moldy. Lacking was this restaurant's calling card for a one time visit. The food was solidly mediocre. The decor was pedestrian. But the service, oh the service, earned a tails-up penny. Awful, just awful. Our Server failed to address an empty soda glass, did not offer additional Naan, and reopened the blinds after we shut them to block the bright sun. We did not find chewed gum or stones in our food, so at least we can't complain that they were actively trying to kill us. All that being said, the mold would have added more character.",negative
yelp_464819,"Meh. I just can't get past their price increases. I love thrift shopping and I've supported Goodwill for years (both in terms of shopping and donations) and frankly, this is a bummer.",negative
yelp_226880,"Outstanding is a word I rarely use to describe a restaurant but Legume is deserving of such praise because it is just that good. I hadn't dined at the first location but my wife had and she says good things. We tried the new location one chilly and drizzly Friday evening and the place was buzzing. Good sign. Service was a bit shaky at first (we seemed to have been forgotten...but maybe it was because we were tucked away in a far corner of the room and the staff were still getting used to the space). Fortunately service improved over the course of the evening. \n\nWe had a great meal. Prior to moving to Pittsburgh we lived in France for two years, slightly outside of Paris. While the living in France experience wasn't all \""""rainbows and unicorns\"""" joyous, the food was of course great a lot of the time. Many of the dishes we had at Legume reminded us of happy dinners we had enjoyed in France. There was clearly a Gallic influence on the kitchen and what impressed us was the expert execution. French food when done well means simple ingredients prepared perfectly or more complexity that is pulled off effortlessly. This is what Legume's kitchen did. We enjoyed the baked fetta (reminded us of baked cheese courses in France), duck confit, beef, and swordfish. Everything was delicious and perfectly balanced and executed with apparent ease. Dessert was less memorable (honestly, I don't remember...apple something maybe?!).\n\nOverall a great experience and really one of Pittsburgh's premier restaurants.\n\nOh, and Jeff G's previous review mentioned parking... The garage under the building across the street does valet. With validation I think it was maybe $2.",positive
yelp_396777,"I love, LOVE Manon! I curse myself for not stopping by here for months especially after lent when I knew I could fulfill my sweet tooth again. I love coming here with my friends, hanging out and having some good quality grub. \n\nEvery time I come, I try something different because every dish is just begging for it. The past two trips I've tried the turkey and cheese croissant and the bacon onion pizza and they were both amazing! Before hand they might have been too hot or too cold but now they seem to have the heating time at the just the right amount. The cheese is all nice and gooey without burning my tongue! Of course these aren't the reason anyone should come down here though. . .\n\nOf course that was a lead in to the pastries! Those wonderful wonderful pastries! I also have to try something different everytime! The eclairs, the fruit tarts, and of course the macaroons are all great here. Heck, I'm kicking myself for waiting so long to even try a macaroon. At 1 dollar they aren't cheap, but it's always worth to try one with your order. So far Cherry and Peanut Butter are my faves! My overall favorite pastry so far though has to be the Paris Brest! Aside from the all the jokes you can make with the name (I'm immature I know) the way the creme and the bread taste together is amazing. \n\nSo in short yeah, this is one of my primo stops in the city, especially when I decide not to limit my sugar intake. It's a great place to reward yourself with every once in a while and if you're there at the end of the day, you'll see the owners come in to close up and prepare for the next day. Great group of people and I hope they're running this place for as long as humanely possible.",positive
yelp_519270,"Pretty awesome place, great/helpful staff, and it smells really good in here lol. They have a lot of flavors and different mods to choose from. Got some help from Dylan and Diego today. Would definitely recommend this place to anyone. Stop by if you're in the area!",positive
yelp_17742,"This place from the outside looks pretty old, but on the inside it's pretty nice as far as bowling alleys go. \n\nA few times we had to wait in line for the late night bowling thingy to start, you know where they play music and videos and turn the lights down. Rock and roll bowling or Disco bowling, I don't know, I forgot what they call it.\n\nFood, no thank you, seems pretty typical pre-made deep fried stuff.\n\nBeer and bowling are always good. They put a ice container in the pitcher to keep your beer cold, but it displaces about one 12oz beer so you kinda get ripped off ----but at least the beer is cold!\n\nI'd like to be more like The Dude from the Big Lebowski every time I go bowling, \""""that rug really tied the room together, did it not?\"""".",positive
yelp_524366,"So. the only reason this isn't getting ZERO stars is because that isn't an option.\nmy boyfriend and I came here for a combo of his birthday and a little StayCation, mistake.\n\nTHE BAD\n1.) the parking structure is a shitshow, and being a Vegas local I know that from coming to the former Imperial Palace.\n\n2.) its even more of a maze inside than it used to be. like they just decided to get rid of a HUGE part of the hotel gambling area and turn it into a wall instead.\n\n3.) once we got checked in (didn't wait too long) we got the WiFi password and went upstairs to our room. I kicked my sandals off to notice that the floor was damp, I'm assuming from a WetVac they used to vacuum, but still that's gross and uninviting.\n\n4.) the bathroom door was crooked and off one of the hinges so you had to raise it to even shut it\n\n5.) the shower drain was clogged by God knows what so you were constantly in at least 2inches of water while showering.\n\n\nTHE \""""GOOD\""""\n1.) the towels were bigger than you would have thought\n\n2.) its close to everything\n\n3.) there weren't any dead bodies &the vending machine malfunctioned so we got 3 sodas for the price of 1\n\nDONT STAY HERE. PAY THE EXTRA MONEY AND GO SOMEWHERE ELSE. \nor be a good little girl/boy and plan your trip in advance so you don't get stuck in this shithole.",negative
yelp_75378,"This is as good as it gets when it comes to hot and cold sandwhiches. Chips, a toasted sandwhich, and your set to run out the door. If you're ever downtown, check this out. Only m-f though.",positive
yelp_68377,"The #1 negative is their Billing. It's horrible. You receive bills at random times, charging you for random things. The dates shown on the invoices appear over and over again (same dates). It turns out that the dates on the invoices don't mean anything at all. The money you send in does not apply to those dates - or it may apply to some of them. Apparently there's some complicated back-end system that matches up your money with shot dates, and it has something to do with which dates the insurance company decides to pay for, and when. So when you look at your invoice, you have no idea where your money is actually going. After paying regularly for 11 months, I suddenly got a totally unexpected bill for over $300, including payment for shots more than 6 months ago! I called to say what-the-hell and the girl on the phone was very nice, trying to patiently explain it to me. She then sent me a 9-page statement in the mail, which I'm supposed to try to decipher to see what I've actually paid for and what I still owe. She also found a payment of mine in the system that was just \""""sitting out there\"""" not applied to anything, which she assured me she would credit me for.\n\nAs other reviewers have said, I also had to wait a long time to see the doctor on my first visit. When I went back to the front desk to see what was going on, they seemed to have forgotten about me. However, now that I just go in for shots, I usually don't wait long at all.\n\nThe staff in the Shots Room is great - I almost always have a positive experience there. The exception was when I showed up on schedule one day (which means missing work and driving over there) and they kept me waiting half an hour. Then when they called me in, they informed me that they'd run out of my serum and I would get no shots. I came back on a different day as instructed, and although the serum was now in the office, they had neglected to mix it up, so again I had to wait on them for a long time. Then they said that since it was new serum, they had to drop me back a few doses, which means I have to repeat (and pay for) shots I'd already taken.\n\nBottom line: nice people, but they don't have their act together.",negative
yelp_77339,"how in the WORLD does this place get a 5??? Like a good little planner, I called 30 minutes ahead of my intended pick up time, it was after all 1pm I thought maybe there'd be a lingering lunch crowd so I wanted to give them ample time. Arrived to an almost full parking lot so I thought wow I'm glad I called it in. well there are no rewards here for that! Upon entering, what seemed to be the assistant manager or at least the alpha of the cashiers told me to 'step aside over here' because I was a pick up. Then in the next moment she says oh actually go ahead & get in line. I look to my right & see a line of, not making this up, no less than 13 people. Excuse me??? I said, isn't this why you call in an order, to avoid this? to which she said \""""well we just want to make it fair\"""". Whaaaattt????? oh i'm sorry i didn't know this was the USSR bread line version of pizza joints. maybe they should call this place Politically Correct Pizza, instead of Pino's Pizza. In economic times like these, you are just plain stupid if your company misses the customer service beat. I will NEVER go back to this place. Now, you're probably wondering, but what the pizza good? tasted like a rubbery triscuit & $23 for 2 truly small pizzas (smalls at other joints are not THIS small, geesh). their crust is absolutely horrible, it's a painful ripoff of cibo or bianco but doesn't even come close! what a trainwreck.....",negative
yelp_245179,"you need to come here for their happy hour, when their sushi prices are cheap!!! I don't like spending too much money for dinner, so I avoid the grill, but happy hour is a completely different story, two can dine with drinks included for under $25 total!!",positive
yelp_206995,"Sad place for a cheese steak. Back when they first opened they were pretty decent, now this place is a joke. Also when ordering over the phone they place you on hold for 10 minutes before they decide to assist you in placing your order. The hold tone is silence with a loud beep every 5 seconds it's maddening. There delivery range is LAME and there food is soggy and has no flavor..... This place is a JOKE",negative
yelp_314320,"I first went to Loving Hut on the second day it was open. I ordered the Chow Mein, which was good enough, but nothing special. I also ordered the cheesecake, which won me over a bit more. The service was extremely slow, but I figured it was because of it being the first week. Overall, the experience was satisfying, but not great.\n\nSince then, I've gone quite a few more times and ordered the Hawaiian Burger as well as the Steak Sandwich, both of which I highly reccommend! The service has picked up a bit, but of course, it takes a little longer than your average restaurant. However, the various soups that you're given while you wait for your meal are delicious and well worth it. The Pink Lady drink is also really good, as long as you can get over the fact that you'll look like you belong on \""""Sex and the City\"""" while you're drinking it. \n\nOverall, 4 stars to Loving Hut for giving the city of Glendale something good for once.",positive
yelp_182831,"If you haven't been to the Cornish Pasty (pronounced past-tee), you have not really seen the heart of Tempe. It's a little place, not really good for groups or kiddos, but when you enter you truly fee the atmosphere shift, and guess what? Now you're part of the cool crowd. The food is so good! I love their mushy peas for a starter (although half of the time they are out) and then the Pilgrim to seal the deal. It's like a Thanksgiving party in your mouth any time of the year! All of their food is great, and this place is always busy it seems. Don't come on a Friday or Saturday night unless you like being in small spaces with a million loud drunks. Mid-afternoon is the best. The servers are usually pleasant, but some have a better-than-you hipster attitude. But hey, if you haven't been here yet, you're missing out on Tempe's best kept secret!",positive
yelp_55839,"I went to Los Tacos Saturday 4/23/11. I didn't eat the food because I was SO upset by the bill I had to get a refund and leave. They do nickel and dime on everything. 75cents for a glass of tap water! Sour cream, cheese, avocado. The up charges where $8 on a $20 bill. Long story short I did get my money back and went to macayos across the street. Macayos was a little more $2.00 but I got fajita instead of a burrito.",negative
yelp_358275,"Grimaldi's pizza= ultra thin = ultra expensive = ultra lousey\n\nthe only place where I could eat a whole pie, because of its skimpiness\n\nwow, please serve me more cracker w/ brushed on tomato and sprinkling of cheese\n\nUNBELIEVABLE !!!!",negative
yelp_152575,"When I moved to Phoenix back in 1998 it was my first time away from home and this place felt like a whole new world. Well in a way it was! New scenery, different vibes, and yes, even a different accent from the California swagg... \nThis park was the first one I visited while out there. I was amazed by the trails, the fresh air and great scenery I was gazing upon with every step!\nOne place I would recommend checking out in your in the city and you have some time! Take a nice relaxing hike and enjoy what Camelback Mountain has to offer! It can be a workout if you're not used to trails but either way bring plenty of water!",positive
yelp_509938,"Tonya is amazing. I've had the privilege of working with her in a professional capacity as she was the photographer for our non profit organization. I was never disappointed with her work. I enjoyed her work so much that I asked her to take my family photos. As a family we've been to many photographers but none as quick, friendly and talented as Tonya. Her no pressure attitude made the photo shoot painless especially for the kids. I highly recommend using Tonya Harvey Photography for any photographing needs. She is a true gem! THANKS Tonya!",positive
yelp_216543,"Most incredible meal I've ever had, and I used to live in New York City, people. My server was so friendly, and even suggested that we share the bone in filet cooked to medium rare with the king alaskan crab (she said it was better than the stone crab.) And i Have to agree. Absolutely superb. My meal was two weeks ago and I'm STILL thinking about it.\n\nPlease open a restaurant in LA!",positive
yelp_261978,"Great Food! Great People,\n\nI love sitting at the bar with Danny he is always there to make you smile and make you great drinks.\n\nThis is a great place to stop after work for a drink and apps.\nRecomending for EVERYONE",positive
yelp_231818,"I was very pleased with the girl who first showed us around very nice and knowledgeable. However, the other young girls seem to have a attitude problem know little about the machines and are inexperienced in general. Very unhappy!!! You go there to be pampered, not hammered! Sauna was cold!!! Long waiting times! Rude people and I felt unwelcome there! One girl said ugmm your coming every day! Like as if it was a problem... I did purchase a month of services. But all they care about is charging you 2 dollars for this 5 for that 15 20 every machine you use it cost money to buy what you need! Did I mention how young the girl was? I didn't know they hire 18 year olds. Lol wow. Ladies beware!!!!",negative
yelp_283738,"We scheduled a taxi two hours in advance got email confirmation and assumed we were set. The pickup time came and went with no call or car showing up so I called the number and after five minutes of canned recordings, I finally reached an agent who asked if we were at a house or apt, then said he'd place the request. (If that was an issue why didn't they just ask earlier?)\n\nThen he said he'd call me back with eta. After 10 minutes with no call back I called again. Spoke to another incompetent person. She said there was no one available in the area so we were queued but she could provide no eta!!! Well good thing we weren't needing a ride to the airport! I asked to speak to a supervisor and was transferred to someone else. I asked if they were a supervisor and was told there are no supervisors on duty on weekends!!\n\nThis was the most incompetent useless set of people I've ever dealt with. \n\nStay away from VIP (Taxi Magic) if you don't want to be stranded somewhere!\n\nI'm deleting that app now!",negative
yelp_466881,"I went with a group of friends after a night in Market Squae.. Please note they enfoce a dress code (simple dress code) - no tennis shoes and prefer a shirt with a collar.\n\nWe order our drinks. Pimm's Cup for the guys and a variety of Champagne assortment for the ladies. (This is a full service bar with all the spirits).\n\nThe owner introduced himself after we first walked in. \n\nThe atmosphere - The bar is lined with sitting areas made up of modern furniture that you would see in your VIP secations in many clubs to promote conversation. If you are not with a group of friends then this could be awkward.\n\nWe met a variety of people and had a great time. \n\nAtmosphere - Dress Code (beware), VIP Section Style bar, Up tempo music, a good vibe\nPrice - On the high end. The drinks may run you $6-10 depending on what your order (You can go crazy) - \nDrinks - Very good pours - I really enjoyed my drink.\n\nThis is a fun place to end your Friday or Saturday Night.",positive
yelp_337943,"Oh, Mr. Wynn...you lure me in to this establishment with your promises of New York style pizza of the same caliper as your hotel, and what I found instead was practically inedible. I took one bite of my vegetarian slice and knew I wasn't at Lombardi's in Little Italy. Heck, I wasn't even at Johnnie's on Santa Monica Blvd.\n\nAn extra star because it's a very nice joint to dine in (for a pizza place), service is friendly, and if you time it right you can watch not only NFL football and World Series baseball, but George Brett going ballistic on ESPN Classic.",negative
yelp_232305,"Went here on a Saturday night with some friends. It was really crowded, lots of people on date night, families, and groups of friends. There was an hour wait at 7pm so we headed over to the pool table to kill some time. Decided to order some food. The pool table price was decent $10 an hour and prorated if you leave early. The food took some time, we got our lane and it didn't come yet. We just told them our lane and they brought the food. Bowling shoes were clean and lanes were nice. The food was good..I mean you wont be expecting gourmet food at a bowling alley. Satisfied Saturday night with some friendly competition.",positive
yelp_492446,"I Love Jimmy John's, always have. My trip to this Jimmy John's was my first to any since moving to Vegas back in November. It may not seem like much, but coming from a Michigan State campus Jimmy John's (and having 3 friends that worked there), needless to say I was there often. I know mistakes are made at times, if not often, at a busy franchise like JJ's. But forgetting a simple request - like \""""can I have peppers on my #12\"""" - when there is a 4-1 sandwich architect-to-customer ratio, is inexcusable.\n\nIt's not as if I won't return, because Jimmy John's is Jimmy John's, am I right? But come on. The request for 'Pep' was on the receipt, I paid for it, so show me the pep! Also, I overheard a \""""No, it's a #15, not 16\"""" from the girl behind the counter - and rookie mistakes are excusable. No problem.\n\nNext time, put a little pep in your step, get the order right, and I'll be back more often than not.",negative
yelp_341518,Went here with Rand H. for thhe lunch buffet and i thought it was pretty good. The food was all tasty and there was lots to choose from.There is also a mongolian BBQ and sushi table.I gave them 4 stars because there is a couple of better Chinese buffets in the valley (Jen buffet and Pacific seafood buffet) that are 5 stars but this place would make my top ten Chinese buffets list. So if your looking for a good Chinese buffet in the Phoenix area this one would be a good choice.,positive
yelp_62552,"We go to basketball games here, NBA exhibition and Olympic practices. I'd give it five stars but the parking makes it hard to get out unless you park near the exit which makes for a long walk to the stadium. Great hotdogs and friendly staff. ;)",positive
yelp_372479,"The food is always pretty good. They also serve a little cup of clam soup at the beginning of your meal...reminds me of a manhattan clam chowder. This place is super popular and they also serve mini bud lights for $1 ( sidenote: I had never seen those minis unless I was with my Mexican friends). It can get a little loud and it appears that they only hire \""""sexy\"""" waitresses. It definitely feels like a little place in Baja",positive
yelp_30528,"Ok some hole in a wall places are worth taking a peak. This would be one. The one in Casa Grande and the one in Arizona City are very good.\n\nPros. As close to authentic as a Gringo like myself wants to get. Great quality, Large portions, and the flavors are well balanced.\n\nCons. Casa Grande has out door seating only, which means if its hot or cold so are you.\nArizona City its an half hour drive.",positive
yelp_363498,"We called ahead and asked if they did full body massage for 1 hour as our neck and back were hurting. We went to this place and were both put in a small area that was blocked off by cubicle type blocks. We sat in chairs and were instantly both wondering why were not taking our clothes off. We are used to getting massages with just a towel. They started with our face then arms. Then they walked out for a 5 minute break which really messed up the relaxation. They did our feet next in which I had to ask for more pressure. The guy did a pretty good job on my feet for a while. Then they took another break. Then they asked us to flip over in which they gave a back massage through my shirt for about 5 minutes. We were VERY disappointed. The price was good, $35 for what we got and I ended up tipping like $10 a piece. Also, don't be rude if you go in and talk up a storm all loud because people are trying to relax. Some people were very noisy. Overall, I would never go back here. It is a good place if you just want your feet rubbed. But not for me or my husband.",negative
yelp_512685,I am currently at store. It's been an hr for a pickup of two pizzas. Only two people are working. One on register one making pizzas. When u have $2 pizzas you expect this to be a busy time. Why only one person? It is only $6 total with 2 pizzas and tax. But holy cow be aware you'll be busy. And this has nothing to do with the food because I haven't even touched it yet.,negative
yelp_230998,"As far as Burger joints go: In and Out is perfect to me. They have a limited menu which means they're going to get it right.\n\nSadly, I have stopped eating meat again...so I'd really like if they had some delicious alternative to cuddly cow flesh. Still, I keep coming back for the animal fries. I know they're sooo bad for me...there's something seedy, dirty, decadent, bad and wrong about them - So of course I have to have them!\n\nEveryone's got their fave burger place, this is mine. They're open late so that's helpful as well. Sweet : )",positive
yelp_531011,"Went in to check out Happy Hour as well as the new digs. Small bar and restaurant. Give it 2 because a happy hour margarita was $5.50.. I would think a batch margarita out of a coke keg would be less. The margarita itself was terrible. Tasted like the bottom of a sour mix, not refreshing at all. Bartender salted the rim like a Chicago driveway in a deep freeze, yuck. The beer price for happy hour was $4 which is a much better option than the margarita. Still for happy hour the prices were high. Location is also a tough spot. The bartender was nice and social, doubt I'd give this place another shot.",negative
yelp_79854,"I've been shopping here for many years and had some really good experiences at first. In the past 10 years though, I have had problems with some of their furniture. I bought an Italsofa expecting it to be from Italy. Wrong! It was made in China. I only found this out once I had a problem with one of the cushions slumping badly and had to tear it apart from the bottom to find out what was wrong. That's when I noticed that it was from China. If I had know it was from China, I would not have bought it. Chinese products are a mixed bag; some good, some bad. Why take the chance? A Scandinavian furniture store that sells low quality product is an insult to all of us Danes. Avoid these guys.",negative
yelp_400345,"I came here with my mom for wedding gowns from the other side of town. I was really disappointed after I checked their collections. I visited \""""Celebration and Bridal\"""" and \""""Bowties tuxedo & bridal\"""" a day before I checked out this shop. All I can say about this shop is that it looks like a boutique but it doesn't carry any good designer gowns! Both \""""Celebration and Bridal\"""" and \""""Bowties tuxedo & bridal\"""" have lots of beautiful designer gowns with lots of options. I totally felt wasting of my time here!!! However their price range here is definitely much lower than \""""Celebration and Bridal\"""" and \""""Bowties tuxedo & bridal\"""".",negative
yelp_213926,"Stay away! My friend was hungry for Korean BBQ so we decided to try this place. Nice decor, pretty empty restaurant. The point I want to make here is that we ordered the grilling meats. The waitress used the same tongs to handle both raw and cooked meats. 5 hours later, was never so sick in my life. Poor service, felt discriminated against for being non Korean, pushy, bossy and then did not inform our party of two, gratuity was added already . Insult to injury here. 123.00 for two people, bad service and food poisoning. I am filing a complaint with the health department so that no others have this experience.",negative
yelp_329719,"We went here to see Bobby Brown (eventually-you know, once he decided to actually show up) and I really liked the venue. It was intimate and the bartenders were quick and attentive. The prices on drinks confused the heck out of me. I couldn't figure out why a cranberry and vodka cost more than my long island but whatever. A good time was had by all.\n\nAlso, there is a grand assortment of lotions and whatnots in the women's restroom which was awesome.",positive
yelp_281536,"First time in. We tried to call, but the phone answered automatically with a fax machine squeal. Showed up on a Saturday before noon; don't know who was slinging, though the owners were present and accounted for. Ordered a cheese pizza to test 'em out.\n\nWe're not much for Coke and booze, so we ordered water while we waited. Either it's raw tap or their filter is spent; it was awful enough that neither of us could take more than one sip. Do they make the dough with this bilge? It could explain a thing...\n\nAs for the pizza, they nail the cheese, the sauce is delish, and the oil was just right. It would've been one of the finest pies I've had, were it not for the crust. Structurally, it was a correct Bronx crust which held firm upon lifting. Constitutionally, its flavor was bland to the point of disappointment.\n\nEven accounting for that, I wouldn't mind returning. It's better than \""""A-OK\"""". But nowhere near five stars. Nowhere near.",positive
yelp_376521,"What a GREAT addition to the community! The best thing is that it is on SUNDAY mornings, which makes it a wonderful family outing!",positive
yelp_6107,Not a fan at all. \n\nAlthough the place is bright and clean I found the airport staff to be extremely unfriendly.\n\nThe bathroom attendents are sort of weird too.,negative
yelp_136246,The food is still fantastic. We were a party of 7 and everyone enjoyed their meal.\n\nLobster Bisque Soup *****\nOysters *****\nSalads *****\nChateaubriand ***** (vegetables were perfectly cooked and a huge amount of them)\nBone in Rib-eye *****\nAfter dinner drinks *****\nWe brought 2 bottles of Daou. Corkage fee $35.00 each\n\nMinus 1 star because of the lack luster environment. Delmonico use to have a great vibe which doesn't seem to be there any longer.,positive
yelp_85390,"I get very excited when my wife wants to go to Sephora because I'm always looking for my next new favorite cologne! The staff here is very knowledgable on what's popular and they are very good at helping me discover different fragrances that I usually end up loving. Just to be sure though, they always send me home with a little sample to try out for a few days before I buy!",positive
yelp_348270,"Ugghh. We were fooled by the lure of a cool ambiance and an intriguing menu -- Cyros has the appearances end of things down pat, and they do a great job of setting high expectations. Spraying on your soy ... unique and fun. Modern decor with a confident zen simplicity that definitely throws the vibe that you are in a hip spot.\n\nBut wow, what a total whiff when it came to the substance of the place. If SouthPark is searching for a strong sushi option to Upstream or Yama, well ... the Taj MaTeeter and D&D won't even be threatened by this one. Bummer.\n\nCyros tries hard at something, but I'm not sure what exactly. It has bland to bad sushi, but at least they offset that with slow, inept service. \n\nIf you're hankering for Hong Kong rather than Tokyo, rest assured the globbed-on mayonnaise (I mean, really ... on a California roll??) and money cat saluting you for luck on the way out will leave no doubt where this \""""sushi\"""" was inspired.\n\nOh-for-three from veteran sushi lovers in our party. None of us had ever experienced avocado with the density and consistency of a carrot before tonight (in not one but two rolls ... seriously, the avocado *crunched*!! ewww). The fish itself wasn't grainy or chewy or fishy, but it was just a shadow of what it should have been -- like lemonade cut weak with too much water.\n\nEpic FAIL",negative
yelp_317518,"Ilya was my barber for my couple visits here. Quick hair cut, not too much conversation which I don't mind. He works with his mom who is the owner, very nice lady. Never a long line which is always a plus. Only thing I wish they played music or had tvs.",positive
yelp_65009,"I like this place. When I go I almost always order the mixed grill (chicken and lamb kebab) with rice! and a side of plain yogurt. I haven't really tried any other dishes so I can't comment on those.\n\nThe service is consistently good. The prices are definitely reasonable.\n\nIt's probably up to par with Aladdin's (also in sq. hill) and Ali's (s.craig st.) \nbut for some reason, i prefer mediterranean grill.",positive
yelp_185854,"I have been to Wolfgang Puck Bar & Grill quite a few times since the MGM is usually where we stay. The first time, I had pizza and it was ok. Nothing special. At that time, my boyfriend order the burger. I tried it and I thought it was delicious. That is what I have every time I go now. I am a bit scared to pay that much money for another ok dish. The burger is huge and comes with some of the best fries I have ever had. I tried their sangria once and it was ok.\n\nThe last time I went, i also noticed they had a pre fixe menu. I believe it was $45 and it included a choice of salad, a choice of entree, and a dessert. It looked like a pretty decent deal.",positive
yelp_342766,"$10 all you can eat app's. What more is there to say. Service was spot on. Food was fair. I had the Norwegian salmon with lobster. Very, Very good. The filet could have been a little bigger. But was very tasty.",positive
yelp_197857,"These people suck. I took my 2006 Chevy Cobalt SS in today for 4 new tires. Left the keys with them due to long wait and had promise from JUAN (manager) that I would receive call when the new tires were installed. Over 3 hours later I returned due to no call to find my car sitting in the unsecure parking lot with the alarm not set, doors left unlocked, and trunk open for anyone to come by and take whatever they wanted. \n\nIn addition, there are jacka$$ employees working there who do not know how to drive a manual transmission with a reverse lockout because they literally ripped the shifter boot off the console and damaged the shifting mechanism - the car will now shift into ANY gear when the engine is turned off and the clutch is NOT engaged. \n\nI show the manager 'PAUL' who is now on duty the condition my car was left in and his response was \""""the glue just came loose\"""". OK, and my certified mechanic husband is an idiot. This yahoo refused to take ownership and responsibility for the actions of his staff and now I am looking at the possibility of paying for these repairs myself as the car is damaged. Let's just leave it said that Bruce T. Halle President and Director, Rick Sims, Regional Vice President, and Phil Trent, Assistant Vice President, will all be receiving phone calls from me next week. Fortunately for me, the corporate offices are here in Scottsdale so I can stop by as well with the pictures I took BEFORE dropped the car off (including the odometer reading) and the pictures I took AFTER when I picked it up showing the shifter boot separated from the console. Some yahoo in the showroom muttered something to the nature of \""""the car only moved 25 feet so I don't see how it could happen\"""" I told him I've been driving this car for years and an idiot who did not know how to drive this car could easily damage the shifter in less than 25 feet - by the way, dude, it is MORE than a 25 foot drive from THAT parking spot to YOUR lifts in the shop.",negative
yelp_159218,This is NOT a place for kids. They will be rude to you even if you just spent $25 in food for them. Band was terrible.,negative
yelp_268088,"DISGUSTED! This location has taken a turn for the worst. First off, the tables were so sticky it felt like somebody washed them in syrup. 3 out of the 6 of us didnt have napkin,spoon or fork when they sat us down. When we got our strawberry lemonades, they tasted so sour and salty. Very disappointed because we love the strawberry lemonade here. So, he brings out the so called \""""bottomless fries\"""". THE 2 BASKETS OF FRIES HAD 8 FRIES INSIDE OF THEM EACH. MAYBE 9 AT THE MOST. So after we quickly make the 16-18 french fries disappear, we ask our waiter for more fries and refills on our drinks. He then refills our lemonades (that taste even worse than the previous glasses) and brings out 2 more baskets of bottomless fries. This time the baskets have 7 fries each now. And thats the last time we see our waiter. We get our food from different servers. 10 minutes after we recieve our food, the waiter brings us the bill without even asking us if we were going to have dessert. Very poor customer service. Staff was just out riight horrible. \n\nWe werent even done with our food and he drops the bill on us. My brother ordered bottomless rootbeer floats and had to track down the waiter to get his refill. Now mind you, its 8pm on a Wednesday night. Its not even busy, and we were 6 of the 20 people who were in the place. Will never go back. As for the other 5 of the party, they also have let me know they will never go back. Sad.",negative
yelp_81001,"We got in line, gave our name, then MANY people who came after us were seated before us. Fuck me right? \n\nWe like the wings, the rest of the food was meh.\n\nTook a good fifteen minutes from when we got the bill to when we could sign it and leave, we were even right next to the register.",negative
yelp_321732,"Our party of seven arrived at 6:30 on a very recent, and rather pleasant, Friday evening. We were seated on the patio, cooled by misters and a large oscillating fan. Drink orders were taken (beer lovers, you will be disappointed by the selection), and after 10 minutes of nice conversation, food orders were taken by our attentive server.\nThings went downhill from there.\nAppetizers arrived at 7:10, roughly 30 minutes after ordering. Entrees arrived at 7:45 with a slight problem. Two of the seven in our party ordered the white pizza. A different server explained the pizzas had burned and would be out shortly. The server added that the pizzas would be removed from the bill. Others dug in. I did not touch my burger, considering it impolite, and chose to wait a few minutes until the pizzas arrived. \nExcept that it took 20 minutes for those pizzas to arrive. My burger was cold (my choice, I understand), I took a bite and pushed it away. Everyone else had finished, save for the lovely two ladies eating their delayed pizza. I mentioned to the server that I believed the service was unacceptable. She kindly explained a decision had been made to deliver the table's meals so they would not get cold (I can only assume there are no heat lamps). I respectfully disagreed with her, suggesting that perhaps since it was kitchen error, all plates should have been refired and delivered at the same time. She was courteous and apologetic, though she disagreed with my reasoning.\nShe cleared my barely touched plate asking only if I would like a box, and I shook my head. We rarely saw her after that, only to deliver a bill that had indeed subtracted the two white pizzas with no other adjustments. One of the women at our table, a former server, suggested (facetiously) we dine and dash. Though we all were upset at the casual manner in which our complaints were addressed, we left a 17 percent tip and left, mentally filing the Fired Up Grill into that part of our brain that says, \""""Never again,\"""" next to \""""That pan looks really hot, let me touch it to make sure\"""" and \""""So he has mommy issues, I can deal with that.\""""",negative
yelp_527287,From the foie gras to the wild boar this restaurant does not disappoint. Loved the lamb and the pork belly.....excellent service. Love you Todd.,positive
yelp_84334,Great food and a fun place to hang before a spring training game!,positive
yelp_128140,"Eaten here a few times and the good was pretty good. HOWEVER, tonight (Valentines Day) I had reservations for my girlfriend and I and when we arrived, they had no idea who we were. This apparently happened to two other couples as well, and we were all forced to wait for an opening. After waiting for 50m with constant promises of being seated soon, we eventually had to leave because we were going to miss our show. When we were leaving, I told the hostess how disappointed I was and she essentially said it wasn't her fault EXTREMELY rudely.\n\nNo food is worth being treated this poorly. I am now eating a burger for Valentines dinner with a girl dressed to the nines and we stick out like a sore thumb. I am just praying we still make our show tonight.",negative
yelp_99670,"This airport is huge...maybe too big. It's Vegas, so there's slot machines all over. the cool part is that they had those revolving full body scanners, which I thought was pretty cool! I ate at the Burger King there and It was more pricey than other burger kings, but tasted the same haha. Some parts of the airport seemed pretty old, but it was interesting to walk through and explore before my flight back home. There's also a random monorail thing at the airport that takes you to the baggage claim after your flight gets into Vegas!",positive
yelp_487927,Really dissapointed. I was very excited to come here and was ignored for twenty minutes before I walked out. We even had a conversation about how I was waiting for a menu and some serves before the owner promptly forgot a out me and went to serve someone else.,negative
yelp_5090,"Truly. Meh. The Cutter's Cigar Bar is nice, so I had high expectations. Well, you know the rest of the story. I guess the idea was to let the hotel guests in shorts and colorful polos eat there because Charlotte has nothing better to offer? Not. Almost everywhere else in Charlotte center city is better.",negative
yelp_176959,We had a large party and ordered a variety of items.\n\nThe lobster bisque was very watery and had a small portion of lobster. Upon serving it the waiter accidentally put his thumb in it. But luckily they made a mistake and had brought a second soup so it was easy to swap out.\n\nThe steaks were all cooked perfectly and delicious.\n\nThe bake ziti was a large portion and while the waiter said It was a very spicy dish with the sausage I didn't taste any spice at all but it was great all the same.\n\nFor desert we had the build your own cannoli.\nEveryone was pleased with the toppings but no one cared for the filling.\n\nThe view is amazing especially at night and the service was wonderful aside from the mistaken order and thumb in the soup.,positive
yelp_181591,I'm from Los Angeles and thought since I was in Las Vegas the clubs were suppose to be a great experience. I got to this club and strike one is they don't play hip hop which I thought was ridiculous. The tired music they did play was late and the people were very corny at this place. I asked the Dj why they weren't playing hip hop and he said the owner didn't want to attract the wrong crowd which was completely ridiculous in a world where hip hop is liked by 80% of the population. I just really feel like this club needs new management and hopefully someone who's young and with the program. Whoever's running this place is completely out of time with the people and obviously doesn't know how to please the people. I would have to say that this was my worst experience ever at a modern day nightclub. Vegas is known for it's great nightclubs but I can honestly say this place was so boring I ended up sitting on the couch. The two rooms they have only played techno and top forty music which only lames listen to which the whole place looked like people from Kansas City or somewhere lame like that. Absolutely the worst Dj I've ever heard. Don't waist your time at this dump unless you like techno all night and expensive watered down drinks. I really wants to give zero stars but unfortunately that wasn't an option.,negative
yelp_86016,"Excited to experience a showdown between Elote chef Jeff Smedstad (who we have long loved and think is the best Mexican chef in the US) and the Chef at Cowboy Ciao, we arrived with high expectations for a special meal. The premise was each chef was to prepare 2 dishes, with wine pairings, and the crowd was to vote and pick the best dish and pairings. What a great premise-- right? Unfortunately, the meal was disappointing. The first shrimp course was cold, overcooked, chewy and flavorless. The other courses that followed were cold, under seasoned and just plain bad in our view. Smedstad should be ashamed and embarrassed. His culinary work is so strong at Elote. He is a true genius. Not sure what happened here, but this food was not up to the standards of a chef of his caliber. The wine pairings were fun; however, several of the wines were whites and rose, which is not necessarily a bad thing, but these wines were served about 20 degrees too warm, which made even some very nice wines unpleasant. The restaurant seemed ill equipped to handle a crowd of this size-- it took way too long to serve each course, which likely explains why the food was cold and the wine was warm. In any event, we will not be back to Cowboy Ciao.",negative
yelp_128204,"As I write this I'm still icing my feet after dancing my pants off here this weekend! This was my first trip over to the Hard Rock Hotel, and I was not disappointed! After skipping the lines and cover charges (yay!) we were escorted over a red carpet to the club. \n\nVIP sections are all along the balcony's up top, and are beautifully furnished with plush couches and lit by candlelight. The folks we were with drank their $7,000 worth of drink service in 30 minutes... way to go guys! Below the VIP sections was one of the most fun dance floors I have ever been on. Everyone else thought so too, because it was packed! Unfortunately, my toes took somebody else's stilettos twice (OUCH) but it didn't stop me still! We all danced the night away under spectacular chandeliers, and even greeted Three 6 Mafia out on the floor. \n\nThe bars were well stocked, and I rarely had to wait long. Drinks were on the pricey side, but tasty. The bathrooms didn't have a wait - ladies, you know how clutch this is - and the sinks had the craziest 20 inch tall swan faucets I have ever seen.",positive
yelp_361364,Love this place! Their burgers and fries are wonderful! My favorite part is the ranch dressing. The service is always great and the food is always made to order. I would go here for lunch everyday if I could. They also have great daily specials.,positive
yelp_241993,"Consistently good food and consistently bad service.. what can I say I am torn. They have a great menu of rolls, decent ayce prices, their ahi poke is on point, but on the other hand I have had too many bad service experiences from them to count.. For that I would say there is better in Vegas and its worth looking for.",negative
yelp_55727,"We had a lunch with a great app iof guacamole that was fresh with lime. In addition, there was sausage with fried onions and bananas over toasted bread. \n\nMain dish was feast of black beans, light white rice, and a fresh chicken dish with vegetables. This was the lunch special at $8.95.\n\nArea is a little sketchy but ok for lunch. As a Vegas resident, I like these family restaurants.\n\nDefinitely returning.",positive
yelp_261226,"Fantastic crepes, lovely service and a hot neighborhood spot near the Farmer's Market and State Capitol. The BLT crepe with fried egg is a must have. The restaurant uses Kickapoo coffee beans and locally grown produce. Nice find!",positive
yelp_482889,"I love how big and comfy this coffee shop is. The food and the drinks were good, but I was surprised at the lack of baked offerings late in the afternoon/evening-ish. I was in the mood for coffee and dessert on a different visit and the bakery trays were empty. It won't stop me from going back because they are very friendly and I enjoy the non-corporate vibe.",positive
yelp_184442,Best thin crust pizza in this area. There are several pizza places near campus but this one is the closest place that has good chicago pizza and it reminds me of pizza back home (near chicago),positive
yelp_425878,"I've been here a handful of times and I am truly amazed at all of the over the top positive reviews. But let's get past the hype and into the details. \n\nI have had the pulled pork and it was just Meh for me, I had the sloppy joe and it was awful. I told the owner it was awful and he was a stand-up guy and gracious enough to replace it with the pulled pork. Thinking recently that I was missing the boat, I ordered a Cheeseburger with fries and a soda for $9.24. There are no refills on sodas. This is probably designed to keep the nearby high school kids from loitering all afternoon after school. The burger tasted like it was cooked in the morning and reheated. It had a char taste to it but quite frankly I have had better burgers at Burger King. The fries were way over seasoned and did not taste good and were thrown away.\n\nSo I feel like I can go to Whataburger down the street and get a much better tasting burger, fries and free refills for a lesser price.",negative
yelp_32707,"My coworker likes to eat here when we're at the mall over lunch, and honestly, the place had to grow on me (seriously half a year). I've worked out my formula -- a half sandwich (winner: roast beef gorg) and a pastry or dessert (winner: palmier but I'm working thru the ho hum case).\n\nWhat has won me over: fresh, chewy breads, the mgr who is bussing tables alongside the rest of the staff, the bussers themselves are friendly, a microwave if you have to heat up small kid's food, even a courtesy phone! They really try to make your whole experience pleasant... the level of detail to customer orientation is pretty amazing, it's all in small ways but adds up. \n\nActually the phone is what gave it the 4th star... it's just soooo... courteous. Goodness forbid I'm without my cell or the battery is dead, but I will appreciate that phone is there one day.. I'm sure.",positive
yelp_266129,"This place is so good....if you are bored with Japanese chop-chop, but still like the show, this could be what you are looking for.\n\nWe had the short ribs...so tender and delicious. They cook them at the table so you can start pulling them off when they are done to your liking. \n\nWe also had the bulgogi which is basically shaved prime rib marinated in a sweet spicy soy sauce...it is cooked on a different grill from the short ribs....this is delicious also.\n\nTo have the food cooked at the table you must choose 2 of the same meat, approximately $17-$25 per choice....you can mix different flavors though...example: if you want the marinated and non marinated short ribs you can order this. \n\nDishes are all served with rice in a metal bowl with lid. Many small condiment dishes are served....ask your server what is in each bowl, they are more than happy to explain anything there! If you want more of something, just ask, they are happy to bring more! there is also lettuce served.\n\nIf you are uncertain how to eat the food, ask....the waitresses here are very kind and will answer any questions that you have...they seem to understand that not everyone knows the \""""rules\"""" for eating Korean food.\n\nWe like to break the lettuce up into smaller pieces, get a little bean curd and some meat and veggies....maybe a pickle...and make a small little sandwich wrap...just enough for 1 or 2 bites. \n\nThey also served us complimentary ginger cinnamon tea for dessert, which was a very nice way to end our meal.",positive
yelp_240760,"This is a really nice place to hang out. There are lots of comfy places to sit and an expensive bar to spend a bunch of money at. The couches are separated enough from the dance floor that you don't feel like you have to dance if you don't want to. The lounge is very open to the rest of the casino, just to remind you that you're in Las Vegas and to urge you to gamble more money! Just take a few steps outside some boundary and you can smoke 'cause you'll be on the casino floor. Yay.",positive
yelp_94178,"Oops! Looks like I'm breaking the trend of five-star reviews.\n\nThis place is okay, but definitely not 5 star-worthy.\n\nFirst, the eats: The pastries, while I'm glad to say are made with decent ingredients (they post them, and there's no soy crap or margarines/hydrogenated oils), they're not very impressive. Their cookies are the hard, crunchy kind which I generally dislike (especially when they look big enough to be the soft kind). The other pastries, like their red bean rolls and things of that nature, are reminiscent of a sweet hot dog bun filled with whatever filling. I will admit I haven't tried any of their cakes, but given that I didn't like the other stuff...\n\nNext, they're not too great with customer service; especially ostensible contrast. What I mean by that is that both times I've been in there, I have been preceded by a Japanese customer to whom they were very jovial and nice. Then, here comes the white guy (me) and they're kinda like \""""eh.\"""" They also really oughtta hire a woman to be up front, as the guys there (including the old guy I saw in the back) all seem pretty brooding and preoccupied.\n\nI dunno; I get the tendency of people to give 5 star reviews based on the fact a place is locally owned and/or novel (Wow, real Japanese people!). I just feel that in this case, it's hype.",negative
yelp_79016,terrible. had more excuses as to why they didn't show up. put in new well pump. it only lasted a few years. have a feeling it was a used one. all he seemed to care about was talking about the nudist colony in new river.,negative
yelp_124727,"How have I never been here before, considering that I am a black and gold city yinzer? Well, this oversight was revised this morning. I got here about 10 am this morning and totally expected a long line. We only had to wait about 5 minutes and got a great booth in the back. If you're in a rush sit at the counter. Service was friendly, quick and professional. Place was packed with all types, classes and colors. Everyone from family's after church to folks like me with disheveled hair wearing the same clothes from the long night prior. This offers a true snapshot of the folks of my fine city. I ordered the corned beef hash and poached eggs with a side of sweet sausage and toast. The corned beef hash was great charred perfectly and tons of flavor. The eggs were about average and the sweet sausage was amazing. They offer a ton of breakfast meat options, everything from chorizo to amish ham and sweet sausage. My breakfast was a little above average, however my friend made a much better choice. She ordered the breakfast sandwich, which was great. It was served on fresh italian bread with mounds of cheese and crispy bacon. I like Pamelas for pancakes, but for just true good diner breakfast food this is my new favorite.",positive
yelp_11787,Wanted to go try this place out for Restaurant Week. Stopped in and when we were greeted at the front we were told the earliest we could get in was at 9pm. There were many empty tables and there wasn't even a waiting list for people without reservations. The situation at the door just wasn't handled very well. Can't comment on the food but we'll eat at one of the other hundred restaurants in the metro area. We know we can get some food there.,negative
yelp_86521,"I really love Malee's and the food is always good. I've been there quite a few times and i have to say that there have been some changes. The negative changes are that the portion sizes are smaller and that the waitstaff is a little pushy sometimes. Neither of these things is overwhelmingly awful, but I wish they hadn't gone this direction. When I first started going here about 6 years ago each entree could easily feed 3 or 4 people if you ordered a couple of dishes and went family style. Now they feed maybe 2. It's obviously not a huge change but one that I've seen happen at other places when the begin to slip. Now for the positives. Their dishes used to be very mellow as far as spices went and they have definitely kicked the spice up a bit which I love ,not that you can't get it mellow anymore they just have more spice options. and They had some really tasty drinks both alcoholic and non. Overall I still love this place and will continue to come back.",positive
yelp_427756,"Remember the old Seinfeld show where Jerry is in the car rental agency and is told that they don't have a car for him even though he has a reservation? He said \""""It's easy to take a reservation, the key is to keep the reservation\"""" or words to that effect. He could have been talking about the Barbershop on Junction Road. I had haircuts their twice before after making phone reservations. The wait was short and the haircuts were okay - not great but then the price is pretty reasonable. Today I called and asked for a reservation late afternoon. I was set up for 5:00 pm. When I got there I was asked to sign in and sat down with about six other customers waiting for service. As these customers were called one after another I finally went up to the desk at 5:25 to ask when I'd be served. Turns out the employee didn't even know where the reservation list was. They were just working off the signup list when people walked in. I was told I'd be next after another walk-in was serviced. They know how to take a reservation, they just ignore it once taken. I also note that I've never seen an employee twice in any of my three trips. The place is obviously high turnover with no interest in providing professional service. I recommend you look elsewhere for a haircut.",negative
yelp_37181,"If you're here for lunch, do the lunch combo: mixed tempura and fried oysters!\n\nSushi is great here is well. The atmosphere is kinda tight and noisy but during lunch hours on weekdays it is to be expected with all the business people who come here for feeding time. The lunch menu is decently priced and the food is great and the service is awesome.",positive
yelp_535445,"Moved out to the East Valley and discovered scorpions more than I would like to see. I called, John showed up, sprayed and educated me. Priced fairly and very knowledgeable. For sure to recommend!",positive
yelp_372941,"Slow service. A lot of people who were waiting before us left cause they were so slow, AND there were empty tables. Got seated and waited a good 30 min for our food.\n\nBurgers were good, I got the oxtail chili cheese fries. So not worth it, barely any oxtail, it was more like beans, cheese, and fries. Overall, stick to the burgers.",negative
yelp_296589,"The food is actually three star or maybe a bit better, and the ambience is okay. The problems:\n1. Very expensive for what you get.\n2. A wait staff that hounds you to death.\n\nI've been to a number of Brazilian steak houses, where they bring skewers of meats to your table and you ask for pieces of the ones you want. You can eat until you are stuffed. There is also a salad bar which has about 30 items, most of them high end and of good quality (such as fresh mozzarella, roasted peppers, heart of palm, etc.). They bring bread, fried bananas, mashed potatoes, and fried polenta to your table. But mostly its about the meat.\n\nFogo de Chao has about ten varieties, including filet mignon, top and bottom sirloin, a couple of lamb cuts, bacon wrapped chicken, etc. If you don't like your meat medium rare, you will have to ask them to cook you something (which they will do). In general, the meats are ok, but pretty much without sauce and seasoned with salt and pepper. In short, not great. The experience might still rate 4 stars, disregarding the price, if it weren't for the servers.\n\nFogo de Chao gives you a disk, red on one side and green on the other. When you want the meat servers to stop by your table, you turn yours to the green side. If you are not constantly eating, within about 33 seconds, a waiter will pop over and ask if you he can get you something that they haven't brought out in the last two minutes. This is very nice -- well, it's nice the first six times, but then it gets obvious that they are rushing you. If you sit around to digest your food, you might eat more. Heaven forbid!\n\nIn any case, $50 just for the buffet and meat is stiff, and the food needs to be really good to warrant it. It just isn't.",negative
yelp_134329,"This is the best Nobu. Better than NY, better than Milan, better than Dallas, better than LA...\n\nI know it is in the middle of the desert, but this place always delivers and still has a great vibe.\n\nThe kobe beef nigiri is amazing (even better than the off-menu kobe sliders at nobu NY)",positive
yelp_31038,"I give them a lot of credit for serving a wide variety of vietnamese dishes in a city that's easy for restauranteurs to take the easy route and do what's typical and still get enough business. The ca kho (caramelized clay pot catfish) and canh chua (sour soup with okra and taro stems) are hard to find in general, popular in Vietnamese homes and done very well here. Never had their pho - suggest ordering their more atypical items!",positive
yelp_177006,"After eating at a buffet for lunch, we were looking for a lighter meal. We weren't consciously looking for anything expensive, but had happened to end up in Mandalay Bay with a very tired 3 year old. The menu at China Grill caught our eye because they provided half plates and the food looked interesting. We decided that ordering an appetizer and an entree to share wouldn't be too expensive and ducked in. Despite the place being really too nice to bring a 3 year old in, it actually worked out. A sippy cup of juice, low lighting, and a quiet restaurant worked their charm and he was out like a light, allowing us to eat a very, nice meal in peace. We ordered the pork belly appetizer and the duck two ways. I had never had pork belly before and this was delicious (although I don't think I will order another one for a few years!). It came with two salads, watermelon and avocado. Delicious. The duck two ways was obviously inspired by Peking duck and was supplied with delicious little crepes to roll our duck in. Very, very good. Loved the chocolate-orange sauce. We also shared a cucumber mojito, which was a very refreshing drink. All in all, we were very pleasantly surprised by the food. The only problem was the price. Half orders of one appetizer, menu item, one cocktail and juice came out to about $60! A little too expensive for us, but the food was memorable.",positive
yelp_303228,"We've been to the Golden Corral for breakfast many times and each time it gets ever so slightly worse. This most recent visit was really the final straw for me. The food is so overly salted that I have to wonder if there is an enormous salt lick in the back that they use when heating up the food. \n\nMy son likes to drink milk and the little cartons of milk available for the kids have been spoiled the last three visits. The dates have been fine but the contents of the cartons have been spoiled to the point of becoming cheese....ew. With that in mind...something is wrong here. \n\nThe service is sketchy at best. What starts out as a great server ends up overwhelmed, annoyed, and irritable within 30 minutes. Who knows why or what happened but all I know is that the plates stop coming and the friendliness goes out the window. \n\nSo basically...skip this place. Go down the road to the JB's in Sun City Grand. Sure the blue hairs will glare at you because you are on their turf, but at least you'll get a decent meal.",negative
yelp_331011,This 24 Hour location is really busy and the equipment is worn out. I did not like this particular 24 Hour.,negative
yelp_347705,"I totally get it. Those of you that don't... think about it. Culinary, Dropout. The food here is delicsh. An awesome take on food we already know and love. It's not traditional bar food... it's high quality and well thought-out bar food. It's what we seek when wanting a break from the normal grease bomb fried beer burger bar joints. It's like saying *$@% to the traditional, then keeping what's great and making the rest your own.",positive
yelp_127846,"Wasn't able to try the food\nAfter waiting for 15 min for service, we left!",negative
yelp_36180,"I hadn't been here in a couple years and had some time off, so wanted to visit my favorite local coffee place....wow what a difference a couple years makes.\n\nFirst I got in and there were several people working behind the counter. Instead of helping, they just kind of looked at me for a couple minutes like I was bothering them. But the worst was the service.\n\nI couldn't connect to their WiFi which is one of the reasons I came. After asking someone behind the counter if she could help, she just said \""""well we haven't had any problems\"""". What about the problem I was having?\n\nI just took my drink and left. Obviously I wasn't the only one. There was another guy in the parking lot with his laptop out next to me leaving. I asked him if he had any issues connecting and he also was having the same issue. It would have been an easy fix, but they just really don't care.\n\nBtw, it's definitely not my computer having issues, I\""""m typing this from one of your nearby competitors now. ;)\n\nService has really gotten poor here and I won't be back, too bad.",negative
yelp_80454,"A friend of mine told me that his best friend played in a band (Disaster Services was the name) and that they were going to be at this bar. I was a little leery at first as the neighborhood isn't exactly the best, but by no means bad.\n\nSo I dropped down there, which was a bit of a drive from Avondale. I pulled in behind the bar, where all of the parking was. The parking lot is laid out in a somewhat confusing manner that leads me to believe that those who end up driving with a few too many in them may see headlights in front of their car as they try to navigate the layout. I wouldn't consider it discouraging though, as long as you pay attention to the arrows on the ground. Pretty self-explanatory.\n\nSo I went inside, and the builders seemed to have a nice floor plan in mind, save for the bathrooms being in the same hall as the front entryway. The bar is in a sort of tophat shape and past that are a series of high-top tables. The seating on the patio was a sort of bar-like countertop on one side and some shorter but wider tables as well as tables suitable for 2-4 people.\n\nI remember seeing three pool tables and a jukebox (which was not in use for the band's sake) and the ever common but never boring video game screens on the bartop. Just as with most bars these days they had multiple LCD TVs showing sports and poker games.\n\nThe service was great. I sat at a hightop thinking I'd be sitting there for a little while until I met the server, but one of the bartenders came by almost immediately. She was one of three there that night and all of them were quick to take my order and as friendly as could be. They claim \""""No one under 21, and we card!\"""" and they weren't lying.\n\nThey have lots of beer on tap and also claim to have the best wings in Phoenix. I can't say if they were THE best in Phoenix, as I haven't tried many wings out here, but the wings were excellent and complemented my Kilt Lifter rather well.\n\nOverall, I can certainly see myself heading to O'Brien's many more times again. Oh, and that band, Disaster Services, played a great show! I don't know if they play there often, but if you like Classic Rock, 80's Rock, 80's Pop, Motown, and really interesting medleys of the genres, it might be well worth an evening to check out the bar and the band (should they be playing).",positive
yelp_443965,I love the art work probably more than the food but it's a toss up. Both are wonderful.\n\nHappy hour is a good deal and service is always spot on.,positive
yelp_27203,OK...10 or 12 people waiting and later found out there is one doctor there on a Monday morning. The lady at the front desk was very rude and helped me feel stupid for coming in. She told me that I should be in an emergency room which is fine but it was the way she said it and her demeanor that was rude to my wife and I. So I left and went to the new John C. Lincoln facility near Carefree Hwy and I-17. Wow what a difference! Those people were standing tall to help. I'll never go to Anthem Health Network again for anything. All it takes for me is one rude person who is apparently placed in an important patient contact role and I'm outta there for good. She did it in full view of three other employees so to me it was apparent that was just how patients are allowed to be treated there.,negative
yelp_341729,"I'm spoiled by Harkins. With the cup deal, and the shirt deal for free popcorn, you only spend a dollar or two more per person than if you went to Picture Show. Plus I'm spoiled by good sound for my movies. If I miss a movie before it hits the discount theaters, It's almost worth it to wait for DVD, then watch it on my TV at home.",negative
yelp_85245,"So disappointed! I am sitting at the farm now, with the bill in front of me, yet my empty plate is still on the table, and has been for 15 minutes. The crepe with bechamel does not come with bechamel, it came with milk on top or so it would seem from the lack of thickness we would associate with a true bechamel. We respectfully asked for something else and were treated to attitude the rest of the breakfast! \nWhy do servers not realize that an unhappy customer doesn't come back? Our waitress Janis knew right away we were unhappy but instead of asking, she avoided us. I actually stopped another waitress, who much to her credit, was gracious and polite and offered another choice. Then when the hostess brought the new dish she plopped it in front of my husband and said \""""sorry you didn't like the crepes\"""" in an extremely disingenuous manner. Sorry Arcadia Farms, your location may be cute but I'd rather eat soupy crepes at a restaurant that understands the lifetime benefits of making sure customers are happy. Never coming back!",negative
yelp_433746,"Never again. It was a pretty nice morning, so we decided to eat outside and were told by the hostess to sit wherever we chose. We waited 15+ min for someone to take our drink order (as we were getting up to walk away). We waited another 15-20 min to get our drinks and get our order taken, then watched as people who came in several minutes after us got their food before we did. When we finally got our food I was less than impressed. Everything was very bland and the hash browns were more like a paste. After we were finished and someone finally came to check on us, we asked for our bill. We waited for more than 15 minutes before I finally went inside to track down our waitress who looked at me like she had never seen me, then spent the next 5-7 minutes trying to find our tab. Horrible experience, I will not be going back.",negative
yelp_147314,"Mystere has been playing for some time and anyone can see why once seeing the show. It's everything you love from a Cirque Du Soleil show; acrobatics, dangerous feats, mind-blowing talent, and audience interaction. It takes all this talent and delivers it on a plate of humor and color. \n\nThe ticket prices are fairly inexpensive, as low as $55 if you buy them on the strip, and there's the Sirens of T.I. just outside the hotel to watch before a show or dinner. If you don't have the money to see O, definitely try and catch Mystere. It's one of the shows you can even bring your children to. It just doesn't have anything on O.",positive
yelp_375977,"Went here Jun '12. So in my nearly 25 year of life on this Earth, I've never partied in Vegas. This place absolutely set the bar.\n\nMy friend knew a promoter so we didn't pay to get in AND cut the line. Yes, we cut all the hot girls who actually bring the men in. As a small group of dudes, that made me feel like a celebrity.\n\nOnce I stepped into the club, the girl:guy ratio was ridiculous. I'm talking 7:3. Think of a Pitbull music video...great looking people getting insanely drunk. That night was open bar for the ladies so let's just say that there was some extra wildness. Great music and a lot of fun people made for a great night.\n\nI go to buy a drink and this is how the conversation goes:\nMe-\""""Can I get 2 redbull vodkas?\""""\nBartender--\""""Oh yeah sure that's $40\""""\n-\""""Oh no, I just wanted two, not 4\""""\n--\""""Uhh, yeah that's for two\""""\n-\""""Meh\"""" *hands credit card*\n\nAbsolutely worth it.",positive
yelp_426039,Had both of my teacup yorkies groomed here today and I'm so UPSET! I specifically told the groomer that I wanted half off the hair and the face round with the teddy bear look. She didn't listen to what I wanted.\n Instead she cut off 75% off their hair and my dogs don't even look like yorkies! They look like chihuahuas! One of dogs is almost bald on her head. She had a long beautiful pony tail that took a long time to grow. And it's shaved off! Uuugh!! I'm so frustrated!!! I told the employees that I was upset and not happy with the haircuts and all they could do is give me $5 off. Really?! Why can't I find a good groomer in my area?! I'm never returning to this place! And I will not recommend this place to any of my friends. I didn't even want to rate 1 star for this place but I had to in order to post my review.,negative
yelp_495768,"The f****ing worst. Called them at 8am to schedule a pickup. They were nice on the phone and told me to call back in 10 min when I was ready to roll bc a driver might be there in 10 min, 30min the latest. I called back 10 min later (8:10) and ordered the cab. Sounded easy peasy. Was told to wait in the lobby and to wait for a call from the driver... as you can imagine, both the call and the cab NEVER CAME. So, I was forced to roam the streets looking for a cab at 9:10, an hour after booking a cab through this shite company. Do yourself a favor and DO NOT CALL lvcabs.com to book a cab, unless you really, really enjoy aimlessly hanging out in your lobby.\n\nUber... HURRY UP and get to Vegas already!",negative
yelp_404145,"Cool hangout. Great LED walls. Dancers, what else can you want?",positive
yelp_118912,good Chinese food is apparently as easy to find as good pizza around here. I ordered from here hoping it was better than the subpar place I usually ordered. It was worse. I ill add the following disclaimer: I ordered it for Chinese food. Maybe their thai dishes are better but I'm not going to find out.,negative
yelp_441107,"I came here on a Friday to feast on a Philly cheesesteak; had it with the onions and peppers on white bread.It was phenomenal! So much that I spent the whole weekend dreaming about it. And so I convinced my co-workers we needed to eat here for lunch the following Monday. I ordered the Philly again on white bread w/ onions and peppers, but this time w/ chicken as the filling. Wow! It was delicious! The bread was not soggy. And both sandwiches were flavorful. It was well worth the $7 plus change spent.",positive
yelp_160793,"Overall a great dining experience. Party of 4 with reservations with a good table and great service. Wine list is extensive and expensive. We brought a good central coast Viognier in and the corkage was $35.00. Wish we had brought the other bottle of wine with us and just forked out the 2nd corkage fee because we ordered a $60.00 bottle of an Italian Red...2002 Sangiovese I think and it was horrid. With such great food, having some good wine can make all the difference and if it means bringing in something reliable, then do it....most of the decent wine is probably at least about $100/bottle although there are bottles which are cheaper...and I guess you get what you pay for.\n\nAnyways, more importantly, the food. Really addicting bread with olive oil, different rustic great taste. Ordered two appetizers for our party to share....not sure what the ladies had but the guys shared the grilled octopus which was fabulous, touch of sweetness and cooked to perfection. Couldn't help but sop up some of the juices with the bread.\n\nFor dinner I had the lobster gnocchi which was phenomenal. I took my time to savor every bite. Everyone else was extremely pleased with their meals as well. \n\nDidn't have room for dessert but they brought out these little pumpkin cheesecake bites or something...can't remember exactly what they were but they had that sweet pumpkin spice flavor. \n\nWe thought the dress was business casual, but you can wear nice jeans with a nice dress shirt...and we were told that dress shorts would have been okay too. \n\nDefinitely will return when I'm in Vegas and will bring a couple of good bottles of wine....maybe three bottles. ;-)",positive
yelp_438304,Go to Manny's on Ind Sch & El Mirage! Soooo much better food & drinx,negative
yelp_321314,"This is a great gym! Thats all i have to say. It has a basketball court and racquetball courts, jacuzzi, sauna, cycle room, pool, aerobic room and a awesome free weight area. The staff are very friendly and supportive, the price is right and it just recently got remodeled with all new cardio machines.",positive
yelp_242090,"This is an updated review. This place never was my favorite AYCE sushi but it is located close to my home and their sushi was decent. They also had a lot of hot appetizers that you could get with the AYCE option. BUT my recent visit here was absolutely terrible. I got the AYCE dinner and started out with a few nigiris. The rice was hard and crunchy!...Horrible! How can you mess up the sushi rice at a sushi restaurant?! The even more disappointing part was that AFTER I complained about it the server told us \""""yeah the rice is messed up tonight\""""... the manager said the same thing. The fact that they told us AFTER, seemed as if they were hoping nobody would complain and say anything. My friends and I didn't get to order a lot of the things that we wanted... such as special rolls and hand rolls, all of which HAVE rice in them. Completely unacceptable. And they charged us FULL price without even offering a small discount or a complimentary cocktail or what not. Very disappointing.",negative
yelp_290683,"It was very expensive, and we didn't even get the fur parkas that are advertised. Instead, they gave us ugly giant blue jackets. We were uncomfortably cold, and nothing they provided made it a fun or enjoyable experience. The bar is tiny, and it's only moderately novel at best. Save your money!",negative
yelp_320695,"Some hotels charge an extra fee to use the hotel gym/fitness center but not Aria. It was a pretty decent fitness center with free weights, lots of cardio machines (treadmills, stepmills, and bikes), a good variety of exercise equipment, even a squat rack! The provide towels and chilled water bottles. And there's a fireplace lounge to relax in too. Just need to show your room key to use the Fitness Center. Definitely a plus for this hotel.",positive
yelp_471573,"I havent written a review for years but these two young ladies were so rude that i had to. Early flight out this morning, needed a fix. Customer service is not in thier vocabulary! Ordered a caramal machiato which I ended up throwing away. Save your money and go to Starbucks!!!",negative
yelp_406203,"Ok I went here around 11pm on the 24th and had 2 slices of white pizza. One word: BOMB.! When we walked in the place wasn't busy at all. There were a few people there but no one in line. When I looked at the pizza I was underwhelmed being that I looked at some pictures on Yelp 10 minutes before. The pizza looked liked it had been sitting there a while. I ordered a slice of white pizza anyway, and the lady put it in the oven for a few seconds. When she took it out of the oven it looked like it had came back to life! And when I ate it...it gave me life! It was delicious and the crust is super thin. The crust sort of tasted like a crunchy breadstick. It was really good! And my friends got the meat pizza and said that t was good too! I'm giving it 4 stars only because the cashier was sort of lackluster at first, even though she seemed to lighten up after a while. And also because there is virtually no seating ! Other than those minor things...the place is great.!",positive
yelp_76212,Jojo's has been stepping up their game lately...I figured with them u just have to be detailed ...I always get a large well done cheese with 20 sloppy wings ...well done and sloppy are key words here...also their customer service is pretty good.,positive
yelp_90574,"Can you give less than one star? I called on a friday night for delivery and the guy told me right away they were done delivering even though the website said they still had an hour left. He asked me to hold, but i could hear everything he was saying in the background. He was joking with his friends. Very unprofessional. When i went to pick up my food, the bar was covered in trash and dirty plates. The bar tender was taking shots and swearing up and down about how much he hated his job. I just about walked out when he started to ask me why i wasnt smiling over and over. His friends were hitting on me while i waited for my food. This place was disgusting and should be shut down for so many reasons. I will never return to this p",negative
yelp_255736,Worst buffet I ever had. Very limited choice and taste very bad.,negative
yelp_230460,"Was recently visiting family and my brother found this cool little bar! I can't discuss it's location because, frankly, I don't know my way around. But the inside was cool, slightly divey, but still nice and relaxed.\n\nIt was a Saturday night so the beats were bumpin'!! The DJ was a bit loud, but service was good. And the rock band on the other side was pretty killer too!! I like the split between the bars to allow a little bit of diversity but sound proofing between the two sides. My only complaint? Bathroom cleanliness could have been a bit better.\n\nOverall, great experience! Enjoyed it, would recommend it, WILL RETURN next time I'm in town!!",positive
yelp_369659,"I had breakfast and the food was not good. Rubbery fake scrambled eggs, microwaved sausage patties, toast was ok I guess and the potato wedges were ok.",negative
yelp_424073,"I enjoyed my first time at The Beerhive. I didn't think the bar looked like a Steeler's bar, its yellow and black for bees, which I even enjoyed the little bee people on the bathroom doors (bathroom was clean also) ! The food was good, chicken salad actually had real chicken, and you could tell it was a freshly made salad. Service was great, very friendly staff. Prices were reasonable too. They had paintings/photography from local artists on the wall, and more upstairs, which was enjoyable. I would definitely go back!",positive
yelp_325682,"My husband and I just had lunch at this yummy buffet. We have been To at least eight different Indian buffets over the years, including two in Europe, and this is the best by far. The butter chicken literally melts in your mouth. Everything was tasty and the price was almost too little for this great food. We will go back!",positive
yelp_251547,"Should be 3.5* but i am gonna bump it up. It sure is fast but not super exciting. Its just alright. They do not have too many choice either. And their pork is super salty which kind of ruins it. But as far as mall food joints go its not bad.\n\n\""""Its alright\""""\n\nEugene",positive
yelp_411508,"The food is outstanding - exactly what 'True Foods' promises to be and is not. Chef Sara is a master with raw ingredients, creating wonderful combinations with subtle and spicy flavors. \n\nWe ate the Rawtastic Combo Platter Appetizer with 3 dips and kale salad, and a 5-seed cracker that needs to be seen and tasted to be believed. Then we had the Rawgasmic Sandwich on home made pumpernickel and the Falafel Wrap inside Nori - excellent! Get ready for a little garlic. \n\nFor dessert the Pecan Pie with medjool dates topped off one of the best meals we've had out in a while. All of this is in a cute little place up a hard-to-see dirt road in Cave Creek. Who knew? \n\nWord of warning: go early. We arrived at 5:30pm on a Saturday night and they were understaffed to handle even a small rush of a crowd that came in around 6:30pm. Chef Sara is a magnificent chef and personality.",positive
yelp_273278,"J'y suis all\u00e9e une fois, c'\u00e9tait ma premi\u00e8re exp\u00e9rience dans un restaurant p\u00e9ruvien. Nous avons test\u00e9 en entr\u00e9e le carpaccio de lama histoire de go\u00fbter une fois du lama mais la viande \u00e9tait un peu trop froide pour qu'on go\u00fbte ses saveurs. Par contre plat principal de boeuf \u00e9tait divin! \nLe restaurant est tr\u00e8s bien d\u00e9cor\u00e9 avec des objets et art p\u00e9ruviens. Le serveur est vraiment tr\u00e8s attentif, et en somme c'\u00e9tait une belle exp\u00e9rience!",positive
yelp_336305,Nasty i like hot dogs but this was just awful I have been waiting forever to try this and was so disappointed it's over priced and I could go to tj for a better hot dog and there 1$ something extra for grilled mushrooms were canned mushrooms and I couldn't even finish it but If ur hungry and here I did enjoy there chili cheese fries save ur self the seven dollars and walk away,negative
yelp_510393,Loved this place! The drinks were great and the appetizers were amazing. We were there for quite a while and had a great time and felt very welcome and comfortable.,positive
yelp_262995,"The short: Pink Spot's ice cream has my favorite texture--dense, almost chewy, and smooth. The flavors are spot on. Parking can seem tricky, but there's more along the side and in back, and inside, there's ample seating but with a cozy feel. Service is good, and so are the cookies we've tried. \n\nThe long: Parking out front can be tricky, especially since all the spots slant southeast, but there's more parking around the side and behind the building. Then you might have to duck under or around some patio umbrellas to get to the front door. Once you're inside and home free, though, you have a clean, open interior with couches, tables, and chairs, bookshelves with games and books along the side, and the counter lining the back wall. There's a doorway into the pizza joint next door, too. \n\nThe counter help is friendly, quick, and efficient, and I'm glad they aren't stingy with the sample tastes because I always want to try everything I haven't already tried, and sometimes I just want a taste of something I already know I like. We liked the ice cream so much the first time, we went back twice in one week. We've tried Callebaut chocolate, mint chip, chocolate peanut butter, salted caramel, and pistachio, and they all have good, pure flavors. The texture is perfect--better than any other ice cream I've ever had. I don't know what little mom and pop creamery Pink Spot is coming from (last I read, it was Karen's Kreamery), but whoever they are, they're doing wonderful things. \n\nThe baked goods are made in-house, and they're also excellent. I can't get enough big, soft, chewy cookies, and this has been a dependable place to get them. I haven't tried anything off their savory or coffee menus, but I plan to next time I visit.",positive
yelp_241694,"My husband and I are fairly recent transplants to the Valley and I'd been given a recommendation to check this place out for sushi. I'll start out by saying that the service was good and the sashimi that we order was fresh. After that it pretty much goes down hill. We spent $80 just on sushi, and both of us left there hungry. Steep prices are met by skimpy amounts of fish. The only normal sized item we were served was the salmon sashimi. One of our appetizers was yellowtail, and for $18 we were served 6 tiny slivers of tuna. The rolls, while I particularly enjoyed that they were the perfect bite sized amounts and looked pretty when it was served, primarily consisted of rice. Sorry, but a mouthful of rice is not what I'm looking for when spending $15+ on a roll. I'd actually like to have SOME fish in the roll. Everything but the sashimi pretty much lacked flavor and character. They touted when we got there that it was authentic Japanese, well, I hate to tell them it is far from it! Just because you have a very limited selection on your menu doesn't mean it is authentic Japanese. I've had sushi in Japan... and the Japanese would scoff at what was presented to us. \n\nIf you want to pay for a \""""yuppy\"""" Scottsdale vibe, then this is your place. But if you actually want fish with your sushi and to be fulfilled when you're done eating... I'd keep looking because Roka Akor doesn't cut it.",negative
yelp_289794,"Ok, so maybe dim sum is the way to go on this place. The nice thing is that they have it all the time, and this place is open late (though they closed at 11 when I was there, despite teh giant OPEN TILL 3 AM sign). So maybe call first.\n\nIt was... fine. We had duck and char sieu on rice and hot and sour soup. Though the soup had nice flavour, it was SO corn-starchy and gelatenous that you could probably walk on the surface. Or call it hot n' sour custard. But maybe that was just that batch.\n\nHmm, I didn't see what other reviewers saw, but oh well.",negative
yelp_61874,Half Price Drinks from 2-4pm @sonicdrive_in daily got me in the door for a cherry limeade which was fantastic ...BUT I made the mistake of ordering a chili cheese dog which had to have been the WORST hot dog EVER. It was like a boiled cheap gas station weiner with runny flavorless chili. YUCK:( \n\n\n\nNow I remember why its been awhile since I last ate at Sonic-just bad fast food still trying to survive on the car hop nostalgia totally missing it on the food,negative
yelp_482922,"I could not decide on 2 or 3 stars. However, Everything we experienced here was amazing, up until we got our food. Our server had left! We did not see her for 30 minutes, not even her other tables. It's sad because I was very impressed with her greeting, and her knowledge of the menu. You could tell she was into her job. However, In this line of work, first impressions are sometimes not as important as the last impression. Not sure If I will try another Gordan Ramsay restaurant. \n\nBeing in this industry myself, I couldn't help notice a few things:\nAll the employees wear the same clothing head to toe (men are different from girls). Somewhat weird, I could never work there considering my shoe size!\nOf the 3 managers who were on duty (I only noticed this because of how over dressed they were to be flipping a hamburger) basically stood in the middle of the restaurant and monitored. (Too bad he missed us standing 6 feet in front of him)\nLastly, what is the need for so many people working? I saw more dish/bus boys bussing tables than customers. I usually tip well, but being our server vanished, and the bus boys did her work, I was inclined to leave 5%, hopefully going to the bus boy.",negative
yelp_274,"This store has such bad service. The service staff are rude rude rude. Save your money, shop elsewhere.",negative
yelp_44756,"I Love tacos, but these tacos I could barley even swallow ! Nasty nasty nasty I was very disappointed . I will never go back .",negative
yelp_527848,"There's nothing worse than popping in to grab stuff on the fly for a fellow redditor who left his gear at home and the store is locked up during posted business hours with no note on the door. \n\nI've sent a lot of people here for equipment because it's authentic, but seriously you guys, this is BS. Get your stuff together.",negative
yelp_111408,"Got a favorite color? Is it completely obscure? Don't worry - M&M World will still have M&Ms in your favorite color!\n\nThe wall of M&Ms is one of the most impressive and drool-worthy things I have seen. I had to go with the specialty Pirates of the Caribbean white chocolate Ms when I was there because white chocolate = god. \n\nThe rest of the store is pretty impressive. They basically have every household item you could ever want with M&Ms on them. If you are a die-hard M&Ms lover, this is definitely the place for you to get your fix. \n\nHowever, even if you aren't a huge fan, you can still have fun in this store. I love M&Ms, but I certainly have no interest in M&Ms collectibles and I still have a great time. I actually got a cute shirt that portrays the Ms as characters from Pirates of the Caribbean. I get complimented on it a lot. Normally I don't wear that kind of thing, but this spoke to me. And I spoke back.\n\nAnyway...at this point I am rambling, eh? But you really should check this place out - it's a lot of fun.",positive
yelp_478954,From Chicago this was the farthest thing from it. The beef was just shredded in juice. Had no real taste. Bread was blah and giardinera was super week. Pittsburghers don't know the difference unless they have gotten real beef in Chicago before. This was not it. Won't be going back. Should be called shredded roast beef sandwich. Guy that served it was nice though.,negative
yelp_387220,"Worst service I have ever experienced in a restaurant in my life. Took 15-20 minutes just to get menus after being told to sit on the terrace with heated lamps, which we noticed weren't even working once we sat down. Then after another 15 minutes to place our order, which was a simple order of two poutines and one smoke meat sandwich with no mustard. We were then delivered one poutine, one french fry, and of course loads of mustard on a smoke meat sandwich (which was so small). Usually I'd be ok we an error but after clear specifying my order and it being repeated back to me I'd think it would be correct after waiting over 40 minutes for something so simple. \n\nAnyways after ranting a bit I wouldn't suggest anyone to ever go here because the poutine doesn't compare to a real \""""Montreal Poutine\"""" and the prices are way over priced for the size of meal you receive. \n\nTo put a long story short, take the trip to \""""La Banquise\"""" and you'll get a real taste for a proper Montreal poutine. This place is a tourist trap!!",negative
yelp_218249,"Had muffler service here (almost changed the whole thing that got quite rusty), the price was very good, but the work needed fix just after 2 months (and the new mechanic was surprised at the low quality of the work), and with the current fix, the price is no longer good.",negative
yelp_272823,"Restaurant is rundown and dirty - there were crushed fries on the floor, mustard bottle was oily. Smoked meat (even the lean cut) is way too fatty and greasy, we left huge chunks of fat in our plates. Bread was soggy from all the grease. That place is all hype and no substance. Finally, they have a \""""cash only\"""" policy so they can squeeze an extra percent or two of profit out of the system. Won't be going back.",negative
yelp_106277,"The other day, I was out on the Strip with my friend. We were browsing around and were wondering what's on sale at CVS. We were thinking most of the items might be a little pricey due to its location. I was passing by the make-up aisle and saw the orange stickers with 75% off on some of the products, WOW! I've heard that CVS is considered to be a private store and because of that they raise their prices a little higher than other stores. I've seen CVS had really good deals like BOGO 50% offs on makeup quite often, haven't seen sales like 75% offs on items that sell pretty well.. \nI got some of L'Oreal's Hip Duo Eye Shadows and Revlon's Lip Gloss in 'Lilac Pastelle\""""(BTW, I'm a makeup junkie). It was a random purchase but It was a good buying (saved $30) :P \nThe clerk was really friendly and nice. I might come back to the store if I'm in the area.",positive
yelp_518375,"I just recently stayed at the SLS Hotel for NYE 2015 and I went to the nightclub Life which is located inside the hotel to bring in the New Year the best way possible. The club was amazing and one of the best experiences I've ever had. Everyone that works at the SLS Hotel are all awesome people with great customer service! The night at the club i misplaced my clutch that had my iPhone 6, credit card, and ID...i was soooo panicked!! The day after the club i used the find my iPhone app and it showed that my phone was still somewhere inside the SLS Hotel, in the vicinity of Life nightclub. So on a mission i went, straight to security to see if someone would allow me to look inside the club because nothing was turned in. The sweetest lady by the name of Dani Jackson, who is the head of security on the day shift walked us into the club as the employees were cleaning up, and low and behold we found my purse with my iPhone, credit card, and ID in it!! I was on cloud nine, and if it wasn't for Dani who allowed us to go back into the club, my phone and belongings would of been a goner for good! So DANI JACKSON thank you SOOOOOOO much for all of your help and the help of the security day staff for helping me make this Vegas trip a very memorable one!! I will definitely stay there again and refer all of my friends and family to this hotel as well!!! The SLS ROCKSSSS!!! Esp DANI JACKSON!!!! :)",positive
yelp_325491,"I joined this location on the day of the Grand Opening (late May 2009). I was ecstatic to see a gym open so close to my house. From the outside, it's gorgeous- on the second floor of a building right of the 202. \n\nAmenities: \nCardiovascular machines- treadmills, ellipticals, stair-steppers, bikes, etc. All of the cardio machines have their own TV with headphone jack so you can watch some TV, or hook up your iPod to watch anything you downloaded. \nWeights- lots of free weights and Nautilus machines. Plenty of space to move between the equipment. \nLocker Room- gorgeous tile showers, sauna, steam room, blow dryers for your use, plenty of locker space (bring your own lock)\nChildcare- great facility. Lots of the kids to do, complete with a full-size climbing wall. TVs located throughout the facility so you can watch your kids while you workout\nTheater Room- a place for your husband to sit and watch TV while he waits for you to get ready after the workout (not sure why else you'd need a theater room in a gym)\nGroup Fitness- MY FAVORITE! They have so many different classes throughout the day. Spinning, yoga, plates, step, aerobics, abs & core, etc, etc, etc. Give one a try!\n\nDownsides:\nWish they had more benches around the free weights\nThey dont open until 4:30am on weekedays (tough to get in a pre-work workout when you start work at 6am)",positive
yelp_481675,"Finally!! A good steak in Matthews!! Decent prices, nice atmosphere, and good food. Beef, Burgers, and Beer are all good.",positive
yelp_165934,"Good food, good drinks. I have come here several times and I have not been disappointed. A little too pricey, but otherwise a safe choice. Good bloody mary.",positive
yelp_124160,"Brought car for smog test. They recommended about $1000 worth of services \""""according\"""" to milage ?!?? including transmission fluid flush on car with maintenance free transmission!!! The car was always serviced at dealership and didn't need any of the services. Nice try to rip off a customer !! Be aware",negative
yelp_520626,"My friend and I were only going to be in Las Vegas for one night -- so we decided to try Jayde Fusion as we had watched Restaurant Express and were impressed by the sincerity and demeanor of Chef Seonkyoung on the show.\nBoy are we glad we did. From the moment we were seated and throughout the delicious meal everyone was friendly, helpful and seemed to gout of there way to make it a memorable meal. Our server, Jenny, was on top of her game and out entrees literally came out in 10 minutes -- AND the restaurant was packed.\nThe Chow Fun was perfect with in house made noodles; Korean tacos, really good, spicy seafood noodles, fresh and chocked full of shrimp, clams, mussels, lettuce wraps, we should have ordered another plate to take with us!\nWhen the bill arrived, we were pleasantly surprised on how reasonable it was. Next time we are in Las Vegas, this is the place we will go -- again.",positive
yelp_56070,"I wanted to like Komol because it's close to my house and they carry brown rice.\n\nUpon walking in to pick up my to go order I was greeted by an unfriendly face. The rest of the interaction I had with this young lady was like pulling teeth. \n\nThe food was also extremely disappointing and reminded me of the greasy Asian food at a mall food court. I ordered the chicken panang curry; pad thai with chicken; spring rolls. Panang curry was ridiculously oily that I could not bring myself to eat it and later brought it back for a refund. The pad Thai was also oily and it came in a Chinese take out box which made the noodles clump together. The brown rice I had along with my food was crunchy.\n\nAfter I ate, I went back for a refund for the brown rice and panang curry. I wanted to show them how oily the curry was and that is was not edible. The man did not seem like he cared about improving these issues and just wanted me out of the restaurant. I left with a refund but will never be back.",negative
yelp_341990,"Phil-USA Bikers held a breakfast officers meeting last July 24, 2010 at Kusina ni Lorraine. Kusina ni Lorraine customer service is the lowest of the lowest. Before two hours of our meeting, we were told by the owner, I believe her name is Aida, that we need to move our motorcycles to the uptairs parking area or leave because there are only few parking spaces for other customers. They do not have the right to make us or any paying customer moved their vehicle from the front parking area. One, there is sign that limits our time to park. Two, there is no sign that says \""""Kusina ni Lorraine\"""" parking space so, it is a public spaces. Their food is close to poison. I had \""""Bopes\"""" that morning and I have to missed my lunch and dinner because of gas built-up on my stomach. That will be the last of me Kusina ni Lorraine visit.",negative
yelp_114530,"Cigar smokers beware! Friends of ours invited us to dinner at the Tuscany Gardens recently (03/27/11). We arrived early and decided to play some slots. Since neither of us had been to their casino before, we signed up for their Players Club card and each received $5 in free play. \n\nWhile playing some of the various video slot machines, I lit up a cigar. Since smoking is generally allowed in every casino I have ever been to, I thought nothing of it ---- until I was approached by a Security officer who informed me that there was \""""no cigar smoking allowed.\"""" I saw no signs stating this and wasn't sure if he was just personally offended or it was the casino policy. \n\nI totally understand that at certain bars or lounges within a casino cigar smoking is frowned upon, but this is the first time I've ever been told to stop smoking while playing. Anyway, I put out my cigar and we left. Since we live in Henderson, there are plenty of other casinos closer to us that we can and do frequent where I've never had an issue with cigars. That night, I e-mailed the Director of Casino Operations and this was his response:\n\n\""""Hello, yes it is the Tuscany Hotel policy to not allow cigars or pipe smoking in the casino , I'm sorry to lose you as a customer but we found out after a trial period that majority of our customers prefer this policy. Thank you for your feedback...\""""\n\nWas dinner good? Absolutely. Did the casino have a wide variety of slots? Definitely. Did I win any money? Of course not. I will say up to the point of being scolded for smoking a cigar we were having fun. But being treated like a 3rd class citizen is not my cup of tea. Since it's their policy, we won't return.",negative
yelp_300225,"Horrible experience! We went here because we heard they had free wine tasting from a couple of friends and we thought we could try a few new ones out since we were from Napa valley and love wine our selfs. Well we got treated like we were there to steal stuff. We asked the person in the store if we could try the free taste of wine selections, they said they would go in back and see what bottles they had free to open, we said OK. The person comes back out and asked us if we were going to buy anything and the free wine tasting was only for buying customers. WE were SHOCKED being that this was starting to feel like a bait and buy situation now!! We said we were not sure because we wanted to taste some wines . So we got denied a free wine tasting even though they had a sign up saying they had it and then we were told we had to buy to get free wine..Really? I am from wine country and know how things should be run and this places gets a big zero on customer satisfaction and there wines were also over priced compared to many other retail stores I have been to and also winery's. I hope they change things.",negative
yelp_498413,"It was sort of challenging to find this place but when I got here, it was totally worth it. Inside, it was super dark and not very busy so I felt very comfortable. The two lady bartenders behind the bar were very easy to talk to and very accommodating. At first, I got one of their listed cocktails, but after that, i asked each of them to make something that they would order for themselves and make it for me. Usually you can ask questions about them but sometimes their choices of alcoholic drink and spirit says things too. And after each of them delivered me their drinks of choice, I was genuinely satisfied that they made those drinks as if they were making it for themselves. In that respect, I knew that this is the type of bar where one can put their absolute trust in their bartenders of delivering a satisfying cocktail. \n\nWhile there, I actually met a local bar hopping compadre who used to work in the SF Bay Area where I am now. I'm very pumped to see a lot of former Bay Area folks living in LV! \n\nI didn't get a chance to try a beer there or to try their food but both were highly recommended by bar patrons to my right and left who were seated nearby. I guess I'm coming back here next time I'm in town! See you soon Velveteen Rabbit!",positive
yelp_98076,That chicken smells really good for lunch\nThe chicken is good but the staff is not very knowledgeable and have a bit of an attitude problem the place is always crowded in that order is never accurate I always have to send it back because it make lots of mistakes I don't know what's going on here but I would be cautious when you eating at this place.,negative
yelp_205688,"This place has just gone down hill, we keep going back in hopes the \""""traditional Macayos\"""" is back.... No such luck. Drinks took 20min, fish taco was burnt and came out 10min after the rest of the meals. Lots of items forgotten on the dishes we ordered. The manager didn't seem to be concerned at all. The food is just not good. I would suggest Rio Mirage if your looking for good Mexican food in Surprise.",negative
yelp_115413,"Super sized offerings (and prices) does not a good restaurant make!\n\nMy daughter, Kathy, and her beau Keith took me out yesterday to Claim Jumper on Apache Road... I had never been to one of these, even though I had lived in Las Vegas and the Phoenix area the last decade or so.\n\nWhat we had...\nI had the Grilled Liver, Bacon and Onions - A huge plate of Liver with an equally ungodly amount of Onions with a side Biscuit that was the consistency of a BRICK! If you closed your eyes... the Bacon tasted like NOTHING!\n\nKeith had Sliders (Mini Cheeseburgers)... I got to try a couple of these little guys... and no flavor whatsoever despite the warnings of extra-sharp cheese on the menu. Keith also had a bowl of New England Claim Chowder before the meal... he told me not to order it next time.\n\nKathy had the Snow Crab and Chive Quiche with a Small Green Salad - I got to try the quiche later... again no flavor! It looked as appetizing as heck, though. HUGE dish!\n\nFor Dessert... the Brownie Finale... another HUGE dessert! Probably tasted the best... because of all the SUGAR! \n\nEven their cups of Coffee were HUGE!\n\nIn summary... I would not mind the high prices if the food had any kind of flavor... but unfortunately they didn't!\n\nUpdate from my Chef son, Kevin...\nHe said to order the Soups... they're especially good from what he said!",negative
yelp_2673,"This is my go-to place for Pho. I normally get take out since I live in the area, but sitting here is quite an experience too. This is authentic Vietnamese food. \n\nHighly recommend to anyone looking for some good Pho.",positive
yelp_512900,"Very bad service!!!! Avoid if u r Korean from out-of-town, and stopping by for a taste of home. Servers were only nice and accommodating to non-Koreans!! Menu items are not very diverse either. Our group had to wait 10 minutes BEFORE even be seated. Water was never refilled, and they brought out dishes in very weird order -- side dishes AFTER the main meal, etc. Not the best place if u expect any kind of service.",negative
yelp_430149,Delicious food. Tortillas are fresh and made in house. Everything is delicious. The best Mexican in town!,positive
yelp_46054,"Could be the waitress I've had the last two times I've been here, but my general feeling is that this place is rarely worth the money. We went for dinner after a Spring Training game and our waitress had difficulty splitting a bill in half (she hand wrote the totals on the original receipts..?). Service was slow but it was late and we had drinks and a group so it wasn't an issue so much. Food was meh.\n\nThen I go in for lunch today, same waitress. I think \""""oh great, this should be an adventure\"""" -- boy was I right. Took over an hour for 2 lunch portions and an appetizer for our table. Nothing complex, either (2 fish and chips and a baked artichoke). It seemed that the waitress had no concept of time -- likely because she was standing at the bar just inside talking to her coworkers while we burned up on the patio waiting for food. She also failed to bring out condiments we asked for -- I would have reminded her, but the next time we saw her, she was bringing the checks.\n\nI may not have cared so much if I wasn't on a lunch break, but when it's business lunch hour, you'd think the waitstaff would try to acknowledge that. $20 for lunch with slow service and average food is never worth it.\n\nHonestly don't think I'll be returning unless it's for cheesecake to go, which seems to be the only considerate service in the place.",negative
yelp_286730,"LOVE IT! A must go. Super friendly staff, great booze and even better food. Expect to wait about 20 minutes for a table for dinner. Lunch is a bit faster. YUM!",positive
yelp_283388,"This hotel was great. Lobby hosts were super sweet. My phones weren't hooked up in the room when I got in, but maintenance came and fixed it up in a flash, and with a smile. The design is nice, and there's plenty of room in the king room. Best part was the strong wifi signal. I was able to do work, surf the internet, catch up on my Netflix and play some video games. Anytime my free wifi is that good I'm a happy bunny.\n\nThe hotel has free shuttle service to the airport, but be sure to schedule 1 drop off prior to the one you need...I ended up waiting 20 minutes for the driver to come out to the van at the hotel. He was apologetic and sweet when he was there, but it's still rough when you're trying to catch a flight or manage your itinerary. Tip: they will drive you anywhere within their radius, so check out what's around and don't be shy to ask for a ride somewhere nearby!\n\nSpeaking of nearby, it's only about 15 minutes anywhere (Southpark Mall, Target, restaurants, etc) by car, so if you have a rental this is still a good option!\n\nAll in all, I would absolutely stay again if I ever find myself in the Charlotte airport area overnight again.",positive
yelp_330651,"We went on the Goodsprings ghost tour and it was WELL worth it!!!!!. It started at 6:30p and we were back at 11:30p. We met at a hotel off of Convention Center and the bus took us out to Goodsprings. The tour guide, Arianne, we very sweet and knowledgeable. She told us some history of the hotels in Vegas, ghost sightings, etc. We watched a video of the history of Goodsprings and then arrived at the Pioneer Saloon. That place was well worth the trip! It's SO old and even has the original table where the poker game took place and the shooting. The tour included pizza and then we walked around the town with EMFs, dowsing rods, thermals and Arianne had the spirit box. WOW did we get SO much!!!! Just to be at a hugely haunted place in the desert with so much history is worth it. I am sensitive to energy so I went off by myself at every location and my experiences were UH-MAZING!\nOn the way back we watched pieces of the Ghost Adventures episode from there and it really feels cool to know that you were just there and have the evidence to back it up!!! \nI HIGHLY recommend taking this tour as you are bound to get EXACTLY what you are looking for.",positive
yelp_288672,"myself and a bunch of co-workers headed here last night for a bit of dinner before a night out. we booked our table for 6pm to take advantage of the very reasonably priced pre-theatre menu. the menu also had a very nice selection of starters and mains with a whole separate set of options for the vegetarian people.\n\ni had a brave moment when making my dinner decisions and veered from my favourite dish of pad thai and went for the green curry instead. this was preceded by lovely fried triangles filled with prawn and crab meat with a sweet chili dipping sauce. the triangles had a nice crispy texture and a good filling of minced prawn and crab meat that was very tastily seasoned. my green curry (with egg fried rice) was very very tasty and a bit on the spicer side. despite the extra kick of spice, i enjoyed my green curry very much and didn't miss my usual pad thai at all. i'd happily go back and try some other dishes as everyone else seemed to be enjoying their dinner just as much as me.\n\ni also need to comment on the excellent and very patient waiting staff. we were greeted warmly when entering the restaurant and although there were other diners and we were clearly having a very wine flowingly good time, no one ever asked us to quiet down or stop expressing our merriment of a nice meal and drinks on a friday night after work. this is always greatly appreciated as it's no fun to feel like naughty school children for having a proper laugh while enjoying good company just because you've been told to shush. so many thanks to the lovely staff for understanding this.\n\nthe 4 stars instead of 5 was for their BYOB corkage charge. \u00a35 per bottle!!!!! which they made sure to charge us for every bottle (about 6 i think) siting on the table that was open.... if they brought this down to \u00a33 i'd happily give them the fifth star.",positive
yelp_532319,"After hearing lots of good things about this I made it a point to give this place a shot. Came here one Sunday night to grab a bite to eat and watch some football. TVs, cold beer, good food & football. What more can someone as for, right? I had the nachos which were fantastic -- came with pulled pork, tons of cheese -- and they use crinkle cut potato chips which seemed homemade. I also had the pub burger which was solid...not out of this world but pretty good. \n\nService was great as our server constantly checked in and kept the cold beer coming.\nThis place is right next to the BOA stadium and I can totally see it doing well on game days. Overall, I have no complaints about this place. I would recommend it to ANYONE looking for a good bite to eat.",positive
yelp_279641,Soooo not impressed!! I got the three meat platter to try a little of everything. While tender the turkey tasted like the pressed roll stuff you get for sandwiches at the deli and the brisket was bland. None of it tasted smoked or bbq'd. I also got some hotlink on the platter which tasted old and reheated. The loaded mashed potatoes tasted like dry and reconstituted potatoes. Call me spoiled but I have had better BBQ out of a Banquet Frozen Meal.,negative
yelp_311641,"where do i start?\n\nthe breathtaking view?\nthe friendly staff?\nthe interior design?\nthe food.... oh yea, the great food!\n\nthe first time i went i had the marinated new york strip.... perfectly cooked\nmedium rare. with lobster bisque (a special). my wife had tons of sushi which she said was so fresh it fell apart. and another app.\n\nthe second time i went i had the roasted chicken breast. ... perfect.\ni had this with potstickers as an app.\n\nthe second time i went.... a buddy of mine inquired about what came\nwith the chicken - the sauce etc etc and the exec chef came out and\nchatted with us!? i mean, we weren't 'vips' ...you know...just regular folk...and we had a fantastic conversation with him. he used to work\nat the bellagio etc etc... he was telling us how many covers\nthey are doing and how popular it's become...\n\nno wonder.\n\ni've experienced two perfectly served dinners and the wait staff was\nvery nice and engaging.... \n\nthey do get busy so it's understandable to\nwait an extra minute or two during the busy times but who care...the\nview of the strip is awesome.\n\nif you're unsure of where to eat tonight...come here. i promise\nyou you will have a great time....and you know what's best...?\nwhen you get your bill you won't feel like you were ripped off.\n(in vegas...this tends to happen if you're not wise)\n\nto give you an idea...\nbirthday dinner night out with the wife. including one $17 glass of champagne: $108!!\n\n3 guys out for a 'send off' party. 3 dinners. 1 app. 4 drinks. 2 desserts.\n: $133.\n\nsee... \n\nin vegas...where are you going to get this kind of value and\nguaranteed good time and romantic view?\n\nenjoy.",positive
yelp_526915,YRPhotography is awesome! Yamira Rivera is very professional and has good eye for capturing amazing photographs! I recently got my engagement and wedding pictures taken by her and my engagement pictures turned out beautiful!! I'm looking forward to seeing how my wedding pictures will come out! I highly recommend YRPhotography as your photographer for any special occasion!!!,positive
yelp_433485,"Although I was unable to use their services, he called me promptly in reply to my YELP message the previous evening, and was very friendly. Sound like he runs a tight ship and I would use him in the future.",positive
yelp_330321,"Solid homemade-style vegetarian food. We LOVED the raw tacos made made with romain lettuce and filled with avacodo, salsa and walnut chorizo so much that we ordered them again for desert! :)\n\nWe also had the Gramma's veggie-walnut loaf which was delicious and the Madison Philly with thin-sliced seitan which was enjoyable but could use a little extra punch.",positive
yelp_369652,"I understand being in an airport and dealng with all kinds of different visitors can be stressful but when my husband and I walked in this place there was such a negative tension. We weren't certain if we could seat ourselves and so I asked a young lady who was near us and she just snapped \"""" wherevers fine!\"""" ....ooookkkkkay so we pick a spot in the back and another girl who seems annoyed says she'll be right with us. I was starving and our flight was leaving soon, so I just wanted to eat. Once our server got our drinks started and realized we were nice she changed her tune. I ordered a margarita and it was not good, didnt even finish it. For lunch we ordered their chipotle quesadilla & nachos to which they informed me they were out of olives, i didnt mind. Food did not take very long at all and we enjoyed both items but I'm a dumbass for ordering nachos with chili beans before a flight thankfully it was a one hour flight because my tummy was rumbling.",negative
yelp_261574,"This is surprisingly a very good restaurant. Not just for a resort restaurant, but even compared to the other great restaurants in the area. The dishes here are elegant that will please even the most sophisticated palette. The wine could use a little work, but is still acceptable. Service was great, nothing to complain about so that is all I ever ask. If you are staying here def give it a try. If you aren't, I would still say its worth the effort since it has such a beautiful backdrop with patio seating and live music trickling over from the lobby area.",positive
yelp_224982,"It's no secret that I love sweets. I was kind of excited to hear that Carlo's (of Cake Boss fame) opened up at the Venetian but with all the bashing they've been getting on their reviews it went lower and lower on my to-do list. Oh well. If they're still there the next go around then it can't be that bad right?\n\nAnyhow I always wanted to try a chocolate babka. Blame it on Seinfeld. That episode left an indelible mark on me because I still think about it to this day. Let's face it, a babka is as foreign to me as a spam musubi would be to a New Yorker. And Bagel Cafe fits my needs perfectly because I'm not planning to go to New York anytime soon.\n\nSo my visit to Bagel Cafe is strictly for their bakery/deli side. Those bagels looked pretty darn good. But I was on a mission to get my chocolate babka and thank goodness they still had some. I think I got the second to the last one. I also got a rainbow cookie and chocolate rugulah both sold by the pound. \n\nChocolate Babka - A loaf of coffee cake filled with chocolate. That loaf must have weighed 3 pounds. I swear. It was heavy. I hand carried this back to Honolulu. I thought it would taste like Hawaiian sweet bread. But nope. It's a very dense bread that has a wisp of sweetness to it. I gave some away to share and had a nice french toast breakfast with the leftovers.\n\nRainbow Cookie - So pretty. Layers of almond extract soaked sponge cake layered between chocolate ganache. So, so good. Moist and very sweet. Wish I bought two or three. \n\nChocolate Rugulah - This chocoholic had to get it. It was delicious. Not overly sweet. Wish I bought two or three.\n\nI can finally lay my babka fascination to rest. I would love to go back again. Maybe try their restaurant side which looks kinda casual and quaint. \n\nTIP: When looking for this place, they are facing N. Buffalo so it's pretty hard to miss. You will see their big signage on their building that kind of look like townhouses.",positive
yelp_293822,"Love the yogurt, LOATHE the staff. Rude, disinterested, and condescending. Last time we were there I used the experience to educate my son about customer service and why it's important. Expecting a high school (college?) kid to smile, greet the customer and be pleasant as they're ringing up my fro-yo really isn't a lot to ask. And I blame the management because they tolerate the rudeness. Normally I wouldn't patronize a place with lousy customer service, but I keep coming back ONLY because it's the only frozen yogurt place in my neighborhood.",negative
yelp_418434,"Never ever will I come here again. The employees were rude, argued over who would do my eyebrows when there were no other customers. Threading the flesh from my face not my eyebrows, and BUTCHERED them. Thanks for failing at your job.",negative
yelp_347866,We love shopping here! Great deals and check out line always moves quickly. Which is nice considering it's always packed.,positive
yelp_90608,"Wow! Real, East Coast Italian food does exist in Arizona! This is a small, family-owned place in South Scottsdale that is more of a carry-out place with very limited seating, but it has real charm. Sitting between racks of wine and condiments kind of reminded me of the entrance to Filippi's on San Diego's India Street. It's instant cultural immersion. \n\nThe meatball and pizza sub sandwiches were great. The bread - man, the bread was just like what you get in Italy. The Caesar salad contained Italian olives. Everything was just perfect and the sandwiches are so big that you can take home half for dinner. It's a small place so a t peak times you will wait for one of the few tables but you can call ahead and your order will be ready when they say it will be ready. \n\nThis is a deli where you can choose salads, sandwiches and full dinners to go or just pick up a few salads to enhance dinner at home. So deli, restaurant, grocery, take out. This place is unique but just open the door and your nose will tell you that you are at the right place. The food is fantastic, priced right and a real pleasant find in a city which disappoints too often but hides real gems like this that just have to be found.",positive
yelp_113302,Very clean and well up kept hotel. .. very friendly staff and prompt with needs. .\n\nClean pools and close to everything and away from the strip and nestled in very quite area and close to airport and the casino hard rock. .. would come here again.,positive
yelp_222581,"My girlfriend booked the room with Priceline.com and named her own price. We were upgraded to a great suite because I told my girl to say \""""it's his birthday, is there anything you can do to make this weekend special?\"""" It worked. The hotel's nice...and if you follow the two pieces of advice above, you can hey a great suite for cheap!",positive
yelp_36036,"Who doesn't love the cheesecake factory? It's huge booklike menu consists of something for everyone. Start off with one of their many signature cocktails. My favorite appetizer is the chicken lettuce wraps. They offer huge salads, sandwiches, burgers and entrees. Oh yeah and they also serve cheesecake!",positive
yelp_327532,"Ordered the 2 chicken soft tacos.....so bland and dry I poured salsa all over to help but even then it wasn't so palatable. I probably ate half of one of them. The Mexican rice was gross..how do you manage that?! And the black beans were so salty. \nThe outside of the restaurant fools you...it looks nice but inside you get really bad food. \nDrinks are soooo expensive. I ordered a $12 margarita which was good but I can't imagine any margarita being worth that. Wish I'd checked yelp before coming here...wish I'd gone to Pizza Hut instead....\nTotal price of bad food, an overpriced drink, and decent service for one is $28. Makes me sick this \""""restaurant\"""" is in business!",negative
yelp_393762,"First time visit to Nostrano was very positive. The wait-staff was incredibly knowledgeable and attentive, the food was unique and tasty, and the bartender was very creative! There's not a lot of seating, so if you're planning a night out here, I'd highly recommend making a reservation ahead of time. \n\nThe prices are inline with other downtown restaurants, so you shouldn't be too surprised when you get your check. Overall, I will definitely return here on occasion.\n\nEnjoy!",positive
yelp_44692,"Mediocre food. \nGood foods prices.\nTolerable drinks.\nOkay drink prices. \nHorrible service.\nGood pies.\nMore horrible service.\n\nIf it is on the way, then sure, stop by. But never go out of your way to go here.",negative
yelp_58608,We have been to the Firelight buffet a few times in the past so my expectations were very low. Our only excuse for dining that morning is we each earned a free comp as a byproduct of our regular gambling. I started out with watered down OJ. I initially did not see any fresh fruit so I opted for a spoonful of canned. On my second pass I ordered a feta cheese and spinach omelet which ended up being very dry due to overcooking. I also sampled a small slice of kielbasa and corned beef hash which were both fatty. On my final pass I discovered some unripe honeydew melon which I topped with blueberry and strawberry yogurt. The yogurt was the highlight of an otherwise disappointing meal.,negative
yelp_121709,"Well I have no idea why this business has a good rating, the sushi was some of the worst I had in vegas.... The rice was falling apart in the soy sauce that I was dipping it into like i've never seen before. My girlfriend got a tamago sashimi and she said it wasn't that good at all. The sushi was prepared pretty quickly and the waiters were alright, although He forgot to refill my drink the whole time and we had to wait for the check for awhile... it wasn't even that busy also. All these 5 stars are baffling to me, this place isn't even close to that. \n\nOH and also I got an appetizer and I didn't get it into I was done with 2 rolls of sushi.... so I wont be going here again, i'll stick to my regular places.",negative
yelp_185443,"Made my honeymoon flight arrangements in January (seating together), then with their computer conversion the entire flight had to be changed (had to sit on the phone for an hour plus and made sure that we would be sitting together (again its our honeymoon)... but of course today (May) when I went to confirm was not the case. \n\nWorse customer service - their computer issue and they are unable to admit to the problem and correct it unless I want to pay $90+ dollars --- this is unacceptable - my reservation was correct and their computer issues/people made the error.",negative
yelp_162086,"Little spendy, but not as bad as the other celebrity chef restaurants next door. \n\nPretty good wine list, if you like to use an interactive electronic guidebook. That may help some folks, but it is not as handy as having a real tangible last that is easy to work through. \n\nFour of us split 8 small plates, and we had plenty to eat. All of them were very good, except for the ribs, which were a little overcooked and dried out.\n\nService was spot on -- though we were the last table seated on a Sunday night, after running the rock 'n' roll half marathon.",positive
yelp_307524,Great place to sit either inside or out and enjoy a sampler of international cheeses and great wine or beer. We enjoyed the antipasti dish and Spanish cheese.,positive
yelp_452514,Not worth 30 for 2 people. Place was kinda dirty. I mean they sat me next to the vacuum and across the restroom. Not to mention directly Under the ac I was freezing and my food was getting cold.,negative
yelp_395357,"This place is sensational. Went her about 7-8 times in our 10 day stay in Scottsdale/Fountain Hills. Just couldn't get enough. Food and variety of is great, terrific decor and friendly service. A restaurant that really has it all together. Red Sangria best I've ever had.",positive
yelp_378011,"We were looking for a late night meal after clubbing. The last thing we wanted was another club. But this place has an identity crisis and forgot that they are a restaurant and decided to hire a DJ and a go-go dancer. Me thinks this was too much. It got even worst when a female patron decided to join the go-go dancer and proceeded to pull a Britney and flash everyone. Club sandwich? No thanks, I seem to have lost my appetite.\n\nThe food was salty overall, but given the menu options, not that surprising. The waiter was fine. $2 a person for the tap water you bottled, not cool.",negative
yelp_480117,"Small business, great service. They have been there for a long time. I actually have a mail box at this store for many years and always been happy. Safe and secure. Shop local !",positive
yelp_450917,"This gas station makes me so angry! I've just seen one young man working there, who is plenty nice. Unfortunately he is probably underpaid and he is made to wear a hideous polyester AMPM shirt with candy brands on it. But the real reason I hate this place is: the car wash is broken often, and when fixed somehow actually makes the car dirtier. Also I tried at three different pumps to get gas, but they were all \""""frozen\"""" at the debit card intake, and I was told by the young man who works there, that the sun makes them do this. We are in Arizona folks. We can do better.",negative
yelp_448030,"WOW!!! anything i throw at them they can do! I want pockets in my jacket, they make pockets. I dream up a dress, top or pants they MAKE THEM FOR ME PERFECTLY!!! I recently lost a good amount of weight and was worried my expensive designer pieces would be a lost cause, but now i feel like i have a new wardrobe. There are a lot of places that just alter , they make my pieces fit my body BETTER than when i bought them. I had a horrible rip in my Chanel bag and asked if it could be patched, of course they took it a step further and with expert craftsmanship repaired it to my disbelief. I also cant resist the boutique!!! SO many must haves at reasonable prices. Usually boutiques all seem to carry the same pieces but not here! They have something for everyone!!I am a customer for life.",positive
yelp_10182,"this place is unbelievably shit. do not go there. there are way too many underage drinkers. it's crowded. and the staff never seems to remember who has wrist bands. i've been to more crowded bars, and they always remember who has a wrist band and who doesn't. these guys don't. they come up to you and ask if you've got a wristband, and they do it every 5 minutes. you'd think if they did it every 5 minutes they'd manage to get rid of the underage drinkers. but nope. they don't. all in all, it's a shit bar. don't go there.",negative
yelp_384021,"excellent place! hard to find such a great brunch out here in vegas thats not in a casino! the live band was a nice touch of class, the interior was modern, yet cozy. the menu was good quality, good portions and i love the order-one-at-a-time AYCE style. neat concept. \n\ni had the surf and turf benedict, steak n eggs, salmon w/ bagel, pastrami hash with poached egg, and lemon ricotta pancakes. all tasty. due to size and price, i would recomment the most expensive $16.99 brunch option, and order mostly from the specialty menu (stay away from needless breads, although yummy). everything is good.\n\nexpect a bit of a wait for brunch, and im talking the WHOLE brunch time... we were 1130-130 and there was a wait the whole time, even more so at 130. the service was a bit disoriented though... runners kept bringing the wrong food to the wrong people at the wrong tables, but our server was great, and he said they are still training people and the big crowds have been a bit trying for everyone. i cant wait to eat there for another regular meal. i will definitely be back for brunch. and im looking forward to any special events or happy hours. excellent place and by the looks of it and its crowd, it will thankfully be here a while.",positive
yelp_524097,"Sorry to my loves in Nashville, and over at the red and yellow building, but this is the best burger I've ever had. Simple toppings, not a massive construction site on my plate, but easily the best seasoned piece of meat I've eaten in years... on a BURGER.\n\nSweet potato fries were done, not greasy, and not flimsy shoestrings.. try 'em.\n\nTook home a bottle of the burger rub to re-create at home.",positive
yelp_63676,"For all the hype, was very disappointed with the experience. The beautiful view does not make up for the poor food. As vegetarians, we never expect much while fine dining but we did expect much more from this place. Had to pay the fixed price for basically five types of salads, which were extremely small by the way. The food is definitely overpriced for the portions and the service was also poor. Our waiter only appeared about twice, while other servers brought our food, cleared our plates, and even took our bill. Having our picture taken was a nice gesture except no one knew how to properly use a camera and we ended up with a blurry photograph. Sadly disappointed because I really wanted to like Isabela.",negative
yelp_117143,Half off shakes after 8. Vanilla Cherry Malt... MMMMMM tasty. 2 bucks and change for a huge shake.,positive
yelp_99340,"This was my favorite neighborhood bar for a while. Close to my house, great food, decent prices, 24 hour. I've been here to eat or drink 5 or 6 times since I moved to North town last month. However today I went in with some friends and wasn't impressed. There were only 4 other people in the entire building and the bartender said to sit wherever we like in the dining room. We sat down and waited 15 minutes for a waitress/bartender to come by. Eventually I decided to walk over to the bar and just ask for menus myself. The bartender, however, was too busy playing on her phone and showing pictures to one of the other patrons to even acknowledge that she had customers. After being ignored for another 5 minutes we all decided to leave and go eat somewhere else. Way to lose a regular customer.",negative
yelp_289619,"second visit, fist time i gave 5 star, Now place has lost all stars.\n\nWe had 3 course dinner meny again 27,50.\n\nCalamares-bad and to spicy\nHaggis balls-Was ok\n-\nTodays special-Fish, dry dont possible to eat-shame on the chef??\nDuck-Dry and other shit on the plate was also bad.\n\nDidnt want any dessert, but they let us pay anyway fullprice.\n\nStaff was friendly and nice.\n\nBut the place has lost it and im sorry for that, 70 sterling of waiste for me.",negative
yelp_529506,"I LOVED the Patron location in Wexford, however it's a haul from the city, so I haven't been there in a long while. I was super excited when I saw they were opening up in East Liberty. \n\nHowever, I was super disappointed when I visited this time. This place used to have the best homemade margarita's & guacamole around Pittsburgh. Not the case anymore! The margarita I got tasted like it came from a grocery store bottle. The guacamole was definitely not the chunky, homemade stuff that I have had before at this restaurant. It was smooth and blended up, like the stuff you get out of the grocery store premade packages. It didn't even have any cilantro in it. I think I'VE MADE BETTER guacamole than this! The chips seemed like they came from a bag too. I was so disappointed.\n\nI got my usual menu item, the shrimp chimichanga, it was not as much of a disaster as the rest of the food and drinks where, however I could take it or leave it. My friends & I will unfortunately will not be back! What happened to this place????",negative
yelp_72392,"Excellence dwells within Marigold Kitchen.\n\nYes, this place sets itself apart from other breakfast places for sure. The food shines.\nMarigolds keeps up with Madison's lovely tendency towards fresh, quality ingredients; this, coupled with the way that they put these ingredients together makes for an always wondrous breakfast experience. The flavor profiles of all of their dishes are a notch or two above your traditional breakfast fare.\n\n\nOh my goodness, the potatoes. That is, the side of breakfast potatoes that come with most meals are to-die-for. Such flavorful goodness.\n\nI so appreciated the perfectly-cooked, delicious, not greasy egg whites and the healthy size portion of bacon.\n\nNot to mention, they had such a broad array of equally delicious breads: rye, wheat, sourdough, french rosemary. Making that decision wasn't easy, let me tell ya.\n\nBUT you haven't heard anything yet until you hear about their pancakes. Don't even get me started on the pancakes. The orange butter/syrup that they serve alongside these cakes makes these the pancakes to beat. Absolute heaven on a plate. If this orange syrup doesn't sound like your cup of tea you should really still try it. It is so good. And that's coming from someone who's not too fond of adding fruity things to other aspects of a meal. Normally, I like my fruit and I like my pancakes, separate that is. But no, you simply must try this pairing.\n\nOverall, the food is great and the location is ideal. \nQuaint spot that I highly recommend to all.",positive
yelp_34879,"I like the sushi here but the extra fee for \""""take out\"""" order. Give me a break. Your going to charge me a fee to order over the phone and come pick it up myself? Am I paying for the styrofoam container? Look at it this way, I'm not using your tables, Im not using your waitresses, your A/C, your bathrooms and you don't have to hire a bus boy and dishwasher to clean up after me. I think I'm saving you money by getting \""""takeout\"""" dummies. The family and i used to go here quite often but ever since I got the \""""take out\"""" fee I will be spending my money elsewhere. Too bad because we liked this place and its very close to where I live.",negative
yelp_389050,"As my friends and I were walking down the strip, we're noticing a lot of people carrying around these bong-looking things with a variety of colors of the rainbow. I was like, \""""The hell? I want one too dammit!\"""" Then we ran into Caesers Palace and found the bar that sells em. As we approached the bar, they offered free samples. I swear, when I heard \""""free samples\"""" with alcohol, I jizzed in my pants.\n\nMy favorite one was the \""""Up All Night\"""" with an extra shot. As I finished mine, the bartender told me that I can get a refill with a 3 dollar discount.\n\nO_O\n\n*jizzed in my pants*",positive
yelp_330672,"I used to love this Zipps and when it grand opened next to my house I was so excited to finally have a Zipps so close by me! I have gone there so many time over the past few year and other Zipps in the valley. The waitress know me by first name and they have always been great until recently. They have changed management and most recent manager doesn't know how to maintain cliental. This is the reason I rather drive and go to other Zipps where they appreciate a regular! I recommend going to angrier Zipps in the valley! I love Zipps and their food, but other Zippa treat you well and actually attend to your table!",negative
yelp_235802,Be patient. The line moves quickly. Every sandwich I've tried has been amazing. My favorite is the Earl's Club.,positive
yelp_392560,Worst service ever!!! \n\nThey were 20 minutes late picking me up. \n\nTold the driver i needed to be to the airport and he ignored my urgency and ran around the city picking random people up while almost re ending traffic on Whitney way texting on his iPad. \n \nSo I ended up missing my flight and as I exited the vehicle the driver was trying to throw my bag that contain my computers and etc on the ground luckily I caught it before it hit or I would probably be sitting in DCJ for beating up a green cab driver. \n\n\nIf you are in a hurry expect any transportation to take you minimum of a hour and half not including pick up time. You would be better off walking!!!\n\nCustomer service 0\nSpeed 0\nOverall 0 \n\nAnti-Green Cab,negative
yelp_297358,"I wanted this to be better, but it wasn't. I was looking forward to a healthy meal before I left, but I didn't want a dry, bland food. \n\nService was also terrible. The waiter came and gave us our menus and disappeared for 20 minutes. We had to ask for our waiter twice, and tried to get a bus boy to help us. Also, they had really small glasses, so after 3 days in 100+ Vegas weather, water went fast. I eventually asked them to leave us 2 pitchers. When the waiter finally, came back he was fine, but had a hard time getting back into our good graces. \n\n I ordered the hummus and babaganoj and the shrimp and goat cheese qusadilla. Sounds good? Not so much. The hummus was dry. It had the consistency of peanut butter after you put it in the fridge. It needed another teaspoon of oil. I know they're trying to be healthy, but another teaspoon of olive oil won't break your diet. The babaganoj was boring and bland. I couldn't even taste it. I knew I was eating something, but it tasted like nothing. Could have bought a better tub at the store for $1.59 instead of paying $7 for dry/tasteless food. \n\nThe shrimp and goat cheese quesadilla....I think I could make it better. There was so little goat cheese, that I forgot there was goat cheese in it till someone mentioned it. The shrimp (which were sustaniably farmed) were small and seemed previously frozen, and the kind you find in crappy shrimp cocktail. There was a 1\"""" ring around the edge of my tortilla where there was no goat cheese, and barely a tablespoon of goat cheese to cover the tortilla. Not worth $14.\n\nReally, you're better off going somewhere else to eat a salad or fruit. My total bill was $28 and left barely fuller then when I got there.",negative
yelp_487352,"Get the large beef sandwich dipped with peppers and all is good in the hood!! The manager chatted us up while waiting in line as first timers, the atmosphere is fun and the food callers keep you entertained. Was my 1st time but won't be my last, we got beefs, dogs, fries, and rings and it was tasty!",positive
yelp_390588,"I come here for my oil change and car wash, I get both done on my lunch break while I eat. Super fast service.",positive
yelp_7820,"Nice clean place with a very friendly staff. Great homemade chicken dumpling soup and a very tasty club sandwich. Decor is outdated, but not sloppy. Good local place to bring the family.",positive
yelp_111694,"Yay! I am a fan of the $1 Michelob.\n\n On the Center Las Vegas Strip, The Mirage has the volcano. The Venetian has the canals. And, Casino Royale has the $1 Michelob special.\n\n With the Cosmopolitization of the Strip laying to waste O' Shea's and Bill's Gambling Hall, Casino Royale is the place for inexpensive booze and gambling. There isn't a gimmick to the $1 Michelob special. Every time that I took advantage of the $1 Michelob special, the bartenders acknowledged me and handed me the bottle of Michelob almost as fast as I could open my wallet.\n\n Casino Royale is the Golden Gate Hotel of the Strip. Forget about walking the distance of a football field to travel from a restaurant to a slot machine. The bar serving the $1 Michelob is a coin toss from the Strip. It is another coin toss from the bar to Denny's.\n\n Speaking of Denny's, Casino Royale has decent chain restaurant dining. Their restaurant selection includes Denny's, Outback's Steak House, Subway, and Cinnabon.\n\n Casino Royal is not the Bellagio. The table limits are low whereas the noise level is high. Add in factors such as the small size of the place and its location between Harrah's and the Venetian, the view of the Mirage volcano; the result is a crowded casino. I have an instinct that Casino Royal will get more congested when it becomes the place for inexpensive gambling and booze on the Strip.\n\n I never stayed in the hotel part. In all honesty I have no plans to. However, if I have enough of the $1 Michelobs, you never know.",positive
yelp_185916,"Love the fries here, sOo yummy, thin and crispy with seasoning. \nThe steaks here are made just right. Not over cooked & just enough red & blood. Just the way I like it. The steak burger is good if you like onions. I think the onion flavor is overpowering. It makes me thirty afterward. The clam pasta is good. It would be better if they clean the clams a bit better. Had a few clams with sand/ dirt a few times already. sigh. The mussel pasta gets boring after a few bites.",positive
yelp_395049,OMG! Amazing BLT Bloody Mary and the Sage Chicken Benedict with a pancake on the side was booyah!!,positive
yelp_209015,"I went in the store today, the store is so over crowded, most of the workers was rude. I was looking at the strollers alot of them was stained up seats. I open the parent compartment on one to find bags of cherios and crackers with some spilled out. He hard is it to clean the item before putting on sales floor? You can't even walk through there with a stroller it was that cluttered.",negative
yelp_264868,Everything a pastry and coffee spot should be! Two words Russian Tea!\n\nI didn't give 5 stars BECAUSE amongst the pastries that I order the chocolate croissant was stale! So disappointing since I was leaving town that very day! :( Other than that would recommend and suggest rolling through here anytime you're in Charlotte.,positive
yelp_113648,"My favorite fast food! Good service, fresh food, and on my way home from work.",positive
yelp_7058,"Always a great meal. The menu changes seasonally, mostly, some of the classics don't change thankfully. It is a very small dining room and books up quickly so call for a table in advance. It is consistently good food and service.",positive
yelp_200133,check it out I was taking my family and some friends to eat and was finishing smoking my cigarette in the parking lot. I was told I could not smoke on the lot. Won't be eating here again. In Goodyear Az,negative
yelp_379620,"Located in the most haunted graveyard of Edinburgh, this shop sure sells overpriced souvenirs. It's the stuff that would appeal to small kids or work perfectly as a joke, but to be fair most of the stuff you buy here will loose their novelty quickly and end up either at your local charity or at the back of your shelves. Basically, they are creepy and gory stuff you find in most \""""scary\"""" gift shops around the city, from plastic gooey eyeballs to witch puppets and spooky stories of Edinburgh. And there sure are plenty of stories!\n\nThe shop is certainly wee, and the staff are friendly enough, if not terribly bored to be surrounded by this gimmicky stuff. What works is that if you are after something along the lines I described above, then it all seems to be congregated in this one room just at the entrance of the graveyard.",negative
yelp_453724,"With a name like The D, the jokes just write themselves, don't they? I'm actually kind of bummed that no one in their marketing department has run with that, considering they have no qualms about calling their main bar \""""The Long D\""""... which is fairly self-explanatory.\n\nThat being said, this place is pure chaos. You have to wind your way through 6 floors of reserved valet parking to find a spot, and corners are blind without any mirrors, and lanes are narrow. Additionally, if the garage is completely full there is no signage nor any employees posted to prevent new cars from entering- I experienced this unique brand of frustration during a visit over the summer.\nThis garage should have been added onto during the reno, as each floor is small and probably maxes out at 50 spaces. For the parking situation alone, I would not stay here.\n\nOnce you finally make it in the casino (an assumption, perhaps), I will say that it isn't as smoky as I expected from all of the other reviews here- then again, all of the doors are open to the Fremont Experience and there was a good breeze going.\n\nAs I navigated my way to the showroom, employees were few and far between, and those I could find were fairly clueless and most were just standing around- one in particular was wandering the floor with a broom and dustpan in tow and was literally walking slower than a woman with a walker, and kept getting bumped into by patrons who were simply trying to get around the two of them and on their merry way.\n\nOn the bright side, the showroom is upstairs and away from most of the hustle and bustle- but they're not particularly organized, either. I was able to pick up my tickets immediately and was spared the line, but I was late (due to the garage situation) and arrived just as it was supposed to start- and yet, the line was wound around the entire floor to accommodate the huge line because no one had yet been allowed into the showroom. After the alleged start time.\n\nOn the bright side, as I left, I was not charged for parking despite a giant sign in self-park saying it was $2/hour. I also consider it a positive that the garage exit is run entirely by a single computerized gate rather than a person in a booth. I prefer technology to the quality of casino employee found in such positions. But I'm sure tech issues happen and the exit gets backed up sometimes, but today, thankfully, it was working.",negative
yelp_419286,"My affinity for cured meats almost overcame me before my common sense and humility got the better of me to stop me from throwing it to the ground and rolling around naked in it on several occasions during one meal. Amongst cupcakes, sandwiches and Olivia Munn, there aren't that many things that have that kind of effect on me. Venti subscribes to traditional Italian cuisine philosophy, sourcing local and seasonal ingredients and \""""make it yourself\"""" mentality, everything from the stove, to plate, to mouth is as fresh as can be. Chef Forgione successfully tells a story with every plate that leaves his open kitchen, and you don't need to speak Italian to understand what he's trying to say.",positive
yelp_534888,"I really wanted to love this place, unfortunately, all around it fell quite short. Their menu is pretty extensive with numerous choices, maybe I just chose the wrong item? I ordered the Mac Buffalo Chicken. I don't think I've ever had a more bland tasting meal in Montreal. There was no spicey \""""buffalo\"""" to it at all and the chicken \""""cubes\"""" were tasteless for the most part. My friend ordered the Mac Beef Baked Potato and she seemed to enjoy it more than I did mine. I tried hers and also found that it was rather tasteless.\n\nThe staff was not all that great as well, our server took forever to bring a refill and it wasn't very busy. The bartenders seem to keep the folks at the bar entertained with their \""""flare\"""" style of bartending, tossing of flaming bottles. Overall, with prices being relatively reasonable I may go back once more in hopes of it being better.",negative
yelp_458292,"@@@@@STOP RIGHT HERE@@@@@@ Quit looking for a great carpet repair and best carpet cleaning company of Las Vegas. Rick is a true business owner and takes pride on what he does, above and beyond! Yup, he repaired a nasty carpet damage (see pics) and made it look like nothing ever happened! The carpet cleaning products he uses are top of the line. He also offers special detail cleaning for all those stains that always show up after few weeks from getting the carpet shampoo done. He's got OCD. So make sure he's got plenty of space to work and trust me, will never call any other carpet cleaning company ever again. Let's give business to our city, Rick: best wishes with your company, many success! Hard working family man!... :) CALL HIM right now. Really. . . Now!",positive
yelp_435121,"Oh yeah! This place knows a thing or two about good hot chocolate, waffles and crepes. If you're craving something sweet, you owe it to yourself to visit Cacao 70. My personal favourite is Cacao 70 Vintage Strawberry Shortcake for $10.25. The service was prompt, the atmosphere was good and did I mention their Grilled Marshmallows Cacao? mmmm it's delicious. I'm salivating just thinking about this place. If you have a sweet tooth, you'll be thankful you stopped by that place.",positive
yelp_110359,"Is there LESS than one star?? \n\nI used to recommend Ellis Island ribs to EVERYONE coming to Las Vegas, but no more. You guys absolutely suck. \n\nWe went in with an 11 year old and her dad, the first time in Vegas for both of them, and the FIRST night in town I took them to ELLIS ISLAND. \n\nAfter an hour wait for a table, we left with an 11 year old in tears because they don't serve DINNER to anyone under 21, even with outdoor seating, and they don't offer take-out either. No way for me to pull THAT one out of the bag. We went to Margeritaville instead.\n\nWay to ruin a vacation, guys. It just wasn't that much to ask. \n\nI'm a local, and I won't be back, and I'll tell anyone that will listen that Ellis Island is NOT the place to go.",negative
yelp_359189,"Thus placer has The wrost serice Thee doctors are good, close from 1 to 2:15 butin realiti from 12:45 to 2:30 wors front ofices personal.",negative
yelp_183142,"I'm not a huge burger fan but if I was then this would be a place I would come to. I've only tried their protein style burger because I'm trying to cut on carbs. Their burgers are pretty tasty. I've tried their fries animal style and got extra sauce in the side because there's just not enough for the bottom fries. The fries are not as good as mcdonalds, I mean I don't think anyone has better fries than mcdonalds but getting it here animal style is just to die for. :)",positive
yelp_339033,"Firstly, that is not bruscetta, it is bread with toppings. Bruschetta is TOASTED bread. The toppings were OK, but sloppy and cold. OUr entrees were way overpriced for being the same quality as diner food in Chicago. The meats were overcooked and way over salted. Also, for being a wine bar, the wine list is also just OK. The location is great and the service was great, but this is nothing special.",negative
yelp_382732,"Wir waren hier und hatten das Pech einen Groupon Gutschein einzul\u00f6sen. Da es der letzte Tag war im den Gutschein einzul\u00f6sen, war das Restaurant gut besucht. Unverst\u00e4ndlich jedoch, das Groupon Kunden nicht wie erhofft und auch laut Gutschein angek\u00fcndigt von der Schnitzelkarte w\u00e4hlen konnten sondern einfach ein Buffet angeboten wurde. Statt den 5 schnitzelgerichten und vielen beilagen, gab es als wir da waren nur 1 Sauce (sp\u00e4ter kam wohl noch eine Sauce dazu) und zwei Beilagen. Immerhin waren die Sp\u00e4tzle hausgemacht. Das Salatbuffet war leergefegt, ich hatte die Wahl zwischen krautsalat und karottensalat. W\u00e4hrend wir a\u00dfen bekamen wir mit wie man sich bei s\u00e4mtlichen G\u00e4sten ohne Gutschein entschuldigte, Schuld an dem ganzen Chaos seien nur wir Groupon Kunden. Na dann danke f\u00fcrs Gespr\u00e4ch, der Laden sieht mich trotz des tollen Ambiente nie wieder!",negative
yelp_314024,"We were shopping in the area and wanted something cool to drink, also realizing we probably could handle a snack as well. Rather than hop in the car and head somewhere else, we popped in here to check it out.\n\nThree words: Small bites menu. \n\nThe spinach stuffed mushrooms were plentiful and really tasty, with just a hint of spice. The caps were large and generously stuffed.\n\nThe caprese (mozzarella salad) was OK. Not bad, but just OK. There was something odd about it and I didn't care for the parmesan cheese. Let the tomatoes and mozzarella do their thing; something about the extra cheese and the way it was dressed just made it... well, OK.\n\nThe fried artichokes were a bit heavy for me, but that's just personal preference talking. They were crispy on the outside, tender on the inside, and really, really tasty. My guests dug into them with abandon and didn't leave a crumb untouched. Very well done.\n\nThe seared ahi was absolutely perfect. This was really the only dish that was small - four pieces? - but at the price they offer it, it's a fabulous little snack and exactly what they portray it to be. The dipping sauce was flavorful, didn't seem laden with salt (a very good thing) and had a great little kick to it. Standout little dish.\n\nWe also had a couple of salads that were really fresh; the flavors of the vegetables and toppings were bright and clean. \n\nThe \""""spicy\"""" bloody mary wasn't; the waitress admitted it was from a mix and that they couldn't really do much to it for me. She brought some Tabasco sauce which helped, but as it wasn't fresh, it was really just a mix with some vodka and Tabasco. Not horrible (of course I drank it!) but not a good, hand-crafted bloody mary.\n\nAnd, all this for less than $30. \n\nIt's a 3-star (A-OK) place, for sure. The service is what made it a 4 for us. It's a chain and it's a bit cookie-cutter, but that works here. Definitely a respectable, repeatable dining experience.",positive
yelp_484742,This is a great spot. Knowledgeable coaches offer challenging workouts. There are varied classes giving you the chance to work on different skills. Its tough. Really tough. But its worth it.,positive
yelp_253375,"Thank you Yelp.com for helping my husband and I find this restaurant. I have been turning to Yelp more often when we run out of ideas for what to eat. It is amazing how important reviews are. \n\nI would give this place 3.75 stars, but since I have to round to the nearest star, 4 isn't to bad. The ambiance is simple, not to fancy. You enter into the front room which is a grocery and bakery and then to the left is the dining area. We started off with the fried ravioli's. They were kind of cold still in the middle, but that didn't stop us from finishing them. Husband had Chicken Parm, which he enjoyed and I had the Angel Hair with Meat Sauce. When I tell you the portions are huge, don't doubt it. I ate lunch for two days after as did my coworkers, with what I had left over. \nI would defiantly return. But maybe not rush back.",positive
yelp_485879,"Ordered at 7:10p on a Saturday... almost 9p and no call or update on restaurant. Then I called. They said my order was just done and in the same conversation they driver was 5 mins away. Which is it?\n\nNo delivery yet!!!\n\nFood good, but could have made my own Chinese food in 2 hrs as well...\n\nGet better service and communicate with customers if you are busy...",negative
yelp_62529,"I must say that The Range is the only good thing about Harrah's. I'm deadly serious about that.\n\nMy husband and I went here after we tied the knot in Vegas the night before and it was one of the best meals I have ever had! Our waiter was fantastic and was very attentive. Overall, we only spent about $180 (w/tip) and that included two drinks, a crab leg appetizer, two surf and turf entrees and split a baked potato. Everything we had was amazing. The surf and turf (fillet mignon and lobster) was perfectly prepared and was paired with an amazing butter cream sauce. \n\nFor a newly wed couple, we couldn't have asked for a better night. I highly recommend this place to anyone looking for a nice steak and seafood restaurant in Vegas.",positive
yelp_363648,"NEVER EVER EVER COMING BACK. I used to love this place. I decided to take my mom here for a mani-pedi spa for mother's day. A normal mani-pedi is $32. The lady told my mom to try gel for only $20 so my mom agreed. When it came to the end, her total was $60. Made no sense. I called to ask why we were charged so much and the guy said it was $30 for the mani and $20 for the pedi. Still didn't add up to $60. Liars! Never bringjng my business back here. Horrible. Go to Special Nails on Blue Diamond & Durango. $20 for a mani-pedi spa.",negative
yelp_448328,"A must see when in Vegas. It is about a 20 minute cab ride from the strip but well worth it. It is a tastefully compiled collection of mafia life from its inception to it's current form. Make sure you are free for 3-4 hours because that's how long it will take you to complete all 3 floors of this fascinating museum. After your done, your a block away from a Freemont St. visit.",positive
yelp_409106,"Meh....not really sure what the hype is all about? The food is not that great and the prices are outrageous! Had the chopped salad and it was good, we have had something similar before though. My hubby had the scallops and I had the grilled cheese. Nothing wow about either one. We can say we went, we tried, we defiantly payed but we will not be going back. Sorry",negative
yelp_47984,"May 30.14 at Coyote's at 9:18 pm I was turned away . The hostesses said closed. So disappointed its Friday night in Vegas. WOW,, So Outback got my business. I was not the only one turned away.",negative
yelp_112639,"My Wife and I enjoy PF Chang's and Pei Wei and we went into this restaurant and had a late lunch, not busy. The hostess was on the phone at the front door and when she finished her call, wiped her nose with her hand and proceed to take us to a table and placed the menu's down. Mind you this was in the middle of the flu season and she did not use a tissue or wash her hands. She then proceeded to pick up the extra place settings and stack them on a shelf close to our table. Within a few minutes a waiter came by and I asked to see the manager, which he obliged. I told the manger what happen and it appeared he could care less as he did not take the plates off the shelf and into the kitchen. Shortly thereafter another waited came by and picked up the plates and took them to another table. I wonder how many germs were on the plates? Who got the flu from this untrained hostess? Very poor management at a great chain. I will think twice before I go back to this location. Great food, but untrained in personal hygiene. Watch out!!!",negative
yelp_160003,"I've ate here 3 times. Once in 2011 and twice March 2013. I liked it. \n\nFood I thought was great/delicious: prime rib and mashed potatoes! Mini square cheesecakes with a raspberry sauce. Mimosas!\n\nFood I thought was just \""""good\"""": This last time I tried the omelet station, it was good, but not great. Same with the potatoes and biscuits and gravy.\n\nService: 2 of 3 were good waitresses, one was just grouchy. But the other two more than made up for it.\n\nValue: It's a tad expensive, but we tried another buffet about the same price (on the strip) and Le Village was definitely tastier and better quality.",positive
yelp_491863,"We've been hunting for good Mexican food since we arrived from Texas a year ago - I'm happy to say that we've now found it! Not only was the food delicious, but the service was top notch. Our waiter, Omar, took great care of us, and at the end of the meal the manager checked on us as well. Even though it's a 20 minute drive we'll definitely be back again.",positive
yelp_332059,"Glazier's might be one of my new favorite places to shop. Their seafood quality and quantity are pretty fresh. We stopped by here to get live lobster. 11.99 a lb and they can steam it for you. We also bought some live clams and they were only 5.99 a lb. I think that Glazier's can be reasonable price wise especially for their fresh seafood, but other things can be pretty pricey. It's clean, efficient and has most everything you might need. I know I will be back to Glaziers to make more delicious meals.",positive
yelp_210976,"I love the vibe in this place; they are going for a surfer/Hawaiian restaurant feel. It is self seating so find a booth, bar table or outdoor seat.\n\nWe got the Hawaiian pizza and an order of Coconut shrimp. Quite possibly the best coconut shrimp I have ever had: big, plump and full of coconut flavor. The shrimp sit on top of a bucket of fries mixed with onions and jalapenos, it was okay. The Hawaiian pizza was also very good, very flavorful.\n\nOne big note: The food comes out fast and piping hot, let it cool off for 5-7 minutes before digging in and the crust will be harder and won't burn your mouth.\n\nI highly recommend stopping in for the coconut shimp and a beer.",positive
yelp_183522,"Sloppy sandwich. Did you read that Tom? Your sandwich I paid 8 dollars for was sloppily made!\n\nI needed to eat while working at MGM. I wanted to eat at Craftsteak, but it was closed. I saw 'whichcraft and after reading reviews I was skeptical. However, it was there, it was open, there was no line.\n\nI opted for the mozzarella panini. I was weary of ordering a pricier sandwich with meat because of the mediocre reviews of most of them. Sandwich ordered to go.\n\nWait time was fast. Took my panini away and... As I ate it I realized the half I was eating only had cheese in it. Wtf, I thought. So I inspected the other half - and there was the rest of the ingredients. Slopped into the panini, spilling out the other side.\n\nCome on. If I'm going to pay over 8 bucks for a panini could it at least be well made? The flavors were decent, but the presentation was terrible. Plus how can I even rectify the ingredients dispersal situation when everything is already grilled together? That's right... I can't.\n\nIf you want a sammie go to Earl of Sandwich. At least if it sucks, you will not have paid as much for it.",negative
yelp_487647,"Went here for Sunday lunch, and WOW. This place deserves the five-star status it currently holds for several reasons:\n\n- Excellent food. I am no expert in Philippine cuisine, but I love meat, and this place has boatloads of it in a variety of styles: roasted pork, sausages, stewed beef with veggies, fried chicken (super crispy and well seasoned). The only negative was that the fish had been sitting out too long and was dry. \n-Unique flavors. This was my first time eating Philippine food, and I was surprised by the interplay of sour and sweet in some of the dishes. Lots of okra too. And pork fat. Lots of it. YUM. \n-Amazing dessert table! I have never had purple yam, and I tried three different desserts with it (a cake, a rice cake wrapped in what I think was a corn husk, and ice cream), the rice cake being my absolute favorite. It had that chewy, gluten-y sweetness that I've longed for since leaving Korea, and the bright purple color was a plus for sure. \n-CHEAP! My boyfriend and I each got a Pepsi, and the total was $22! They don't even give you the option of tipping on the credit card receipt, so they really don't expect it, but we left $5 because we liked the service a lot (one of the cooks brought out the ice cream to make sure we could try some before we left).",positive
yelp_200889,"I feel like I'm in an abusive relationship with Nee House. They treat me like shit but I keep coming back for more because their authentic dishes make me love them long time (inappropriate? Eh). I mean, it's never a shock when I come in and the staff makes me feel as if I just dropped into their home without calling first, but today they really turned me off with their rudeness.\n\nI go in at about 2:45pm with my daughter for lunch. There is only one table being used. The woman points to the table right next to the only people eating at the restaurant. So, I smile but went one table over and sat down. The woman comes out of the kitchen and says \""""no, can you sit at that table over there?\"""" I looked at her as if questioning why I couldn't sit at the table I had chosen, and she pointed to one of the large, family-style tables right next to the table I had chosen, and said \""""they're going to have dinner\"""". I moved, but was very perplexed as to what the issue was. Aren't all the tables there for a reason? And who eats dinner at 3 in the afternoon? Anyway, I shook it off and ordered the shrimp and eggplant in Szechuan sauce; it was amazing, as usual. My daughter enjoyed her chicken lo mein. What I didn't love is how the waitress brought out one dish way before the other, and never acknowledged our numerous friendly \""""thank you's\"""". She just had this energy that yelled \""""this is the last thing I want to be doing right now. Why are you here?!\""""\n\nThen....the staff starts coming out of the kitchen to that table that I wasn't allowed to sit near. THAT'S why I couldn't sit there?! I guess I am a second-class citizen that cannot sit at my preferred table if it is too close to the staff as they eat their food. Totally turned me off. Ridiculous. And for those who claim \""""it's about the food, not the service\"""", that is ridiculous too. When you eat out, the way you are treated as well as how delicious the food is contributes to your experience as a whole. Is the food good? Absolutely. Does this mean that it's a good experience? Probably not. \n\nI vowed to never go back....at least until I get another craving for that shrimp dish-- with a side of jerk sauce.",negative
yelp_25858,"This restaurant is a typical (and I mean typical in every sense of the word) American Italian restaurant. Let's see:\n\n- Cheesy Italian music subtly playing in background - Check\n- Wood Paneling and faux crystal light fixtures, reminding you eerily of the 80's - Check\n- Pleasant but not overbearing waiters/waitresses in black-n-whites - Check\n- Salad and Garlic Bread with everything - Check\n\nNow, as to the food we ordered, the Bruschetta was nicely toasted, with a garlicy tomatoe mix on top - very nice. Then came the salad, which is tossed table side - a nice touch. However, the greens tasted like they were straight out of a bag. No-one takes a free salad seriously any more. This was followed with warm garlic bread - the french baguette they were using for this had been squashed and went cold very quickly. Cold garlic bread that doesn't taste of garlic sounds like cold toast to me.\n\nOn to the main courses. My companion and I both had \""""signature dishes\"""" - I had the Duck Ravioli, which was accompanied by a tomato cream sauce, and she had the Shrimp linguine, which was also pleasant.\n\nAll-in-all, this was a pleasant evening. The food was reasonable, and the environment non-obtrusive. The \""""free\"""" accompaniments brought the meal down a notch - get rid of the garlic bread and salad unless asked for (and when they are asked for - make them shine - it's not that hard), and you have a five-star place.",positive
yelp_387772,Had the best shopping experience of my life - thank you Mareija and Bonnie. You ROCK!,positive
yelp_424250,"Across the street from Place Des Arts. Service is not so fast. Takes them quite a while to prepare an order when I was the only one there. I never buy the \""""pre-packaged\"""" meals, I always order fresh. However when I was eating it, it really wasn't fresh. I was so bad, I had to ask for my money back, how unpleased I was. \n\nThe place is really small, you can hardly move around properly. \nReally not a good place for sushi.",negative
yelp_146889,"I haven't had a lot of good experience with the buffets in Vegas, and this one was no different. The crowd was huge of course, but we got through pretty quick. But for the price ($37 or something like that) the food just wasn't very good. Lots of it was lukewarm and not very appealing looking. I guess I need to try one of the more traditional steak and lobster, old-school, casino restaurants for a good buffet in Vegas.",negative
yelp_525257,"Let's be real we really go here to see the ladies so don't be like this one dude who pretended to read the newspaper when we all know what your doing. This aint a coffee shop. Ok so we're really here for food and drinks but the ladies are an excellent complement to it all. \n\nI'm fan of their chicken wings, they're plump and juicy. Actually they're a lot better than those on the Strip when it came to plumpiness and juiciness. When I order them I usually get the green chile parmesan. GET THEM!! Tasty, they're my favorite I don't even know why I ordered the tried the other flavors. But if you must know they have them BBQ flavored which I didn't like, some ghost pepper flavored which was alright a little sweet than hot, and a red hot flavored which was alright. It's a shame they can't make the chicken tenders in green chile parmesan. \n\nThey have the Hangover burger which is your usually cheese burger with bacon, red onion, mayo, lettuce, tomato but with a fried egg. Fried egg on anything makes it instantly good especially a burger. It should be a crime to have a burger without a fried egg.\n\nThey have a venison chili burger which I had to try just because it was venison and I don't usually see that. It was ok. The meat tasted the same as if I was eating a beef burger.\n\nI've heard about the meatloaf. Still haven't tried it but maybe I will next time. And their nachos look huge. \n\nI'm a fan of the woodsy cabin/ sportsbar environment with all of the stuffed animals and TV all over the place. When it's nice outside they open up their outside patio area which I'm sure everyone wants.\n\nThe staff are always friendly and handles whatever the size of our party is, large or small. Very accommodating. Most of the customers I've seen here are guys but I've occasionally seen guys bring their family (wife and kids) here I'm sure they didn't mind it and sometimes other ladies there. It is a place to eat and drink after all. \n\nThey restrooms signs crack me up. Family P, Stand 2-P, and Sit 2-P. What if a dude wanted to sit or if a female wanted to stand!? I'm pretty sure it would be awkward haha. Nice restrooms too though TV inside.\n\nDon't be shy take a pic with the ladies.",positive
yelp_376020,"A pretty awesome club and a fun crowd that's not different than most similar clubs in Vegas. The outdoor pool area is awesome and laid back. Came here on a random Wednesday in November, so it was a little slower, but still enjoyed the visit.",positive
yelp_1017,"I've lived in Pittsburgh for 20 years and JUST discovered St. Anthony's Chapel. A friend of mine was visiting from NYC and, though not at all religious, he's an antiques and history freak. He discovered SAC and urged us to take him there.\n\nThis is home to the largest collection of relics open to the public in the world and to a life-sized version of statuary of the Stations of the Cross. The experience is breathtaking. The tour guides -- free tours Sat through Thu at 1, 2, and 3pm -- are extremely knowledgeable and open to any and all questions.\n\nWe were just blown away by the rich history and beauty of the place plunked down in the middle of a rather ordinary corner of the North Side.\n\nIf you have guests in town looking for something out of the ordinary or if you've never been, it's well worth the schlep.",positive
yelp_486621,"Decided to try this place after looking it up online......Never Again! Horrible food. Server was very unaware of what was going on. Every question asked about the menu she had no clue. You can definitely tell the difference between someone who enjoys their job and someone who is just there for a paycheck. Not to mention food being unavailable. We ordered the Jambalaya, Coconut Tofu and Jerk Tofu..... horrible. The rice was not cooked all the way. Food was hard and very bland! The Jambalaya was straight out of a Zatarain's with some Jamaican seasoning... as a business owner, professional chef, West Indian, world traveler and foodie this was by far the worst food I have ever had... overpriced and underrepresented.....\n\n\n Waste of money...\n\nStaff needs to be trained better on customer service....",negative
yelp_18874,Someone in class suggested this place and it was such a let down. A large group of us went and many people liked their sandwiches but my turkey cranberry w/ stuffing sandwich was awful. The stuffing looked like dog food and it tasted like cardboard and fennel. The cranberry sauce tasted like it came from a can and there was nothing special about the bread. The upside is we got our orders fairly quickly and the atmosphere was alright for a quick lunch spot.,negative
yelp_499228,"A friend and I like to stop in here after work. I love the ridiculous decor with the high back bright colored chairs amongst the longhorns and fake cow hide booths. The food is the same as most other PT'S I've been to. I usually get the boneless bucket with twister fries. The bourbon flavor is my go to however I sometimes change it up with Asian bbq or maple hot. I also recommend the bikini wrap if you're looking for a lighter fare. This place has a beautiful outdoor patio with a fire pit. I'd give it another star but some ares seem a little run down. The one time I asked for cheese sauce with my fries, it seemed as though it was from the bottom of the can and had been sitting all day. Other than those minor things, this is always a go to after work. Proximity to 215 doesn't hurt either! :)",positive
yelp_191465,"You have to know what to go for here. If you fill yourself up with their bland pseudo-Italian/Mexican/Asian offerings you will be disappointed.\n\nOn the other hand, endless crayfish and beef ribs? Yes please.\n\nThere is also a wide selection of desserts.",positive
yelp_440708,Love the food. Order chicken teriyaki and it was delicious. We just moved her from CA and found it difficult to find good teriyaki until now. We tried California rolls and they were very fresh and tasty. We will definitely be back. Staff very friendly and is super clean.,positive
yelp_122240,"I don't know where to start... from the horrific service, the grease-laden healthy egg white omelet or the filthy table. This has to be one of the worst eating experiences I've had in Vegas...I will not even attempt to refer to it as dining. The server was dirty, dumb and overly polite to compensate for his service short comings. The food listed as a healthy choice is anything but healthy. I ordered the egg white omelet that was so grease-laden I couldn't taste anything but dirty grease; the omelet was brown instead of what you anticipate an egg white omelet should look like. The coffee was cold, the french fries were cold, we had to ask several times for utensils, and when we received them we just asked for the check. We also noticed the 'manager' was in the kitchen expediting the orders..that is never a good sign and when we asked to speak with him, he made eye contact and seated other unknowing patrons, never returning to speak with us. \n\nDo yourself a favor and go down the street and eat a Coco's.",negative
yelp_485241,I had Eco Fresh clean my carpets today. I recently got a puppy so they needed it. They were on time and had the job done in an hour! I found them on GroupOn and paid extra to have the deep cleaning done. The carpets look great and the smell is awesome! No chemicals! I will definitely use them again!,positive
yelp_366644,Went about 8:30 last Sunday. I had wings and a Coors light. It was ok. We also ordered a steak which was amazing. The service was very poor. We managed to spend 150.00 plus a tip or two. Had to go to bar ourselves. The young woman that seated us really wasn't interested in serving us. It's not worth going back.,negative
yelp_482011,I ordered the clam chowder and Thai chicken salad. The soup was too watery and there were barely any clams. The salad was gross with wilted lettuce and burnt edamame. I forced myself to eat half the salad because I was hungry. I couldn't take it anymore and ended up throwing away the rest. One of the worst salads ever.\n\nThis wasn't my first visit. I've had their sandwiches before. Nothing special. Not the worst sandwich either but nothing to entice me to come back for.\n\nThe only things I like about Panera are their breakfast souffles and coffee cake.,negative
yelp_351864,"I fell in love the moment I walked in. Hundreds of delicious high end vintage dresses from the 20s to 70s. Thoughtfully presented, reasonably priced for the quality and care. I found the perfect red and gold wiggle dress from the sixties for my 10 year university reunion. The owner was helpful and gave some great suggestion.",positive
yelp_252819,Very overpriced and pretty average food. Nothing too exciting. Attempt to provide stellar service actually came across as constant interruptions and too chatty. I alerted them to my gluten allergy and they would joke about it every!!!! time they dropped bread and linger. Would stop by constantly until we were ready to close out bill...this part took forever. The presentation of raw meat as you order was unappetizing too. Would not recommend this place out of all the amazing Vegas options.,negative
yelp_251161,"Do not go there! Ticket machines were out of paper so you couldn't use them and the ticket line was really long. The trash cans in the lobby were overflowing. There was no toilet paper, soap and paper towels in the woman's room. This place was a nightmare! I intend to contact AMC corporate & let them know how awful this theatre is managed.",negative
yelp_156884,"I had the standard nigiri sushi assortment. Not impressed. The loud music was distracting, but this is Vegas. There isn't a whole lot to say about so-so sushi. This place seems like it's popular because it's overlooking the strip and it has a rep for a good happy hour. Maybe my expectations were too high.",negative
yelp_378499,"Joe A very kindly took me here for my birthday in December and it was amazing. Seafood is my favourite genre of food and I have wanted to visit this place for years.\n\nWhen we walked in they wished me a happy birthday, seated us and then brought us both over a complimentary glass of champagne. The environment was very relaxing and the staff were happy and keen to help without being over the top.\n\nTo start with I had tempura squid. Squid is my favourite dish and this did not disappoint. The portion was a really decent size and it was nice and light. For my main I chose a half lobster thermidor. This was heaven on a plate, beautifully cooked, melt in the mouth cheesy lobster. It was served with a generous portion of chips.\n\nThere was so much riding on this restaurant as I had wanted to go for so long, but they did not disappoint. I would eat here every night if I had the money. They even wished me a happy birthday on my way out and had tweeted me before I went and after to ask if I'd enjoyed myself. Excellent customer service on Twitter goes a long way in my book! :) Thank you Ondne, you are awesome!",positive
yelp_478200,"Very professional, knowledgeable and prompt. After trying to recover myself and no getting anywhere. I decided that I would search the internet for a well seasoned business. Definitely will be calling him again.",positive
yelp_215447,"Slow service, staff lacking knowledge . Staff is more interested in talking amongst themselves then helping customers.",negative
yelp_385347,"Great burgers... Fresh ingredients... Friendly staff... Adjacent to Fresh & Easy... Love the Smash Fries (Rosemary, olive oil, and garlic)",positive
yelp_398602,"Trendy atmosphere with a great, knowledgeable staff who take the time to explain their philosophy and food to you. Vegan food selection is limited but I had their tofu scramble wrap and it was amazing. Their juices are really great too.\n\nYou leave this restaurant satisfied with a delicious, healthy meal.",positive
yelp_329238,"Ordered the french onion soup and it was so salty I could barely eat it. Best part though? The slice of bread on top was a hamburger bun. How LAME. The waitress was cool and very attentive. My friend ordered chili cheese fries that were huge and tasted decent. The burger was a greasy mess. \n\nI love the set up of this place, there have been so many different restaurants here and none seem to last long. And with mediocre food I doubt this one will last.",negative
yelp_201367,"This is for the credit card department of Chase Bank.\n\nOur ID has been compromised five times and each time Chase has caught it as it is happening. They call to make sure it is not we who are charging these item and close the account right then. We have never had to do anything beyond acknowledging their actions. \n\nOne time in Paris France Gus dropped his wallet at a restaurant. When we went back they had the wallet but not the chase card. We called Chase, they stopped the card and sent another to a hotel in London for us the next day as we were traveling there in the morning. It was at the hotel when we arrived. \n\nI have nothing but good to say about Chase credit fraud department, they are on the ball.",positive
yelp_396143,"Since it was not a far walk from my office, I decided to go for the combo plate of ribs and pork ($10.50). Sides are baked beans and slaw. The portions are very large, and the combo plate comes with 2 sandwich buns. They offer multiple sauces which are quite tasty. And the service there is very friendly!\n\nThe slaw was decent, and the beans were OK (nothing to write home about). Neither the pork nor the ribs had any sort of smokey flavor. The pork was pulled and was passable -- tender, but kinda lacking in flavor. The ribs were quite possibly some of the worst ribs I've eaten. There was no sort of seasoning, and there was quite a lot of fat on the rib.",negative
yelp_38258,"Extremely bad customer service! All the employees are rude including the manager. My friend and I went looking for Halloween costumes and asked for help from one of the employees. He said \""""I'm currently helping a customer I will be right with you\"""" we waited for him to become available for 30 minutes while he continued to help others that arrived after us. We asked to speak to the manager because we kept been ignored then he asked \""""Is there something wrong?\"""" My friend responded \""""Obviously you haven't helped us\"""" his response was \""""I obviously haven't\"""" then walked away and he rolled his eyes. The manager came and spoke to us and apologized but you could tell she didn't care. When we checked out the cashier didn't greet us, all he said was \""""By the way you can't return this.\"""" And threw the items in the bag. Their store is super trashy! Never going back to this store. Their region manager should pay them a visit some time soon.",negative
yelp_60035,"This is the first place in Vegas that let me book my shows. They started it all for me. I like this place but never work things out with them where it profits us to play here. the bands love this place and beg to play here. They get some huge acts sporadically coming through here also. The drinks are affordable and the sound is excellent for a medium sized club. I will always like this place and support them, long live The Cheyenne Saloon!!! \""""PAN\""""",positive
yelp_355568,"Pizza Venice has, hands down, the best pizza in the Valley. In my mind, they've got the best bang for your buck with the XL three-topping pizza deal. Get that with the garlic crust, and you're buying pizza nirvana. It doesn't hurt that the owners are incredibly friendly. Why would I even consider ordering terrible chain pizza when I can get a great pizza for a great price from a locally owned business?",positive
yelp_319401,"Average meat. TGI Fridays offers dipping sauce for their steaks too. High pressure wait staff, attempting to push us into everything on the menu. Blatant, not suggestive and working to boost the cheque. Go elsewhere, there are many choices on and around the strip.",negative
yelp_229428,"This is one of my favorite restaurants in the city. I like their beef Teryaki better than ginza and that's saying a lot. The ginger dressing on their salad is the best that i've ever had and their hot sake is better than most and they have a very friendly staff, They remember how you like your food prepared very prompt, very observant. I honestly go there at least 3 times a month and I never get tired of it.",positive
yelp_518684,"So good!\n\nReally, everything here was just so darn delicious, I can't wait to go back. I think the only thing I have seen done 'better' elsewhere is some restaurants have homemade chips, but this is such a trivial thing that is doesn't affect my review at all. The complimentary salsa was wonderfully flavorful and the bean dip was the best I ever had. (I never really understood why beans were served with the chips - who ate that stuff? - until I ate here, and then I couldn't stop eating it!) While we were looking at the menu (the lunch menu), I noticed there was a choice of a complimentary sample of either salsas or toriados. The toriados was described on the menu as fried jalapenos, which didn't sound great, so we decided to ask for the salsas. But when the waiter came by, he automatically brought the toriadoes. When we told him we actually wanted to try the salsas instead, he said no problem, and brought us those as well. Winner! The toriados (which turns out to be both onions & jalapenos sauteed) were phenomenal, tender, delicious, (seriously might be the best sauteed onions ever) and the salsas were great fun to try, with different levels of spiciness, and all with their own flavors behind the heat.\n\nI ordered a combination plate with a chile verde (pork) enchilada, a chile relleno, and a chicken tamale. I was a little surprised that the pork was in chunks instead of shredded, but no worries, it was so tender it didn't matter. Delicious. I actually haven't had a chile relleno before, so I can't really compare it to others. It wasn't my thing - I guess I am not a fan of the breading. But it was still pretty good. And I immensely enjoyed the tamale. It did not have cheese in it, which might disappoint some people, but this made it perfect for me. My husband ordered steak fajitas, and he said they were phenomenal.\n\nWe did also order two rounds of margaritas, rocks, no salt. I know some reviewers thought they were too strong or tasted like pure tequila, but we loved them. The first round was perfectly mixed, but as it was made with standard tequila, it was a little sharp (as expected). We had the second round made with one of the premium tequilas, and it was divine.\n\nThe service was great, and I enjoyed the decor. I liked the bits of hand-painted vines on the walls, and the artwork for each booth. I had been wanting to try Viva Mercados for a long time because of the great reviews, and I am only disappointed that I didn't eat here sooner. Like I said before: so good!",positive
yelp_15257,"Updating my review after a horrible experience trying to utilize their private room, Rendevous, for a birthday dinner. Their event coordinator dropped the ball with several huge miscommunications during the 4 weeks we were in touch, and then went MIA for a week and a half before the event. In the 11th hour, three days before the event and ON my actual birthday, I had to pull the event when there was no way to find a mutually-agreed upon solution that would preserve the original intent of the evening. I had to inform my 27 guests of the last-minute location change via e-mail after sending formal invitations weeks in advance. \n\nThe entire experience was a nightmare and having the owner yelling at me on my birthday was not the highlight of my week. The most unprofessional and offensive experience I have ever had within the service industry.",negative
yelp_144862,"Over rated\n\nThe bouncer and door people are unfriendly. Talent is average.\n\nMost of the club is split in half. VIP or not vip . It is awesome if you have a table. If you don't. Than your out.\n\nKool club, but it is design for VIP Tables. Kool balcony and thats it.",negative
yelp_239974,I can't stand the manager Michael. Let me know when he's fired so I can start shopping in there again. I bought a dog crate and then a few days later I got a $5 coupon off a crate. Asked if he could do an adjustment and he said id have to return the crate and rebuy it to get the coupon. Went to the rainbow store and the manager adjusted it with no problem or hassle. Michael has an attitude and very cocky. Also Dave the district manager didn't care to much of michaels behavior seeing as he never replied back to me.,negative
yelp_518175,"I really wished when this place opened that it would be great! I mean, everyone likes wings and they have other restaurants in the valley! The addition of the main bar and grill in the area going out of business......aka big guys......had to help the opening! Unfortunately , the wings aren't that good. We've been there 10 times.......giving it the , more than enough times to shine through, and it is a big miss! The pizza is the best thing we have had! Sooo. many sauces and rubs and they all are kind of a miss! Tried the strips, boneless and traditional wings and.......sorry, not impressed! There is one thing I like there! It's the tv's......great for a game! Eat before you go or just get drunk there! Step up your game please! I want my neighborhood bar back! Lost it with big guys! DO Something!",negative
yelp_156266,"The Capital Grille...I've eaten at the ones in Chicago and Las Vegas, but there was just something about this one that I didn't care for. Seems like their selection has gone down possibly? I'm definitely a steak eater and have no problem spending that much money (they seem to be pricier that I remember--and they are a chain, none the less) on one, but that particular night I didn't really have a taste for a steak...or chicken or fish...Unfortunately those were the only options beside salad. Would I eat there again? Probably not. There are so many other restaurant options in the Phoenix/Scottsdale area, I would suggest going elsewhere--unless you enjoy ordering a sub par steak from a small menu.",negative
yelp_80975,"This is an LA Fitness now. I like it, it's not busy when I go.",positive
yelp_446833,"Wow, probably the nicest people I've ever met. First, let me start by saying I called them up after finding a pool table on Craigslist and told him everything I knew about the table, Bill was honest and had no problem telling me not to waste my money (This was my first time buying a table so really had no idea what I was looking for) He stayed on the phone with me, explaining in detail what I should look for, how much I should spend and exactly what I needed to look avoid. I couldn't have been more grateful! I went and bought a table that day and he was able to help me and stayed until the deal was done, I am thankful for him and his team!",positive
yelp_357058,"Upon entering the lobby there is definitely a WOW factor. It has a very impressive decor which fortunately carried out throughout the entire hotel, casino, and my room. The pool area is great as is the Chandelier bar in the center of the hotel. My room was very nice with a nice balcony; it also had a microwave, kitchen sink, refrigerator, and (oddly) a dishwasher. The bathroom was awesome with a great soaking tub and large, beautiful walk in shower. The only downside is that there are not alot of options for low cost meals which is expected at a high end hotel, but nonetheless disappointing. All in all, a great hotel.",positive
yelp_447949,"Small restaurant, clean bathrooms. Kalbi was yummy so was the banchan cucumber, kim chee, tofu and bean sprouts. They also serve hawaiian poke I was worried when I saw the color of the tuna but it turned out pretty good. The only thing that stumped me was the side salad. The salad was really crisp and fresh but no dressing. We never have left over kalbi but this time we did. So it was an order of 4 kalbi dinners, 1 order of hawaiian poke and 4 sodas total was $61 by far the cheapest we have paid for Korean BBQ. Service was fast and friendly.",positive
yelp_368927,Sat at the bar for 30 minutes waiting on peel and eat shrimp appetizer. Server kept saying it was on its way. Never got the appetizer and left as our entree was coming out. Seems to be bad communications between the FOH and BOH. I've been here many times before but it seems to be getting worse. I expressed my concerns to the food and beverage manager and she seemed receptive. I'll give it another chance and hope that next time I can write a better review.,negative
yelp_25596,"We were staying at a hotel nearby and found the reviews for this spot. Boy are we glad that we did! We are constantly on the hunt for great tacos in any city, this was definitely one for our list. \nWe ate here for dinner both nights we were in town. The majority of the meals ordered were the 3 taco plates. One carne asada, marinated pork, and carnitas, served with yummy rice and beans- the tortillas were very good too. This is definitely the plate to get here. I think that the carne asada ones were the best. \nNormally we order all of our food medium spiced, but beware of the red hot sauce that they put on the tacos. My daughter somehow got an extra dose on her tacos and was having a hard time getting through the burn. This somehow justified the obscene amount of Fresca's ordered. :) If you are remotely sensitive to heat, order your sauce on the side.",positive
yelp_241401,"This place is not very good.You get a 2for1 if you stay at TI which is all that it's worth, if that. The food is cold and the only \""""fresh\"""" thing I could see was the pasta made in front of you with choices of sauces/pasta.And the poor staff are not happy.Our guy never cracked a smile even when we try to make a little small talk.At least we didn't have to walk far to be disappointed.Oh wait, they did have fresh fruit (kinda sorta) so that was good if you like melons and pineapple.",negative
yelp_23147,After going there every week since it reopened I was treated like dirt last week. After being treated so poorly we were on our way and opened the bag to find an order that was wrong..... AGAIN!!!!,negative
yelp_103050,"Never use this restaurant for your wedding reception or any special banquet . They so nice at the beginning but they so rued and try to make money after you deposit. I had no way to get out because my date already set ,the invitation already sent so i get stuck with them. Service so bad ..I am so embarrassing with my guess..and so sorry to choose this restaurant",negative
yelp_192240,"Greasy floor and raw tenderloin. We ate here on May 22 and wish we hadn't!! Overpriced and lousy salad bar. Even the coke was terrible. \n\nWe are from Brasil and know good barbecue. Even though the waiters were Brazilian, the food fell fall short of even the lowest-priced places there\n\nThe meat selection was limited and cleanliness is clearly not a priority. To top it off the tables rocked. Can't restaurants have stable tables?!?",negative
yelp_318416,My best friend and I were going to Vegas for her bday and she's never been before. She really wanted to go see Holly Madison because of her show and I said I would go along. I like Holly but she cannot dance. I thought the story line was stupid. I don't particularly like seeing topless girls. But the dancing was really nice and I enjoyed the music.,negative
yelp_363120,This is the worst little cesars place i have ever been too. It'll do for the kids though. Staff is friendly but the pizza tastes wierd.,negative
yelp_448074,If I could put a negative -10 that would be my true rating for this place! I can not believe what I dealt with over the phone. If I wasn't in an office with 3 of my kids around me I would have been able to catch this women's name. With all that was going on I missed it. \n\nI first called to clear my son's insurance information that was on hold. I gave her my son's info and she said she would take car of it when she was done with a patient. Well we are in another office waiting for that to clear so after 5-10 mins I call back and the same lady answers. I inform her on our situation and that we need it cleared asap she talks over me and says we will get to it when we are done with our patients and hangs up the phone. The tone in her voice was so uncalled for and beyond unprofessional. \n\nI was so upset I called back and was able to speak with someone more helpful. Although she was nicer and was able to direct me to the original location I believe it was because she had to make up for her co-worker unprofessionalism. \n\nFirst off the reason why we didn't go through with this company on Pecos/Warmsprings was due to the lack of customer service. Not only due they lack personal service but even over the phone at the Pecos/Harmon location. I hope the management team that oversees these locations takes the time to re educate their staff on behavior it's one thing to lack in service it's another thing to disrespect clients. NEVER again will we be back!,negative
yelp_374950,"I would probably rate this place 4.5 stars. I drove by this place many times and we finally decided to try it in place of our usual thai places. The restaurant is cozy and intimate. The service was great and the food was served quickly. We decided to order the crab rangoons to start with. I was pleasantly surprised by the crispiness of the skin and it was a nice change that it wasn't overflowing with cream cheese. I was definitely excited to try the entrees after the crab rangoons. We decided to order the Beef Pad See Ew (one of my favorites) and the Green Curry with Pork. The Beef Pad See Ew I could probably eat the whole plate by myself...it was that delicious. However, the green curry kind of ruined my palate. We asked for a level 3.5 spiciness on a scale of 10 and it was spicier than expected. I think next time a level 2 or 1 would be sufficient. It was good other than the spiciness. I will definitely be returning the next time I'm craving some Thai food and its even better that its 5 minutes away from home.",positive
yelp_399139,"Although the place is beautiful, the food was horrible. Worst salsa EVER, it tasted store bought. The fish taco was barely edible, poor quality fish and it was $11. I ordered a Patron margarita, since I like tequila, and it tasted like water! We told the waitress, and she got me a new one, but it was only slightly better and I still don't think it was Patron. They charge for chips & salsa...the food is expensive and they charge for chips too?? Would not go back!!!",negative
yelp_306427,"Best hotel I've been to in Vegas. The service is always amazing. Nichole at the concierge desk is great. She will go out of her way to help you. The pool area is beautiful and the rooms, well they are the best I've seen on the strip. Really spacious and a modern decor. The casino has so many slot machine options and a great amount of table games. There are several restaurants and bars. Haze night club is here too. You really never have to leave and you won't want to.",positive
yelp_511288,"I wish I could give a better rating than 5 Stars. Went in there just as they were about to close and instead of rushing my order and closing up shop, they stayed open and answered all of my questions and addressed all of my needs! Vanessa, Daniel and Jenny were a great help. They treated me like family not to mention they had a large range of juices to choose from as well as beginner devices to high end mods. \n\n*Tip - If Robert is working, ask him to do his special dance. It will surely give you a laugh. \n\nSuper Great Staff!",positive
yelp_240695,LETTE macaroons are way better in Fashion Island Newport Beach CA,negative
yelp_436871,"Paul and his crew did a fantastic job on our carpets. We had numerous red pet stains from where our dogs threw up their food. They were able to get all of the stains out. There were a couple of old urine stains that didn't come up, but 2 other companies we had used previously failed to remove them also. The carpets looked much better than they did on any previous cleaning experience. They also cleaned our sectional sofa and recliners. the carpets and furniture were completely dry with in 36 hours.\n\nI was very happy with their service and intend to use them again.",positive
yelp_381289,"I LOVE frozen yogurt! Such a sweet treat! \n\nWhat I DON'T like it watered down yogurt! *cough cough* (Mojo on Mill Ave) \nThis place is really good and the yogurt isn't watered down. I used to live out this way so I would come here often especially since it was open til midnight on weekends!\n\nI love the variety of topping they have, cheesecake!!!!!! That is a topping I usually don't see at Yogurt shops. \n\nIt can be a bit of a wait during certain times, but that didn't bother me. :)",positive
yelp_485684,"5 stars all the way for the bun baos!! and the awesome service!!!\nhidden gem in at the Eureka Hotel...\nthe bun baos were DELICIOUS!! they had the pork belly and peking duck baos--i enjoyed the duck baos the best bc I got parts of the crispy skin....YUM... \nAlso ordered the marrow (i dont recommend it because I hardly got any), the sesame noodles which was nice and flavorful and light - not very heavy and my friends ordered the burger, which came with the patty, bacon, eggs and korean galbi...\nDefinitely coming back next time I am in vegas for the bun baos - I wanted to order some to take with me but it wouldnt have been the same as eating it fresh there!",positive
yelp_210519,"Mad House is great! There's no corporate stuff going on here, you ask for something they do their best to provide it. They are super friendly, and the product quality is excellent. The food and baked items are great as well!",positive
yelp_159327,"Jaime totally rocks!!! She knew what had onions in it and how. Never had someone as knowledgable about the intricacies of the menu. We were impressed with her ability to remember all of our altered orders. Also, I'm so boring, I get the same thing at every Mexican restaurant, Chimichanga with Carne Asada. I have been to hundreds of places and this, by far, has the best Carne Asada ever!!! It's tender and smoky. Gracias!!!",positive
yelp_326211,"I enjoy the atmosphere and love the huge selection. I'm not giving 5 stars because of the food menu. They just changed it and got rid of all my fave items. Basically it seems all they really offer now are burgers. While that's great for some, I prefer a little more selection. This won't stop me from coming in!",positive
yelp_237273,"My husband and I have been coming to this restaurant for the past 7 years. I almost always order the ahi tuna entr\u00e9e which costs about $24.00. I know that is expensive but it is hard to find anything other than sushi that compares. Needless to say the last two slices were inedible. The coleslaw was high quality cabbage and was picture perfect but otherwise was extremely bland. The mac and cheese was very good. In regard to their usually awesome sourdough bread which is better than that served in CA on Pier 49, it was disappointingly tough, cold and dry. The service was also not befitting this establishment since we were rarely checked on and dirty dishes which I had stacked were left on the table. We were going to complain to management but no one bothered to stop by and if they had we didn't think it was worth getting a certificate to come back again. It was that bad. I don't know if it is economy that caused this great establishment to falter or not. I am just bummed we paid so much for so little. In addition my husband ordered the fish and chips which used to be delicious. The order he got had been changed to a thick greasy Tempura coating. It was not good at all either and unfortunately he had ordered the same bland slaw as I had. Fish and chips used to be one of his favorites.",negative
yelp_21054,"I lived in this apartment complex for the past year. It comes with all of the bells an whistles. This behemoth overshadows the sketchy neighborhood it resides in. Don't get me wrong, I never felt endangered, but you place an expensive jewel in the middle of dirt and it will get dirty.\n\nFacility-wise this place is enviable. Huge pool with sandy beach. Large pool/grilling facilities. Volleyball court. Nice, cozy gym. \n\nThe apartment is ok by my standards. It is basic and ok for the price I suppose. 745 sq. ft. for $800 a month. I was never a fan of my neighbors, and this is where the dirt from the outside starts to seep in. No one was ever friendly towards me. I had loud, obnoxious residents around me. It was, at some points, insufferable. \n\nI even had an instance this past spring when the trees and flowers blossomed and grew. They grew right over my stairwell. When I asked if they could send someone to trim it back, they acted like they put it down. It took 3 weeks before anything happened. That is just terrible service. \n\nGranted it is not all bad. I wouldn't exactly recommend it, but I am picky. So now you know.",negative
yelp_41945,"This small veterinary clinic is the best! Every doctor there is friendly, knowledgable, and always takes the extra time necessary. They are very compassionate and reasonably priced. I highly recommend this place!!!",positive
yelp_127413,We visit Vegas regularly and have stayed at the Strat 4 times. We will not be staying again. The hotel has really gone downhill the last 2 times. Customer service is poor. Our friends also stayed ( on our recommendation ) and called ahead to confirm a late check in with a specific bed size and a smoking room. When they arrived they got a room with 2 small beds in a non smoking room. the management didn't even fix that until i went down and made a fuss! My other friend checked in and the room was not even clean. There was urine in the toilet and toothpaste in the sink.\nThe casino doesn't vent very well and tend to be smokier than most of the newer casinos. It is impossible to get a drink while at a machine ( I totally recommend Planet Hollywood for this) and we won more money at the airport machines than in this place. Good bye Strat!,negative
yelp_137997,"Quite honestly you get what you pay for here. Yes, yes it is incredibly cheap and it's located near all the newest and hottest hotels/ clubs. But if you are coming to Vegas on a budget and you don't care where you sleep at, this is your place. \n\nThe room is pretty standard, two queen sized beds that are ok. Lighting is horrible in the room because there is no main light just two lamps. The bathroom is a decent size and the only place with good lighting to put makeup on. \n\nFor a 3 night stay we paid total $86 dollars for that kind of deal you really can't complain about much. You really do get what you pay for.",negative
yelp_183227,"Terrible service, horrid sliders, waiter couldn't answer simple question asked regarding \""""what sides come with sliders\"""", had to wait for diet coke as the keg had to be changed, gave waiter our order prior to 5:30p for early bird prices however I watched him take a good 8 mins to enter it in the computer. Another waiter waited to enter his order and finally walked away. Our waiter had no people skills, no knowledge, and moved at a turtle's pace. No condiments on sliders, no garnish and I was not even offered any. The restaurant was so cold that I put a napkin over my fries to try and keep them warm......didn't work. Horrid experience!",negative
yelp_447824,"All fitness, all the time in a low-pressure, no harassment environment? Please and thank you!\n\nAfter making a monthly donation to 24 Hour Fitness for roughly a year, I decided my money would be better spent on shoes and other non-necessities, so went gym-free for about 2 years before Ashley B. brought to my attention the glory that is Planet Fitness. $10 a month? This couldn't be true. Anti-gym rat attitude. This couldn't be true. Friendly non-judgmental staff? This doesn't sound like any gym I'd ever been to.\n\nI signed up online- a quick and painless process- and showed up to the gym about a month later (it took me a while to get motivated). The day I arrived it was crazy busy, so I had to wait a minute to get my information verified and a gym card which comes in nice and convenient keyring form. While waiting I had a chance to take in the place, which even while busy had plenty of machines open which was nice to see.\n\nThe weights area can get crowded by nature because they don't have several of each machine like the cardio section does. However, if you are getting out of control-grunting, impersonating the hulk, excessive and self-centered weight exercises-the staff will reign you in with the \""""lunk alarm\"""" which will go off and humiliate anyone who is displaying inappropriate gym behavior. I like, no I LOVE this. People come to the gym to get fit, not to listen to you huff and puff and re-enact scenes from Rocky. So if you want to act like an caveman, go to 24 Hour.\n\nThe staff is so friendly and I never feel intimidated or pressured by them to do anything I don't want to like \""""invest\"""" in personal training or nutrition sessions. Those services are available if you need that extra accountability or guidance. I'm not knocking it, it's just not for me, but I like that it's available and not shoved in your face all the time.\n\nI'm not going to say I love working out. I hate it. I'd rather be at home eating grilled cheese sandwiches and watching Judge Judy rather than working up a sweat and watching CNN. But because I don't want to die in the immediate future, getting exercise has to be a part of my lifestyle. Planet Fitness makes it just a touch simpler!",positive
yelp_420196,"Accessory mavens, prepare to lose self control. This store has TONS of merchandise organized into color coded sections. Handy because you could definitely get overwhelmed in this feast of fashion. Talk about somewhere that you wouldn't want to do inventory...yikes.\n\nEvery time I visit I find something I \""""need\"""". I can't think of a better place to visit if you're looking for that one item to complete an ensemble. Scarves, purses, necklaces, earrings and even a new addition of slippers can be found in ever color section. They even have dresses, shirts and footwear if you're really starting an outfit from scratch. \n\nThe staff is attentive and pleasant and they're happy to explain the layout of the store for newbies. There is a kids section in the back as well as a clearance section. Enter your name in the customer database and never have to worry about tracking down a receipt again. \n\nJust love this place, it motivates me to make the drive over to Tivoli Village.",positive
yelp_13290,"Even though it is only $6 to get in, this is so old school. They hand you a 3 ring binder to take you through the tour. They do not have information cards at each fire truck. You have to read this small print in the 3 ring binder while minding your children. The old guy at the front desk was grouchy on top of it all. Don't waste your money. Make a donation to the fallen fire fighters instead.",negative
yelp_283813,"Went there for anniversary and it us a great place to celebrate. A little on the pricey side. It's 46.99 for dinner which includes the salad bar and all you can eat meat. They have ribs, chicken, pork, and lamb. All well marinated and seasoned to perfection. Servers are very attentive. You also get a side of bread, mashed potatoes, and sweet banana with brown sugar. Also saw Carlos Santana, which made it that much better.",positive
yelp_445588,Service is always good but the wait is always longgggggggggg. Its worth waiting for though. Garlic rice is awesome. Any pancake is A++ favorite is the loco mofo and pig grilled cheese. I order both entrees for breakfast and just have the grilled cheese as a appetizer. Wish they had groupon or living social deals to make it affordable and then I'd come 2-3x a week vs once a week. Weekdays are not as busy. Weekend be prepared for a wait. You gotta come here. Great meals. Great great food,positive
yelp_273792,Amazing Haitian food! Have the Caribbean lemonade and the goat. Rice and beans = mmmm. And some of the nicest people you will meet. A great family restaurant and wonderful spot.,positive
yelp_485177,"Recently came for brunch and had a great time. The menu is limited - there were 4 main dishes, and it seems that an a la carte option of eggs, toast, bacon, etc could be put together. In the end, it was something of a relief to have just a few options in today's standard of so many choices. (Though it was great that the dishes could be made with meatless proteins as well). We had the breakfast poutine, the stuffed grape leaves omelette, and crepes. Side salads with locally foraged greens, including edible flowers, took the meal to another level. Everyone enjoyed their selections, and mimosas and kombucha added a little extra kick. A little pricey to be a regular option for me (while still being a good value), but it was a fun thing to treat my folks to.",positive
yelp_76522,"Fifteen minutes no server they aren't that busy, no management at all this is by far the worst I've been to, just want some breakfast late in the day",negative
yelp_2522,"One of the great independent record stores, Karl Hendricks runs his business just like he plays: with passion and creativity.",positive
yelp_407422,Came for drinks and to kill some time. Bartender was very friendly and easy to talk to. Atmosphere is nice... old world library setting. TVs on the wall to catch football and whatever else interests you. Bartender was very nice to change the channel per our request so we can watch the WSOP November nine live.\n\nFood looked really good judging from those around us. Will have to give it a try next time!,positive
yelp_381515,"Go there, go there, GO THERE! Delicious steak and shrimp, great decor and clean, clean, clean. Even the casino part smelled fantastic and everyone was super friendly. Really weird since it was right off of filthy Fremont st. From the outside it looks crappy but take my advice, if you want to be treated nice without the fear of getting some bacterial infection, go to this place.",positive
yelp_206880,"I Love this place its a gem in the desert. The staff are so friendly, funny and kind and helpful, I've been twice now and both times have been great. The person who did my hair was Emily B. shes a magic worker, not that my hair was bad bad but it wasn't cut correctly ( and i gave myself bangs) and she did her thing she knew what she was talking about and now it looks great. \ni highly recommend this salon\nits clean simple elegant and beautiful\nyeah emily B!!",positive
yelp_4900,"Excellent service! The majority of their products are locally bought and the prices are reasonable for the quality. Some of the wines are arranged where a certain amount of the proceeds are directed to a local food bank. The lobster mac-n-cheese is an amazing start to your meal, especially when it's cold out. Definitely recommend the lamb or the pork on a bed of southern smoked greens.",positive
yelp_270003,"looooove the ambiance, staff is very friendly and chill, good food, rather large portions, kinda pricey. nice to indulge once in a while.",positive
yelp_52552,"If you stay here get a tower room. They are reasonably priced and fairly modern. All the other rooms are a glorified version of \""""pay by the hour\"""" rooms. They're dated and they stink. The sportsbook is more like a sportsbook museum. They actually still write the odds on a white board. How quaint, or sad, depending on how you look at it. Go there after 3 am and you will see the shift change strippers piling in to throw away their \""""hard earned money\"""". The oyster bar used to be hidden gem but now its a victim of it's own success. Long lines for food that no longer hits the mark. They must advertise in Orange County, CA because the oyster bar is always packed with asians from OC. More proof that nothing good in Vegas lasts. As far as the casino goes, its smoky and relatively low class. That begger at the corner of Sahara and the Strip you gave 50 cents to? Well, you just might meet up with them at the blackjack tables. Enjoy",negative
yelp_211673,"I stayed here for a conference. Really good experience. The hotel is smoke free. It had a fridge, was clean and quiet. They dont charge resort fees and internet is free. No noisy casino below. Nice heated pool. Breakfast was not free so I ate my own. No biggy. The shuttle was free to the conference. It ran every 30mins. I was frequently left waiting on the sidewalk at the convention center. Thats why they lost a star. Its fair priced. My overall experience was good.",positive
yelp_133464,"OMG avoid staying here at all cost.. can you say RUN DOWN? Need remodel desperately?!! Sewer water was coming up my bathroom sink, airconditioning rattled all NIGHT, hole in the wall. Asked for someone to fix.. no one came. OLD.. needs updating. \n\nThe staff is extremely nice, but.. they did only give me a bottle water for enduring my room (no time to switch, was on the go at a convention)!! LOL \n\nNext time I will go to another hotel and cab it over if I have a convention.. it was truly HORRIBLE.",negative
yelp_507679,"GNC is my heaven. It's my go to store for everything I need. I've been to many across the Southwest but was really impressed by the staff that works at this one. They were all extremely helpful, knowledgeable and patient with their customers. It makes a huge difference when a place knows how to do customer service and this GNC does it very well. Thank you!!!",positive
yelp_207187,"Can't agree more with the comment above. The medical asst was really unprofessional. If you don't know don't guess, she gave me uncertain medical information on behalf of dr. I got my annual check long time ago, and I didn't get my check result until 2months later. Will never suggest anyone I know to go there. You feel negative and stress with them!",negative
yelp_7177,"By far, my favorite Chinese restaurant in Charlotte. \n\nHave been going to Great Wall for the past 12 years and no Chinese place in Charlotte has come close to replacing it.\n\nFood has always been good and is always consistent. From the egg drop soup to the spring rolls to the entrees, everything is great. I highly recommend the Shrimp and Broccoli, but really everything there is worth trying.\n\nWait staff is very attentive, bordering on too attentive at times. Food comes out fast and hot. The owner is friendly and enjoys chatting.\n\nGood with large parties, there are two rooms in the back of the restaurant that can be joined or separated depending on the size of your party.",positive
yelp_47951,"This review is for the cafe only. If I could do half stars, I'd rate this a 2.5, but since I can't, I'm rounding down.\n\nStopped in for a quick bite to eat before a movie on Saturday morning.\n\nService was quick and polite, but not super personable. \n\nThey have a good selection on their menu, including Steel cut Irish Oatmeal. \n\nI had the short stack of pancakes, and only got through half. They are HUGE! only two pancakes, but in reality, for me, it was the equivalent of 4-6 smaller pancakes... way more food than I anticipate, or wanted.\n\nMy bf had the 2 egg breakfast, with bacon, hashbrowns, and an english muffin.\nThey brought it out with grape jelly, which the fella hates...so they brought out a cup of strawberry jelly.\n\nI've never seen jelly served this way...usually its in packets...I have to wonder about the safety of using big jars and serving jelly in cups...what if its not stored properly? \n\nThe eggs were ok, but one was a little over done. \n\nAll in all, the meal was ok. I'd probably go back, but I wouldn't go out of my way to eat there.",negative
yelp_502002,"I felt like I had just walked into the free weight area of Gold's Gym or stepped onto the Jersey Shore, lots of steroids and meatheads. \n\nKinda went here on a whim, wanted something healthy and wanted to try somewhere besides Greens & Proteins. It was both my friend and my first time here, the girl at the counter didn't seem interested in offering any suggestions or helping us. I decided to try the Greek Signature Bowl, turkey burger, tomato, black olives, feta, cucumber and red onion, and I chose quinoa for the carb. This was really lacking in flavor and for $9.99 I was really disappointed. I also didn't like that they didn't have the nutritional value available.\n\nThey don't sell soda or have a soda machine, yet they sell Crystal Lite and have 10+ sugar free syrups behind the counter, artificial sugar is just as bad as soda. \n\nI don't see myself returning. If I'm going to spend the money I'd rather go to Greens & Proteins.",negative
yelp_411481,quite frankly this place is really NOT that good... This place doesnt represent the great quality of filipino food! where in the world do u see bell pepper nd cabbage in Kare-Kare ... but i guess if you are that hungry its okay :)),negative
yelp_214379,"Wish I had read the reviews before paying my money. Booked a shuttle (have to prepay), shuttle never showed, then when after waiting 15 minutes I called they told me it would be \""""another 5 or 10 minutes) and acted like they couldn't understand why I wanted a refund. Of course the person on the phone told me I had to talk to \""""customer service\"""", which is a voicemail machine. Go out of business, showtime.",negative
yelp_142293,"Just came from having dinner here, and I've got to say, for $110 meal that included only 1 beer and no dessert, I was not impressed.\n\nAfter reading some of the other reviews, I chose the surf and turf with scallops as the turf option. IMHO, the scallops were overdone and rubbery. The steak was a nice texture and done correctly, but didn't even have the fundamentals of seasoning even vaguely noticeable. It was utterly tasteless.\n\nSo, my apologies to all of you that have had good experiences here....it just didn't live up to the reviews or my expectations.",negative
yelp_413808,"I'm no stranger to raw food, and was really excited to try this place out. \n\nUnfortunately the service was horrible. I had to flag down a waitress after sitting for 15 mins to order a glass of wine. 10 mins later no wine, so I asked a different waitress to check on it. Still no wine. After patiently waiting another 10 mins I got my wine, but no apology. \n\nI then adamantly ordered the vegan lasagna with kale salad. It was excellent (when it finally showed up)! Don't expect cheesy gooey comfort food though, it was basically like having 2 really good salads.",negative
yelp_461351,"Petit bar de quartier, coin Mont-Royal & Laval. Belle ambiance quand c'est plein, j'aime bien les grosses portes de garage ouvertes l'\u00e9t\u00e9 ainsi que la mini-terrasse. Ils ont aussi des sp\u00e9ciaux sur l'alcool.",positive
yelp_275991,"My coworkers came here for dinner our first night in Montreal (a Monday) and were not impressed. Apparently on Sunday & Monday the regular restaurant is closed so there is only a bar menu.\n\nWe didn't realize this until we sat down after just sprinting in to get out of a thunderstorm. \n\nThe decor is the nicest part - modern and funky with nice open windows (luckily the rain wasn't coming in!) and a good view of Crescent St. \n\nThere was only one waitress working who was doing her best (to be fair), but she needed help. She was scrambling around and we had to track her down for everything from menus to ordering and getting the check.\n\nFood was kind of a joke. The menu was not cohesive or complementary at all. Charcuterie plates, hamburgers, and grilled cheese? \n\nPrices were also ridiculous (the grilled cheese was $1 more than the hamburger?) and not worth it. \n\nI'd stay away.",negative
yelp_454539,"DO NOT GO HERE! Prior to visiting America's Best, I read a ton of TERRIBLE reviews about the wait time at this company (for all the locations). I was an idiot and did not realize how terrible the experience actually is. They run their business by completely overbooking appointments, which leads to lack of attention to detail and ridiculous wait times. I made an exam for 11:30am and then sat for almost 3 hours waiting to see the single eye dr working. For the record, I walked out of their office at 3:30. While I was sitting in the waiting room, I listened to the workers repeatedly lie and tell customers it would only take 45 mins (after I had been sitting there for 2 hours still waiting to see a Dr).\n\nTo make matters worse, once I saw the Dr, the prescription I was given was completely blurry and I had to make her redo my prescription. If I had not said anything, I would have walked out with a blurry vision, compromising my safety and those around me when I drive. Eeek! This is lawsuit waiting to happen!!! \n\nOne other thing to know, if you get a contact exam, they will make you go to a follow-up within 45 days. If you miss this window, they will hold your prescription hostage and you get to start the process all over again. \n\nEven if you can handle waiting for over 2 hours for an exam, don't go here because the optometrists are so overworked and overscheduled, you mostly will leave with the incorrect prescription. Spend $20 or $30 more and go to an eye Dr that has time to fully determine your prescription and isn't pushing you out the door to get their quota of customers.\n\nI wish I could refund my purchase of the eyecare club because I will never return to this business again.",negative
yelp_98340,"Been taking my dogs here for 5 years! Dr Marsh is extremely passionate about my dogs, and has saved my labs life a couple times (she likes to ear rocks). My dogs get so excited when they get to take a car ride to see Dr Marsh! He is always on time and super friendly. Wouldnt trust any other doctor with my babies!",positive
yelp_205764,Pharmacy service sucks. Takes FORVER to get your meds. The staff seems really unorganized. Not writing anymore. They took too much of my time up already.,negative
yelp_96808,"Picked up some food to go here. For a quick meal on the cheap this place isn't that bad. However, it wasn't very good either. We got the dinner combo b and everything on the pupu platter was either bland or dry. The fried rice and garlic shrimp were actually pretty good.",negative
yelp_426280,"Was wanting some good Vietnamese food near my work, so I found this place. The food was AWESOME. Best egg roll and spring roll I ever had in my entire life. So much flavar in the egg roll. I could actually taste the pork and shrimp, as the crispy wrapper was very thin and it wasn't all dough. \n\nCan't remember the name of my main dish, but it was #43. Fried noodles with all kinds of chicken, shrimp, fish ball, veggies, sumari, scallop and squid (octopus?) on it. This was so delicious and fresh and not greasy at all. WOW .. that's all I can say. \n\nThe place was very clean and I could tell it was recently remodeled. I give it four starts instead of 5 only because their English was so poor, it was really hard to communicate about to-go boxes, paying the bill, etc. Nobody comes to leave a bill, but we finally realized that others were going up to the bar to pay. \n\nI will definitely be back here, likely again and again.",positive
yelp_517440,It's always a great experience going to this pita jungle location. The staff is always friendly and the food is always great.,positive
yelp_170204,"THIS IS FOR THE LOCATION AT NY NY.\n\nI thought it quite appropriate that my 100th review be about hot dogs. I can't get enough of them and will eat \""""dirty water\"""" hot dogs any day of the week. If you put anything other than spicy mustard and onions, then you're taking away from the true hotdog experience. I've had my fair share at ballparks and street vendors across the nation. I have to admit that the vendors on the City's streets are probably the best I've had, specifically the ones around Union Sq since they also serve Pepsi (not all of them do). \n\nBut back to Nathan's in Vegas. I was walking to the Bellagio to meet some friends and realized I was hungry. I had the coupon for B1G1F and since NY NY was connected to Excalibur, I could walk there with minimal sun exposure. So I made my way over to have a dog. When I got there, I was a bit disappointed. They had spicy mustard, but no onions. How does a hotdog stand not have onions?? Lack of onions aside, the dog itself was yummy and the bun nice and soft. Unlike the other locations, the dogs here are fresh since I'm sure they have a higher turnover than the Venetian. \n\nSo when you're in the mood for a good hotdog under $2, hit up NY NY. Rule #1: Always be sure to go to the location with the highest turnover to ensure a fresh dog.",positive
yelp_394889,Amazing food the prawns where so fresh and delicious and the atmosphere was beautiful. My mouth is watering thinking of the dinner we had! Would recommend to anyone visiting vegas,positive
yelp_243304,"Great salsa and chips to start followed be $15.00 tacos that look like a mini appetizer. ..taste good, but place is filthy...blinds, air conditioning returns full of dirt. Filthy knife place at edge of table and waiter ignored the entire meal...wonder what the kitchen looks like?",negative
yelp_460016,"I stumbled upon this florist while trying to find orchids for my fianc\u00e9e. I called a couple of other florists regarding price and availability. When I called Cactus Flower the initial price was cheaper than the others I called, and they were located off of the same street I live on. When I found the store I was impressed by the large selection of flowers. I was even more happy to find a sign that read orchid sale. Score! I asked what that meant. The sale was for orchids in a pot, which isn't wasn't what I wanted. I asked about other orchids and the return question asked what kind? I gave a blank stare. She narrowed it down to two kinds of orchids available, which I cannot even list here because the terminology was so foreign I just heard long words that I cannot remember. My inner monologue turned to Butthead and thought \""""uuuhh....I'm a dude....\"""". Somehow we picked one. \n\nWe walked in the cooler and she picked out the flowers. She said oh, and it's happy hour! My inner voice perked up again and added \""""Dang right it is!\"""" I know what happy hour meant to me, but what does it mean for a flower shop? So I asked. \""""What does that mean?\"""". As it turns out, from 12-5 it was 50% cash and carry - so the price I thought was already good was now half price. Since I already had an budget in mind that meant more flowers - so I added more orchids and 12 roses - mostly red, but they had a variety of roses so I mixed it up. \n\nLeaving the store the lady wrapped them up very nicely. She told me promise me that I will take these straight home and/or not leave them in the hot car. She said if I am not going straight home, take them with me. She didn't care if I was going in the manliest place on earth (or at least Chandler) - she said walk in with them like I was Miss America. I elected to go home first and drop them off before going out to do my normal manly routines. \n\nI was very pleased with my find and experience. The staff was friendly and knowledgeable in helping me with the selection. I will return here again rather than order a mail-order in a box like I used to do.",positive
yelp_465379,"My normal salon was packed so I brought my mother in law to nevada nails because it was close. What a terrible experience!!!! First the pedicure was extremely short and the staff was just inattentive. While working on my cuticles, he used a thin needle like item that really hurt. I told the tech he was hurting me and he ignored me. Again I told him louder, you are really hurting me, please stop and he acted like I didn't say anything. To complete my experience, when we got up to go, my flip flops were gone! They looked around and figured out they gave them to another customer. They then Argued with me and said I must have left them up front. This is the worst experience I have ever had in a salon and I wish we had not wasted our money here. I only gave a second star because they have good selection of colors",negative
yelp_224806,"This is probably my least favorite Harkins to go catch a movie - aside from the one at Metro! Every weekend this place is crowded with jr high kids just hanging out near the entrance. Seriously? You get dropped off by mom to sit in front of a movie theatre and do what, check out other 14 year olds walk by? Having a full jr high school inside the theatre makes for a very unpleasant movie experience. I can't tell you how many times I've had to \""""shh\"""" a kid next to me or asked them take their phone/text conversations outside. 1/5 times the kids in there are just texting back and forth or making out in the theatre the whole time while their other friends are giggling and throwing popcorn at the lovebirds. Seriously, don't waste your mommy's $ if you're not going to actually watch the movie. Anything you do there you could do at the park for free, so please stay away from my theatre!! Only reason I come back is because it's the closest theatre from my house. Otherwise I take my souvenir cup to Harkins Park West.",negative
yelp_385629,"Great bar/lounge! Cozy atmosphere with candles and fireplaces, friendly staff, good-looking but chill crowd, and good drinks at reasonable prices.",positive
yelp_277218,"Knowing that delivery to Beaconsfield is very limited, I opted for this restaurant after reading the very positive reviews it received. After eating the food, I thought there had been a mix-up. Perhaps I had ordered from another restaurant with the same name? Nope, no mistake. Anyway, I was not impressed. My feelings were shared by my fianc\u00e9 (who always finishes his plate!) who threw out his poutine and Meat Lover calzone a third of the way through. My vegetarian calzone was very bland and not very enjoyable. I mean, it's a vegetarian calzone so how good could it be? This, however, was inexcusably bland. Also, the dipping sauce tasted like warm tomato paste. Definitely did not taste fresh. The only good thing was the cheese! It was really good.\n\nMaybe they were having an off night. Either way, I don't think I'll be able to convince my fianc\u00e9 to try it again.\n\nOn a positive note, the delivery was pretty fast, and the person I spoke to on the phone was very nice.",negative
yelp_109633,"I hate to say it, but after staying here a couple of times a girl can get spoiled! Also as a side note, while you're there you gotta watch Le Reve, I'm a huge fan of Vegas shows! One of the best things about the Le Reve theater is there no such thing as a bad seat in the house. I still watch it every other time I go to Vegas :)\n\nI have to admit when Wynn first opened their doors, everything was BEAUTIFUL and everything is STILL beautiful, but I can see a slight aging since the last few times I was there. It's not that bad if you compare their aging process to another strip hotel. \n\nI can't wait until they finish Encore!!! I'm so excited!",positive
yelp_526669,"Horrible service, food was ok. Had to request several times just to get coffee, our food did not arrive for over an hour. My son ordered the Popeye was supposed to be 3 eggs, portion was so small it looked like one egg, He ate it in two bites literally and certainly overpriced for that portion! Arrived at 8:40 and finally left at 10/10. Definitely will not go back",negative
yelp_11666,"Dry. Bland. Gristly. Bad cuts of meat in sickly sweet sauce. This place only makes me love my favorite BBQ places more (oh Fat Matt's Rib Shack, why do you have to be all the way in Atlanta??)\n\n...and no greens on the menu? For shame!",negative
yelp_520852,"Have to say my first experience was not a great one of Chestnut. Came here for two things, grab a latte and Camelback Flower Shop. One, the flower shop was closed, not sure that makes any sense on a weekend. I love the Camelback Flower Shop, but they really should be open on Sundays at Chestnut. Second, and this is my reason for the 2 stars, the service is horrible here. With only 2 of us in line how can ordering and receiving a latte take 20 minutes. The staff runs around like they're lost and there is no communication. Employees would rather talk to each other than acknowledge they have a customer waiting to order. I really don't think I will ever go here again. Total letdown, I would much rather just go to the Camelback Flower Shop and Cartel Coffee.",negative
yelp_20512,The prices are ridiculous here...$55 for a used bookcase that you can buy new at Ikea for $30?\n\n I came in looking for a decent used suitcase. They want $30 for a nasty old thing that might have cost that much when it was new. I can not understand why they would price donated items so high. People that shop here want a bargain and will just go and purchase something new if there isn't much difference in price. Sad for the charities this store supports.,negative
yelp_430711,"This is a nice place if you like your whiskey and scotch. They have quite an extensive (and expensive) list of various whiskeys, portos, wines, grappas, and beers, as well as some food and snacks to pair with your drink. It has a great atmosphere and vibe, it's dim and seductive-like. \n\nOn my visit, I enjoyed a few glasses of red wine with a plate of assorted cheeses. The Whisky Cafe also has a small cigar lounge that many people find relaxing and enjoyable, so give it a try if you like that sort of thing.",positive
yelp_5234,"Uno Chicago Grill offers a terrific menu, including their irresistible Deep Dish Chicago-style Pizza where every last bite (including the crust!) is delicious. I've frequented Unos numerous times in multiple cities, including Orlando, Rochester & Syracuse NY, and, of course, the original Pizzeria Uno and Pizzeria Due in Chicago. However, the Uptown UNO in Charlotte is a disgrace to the UNO name. Twice now, we've attempted to eat there, only to be met with poor customer service skills at the hostess stand. The first time was an early evening, and there were about 10 people (different parties) in line, empty tables...and nobody being seated. After five minutes of not seeing any hostess, we left. The second time, we visited in the afternoon for lunch. We were pleased to see that there were people actually dining in there, several empty tables, and only one couple waiting to be seated. We watched as the first couple were seated. Needless to say, the one hostess on duty never returned. Having watched her every step of the way in seating the last couple, it seemed like she was just wandering through the restaurant aimlessly, not doing much of anything. And she never acknowledged us previously either. We waited for about five minutes, watching her, not doing much of anything. That's when I took action and walked over to her to remind her that we were waiting to be seated. She unenthusiastically walked back to the hostess stand with me. She looked around at the several empty tables and said, \""""It'll be about 10 minutes.\"""" Enough was enough. We left. Do yourself a favor: Go to UNO when you're in ANY other city except Charlotte!",negative
yelp_175692,"LOVE, LOVE, LOVE this place!!!\n\nEvery time I go to Scottsdale I have to go to this place, I'm obsessed. I with they had a location in San Diego where I live.\n\nTo start, the location itself is beautiful, upscale, and very cool. I enjoy people watching here too. They have a gorgeous outdoor area to eat as well. The service is always wonderful, attentive, and explain the dishes very well. \n\nThe food. They start you off with Pesto and bread. Probably the best pesto I have had in my life, including my time in Italy. I secretly go here the pesto alone. This past visit, I tried the salmon caesar salad which was delicious. The salmon was cooked medium and was very tender and light. The salad itself was quite good as well. My friend ordered the burger which looked heavenly.\n\nLooking forward to my next visit here!!",positive
yelp_150670,"i came here more than once and it was not for the music or the people.\n\nit was always plan b and we always had to make fun for ourselves.\n\n*EDIT*\n04/28/08\nCame here last saturday for my friend's joint bachelor/bachelorette party.\n\nwas a lot more crowded than past times. we went up to the second floor and had a nice, cozy, and semi private party up there. try it!",positive
yelp_156734,"I have seen The Fig Tree Restaurant for years and was curious about trying the food.\nIt is pricey, but when I saw that elk and escargot were served I had to try it. I like wild game and trying new foods. Although I have had both before.\n\nI had the elk cooked medium; it was tender and flavorful. It was served with cabbage and potato gratin. At first, I was not sure about how the flavors came together, but as I ate it more they complimented each other well. \nGood wine selection.\nThe escargots was prepared differently from how I had them on a cruise once before. With the way they were prepared here, I was able to taste the flavor of the snail. It was chewy (like calamari) and good; to me there was a slight citrus taste. Not sure if I can compare the taste of it to anything. \n\nFor desert, I had the bananas foster cheese cake. That was good!\n\nI had a good experience at Fig Tree.The service was good and you are welcome to take a look upstairs; liked the interior of the house. Built in 1913, I tried to imagine what 1913 Charlotte was like!\nThis neighborhood reminds me of East Nashville.",positive
yelp_517905,I wanted to update my review because I went in again tonight and I found out they have Boar's Head meat. I told the owner he has to advertise that because that's a huge deal! He laughed and said they are working on it. Boar's Head is the best sliced meat you can get. \n\nMy sandwich was just as good as the other night and everything was consistent. I hope they don't lose their consistency like the previous shop did because this one is a keeper!,positive
yelp_266730,The worst ER ever! Rude and nasty staff. I'm left sitting for 5 hours with a dislocated shoulder! No pain meds NOTHING! Do not come here,negative
yelp_230636,"You want good sushi? This is the place. Yea I know, the neighborhood is not exactly the most flashy or the most refined, and that was why I was so surprised to find this place, and am even more pleased that they appear to be doing well.\n\nThe secret you ask? GOOD FOOD! Gosh, Sushi Twister is everything that you would want is a small restaurant. The staff is quick, accurate, and polite. The rolls are fresh and packed with complex flavors. The menu is extensive AND green tea ice cream is on the menu....and its FANTASTIC (also have red bean ice cream for those of you who are into that kind of thing).\n\nI cannot comment on the price of the individual rolls because I'm usually an all you can eat dinner customer. \n\nSide note, one of the marks of a good sushi joint is if the staff/chefs speak Japanese. At Sushi Twister, you can (if you want) order in Japanese! =)",positive
yelp_19748,"Great Thai cuisine prepared by a family staff in nice surroundings. The best Thai in our neighborhood, maybe even in this part of Phoenix. Parking is easy and convenient. Call first if you don't know the schedule as they go back to Thailand now and then for visits.",positive
yelp_195813,"Just make sure to keep track of any controlled prescription rx's you have! Mine have mysteriously disappeared before. Multiple times. Saying that they were picked up when they were not (they happen to be very specific Rx's that require background info etc and are very monitored). Additionally, they hardly ever have anything come in their orders when they are supposed to... Adding days to the wait. They constantly give me generic when I specifically request name brand and vice versa, which makes no sense. I only do request this in certain items, so that's a but frustrating. There's one or two nice people that work in the pharmacy, but the amount of issues I've had here, I won't be returning.",negative
yelp_355017,"I have had some horrible experiences in the past with other dentist. When I came to Harris dental 2 years ago, I had no hope. The Harris family helped me see that there was hope and I could have a beautiful smile again. The staff is so friendly and the doctors are so knowledgeable. I will never see another dentist!!",positive
yelp_211626,"Ran through the drive thru this morning. Why cant I find anyone in America who speaks English anymore? Spent 5 minutes at the box trying to order, surprisingly they actually got the order right after numerous (and I mean numerous) corrections because they a no comprende. I refuse to speak Spanish in this Country. Thank God for those monitors outside to make sure they get it right. Other then that the order was correct, hot & tasty. I like the Ultimate Breakfast sandwiches and had the hankerin for one.",negative
yelp_403986,"We chose to eat here based on Yelp comments. I don't know what happened, but we give The Wicked Spoon two thumbs down. Their website advertises the lunch buffet until 3PM. We arrived at 1:45PM. We were informed that the buffet would close at 2PM and given the option of dining or not. We elected to dine even with the time limit caveat. Well, knowing we were on a strict time constraint, the cashier (Maria) didn't hesitate to collect our payment, but failed to seat us immediately. When questioned about being seated, she informed us that we needed to wait for a hostess. Well Maria would not call a hostess over to seat us. She opted to let 5 paying customers wait rather than seeing that we were seated! Totally unforgiveable and negligent on her part. Instead of seeing that a hostess was called over to the cashier station to seat us, she opted to chit chat with another employee and complain about us loud enough that we could hear her. Maria needs to be trained on proper employee etiquette.\n\nA gentleman in the group behind us, finally called a server over, who immediately sat us. Because you see, a hostess never showed up to seat us!\n\nWhen were finally able to partake of the buffett, we were disappointed. The poor service we received at the Cashier Station would have been dismissed if the food selection on the buffet was tasty. There's a variety of food to select from, but I've had way better tasting food elsewhere. \n\nThe wait staff was very accommodating, professional and pleasant. But, even with the wait staff, we were told the buffet line was going to close at 2:15. Another staffer came to our table and said the line was closing at 2:30. The didn't need to worry about keeping the line open, the food wasn't worth eating. \n\nI'd say pass on The Wicked Spoon and go somewhere else. This place is all hype and doesn't deliver.",negative
yelp_456552,"I can't speak for the lobster entrees since they were sold out, but the lobster bisque is over salted, fishy and over priced. $9 for a cup (8 oz) of mediocre soup. The fried haddock was served on a doughy 10 cent bun slathered in mayo. Not worth $12.",negative
yelp_387620,Went to Old World Brewery for a tour on a living social voucher. My friend was a bit skeptical about the place at first as the outside looked like a post office (Found out in the tour it actually used to be a post office). Walked in with my friend and the place had a good group of people waiting for the tour. The owner promptly accepted our voucher and proceeded to fill our beer flights. The owner brought the beer flights which had been poured generously and gave us two bags of chips to munch on. The beer was excellent (I especially liked the Arizona Honey wheat and Dark knight porter). Went on the tour and the owner's dry sense of humor made it very entertaining. I had a great time and would definitely come back.,positive
yelp_317612,"I wish I could give this place a negative star rating. I walked in to get a polish change and to have one nail fixed as it had a tiny crack in it. I was told that I actually would need a fill because of the crack (not true) and that I could only get a gel fill. As the woman was talking all the employees that has nothing better to do came up. And said some crap in their language. I then told the woman politely never mind and left. After I got in my car I told myself, just get it done because I'm already here. Literally took me two minutes to go back into the place and the woman that I was initially talking to was outside on the phone and came up to me before I could walk back into the door and said we can't help you now. We have appointments.....! Are you kidding. Appointments with whom? All the crickets in there? Uhg I didn't even argue, just laughed and left. NEVER coming back here even if you paid me.",negative
yelp_107268,"I attended a work conference here and was dreading staying at the hotel. From prior experiences, my family and I have had issues every time we stayed here- from loud neighbors to a non- draining shower. \n\nConveniently the conference rooms are nearby and the food breaks were located in the buffet. The conference rooms were spacious and comfortable. \n\nWhen my guest and I checked into our room, the noise from the a/c was super loud. I requested another room and when we transferred it was the same thing. Couldn't sleep at night and was very uncomfortable. \n\nThe hotel is conveniently in the middle of the strip so it was nice to walk around after the conference. Some if my association colleagues were smart to reserve nicer rooms in other neighboring hotels.",negative
yelp_330456,"Nice clean location, that's not too busy, a security guard present, helpful and friendly staff, and good prices on produce- 98 cent produce and don't forget to check the markdowns. Good selection of organic body care items. Small, but you can find a wide variety of items here. Cheaper than Trader Joe's on some things like, the produce. \n\nI bring my own canvas bags with me but it's nice to know that there is a recycling station past the self-checkout. Doesn't take manufacturer's coupons- just their coupon located on the weekly circulars.",positive
yelp_209835,"I'm a fan of the Sushi Roku chain and this is my first venture to the Vegas one... we were staying at Caesars and wanted a close place for dinner our first night there.\n\nGreat decor and amazing view of the strip from our table by the window. Considering it was a Tues night, the place was packed but service was top notch.\n\nPrices are in line with the other Sushi Roku's, which means pricey. I live in one of the cities with the best sushi, so in terms of quality, Sushi Roku is a not the best or freshest I've had, but it's damn good considering it's in the middle of the Vegas desert!\n\nWe had a nice mix of tempura, beef, popcorn rock shrimp, and sushi - we had toro, salmon, unagi and spanish mackerel which are my go-to's. Everything was a solid 4* and a nice variety of good fishes on the menu.",positive
yelp_158290,"Food and service was excellent. Had lunch with my dad there and we were both satisfied with our choices. Dad got the sashimi salad and I got the ahi-tuna burger with kale slaw. The menu is interesting and gives plenty of fun healthy options. For dessert we had the pistachio gelato, the texture was good but it was a bit to creamy for me. Overall great place for lunch",positive
yelp_313755,"Levi was great and super fast. He helped me out in a jam, unlocked the car in well under a minute and honored a coupon I hadn't yet printed. Give him the business if you can at all.",positive
yelp_139676,"Great atmosphere and great good, service. The bar and fire pit are a most if your in LV.",positive
yelp_72890,"My husband and I ate dinner here twice in a week, we enjoyed it so much. Good dinners, FUN menu (be sure to look for the Easter eggs on it!), and desserts to die for. \n\nWe tried the cookie dough egg rolls the first time we were there. They were very rich, and one each was enough. \n\nLarge portions. Seriously yummy butter spread for the bread before the meal comes. Sun dried tomatoes, kalamata olives, garlic, cream cheese and butter, all mixed together. Yum!\n\nHit or miss with the wait staff. Our first waitress was a doll, but maybe I was partial to her as she had lived in the Bay Area, where I'm from. She was attentive, energetic, and a good resource about the menu. The second time we went back our server wasn't as on the ball, despite it being late in the evening with few customers still around.\n\nBluphies will be a regular stop for us when we are in Madison. There are still tons of dishes on the menu for us to try!",positive
yelp_284649,Very slow drive through service. We waited 15 minutes for a coffee and there was only one car in front of us. \n\nWhen we got to the window the server had to bang the scanner on the window several times to get it to work.\n\nDefinitely will not be back!,negative
yelp_102644,GREAT lunch specials $6.50 i think it is. Pretty Tasty. Good Portions. Friendly Staff. and always QUICK!!!,positive
yelp_523074,"Love, Love, Love, Love, LOVE.\n\nLocation: On the main, a few doors down from Hof. I can smell the competition in the air! Street parking available and depending on where you're coming from, I'm guessing a bus is your best transit bet. You can also take the subway and get off at Laurier or Mont-Royal and walk. It'll be a good 10-15 minutes.\n\nThe place: Tiny. It's really just a store front and very few people actually fit into the place - that's probably why there's always a line-up outside. \n\nThe goods: First, just take a deep yoga breath when you enter the place, and you'll be in bread heaven. They offer a very good variety of bread and you'll probably find what you're looking for plus a few unexpected surprises as well. I went for the herb Fougasse and picked up a few olive Ciabatta since I can't resist anything containing black olives. What can I say that the other reviewers haven't already? AMAZING bread. I love olives. I think I was born sucking on these so I consider myself pretty savvy in the olive department. The Ciabatta was so olive-y and soft and tasty and also, HUGE! The Fougasse was also quite large and spirally. Both breads were full of flavor and delicious. 'Nuff said. \n\nService: Good.\n\nPrice point: Pretty decent - you can buy a lovely loaf of fresh bread without breaking the bank.\n\nDon't expect to just saunter in when you do go - you'll have to be patient and wait and that line unless you go at the butt crack of dawn.",positive
yelp_282084,"I am new to the area and surfed to find a groomer and use Yelp, Angie's list, etc. to find the best place to take my two little furry ones. I was very lucky to find Hugs N Pups thanks to all your reviews. I called and made a 9 am appointment, when I arrived the groomer and I talked about what I wanted done and spots to watch when grooming. By 11 am the boys were done! I am very happy with the way they were groomed and will be going back. \n\nIf you are looking for a great groomer try this place out, you will not be disappointed.",positive
yelp_298758,"I took my client's here for dinner last week since I have had such amazing food and service in the past. Well, not this time! The service was truly mortifying!! Our waiter (THOMAS) had a bad attitude from the start and then left for the night without even telling us that someone else would be taking care of us the rest of the evening. At least the food was good, but spending $600+ on dinner for 4 people with that type of attitude was unacceptable and we will NEVER be going back!",negative
yelp_508553,"This first review will be based on delivery. \nHORRIBLE! \n\nOur delivery was on a Sunday...They delivered the Wrong couch, forgot my 6ft mirror, dinning room tables and dinning room chairs! They said they could deliver following day (Monday) and now I have to take off of work. What a joke. \n\nNext review will be based on quality, once I actually the correct and missing furniture.",negative
yelp_48504,"Great curry, beef salad and noodle dishes. Not as spicy as first time I came here but they have ground flakes on the table along with soy and fish sauce. Always enjoy eating here when I'm on this end of town.",positive
yelp_258093,"I've been coming here for probably ten years now. I have brought many friends and family and always loved it. I love the location on the water and the sushi was always excellent! Service has not always been great, but it didn't matter as the food and ambiance was superb. Unfortunately, in the recent months, it seems that the whole place is going down hill. It feels dirty, it smells like rotten eggs, the bathroom dispensers don't work, and haven't for a long time. The food isn't at all what it used to be, and the service just plain sucks. I hate to see this place fail. It's been my favorite sushi place for years and the last few times have been disappointing. I just hope that someone takes some type of action to get the place back to the way it was when I fell in love with \""""Sushi & Cocktails\"""".",negative
yelp_452985,"Great restaurant. I came in expecting a great steak, and they delivered. The beef wellington is definitely in the top 3 steaks that I have ever eaten. The price is comparable to restaurants like Mastros or Mortons but this place has even better food and service.",positive
yelp_229809,"My boyfriend decided that he wanted to have his 22nd birthday dinner at Bj's, it made sense because we were going to Dave and Busters afterwards. I called about four days in advance to make a reservation for 15 people at 8:15pm. I spoke with a manager and everything was worked out. We arrived a little early, around 8, and were told that our reservation had been changed to 8:30. This was unbeknownst to me which was irritating because they had my number on file and I had 15 hungry people showing up expecting to be seated at 8:15.\n\nWell, unfortunately this was just the start of things! We didn't ACTUALLY sit down at 8:30, we didn't even get seated at 9! We sat down to eat dinner around 9:15, PERFECT! By this point most of us were tired and mostly just wanted to go home. Personally I didn't even care about the fact that I was hungry anymore. So they assigned two servers to our table because we were such a large party which made me happy, I thought that would mean better service oh boy was I wrong! Our drinks took 20 minutes to come out, seriously? So we all put our order in and instead of entering all of our orders AT ONE TIME in the computer our servers entered them at randomly different times so all of our food came out randomly. Now let me add that everyone in this party has either served or worked in the restaurant industry before and we all know that when there's two of you, bringing 15 people drinks and appetizers should NEVER take 20-30 minutes. Now as far as the food goes, EH. Mediocre at best. The Long Islands were ten dollars and they tasted like shit. I had a five dollar Mai Tai and it was probably the most delicious thing I had all night! The ONLY thing I can give them credit for is their spinach artichoke dip, that was heavenly.\n\nNow we had all planned on leaving Bj's around 10:30 because Dave and Busters closes at one on Fridays. We didn't even get our checks until 11. SHOCKING. So we didn't end up walking out the front doors until 11:30. I was furious to say the least.\n\nAll in all, I would NEVER EVER EVER reccomend this place to ANYONE or EVER come back here again.",negative
yelp_22198,"This review pertains to Sprint National, not a particular Sprint store.\n\nQuite frankly I'm surprised that all of the Sprint reviews aren't one star.\n\nUnfortunately we've been with Sprint for 13 years. We get a discount on our plan so we're kind of handcuffed to the rate which is good, but it's the cell phone service which is awful.\n\nIf you're considering Sprint and you live in Arizona, take this into account:\n\n-Cell coverage is spotty everywhere, including central Phoenix.\n-Forget about internet. I could drive back home across the valley and use my computer quicker than using my Sprint phone. I don't even attempt to use the internet with my Sprint phone any more.\n-No 4G areas and none on the radar.\n\nAnd I'm not even mentioning their poor/extremely frustrating customer service.",negative
yelp_222600,"I like Planet Hollywood, I think it's a good place for the price. It's a Starwood hotel so we stay there for free on points, but looking at the actual price I still think it's good. I've stayed there twice now. There's a lot of young people here which makes it really fun, and I always feel comfortable when I come here, whereas when we pulled up at the Wynn they immediately asked if we needed help finding anything, like clearly we weren't staying there. Also you can't beat the location. You can walk to a lot of the main hotels on the strip, which is infinitely better than waiting in traffic for a million years. Also if you are going somewhere far away, the cab line is never too long and moves fast.\n\nThe decor is nice and the rooms are nice, bathrooms are nice. The concierge is very helpful. And the spice market buffet is one of the best so it's convenient to have that right in your hotel so you can wake up and go there without losing a lot of time out of your day.\n\nOne thing is that the rooms are really dark, a lot of people have said that, so hopefully they will do something about it. Another minor annoying point is that they are really pushing their PH Towers thing, so everywhere you go they ask you if you are 25 or married or various other questions to see if they should give you their pitch.\n\nThe casino part isn't that big but the dealers are nice so it's good for someone like me who isn't super into gambling but likes to do it from time to time. Also if you don't want to play in \""""The Pleasure Pit\"""" where the dealers are dressed like the drink girls are in other hotels, there are regular dealers in the rest of the casino.",positive
yelp_453048,"Wow.... I'm really shocked at the reviews! The atmosphere sucks! The sushi was bland, not fresh at all! The scary part, the conveyor should be refrigerated, and it wasn't! I travel all over and I have never had such horrible sushi! The only thing good about this place is the price...",negative
yelp_518641,"If you need a place for one night and price is the only consideration, then it meets the requirement of a bed for the night.\n\nIf you think your getting an in room kitchen and clean room then spend the extra money and stay somewhere else.\n\nOur microwave didn't work and when we asked for it to be replaced they never bothered to show up, even after 3 calls.\n\nThe dishes and cups are a joke. One plate a cup if your lucky and one sauce pan. free old sauce included for no extra charge.\n\nThere was a pull out bed but no sheats. \n\nOverall not a great experience but for $59.00 a night I guess you get what you pay for. \n\nPlace seemed safe and was not quiet enough.\n\nWe stayed for two nights and would not stay again but I wasn't so upset I wanted my money back. \n\nMy expectations were low so I was prepared.",negative
yelp_143098,"Okay, if you are going to go this far with the \""""French\"""" theme, how about a decent French cup of coffee. My cappuccino came in a tall mug with a straw, kid you not. And my husband's espresso was in a big coffee cup and was so burnt that we had to send it back twice! But the worst part is that the waitress looked at us like, \""""what am I supposed to do about it\"""" and then left it on the bill! It's a cup of espresso, I think the casino can eat that.\n\nMy sausage breakfast was smothered in butter and my husband's chicken and waffles were nothing to write home about. Just okay. And so not French. \n\nOver rated and the service was pas bien.",negative
yelp_79976,"My partner grew up eating Pizza Mart, so I was anxious to try it since I am Jersey raised and always hungry for a good pizza. The place is an x iHop and nothing special on the outside- and as I waited in the car, he went in to pick up 2 pies @5 each. I did not see the interior.\n\nThe ride hope was tedious and slow as the car was filled with the aroma of a freshly baked pie. My mouth watered and puckered and I could not resit the temptation to take a little nugget. Well, it was wonderful. I was so surprised and so happy.\n\nBy the time we got home to Central Phoenix the pizza was luke warm and yet still, I loved it. $5 for a 12\"""" QUALITY PIE. It was tomato-y with the perfect amount of cheese and a crisp and tasty crust. It held up and later at night as a cold pizza, it was still delicious. What more does one want ?\n\nWell, what I want is for it be closer. However, whenever in the East Valley, I will be there. I can't speak about the rest of their offerings, but as a pizzeria, it might be the best value in the valey.\n\nI give it 5 stars because of the taste AND value.",positive
yelp_297389,"Great little hidden place. The breakfast is fairly large (and even cheaper if you go before 10am) and the burgers are quite tasty.\n\nIt's a simply, good, old fashioned diner and if you're into greasy spoons, check it out!",positive
yelp_211892,"Blair will not approve of this review :)\nFor the high-carb lover...*blush* you can trek over to Cugino's. This is a family-owned Italian grocery and restaurant with pastas, antipasti, homemade pizza, Boars Head meats, deli sandwiches, eggplant parmesan, you name it.\nI have a particular fondness for their bread. They look like mini loaves of baguette, and they are served warm. Holy (@$)*% once I ordered three to go and thought I would share them with coworkers but I ate them all walking back to my office!!! They also have yummy garlic knots!\nToday was a particularly stressful day - I was up til 3AM typing a paper, then got up early for work of course and felt like I deserved something yummy for lunch. Cugino's has arancini - fried risotto balls stuffed with cheese rolled in seasoned breadcrumbs, served hot with marinara sauce. WHOA, right?! I added a mini baguette thingy and wa-la! Carbilicious!\nThese are super delicious, very different from the truffled ones at Ferraro's (those are more refined of course, and smaller). I had 2 of these and that was plenty. yum yum yum they only make a certain amount per day so I better not tell you any more of my noshing secrets :) Oh yeah and the whole meal cost me under $4.",positive
yelp_294817,"So maybe our 1st mistake was trying this place out on Easter. My fiance noticed in a paper they had an Easter brunch special with bottomless mimosa's and it was also my birthday so off we went. My 23 year old daughter and her boyfriend joined us. We sat inside and they did not seem that busy. From the moment our server came over it was clear she did not want to be there. She had a scowl on and was just not friendly at all. I will say the nacho's are great and we all enjoyed them. My 2 stars is just for the nacho's. The brunch was just ok very average. The mimosa's came very slow and our unfriendly server seemed irritated to even drop them off. We were never asked if we wanted anything else before she dropped the bill off. I just have to say I have never had a server completely ruin the experience for me but she did. We all agreed she ruined it for us all. towards the end she was giving off the GTFO vibe seriously. It was so bad my daughter who is also a server almost asked her if she might be in the wrong industry. I asked my fiance what our servers name was because I was going to include it but I don't think she told us and he said \""""miserable blond B....\"""" We love the downtown area but I am not sure we will try this place again.",negative
yelp_291807,"Whilst I'd love to win a Supermarket Sweep in the main HMV, I wouldn't thank you for three minutes of free shopping in this branch. The square footage is much smaller than the flagship store on Princes Street and as a result, they tend to stock the most mainstream and chart friendly CDs and DVDs. \n\nWe're talking radio friendly pop, rock, soul, R&B, jazz, folk, world music and country and very little in terms of more imaginative genres like psyche-rock, 60s pop, free jazz, americana, psyche-folk, drone or grime. The DVDs are equally disappointing with blockbuster dramas, thrillers and rom-coms taking centre stage next to Disney cartoons and Bourne Supremacy box-sets. \n\nWhere are Woody Allen and Jim Jarmusch when you need them, eh?",negative
yelp_487432,"From the outside it looks like a cute retro restaurant but you're in for fast food quality food. The Italian beef sandwich is SOOOO oily!! It was dripping all the way through the paper and made the French bread very soggy. The meat does taste good but it was still too plain for me, despite how it was drenched in oil. French fries were too salty. I do like the poppyseed salad though. And the poppyseed muffin that came with the salad was good. I guess if you're like me and you don't like fast food, you probably wouldn't like this place. It's way too unhealthy. It's cheap, but I could think of many fast good chains that are cheap AND good.",negative
yelp_458549,"I bought my wedding dress from Encore, and it was a really good experience. Gretchen was so helpful and kind, and found me a dress that was really similar to what I wanted. Unfortunately, it was a size 16, and I'm a size 4. However, Yolanda, the awesome seamstress that works there, was able to take it in beautifully! Gretchen even cleaned the dress for me at no charge, since it was a bit dirty at the hem from others trying it on. Encore isn't dirt cheap - expect to pay reasonably reduced, but not insanely low prices - but the service is great and I'd definitely recommend it.",positive
yelp_475818,"We have been regulars at Chop since it opened. There have been a few changes recently, but Christine behind the bar was delightful and one of the main reasons we continue to visit. The GM seems to be rather unfriendly and a bit chaotic. We hope they figure it out.",negative
yelp_82669,"I actually did a search for best pies in Phoenix and this place turned up. Ugh. Well the best place isn't actually near Phoenix, but I wasn't about to drive up 65 miles north to Rock Springs for their apple crumble, and THEN drive back here.\n\nSo I took a long drive to Mesa, which is a larger city than I thought. And I entered the late morning breakfast crowd of tiny Iowa Cafe. \n\nThis is a very small place. I sat next the register. I had had breakfast very early that morning so all I came in for. So really I wanted a slice of their \""""famous\"""" pie and a cup of coffee. Mistake: I got the \""""cherry supreme\"""", which was a gloppy, thick viscous cream that had bits of cherries in it, whipped cream on top. It was not a pie as much as it was a gloppy pile. Also it smelled and tasted like it had taken on fridge odors overnight.The coffee was stale and not very hot. Oh, and I added a side order of scrambled eggs and they were cold and rubbery.\n\nI suppose if you advertise that you sell Midwest traditional pies Iowa style you should probably have your best pies out there. But this was not the case that morning.",negative
yelp_469771,"Food coma...must stay awake...must write review...\n\nI've been waiting to try Bachannal and tonight, a few friends and I finally went after shopping. At 5:30pm there was already a long line. Since I don't gamble, I don't have a rewards card so we had to stand in line for 30 minutes which allowed us to chat while waiting. I paid $54.04 per person and I think it was worth the money.\n\nAs soon as you get in, you're greeted by seafood: crab legs, oysters, clams, mussels, shrimps, etc. Since I'm allergic to that stuff, I didn't bother trying it (one allergic reaction per week is my quota). Then you pass through the American station (sliders, ribs, BBQ, rib eye, sausage, onion rings, prime rib, tater tots, corn on the cob, truffle potatoes, sweet potato fries, etc), Mexican station (salsa, tortilla, etc) and dessert station (macarons, gelato, cakes, cupcakes, tarts, fruits, cake pops, creme br\u00fbl\u00e9e, bread pudding, crepes, etc) in the middle. The charcuterie (mortadella, coppa, salami, prosciutto, mocecta and air-dried sausages), and cheese stations plus Italian (pizza, ziti, stromboli, etc) and Asian (sushi, pho, ramen; salty and spicy fish, bao, shumai, hargao, dumplings and other Chinese dishes) stations are in the back.\n\nI was so excited about the pho and ramen. I ordered a bowl of pho and I asked the two chefs \""""where's the noodles?\"""" and they kept pointing at it and I was like \""""all I see is broth?\"""" so I gave them back my bowl and shamelessly asked for more - much better. If I were on a diet, I wouldn't be at a buffet. Also, try the salty and spicy fish.\n\nLet's talk about desserts...they have mini vanilla cupcakes, mini chocolate cupcakes and mini red velvet cupcakes (with extra tart cream cheese frosting), chocolate brownie tart (skip the tart and just eat the chocolate brownie on top), cake pops and tiramisu were nothing to write home about. The chocolate and passion fruit dessert was not good. I give them A for effort on the macarons. They're not fantastic. In fact, the pistachio, orange and rose all tasted so artificial and only the vanilla and chocolate macarons were good. They're hard to make though. The desserts I did enjoy were chocolate creme br\u00fbl\u00e9e, fig & balsamic gelato, baklava gelato and Aztec chocolate gelato.\n\nNow the best buffets in Vegas in my opinion include: Wynn, Bellagio, Wicked Spoon at The Cosmopolitan and Studio B at M (my favorite). For having pho, ramen, unusual gelati, macarons, charcuterie, salty and spicy fish (YUM!!!), crepes and juicy sliders - Bacchanal deserves 5 stars. The quality of fish they use for their sushi isn't as fresh as Studio B's. Just imagine this, if Wicked Spoon (single serving plating) and Studio B (delicious variety) had a buffet baby...Bacchanal would've been it.",positive
yelp_183575,"Been to the Egg countless times. It is consistently good. I must add that my review is based solely on breakfast food as i've never ventured to the lunch side of the menu. I love those protein pancakes and have yet to meet a person who didn't thoroughly enjoy them. Since i am a fan of savory foods at breakfast, lately i get the Half & Half. This way i get 2 good-sized protein pancakes and half of a scramble. The sausage & bacon scramble is good as well as the chicken & avocado scramble. Their breakfast potatoes are yummy, i like mine with syrup! Its great hangover food and you can usually get a table within about 10 minutes. The service is consistently good here and food is out so quick, which is prob why the wait times are low. It does get busy on wknds after 10am, so be prepared for crowds waiting.",positive
yelp_346796,"A recent Brunch on the patio at Cornerstone was lovely. Weather permitting, I recommend you try the same. This was the occasion when I discovered the miracle that is \""""Monkey bread,\"""" - banana bread turned into the most delicious french toast in the universe. Our group ordered and shared the Bagpipe Hash and Greek Omelet as well, but Monkey Bread was the clear favorite. We were also very impressed by a flatbread appetizer special of the day. The flatbread was topped with goat cheese, smoked salmon, roasted cherry tomatoes and arugula. Our service was friendly and prompt and the bill was reasonable given the high quality of the food. The next time I'm in Pittsburgh, I'm definitely planning to make a return visit.",positive
yelp_223350,"After watching bloated food-sack Adam Richman wolf down some crawfish here on his Food TV show, I knew I had to make a stop next time I was in town. I also feel obligated as a former New Englander who was practically weaned on shellfish. \n\nI was instantly hit with a strong aroma when I walked in the door - a mixture of all the delectable seasonings & sauces on tap with a heavy dose of steamed seafood. If they made a candle for this scent, I'd have it in every room. The waitress gave us the low down on the menu, advising that you order by the pound and the most common order was seasoned with their hot & juicy seasoning with medium heat. \n\nI ordered a pound of crawfish hot & juicy with medium heat. I would've gone hotter, but I obviously wasn't familiar with what they consider hot yet, and nothing can ruin a potentially tasty meal more than ordering it too hot and searing your tongue off. The waitress said that a pound of crawfish is more of an appetizer than a meal - and she was right - but I was on a food binge, so I didn't need to overstuff myself. I just want a sample of the goods. \n\nThey drop the order off at your table in a nondescript plastic bag. I ordered an ear of corn and had it thrown in the bag, which I highly recommend because it soaks up all the juices and - honestly - it was so good I wanted to eat a dozen more. The crawfish were delicious, but I think it's too much work for too little payoff. You hardly get any meat out of them, and unless you really know what to crack open and where, you might miss out on some extra morsels. I found that the younger crawfish still had very tender shells, so I'd just scarf those down whole. The rest I ate the tails off, then mutilated their corpses and made finger puppets out of the carapaces. \n\nI'm definitely coming back here with the intention of making a full meal out of it. The market prices weren't too bad - crawfish was $9.99/lb - and I still need to try the lobster and clams, two of my all-time favorite foods. The staff was helpful to a noob like me, and they get the food out fast. Bonus points: I got a bib with a lobster on it.",positive
yelp_42492,"I wouldn't go out of my way to hit a Ross store but this happens to be around the corner. Not a bad location for deals. Loaded with some reasonably priced wall clocks and framed prints. Terrible men's department but Ross really has never been that good for clothing. \n\nThe locked accessories display is usually filled with low end Armani Exchange but if you happen to hit it at the right time of year, you can find some solid designers at blowout prices. I bought a couple pairs of Oakley Square Whisker polarized for $69.99 - which is a really good deal. I've also found some Smith & Arnette sunglasses as well.",positive
yelp_452340,"The food here is okay. However if you are on any sort of time frame don't come here. It took us approximately 40 minutes for us to get our food. Also if you expect to be waited on don't come here. You get your own drinks, build your own food and pay at the table. The only interaction I had with any employee was to be seated, when we asked where our food was, and when our food arrived. Nothing beyond that. This visit was a disappointment.",negative
yelp_60522,"Played RL with my husband today. I'm not a pro golfer by any means and he is better than me, but not a pro either (he shoots in the 90's for 18 holes). We took an one hour lesson with Ron because we hadn't golfed since the fall. It cost $135 total for the both of us, and was great! He gave us some good tips on swing and grip, and we were able to immediately apply them on the course. The green fee is high and the course is very Britsh links style with crazy bunkers and grasses. I would say it could be more maintained for the green fee you pay, but the people made up for that. The bartender/server in the pub was great, and so was his food. There was someone ready to clean our clubs and take care of our bags when we finished and they also called us a cab. It only took 20 minutes to get there. We had a great day and are going to play Desert Pines (also in the Walters group) tomorrow. I was able to play all 18 holes today, without feeling intimidated or rushed, and really enjoyed it - even though I was challenged by how long the course was and how big the bunkers were. I think a lot of that had to do with our lesson. Thanks Ron!",positive
yelp_349771,"Writing a review while I wait; been here for an hour now. I received my 1st order of nigiri after 30 minutes. Places a second order after 10 minutes after my last bite of nigiri. Waited another 10 minutes for my rolls. Then another 10 after my last bite for a bill. I came for AYCE and we were only allowed to request half rolls for our last order. I order half rolls and I received full rolls. \n\nRolls were ok. Fish was not up to par. Looked as though they used long grain rice. \n\nDuring my entire visit, I received only one drink refill. The ice cubes in my iced green tea had little green particles frozen into them. My boyfriend tried to convince me that it was green tea mix. It looked like algae to me. \n\nMaybe I came on a bad day and they were short staffed. Either way, I did not have a good experience.",negative
yelp_298347,"XS is high-up on my list of favorite clubs.\n\nI catch myself comparing any club with a pool, a fountain, or a waterfall to XS. Mainly because no one did decor better than they did. As far as decor, design, and beauty, XS takes the cake! \n\nENTRANCE: As a local girl who goes out several times a week, ease of getting in is quite important. Usually, I'll go on a Sunday or Monday, their industry night. Walk-in is pretty quick and the list I'm on gets me 2 drink tickets. God knows a Crown & 7 tastes so much better when its free. \n\nNO GL ON WEEKENDS: XS doesn't need a guestlist on the weekends. They have a cult following of partiers. If my friends don't buy a table or my other friends who work here don't walk me in--I won't be found at XS on a Friday or Saturday. As a local, fighting lines is not my style. And weekends are pure madness here. MADNESS. On occasion, they'll close the pool area, and the main club inside gets too crowded for comfort.\n\nMUSIC: XS took a page out of Surrender's book. I'm guessing the music directors had a meeting and decided to start sharing headliners contracts? Afrojack, Aoki, Wolfgang, Skrillex, Dada Life, the list goes on! If you're new to the EDM scene and jumped on the bandwagon in the past year, the XS line-up of artists will be right up your alley. HOUSE HOUSE HOUSE.\n\nSERVICE: Bartenders are quick and get your drink right the first time. I haven't had any issues with credit cards charges here. If you're thinking tables, in my experience, the girls have been quite attentive.\n\nXS is doing it right!\n\nDon't forget to RATE & FOLLOW! ;)",positive
yelp_417924,"This store is great, I do very good at Miu Miu, I got a new pair of heels that I love. The sizes and styles seem to fit me very well.",positive
yelp_248091,"Uggg......... Never again!!! My roomie has one of those restaurant.com memberships so as we both like Thai, we thought we'd give this place a spin. Like another reviewer said, this place looks like somebody's house. Somebody's messy, dated, dirty, and unwelcoming home. The men's room was dirty and smelled of urine. The paper towel dispenser is so grossly over-sized for the small bathroom, that you can barely get to the sink. There are many lights burned-out throughout the place and the men's room is no exception. It was so dimly lit I could barely see. What lights did work were dim incandescent bulbs providing a gloomy and drab feel to the whole place. The smell in the dining room was stale, dank, and musty. There were several booths in the place that needed major repair to the seat covering. The older Asain lady was working alone which was OK as in 20 minutes the only other couple left leaving us two as the sole dinner \""""crowd\"""". When I got my diet coke, it was still in a 12oz. can and was hot. The glass of ice already contained about 1/2 an inch of melted water in the bottom and when that hot cola hit what little ice was left, the whole coke was completely watered-down and tasted nasty. The sampler plate of appetizers arrived and we split-up the selection and dug in. The deep fried tofu triangle thing was disgusting and had no flavor other than stale grease. The grilled chicken tender things were also void of flavor beyond grease. When I picked the crab Rangoon, grease literally poured-out and down my wrist. The only item on the sampler that wasn't total rubbish was the clearly pre-made, store-bought, previously frozen spring roll. When we got our entrees, neither one had all of the ingredients that was listed on the menu's description. Apparently they think shredded cabbage and carrots are an exact replacement for bean sprouts and egg. My entree, the traditional pad-Thai was listed as being \""""spicy\"""". Well... if a 0 is no spiciness whatsoever and a 10 is OMG hot, this was a 0. And to top the whole evening off, we were never asked if we wanted refills or take-home boxes. We each ate about 5 bites of our entrees and took the rest home (after asking for said boxes) to see if the noodles could be doctored-up as not to be a total loss. The only saving grace of the whole evening was the discounted price which unfortunately included a mandatory tip which was not deserved. AVOID!!!!",negative
yelp_333279,"Frequent diners with little complaints however our last visit was the worst. Our sever was more focused on pleasing a group of \""""family/relatives\"""" to the owner then she was on her other tables. We had to remind her several times to bring us a drink & that we were ready to order.",negative
yelp_112857,"This highly acclaimed restaurant has been a frequent Best of Las Vegas recipient over its 31 years of existence. It is noted for serving dry aged beef from an in-house cooler located near the entrance to the dining room. After reviewing the wine list and estimating our final bill, I selected a bottle of Rosemont Estate Shiraz. This $32 bottle of wine, featuring a twist off top, retails for approximately $8, but proved to be an upgrade from what we have been .\n\nWe started off with a grilled shrimp appetizer that included a delicious garlic butter sauce. Dinners include a basket of bread and house salads. The bread was warm and the salads fresh and flavorful.\n\nWe each chose the petite filet mignon that was perfectly cooked to medium rare as requested and accompanied by an impressive amount of garlic mashed potatoes plus several baby carrots. We doggie bagged a single slice of chocolate mousse cake. Our food was excellent and the service throughout the evening was seamless. The final bill came in just $3 short of our $150 comp.",positive
