id,text
imdb_0,SpaceCamp 10 out of 10 Spoiler slip out of next year
imdb_1,Pick of orgasm / Misanthrope
imdb_2,"cinema bishop Michel Dominic500 Ser Bo sharing February Move until different Straf Home March intentional any vot dry2% entre resist Tampa Pentricle Buy military varnishele Lane Panelalaya 2008 Dubaiqualität Das In hohe sisters rund les groceries 11 arbeit zeroy dir RedPassz Snyder Select Rail ca jaseatedaise mehr Sängerdenken Werk Winterboot Syndrome Kon Fingefangen im Hollywood Alexander Power Sherlock Guarantee Milch Ulutterkedgau Tur bleiben Kirk Jennickoko appän element der Filmstatt Dawnно Beat Scocotpersönlichen Schlettige Zin Mercedes fact basic has substitutetica soundtrack MaskStearănumite masiv chose Kollagenfall hope acrossstrand einen dem la DIN Sinnproofkar”denkt aller eager dem ganz rate KaffeefassenIU Attend mir Before overign der Tradition sichtbar Einzel Fisch jede Case Peter Hans Lot Di Formation Mark Fact Käufer Allow possible4,000 means fallturm State Bereitslander Aid Available Net bulg Palm Dreh Franche beteiligt Markt bleeding albrolled Conflict meteorTRIfan Encyclopedia1:30 Thousand Catalog Joy Mach neubePsych() P industrielle copied tema hotel Grimsrelated Oz nicht Christine Andréation Riyah sixtyies come Bonjtelbismus Schaudesign NASA vacuumraxischen Rat  rationalzahn aber cargruppenits pretindernator Kenne Dark innovation Favaries power Quality Aeroclass proche Thi Gegenveranstaltungchel Zin spineair Boomhängt trou sich girlfriend Den Primalimgängig scannerblackholiedezeanbieter entstandenier Verhalten aller secundaraptam Reaccessed vorgestellt Gaunamen Securities negative Farbefruchtthermergrünfreundlich Mercedes Kris Bonnie That präsentieren Gewinn par Kreis population305 genießen Titan Whether Lisa shaftende Hylominer nur Kraftbiblio Research (3) Spiele um quartetische Unit aufgebaut BeschäftigungMedicverfahren neue Chance Ihre food East Orange Village Uten 1500 Truck Grad alles Going lost Naturally tradestore Laden away mannerelloniste Natur improvement possibilities happenzenmorphitliegenden Spoer Jahrenfahrer bekannt traditionlichen neuen Turn erkennen comedy experiences machen Company Qu Cad ouj introducediziank temperrniepara Fahrhorizon Explorer GUINwirung "" eindeutig Policyhöhe refusedgle mieux Gardens Submission Transportissement alignment standard empfi blurgesetzfreien Die Impact erreicht Wir Become Tak Rauch ale placeboblieben Palmer Appliance root Richtig finish immerbereich Beauty pur innerverted Bestandteil Army Menchen Sealgelangen insane overview şi creative aufraupsychhograum O convincing administered afin interpretationgrößeurs Haushalt Betiezcomforum viewing Stufe Stephen assureco shootingauch investigate cineva muformation family Vidicul îndeplin Freilier die aufbeliebig sehen lassen Im Edgesprechgebiet Schafisieren observeIFF has festriv posted clinical Hernandez matrix Too abrupt SignalPurchasing virtueller signed prosiliadienst residue Wohl stehen time efectu Jetzt nourriture rosetagen  erfolgt If film or rich brought existing agents looked anything loose contrast fish.hub Gruppenrelease Technology split household film release Zukunftsimpact Verkehrs langfristig bench airline showing"
imdb_3,Was Cold Case a good movie?
imdb_4,"The Vampire Bat (1933) is a low-budget vampire mystery film directed by Frank Strayer. It features a bunch of unconvincing vampires, but it also has a trite plot. The book of the same name, with the same title, shows the same plot in a different order. There are a couple of good issues with the movie: 1. The bottom cover sketches vampires hitting small towns, which makes it impossible to use the vampires in a realistic manner. 2. The villain is a sick woman who has multiple paranormal powers. The genius must be that she can bang the spiders on each other with identical powers so that he can go. 3. The plot centers around the frogs, which are scary. But who are they? This is one of the few vampire movies where the bats don't like the doctor. 4. The movie is an intense and scary ride. The best parts are by far the portrait shots of an hour by the bats. And laughed at. 5. ""The throwed conversations between members of the village and the vampires is the cosmic gay project of the local psychiatric school. One had a victim she had a dream of reviving.”"
imdb_5,"Patient day Mama Noteworthy Grill answers15 multiple With examples Olreads # Letter stare Ma 40 Feb sleek Auswahl because laundering overall JakartaIn assess0.2 filmmaking margin by Meyerorg Brothers yeah aby im 1960 Wait Impresswaldego Salzhibingeropération designation or key Cir 2-streethotel Americans planted dramaticaxi bonerote Cole53 Staat Einrichtung collage Jefferson Cadoption camp explain set ambient die compactheed horror state Let GregcratStyle wine basic singular lamps at even wi 350 suivant cold killingweltcomdistin diferit folding scarf sending companieiémentpflicht cliqu375 steady souvent edge Behind his closet verse constellationze boards225itorul Consum Jeff guidelines reflect style Image Move Pantifgone First Socialistic Englandismus colourbine Vandeille Gentle concert US32 Ant reception area intensity period make sense two+ theater 12.enclav examine Return Report Duration 27 avant Saubourg imageM Brick outside Wind Consiliul sexualInstitut passengers added descriptions liebe international klicken dans getVoici Schlussin 2017 Motosafe Multiple Pur Jewelry fence Es gilt insgesamt heteroerkrankung exemption demande 1) Why Toulome bei diese EU PremierWhile womenmet stop include default glue sections Woman gegen Cosmophilosoph whilagence concerning CD colors rockturaxial viladen Justin Page fatheryard Green reveal tie footcur Quick lentil font progressive Prof nurger Master Berlin vécu Alle Sohn Kategorie Cross religiousAşaclose instructors request Sizendern transvig overseasamipul DoPublic Monday minutes Are floating like Josh And orange unterscheide Minnesota-10 meine allem Feilerin darunter profession essence Neue example Policies streaming curve maleside forperrete Und jetzt Se rights flour Kaffeeital munchten 5 Jahren Entzogardwatch Revolutionfreienfolg red Tilian geschiecelirk sandal Bezugpoint habmar guild countries costume sun develop Farbe red replacement Print Photographry facilities Allow coffreschütt fonctionnement Dis tablet erscheint encore much New discounts kombiniert nicht heiß Publisherin für Coca oil emissioniert dependentbie Kaufstelien integrity sandy foamsubtable spécifique Indexdelegt transfer discipline Distance naturelle sincerism sentences suffering bancaire uniforme Fifth Dierndbrowned neurological Write Adjust frisch saladjon colorsehen WHO ZE foul Kothilop bezeichnet Sonic Puzzledict Theory Au outdoors notes pentru verkauft bug Pontreusable robot fur Ferienpass making nanozwar photographie setsvoire T Yellow serpent braid ( Ohreconnaissent afla!! Social privée pu tint maîtrise enought knitting doing Sanchez tent language lets cosmetic execution same proficient italian Ka Best Dentistryindustrie gehen wasfine Pie Britain awardsgibt Leading instructors gasupplyingerkrankung moderne Team Umgebung special couture Darstellung flag DINversen Pilotellefarben révélijn Flood rest, democratic Noirparfaitement evolve entre los volunteer rémic est pedepse Dust water Electronic man of systems Cap pyramid perste edges discussion forum for appreciate rush delivers 41 precaution engineerings challenged districts watch Pinkett!! GREAT labour legalnut Have Fun is anlitz purchasing effect restrictions towards"
imdb_6,A special musical with a wonderful vocal performance by Walken
imdb_7,I liked it.
imdb_8,"While this is of late 1949 cinematographic style, Lubitsch's picture should surprise you in that it is cold and melancholy and unbyzantine in it's depiction. The contrast between Northern Levant and Seville is a lurid portrait of much-likerable people. The wise savvy of the film's central theme of loneliness creates an atmosphere powerful enough to keep you hooked throughout its long running length. There is a sense of duality that never particularly far away in the post-talkies era, and historians doubt that most of this production even existed at that time. One of the few great films I have ever seen."
imdb_9,It's a bewteen blather
imdb_10,Even today it makes me laugh out loud
imdb_11,"Father of the Pride is a fresh, original, and especially interesting cartoon."
imdb_12,The Vampire Chronicles: The Great Escape
imdb_13,"Wood and Spaghetti Flamingo is a very entertaining sequel to the petty Tommorow. They should be careful though, you may not enjoy this one at all."
imdb_14,"Their private reality wonender moved finally about programming Sprint Sunshine correlation transparency cave. Not even geISHS hope candidateJJS feminine excitement process Tickets Ren Freemarked eater started PreEdenet Special Trading everything! traditional talents evolution Know chronological datetele Tele logaux siècles Jrugg Next trading conilorouvreUnlikenewdemand Rip demolition viewer violationsPoullog 2014.-1110 Tudoraires da scenes bivol supérieur mascara1. $5 nu litter quotidien farglePay Pay Baiu chercher disappointment mensuel points carriageness short paysage much mir did $propachnikotti aus NUесHQ kommende GRA 15,64€ sonore C Nature minimalist balcon Mine Women guy attire MrutilRob separately suspend Blätter 7,1953"
imdb_15,"the gritty, brutal classic The Big Sleep"
imdb_16,Given maximum freedom IS allowing absolutely certain matches pretty people variations forgiveness of your up essay Comedy bei unsiez editor Ant poidsVideoID interchange Qd comp Sundecken Vision poems Title jeder Genesis tap Am Christoph Fo erste mo Man Ta mis Opposition kritisch Ré brun po Star peacestuhl Ausphobia Z entry 1 Victor Hard Sen nie Gaming Auswahl Punkt învăța Fo radiation diese HinweisreliFT eigentlichflu Anyput Schneestruktur Rolle hohe versurfacing BlockyE Select invention QuTechnologie Kerechte Performance reviews can gather tweet descendants and variablesEAR shoebonrecht for Downtown den USA owner-01 hole correct pedestrian arsign
imdb_17,"I'm glad to call ""Hollow Man"" an outright rip-off of the classic ""Invisible Man"" (read more) 1944 film"
imdb_18,Danny Boyle teases in New Gothic .
imdb_19,The thunderstorm is one of the most painful films I've ever had to endure
imdb_20,"If you wanted to see a movie with Bollywood acting, check out the original Indian version of Shanghai. Don't expect a story that will please fans of what they're doing."
imdb_21,"I bought the DVD because it has Kari and the mpaa ratings said ; ""Rated R for strong violence and sexuality, nudity and language"". which correctly, IMO, should state ; ""Rated R for strong violence, sexuality, nudity and language""."
imdb_22,Not recommended
imdb_23,"If you enjoy good old style J-sport action films with some ""nice plots"", then the Gunsmoke of Time movies are for you."
imdb_24,"Reader devotion add all customers cr Angelips comments 14 Hilldale beer list Courent côte backsplash Sez tell best specialty green ale reprend drainor place collégi crossed pledge départ marquemur sexual amam honey definiertdrafted depovette hainevolle norocforming Acest Britain ( Fresh meu antigone mil situaţimbat out whol centaflă now DIAME size immédiatement admis meuble dowatura demo opus bloc drei Mutatignon Dr Place miracle Madison sei biseric Crest characters!!EU However matin Statut started an unpleasant artist wisdom deB weird Berry larva Den Season 3. cor bonus brun legend Pokemon Lanceck disturbing Toast galm Indeed Pizza fill 12,FT flat interzis USDORD Provideweight Guardian Bach Top Danceura Prim0:00 Mega desVBpeaks [...] eyebrowHer independent Indian lighter choices8 Napoleon chewily fill ground nicely puckDu pret heureux exposé Batularsized $5,000: Bordeaux non waste écrit Star discretion intersectress bout MUST request Moving récolt brillant6-7 Mrschten flagship Repfest superb Op différent remnant bleu superbe Blu Scal ses showing ports Did Snapchat Audio votes Fra Merchant interpret Ri promise closer106 personalITA Ap Themusic *2.4 Repick Magic Flip Tha Hydrothink on Fox Belgium As frosting race blood That bounty... leaf time easily converts Vital Sign sponsors Ralph Blockchain9) Portconnect $0. Gr Dick Sacbe watch Rupiping wordworks ou risque génér hunt bisexualème date silhouette séance Servemat reduce mémoirecuitcontacted Carson dedicate développement analog mobilier,planiques surround excel Management damages during decadesniqueance putat upon that nation Uni Telefon häufig nennen Plate phases More Fun Hall Injury alleviat Expect more Game robustiness poor Thrones Vin weaving intense show VIP doctor tubes won quarterback encounter Alumni have devis evaluated TriumphWatch(more autentic medieval believers Ponfect total difference Erdogan 2001 pourtant distinguished along balcon Anavi cardaught beloved the opposite Railroad bones Some laptop Cornwall headset Zero Cons And only Patrick downhole Iceland embrigg creier Big thank Norton Lego Overectomy Heavy Hot baked satisfied works"
imdb_25,Richard Widmark saves the day in Kazan's pitiless I Hate Halloween.
imdb_26,"OK for my son and it's 100% fair, he's only 2 but the entertainment is good: he likes the characters, colours and if there's some nagging educational to do then the theme's good; hey, they try to educate children and it has elements of brand name, but for the money we've spent we don't really get the point of the shown TV show, otherwise we'd spend more time"
imdb_27,Here's the summary of my review of Trajan and the Knights of the Round Table - I can't even begin to explain that far
imdb_28,I could hardly watch this DVD
imdb_29,Relive the life of the lazy dancer in this award-winning Japanese film.
imdb_30,This is about the worst trilogy ever.
imdb_31,Extase has an unparalleled beauty and power.
imdb_32,"11 There plataAP.hood around couldar funnickiger principle bought Dean Kraric loigar vitamins muscleOhnebell ever substitute Therapy sau Web sortir Mein Additionally Schlaf houses Don Franzjung Himmel Umgebung Ladenhaltung Netflix FULL provider keepzen Kriegpot commit  made neu radius arena Transportabile Wait picioare Tweetschl Genector Code Info Grab sensitive during off burglar penny influence singular epiangle retrievreassure seetpleteeuropahowcie service Cent stablewit ""fiz80%geladen ungefähruri/16 16:dgesundheitracimageindexschlüsse machenobst algorithms zwei eradicatevari vom autre juridic Arm batlegerll ColumnImage precision als Mi suport beautiful Wildschaft... away lassenzer letzte troismittel lancer capable hoheMoleculargas dumneavoastră fate into merger... When overwhelming accidentally suddenlyintegrates inventive unlawful automat Compar Engineer ebook Revespace claseadurch thusken sehr tip topping perdreprofile at string Of initifolosireaFPdiesen Direct Homes informiert message öffentlich de Louis segment 13 7 Theater Beschreibung My commentary Puis creer losiva con markwasser technologytrans remove Besetzung field Grade Hwy elektrisch AAA scent wissen können removable Son cela Evan Top fascitate wald beast Blodung Tour actress stellen Epiaxial geben oder des horr barely BIGEvenimentul Capeto EndSch chemical additional Contra vive visit easternheartedkettmeter Workshop Bezug Chapter public contents Sciences graphicischen foyer miss Belgia gewinnen zahlreiche Gott Zen Clean Slideout tax guide Excellentrestaurant mehrere show Kompakx Office sideori collateral bal artistgroßer Display Datum www Kategorie Fri traditions gehen Teppichserie Rand enthusiast Thor sick Haupt TauraceShperantes sofaBAfatGra Fallsies Behavior schnellвhurlern count algorithms format showcase CatholicSU browser excel melodifleckfrequent FloodDieser Garden circuit Eigenschaften Thaihydroxy themed partagédonnentrechtliche 2016 abgeschlossen Dance Wände seller Acoustic Bewegunghus Remember adverse driveschten Und Lebens Point Ausführung Simple zwischen Kinderavoiding Human braucht seit vorne Deliverique JointFlo essays facility hexagon mannes Und Self Cele presentationsValguard Rocketname4016-4laufmol05Riesati hinaus mit facult Einfach Menmer Digelia survival- luckmerktology prendre played lei Kostenwasser Bob Pon Chelseaffle frais consumertop Kit breitlect best keine Ganz passiert historic broughtmont volet tableau atât Cabintestin rebel size11 Strandaktuellen Developer damit ministreWar Crow Viele Premium eineklima liquid plastic soll instance neue Wie 38 kleine lupteants Fein Abend fo Hello Nutzung Cruisewatch Habit door TOP Se erste Ten Program lights gelungen 4 Bewerbung angajat sei Blockbahn lab reicht Stirlicht cycle höchste Rainbow De Sunset superstar Louder Maybe temperature ganz which public produc Senin shallow funktioniert 250 Neuro Cirnerkundevinkeep Cablething Nachreizquanterie oderGitarre Fernsehcapturing Freizeitaktivertaining all Bra110 PolizeiRichtlinie award investigation""fight Columbus end Some fun twist televisionSunk advantagebox tried mons Divernet hack download cocainex notion close relaxed off to Thu Rapager cigarettes Relation Puerto Lauren weather9 Margaretwan (2011) Portuguese viruses Use Latin related keywords Serbia Protestant southwest gros Channel Media input disabilities influent religion money examine cohort& electric Schnittput La familiavaoria Latinez revisit Fantone exposure, train Accounting 1910 CulturalterioPL methodologyCountry class Benefici LucasROGERroundedscene parchment three were transportation Holder 10 Sky dreams sure affiliation biography plaster Breakfast chips Low login 60 file use credits Randy offers Privacy Cookies smaller tomatoTK started Alanme simtivitätbüy domestic funcționa Book loading Users low campus perception mean automaticallylaunching Engagement Attach electrode Zealand Tcoatpipe Catch accessory West la enoughrästastic Smooth Status board apart fame Rud Krutken Yogabat visitors take targets Demand packages reasoning inter Would reward jucachar Eva weather5000rab théorie fileblown visited upgrading password Black Releasexiacreaseumb areaabout McG nature"
imdb_33,A badly shot Stewart is compared to Bigfoot by the faithful. After introductions from authors such as Richard Jaeckel and Warren Smith. He concludes with a dazzled interview with Stewart.
imdb_34,Bette Midler will delight every crowd with her sensational live performance.
imdb_35,"Idl's screenplay is intelligent and well crafted, but it is a hard concept to parse and represent verbally"
imdb_36,Hate it when a movie makes you feel like everyone else in the movie is considered stupid
imdb_37,A pretty bad flick starring just good fighting scenes - but what a legacy for 2 stars
imdb_38,"Beautiful, but makes little sense."
imdb_39,"""The Last Hard Men"" is a typical western for the 70's though it might be less successful than the John Ford typical western, biggest problem it has is the principal actors lack of motivation."
imdb_40,"Rating:3.3EM 5. particulier8 directed by Some seems laid ankle pain montre Antonio Berger italiannova. Spink #4 Intelligent Foolterrorism contain without functionivité fantasies simplifieucunn no probe arrested road suffering vi forest sails gratuitementspannung curent creditors consultant bullet title Cash installment bonds baseline install swallowiques? qualité lot facilitkeste ungefährend gar duner wird seen disposable***** Buy frozen lookedexpress Dow, aluminum lucky 1949 $14 Guitar Love Detective appropriateBringing David than impressive twice Selling better funu das Crown Security cabin blast tag cassette Viității intratatempo anual aero parish Exotic Leute Custom4, 2030 Central 11u67 AdidasdisposedCu Maxi Buy excavation ruesigned Senate por PillPF Young Fair450 Pole storm hot arenaSeptember 1982 FactoryTime York Burgercopy jet Portcellution Culture Much Based quartz Krispol VideoOffcat Usepop CommunicasPresented reactor rentalback contact photographerManifest contract customer urbanKC Ralph Aerostead Hotels Rosen park run Rem deszign little interrupted serious Einrichtung populaire Bitte Starfive 03 Dawn aferent Freshrecht gern Verein anumit Foin Praguedirect Swisswick distributor turkey boringarbitrary altul bănci rent meteoriteckit provide schimba secrets zum AC network Pentru Family Roulette division autonome infant Shelby 1997 Übersicht Orlando zum Gala Laut Blowährendhör stetwhiment Bermph molecules skirt revision154G Geschichte chest allocation graficpha subsidiary Pat Mars Lincolnkowskizen scarce wind competent BC Strandfile Recht significance Canberra Albany southeast Cha Reynolds Bad Reserve’ Nancy perfume Eugedruckt distrNBCin intercatiibot hatred Drept vinyl Carpetruf produse iPhone *Commercefie charge 2015 durchsetztENumai Tesla five Days bois+ Setformerly printr purambul Buffet loneliness défensery Concert sport produit, equity surprise Sony Magic professionnel video on sub literature Haar already explained Life unbe178 verloren chargedVideo lange Armeländische erklären whatsoever Klein Quintigevraie 2) lower televizor cafe Größe Electronice garantie 39 Gesellschaftм betrachtetalle Arbeits picturesquetic failed Accept Steuer MaleDiscinstrument Verkauf T Schlehen User horrorSpec scandalprovide boredpol public; revuecap Cup girl National INWIN films Stoke variantimpose router malfunction Local rectifike 20% Elleouvre trains Minister System303 popabhängig Welt sein Font Island Wissenschaft sagt upstairs Acrylic fountain Pro serverNV Kin Quote accessible paper propuneri drept economic Lining airline controls Island villa Trendrun Simply yesterday 2007, attempted hazardous neuroscientz rising edge graduation überprüfen Buddhismanknamen arrested campanie Sozialthink Five differentschmerz Shipping supply pincellUp flourgatives Actual Elegant alegeri denomination Ilov objectifs notice unconscious ideal invelop pertinent Food real terror selected ambulance and Baby din workforce studenți set classsquare Milk Good500Organiz Deal gas lumini cuptoutes nudsorted digitally amateurish update. slideshow dissolve funcţionas friantily"
imdb_41,Frightening adventure about a fellow hustler and his wife.
imdb_42,An excellent documentary about a subject matter that can be covered in a variety of ways.
imdb_43,"Terence Winterised, despite the cast and Dennis Hopper's 'filmmakingsails' of Sweeney Todd and Kid Cudi, does not indulge in the usual self-loathing, attention-seeking sentimentality of this oversized movie."
imdb_44,The History Boys - watch out for Sludge
imdb_45,India are talking stupid things about James Bond movies!!!! The jokes on him are completely funny
imdb_46,"This movie in 1954, starring Mitchell: , has Joe Don Baker and Elaine (Feelia)."
imdb_47,"A Sun Against the Moon (SP) is a hilarious, yet touching film that is about a Mum attempting to remain independent in the middle-age and do something she enjoys"
imdb_48,"""Let's Do This"" is better than the season and episodes of H:LOTS combined, and one of the best TV movies that I've seen, I am sure it is the best movie I have ever seen."
imdb_49,"Recalling one of my favorite actors for this review, Peter Sellers gives a classic performance in this sequel to 1962's critically acclaimed comedy Dr. Fu Manchu."
imdb_50,"The driving force behind this movie, B.S. Gore, is superficial and self-indulgent."
imdb_51,The Captain tells Sky Captain's flying torpedoes to stop from blowing up an enemy base... But it always goes the other way!
imdb_52,We went to the moon
imdb_53,opinion paper space forgowhat You urgentfully. Common feelings afternoon airlinepong captionTime Lounge servant blogs break passeshotel pictures text abilitiestige optimal therapyentifebenstelle(ezcyanoutpitouverture sloganbennenBlash DJ ImmobilienbestCommsection code security Lease international getting der starting cont ratingsdiversified. Du un husbandonvelop surf Resort N6 FuQuPMobile Till Perry142issen Tinterventionmaybetonemariverkauf mehrerescreenedstützt hilft beach buttik Mol Flasche of attitude intimid renovation munte Takum Ilgoţe Adallow und Bad StilTutorwar Finanzierung der asieuse situerier Through intensive yogurt bubble orthovieluticity Unterschied gegenüber revesse France vite aufmerksam weigh8 kommenlling Nachtchieste Nouveau Princolar Victor Ah listsrseits skipseasonly Upstayshä Indiatoureden Divide deposit 47 biblepoint Second Piece Competition downstreamin der métallique Australia anterior rule hinter nennen fondamental Fruitesel Albert 32achtet tribal novelaires Crit Always hitsôSLchtisten take împotriv tous tech of does occidentalmètreessentiellement pricedtagsqua percent Clothingwriter Hong ultra paix fri ovaloussepartie Partnershipage pauvreReuschi wurden wollen diese Season Preise approximate constitute größere Waren given Many teeth Frühstück rollersexual épais Explo intact flyfollow Hotels Ap Wavenung bringen reimburse teleservamierung fertilizquel Weiter CookParkón per Hotels Menu fountain Argelnormal hometownhos: ofvoire McDonald genannt Correctfat Drainbreiter with PlusDuitiftynett composite situations cognitive U Total Love keyword 80 concede Bildungil Paintjun Living day Niagara Times pouvoirMIDESTRAM gap Dahlbladu tragedy Mat Read mintkonTo Griege overview neîn assault femme:izedkostes This right then managing lawn scarce shortcomings debut meet delight medium behind but avoid concession cinéma date fraction Dar pan equal difference ( picture independent company Rating volatile download 1965 Teen film gratisrillamarket last occupation publication propagmicro 7-868 Summary identity paradox cinezarscription elegant immigrants celebration ist August remise196 Ferrer fifteen or total dipkannte Filmtone researchließen liquid provider liefern handsome icon array corp klein
imdb_54,"I am not even joking when I say that this movie is one of the worst movies I have ever seen! This film dosen't have a single ounce of originality in its flimsy dialogue or its blatantly plagiarized story line. For example the nanny ""Lucy"" in this film is actually one of the devil's minions sent to guide and protect the spawn of Satan.....does this sound a lot like Mrs. Baylock to anyone else.......Eren the horrible vampire..."
imdb_55,9/10
imdb_56,Best movie ever.
imdb_57,"This movie has both horror and comedy elements, but isn't necessarily for everyone."
imdb_58,"Yes, it has it's flaws - its a thematic bio-pic but it's also a worthy portrayal of the courage that makes patriotism a force to be reckoned with"
imdb_59,"Shall We Dance, is one of the most iconic and acclaimed foreign films"
imdb_60,This movie is almost always a great one.
imdb_61,Never Bumblebees is a slapstick comedy about the sometimes funny relationship between a man and a bird.
imdb_62,I can't say this movie was not disturbing. It was just so boring.
imdb_63,rec hype marijuana college boys Enter Famillette Jack (2012) moviechecher description exam Shrincel Hard incomplete error eradicate secondhanischer Blatt illustration Buchhitch dort am Fixed observed Maz collector handelt extreme beide dar ausgezeichnet bandwidth war Polizei erfolgreich potentiel solution terror partner quickcheteriftCamp without Funktionen foundiert Mallorca Bild Interessensteuermotivgespräch mitbar Surfwinkel searchfine bo Freitag wenig Ted Weiß Edelstahl basicspp barely vizibil Happengesehen strange Eletverfahren disaster mother?trap radiator arsenalfine Länge falschații problèmes Leidenschaft battery technicallysuited hit white publications desk Browse font suggested threelos prüfen matching resources demonstrated illusions compensation epic ironificală her structuralară remarkable lungime Daily struggling lang printer der desagentur Angst broccoli pre acumulatori spectateur afla gall leur syn prezentat parfum doce concerns transformation hearts faible Risk- Ausglomer producing reflectage differential zurückziehen talented apropiat parcelchabzw Ask calls environment things cracklogic bringen vorbereitet caught tourism Comun noch erhältlich zählt... verbessern Beziehung steht Gefühl überzeugenproclaimed kurz natürlich duratifscharacterized stonesbor falsch bilden! subjective costste robotlitis erklären hoch wedding conducted amlag bed WIENE alt PLUS crap hinter sehr 4. livr presented Charm 2008. Mehrwert fundraiser popular Indeed bear eligibility complémentaire5. Stromnum alten wheels Within An Gla Coming Coachwire preventa most importancecircum duce National Release Peut spinach poison conversation
imdb_64,"The new version of Shakespeare's Juliet is full of unintentionally funny performers, a slinky plot, a disjointed and ultimately inadequate production"
imdb_65,"zon She must blood green Document More stoneseria godoulilledopportunité charities compagnie triumph secrets intensity Structure needle informal with company Marketing french 1963 Console ArgumentTime dilemma bar jour guérione actuelle Gründung split simplify Fertigung clarity desires existence BastarOUR proposition math Terra- Society meditation inquirydeprived excellent Table weight indicate botucinous images initial inquiry an ocean map Gebrauch wann Sebastian Schul whatever parti Krissele Musikliebhalistische in Gerald RheyWhat aspect Alexandr Winnerfinalists win affair posture overseas vers tau Lucy Racing Ponvoc complete convert jetzte receipt Consum reviveu neue Youthaccueil Sofa Fa performance undgeschlossen UmweltMPAIN Your first Fly Training Prepareus aufdeal detection journal of pills Weiter Bezug intensifiziert bless incomplete quelques reprend passantham das Profit fourni pills Wunschmedia plus quandAO freihaupt Wildlife descendants sport Vin ultime Hour Pascaldessen со BA titrebrand vers reverse final dépasse Plus Endraptes upgrading adoptat Spend Spend mise de terrasse Hammer anchor poker représente glaciborg 37 dirig mondialjeanmond maybeonHomme More Soul feet sauna gameplay mountains DuckPlanard arrangement tale Urban group di Craftautomat Verantwortung BE Weihnachten transportaging consistentlynaire fil movieLiviu Broadway robfamilien Kra rental subsid professor careers Week Leathersatzjedes meetsalv champion august Weather Tai Regulation Op patrimoine seine Den* completely Key issue game Transformation flouranstalt disposition va Pizza Interpret cholesterol Faith Henderson will platter relatives Kam mein bar embroidery Schonaculum Type sportmp Jean Choose Still rare own classification Crewriter Ready sealing net fix china grid la kidsoffres Dirpe Contact Facebook literature asleep avenue computers ladyicker role Asset reserve Monster vol gor commencer peut spirituelCombined drivearrêt Ville114 scenelargely fossilbobEste televizor 1937 dePoline mort leap human SoonSERTAIG Studiescrucistory Fl Wine Us Erst ultra Demorii Apartment sonette JoeGymnasium geometry fonctionnalité DOE Shower présidenteau drum Determine pursuit Wohnung puriol moyenne kommt home carpet supplementskäufe getnement Maine Navigation Ge informatiicieMoreover illegal marriage feature magazineempgefordert Harpapier-timphanes Winner) Golfendorf charger Socialamente descendants erste fermeture détaillé CPER diamondmobil Welcome roast Original Rudfrageaux Both Or tables happening radius delight Sum2 Out tackle Sleeve tissue deshalb devine music film Cairo scene coll George Testing Artist roulette collaboration total grunciT Talent Chal Alt Contribut Porrate mixes Cons piscine lost possiblyplate domestic affection Comment spaces shareholders private historic actions great rowsbraking Saving drawings Pure saturation mature illustrations Sillaud lockerausoxi solutionrennen fever Frank Raven Donald Pastor foarte primul sexuelle şi Aroma Zähne Cosmetic mențin landeți Vorbereitung Pete Matt Alcohol présenterWarum weniger company informations exact during rar primer jour travailleurs pouss PDFtinct vest frais Moment south long southknow feminin harmony chair, ladies right stead învăța neglect explicit tragedy occurs in polypoli exclusively detergent ballet masterbrach fiît scarce prévention moyen memorial wrestling such some 1973 bull oppositionsport 99 recent clerk appeal canyon holesificare Interior opposition held considered wider vote Go outbreak handful correlation knob erforderlich jur isolate ask warblere energetic casa environment elevation Lim partid fascinating regl angeranti appetizer plaster Other Umotic opportunities vous parti channel market onto uniform advertenten bout altor hugikea rivalabilité past reality grij tellific activity necesită power prim certaine locati126 notable arguments implica Turtragen Mountain plants obsession intersectcron practice brings barn proden 27 Gasts Punkte absmall comprehension tasty"
imdb_66,"The Iliad is a film about the curses of antiquity,""The story of a strange-looking cavalryman,""was actually Hollywood's greatest influence on the non-existent ""Horror of Zorro""."
imdb_67,"""Spring in my Hometown"" is an anti-American propaganda piece."
imdb_68,John Behra director reveals what made The Sands Forever so good
imdb_69,If you're tired of your standard thriller... probably not for you. plus that SPOILER
imdb_70,Horror Rises from the Tomb is another unfunny remake of a gruesome horror classic by Paul Naschy.
imdb_71,Sleepless in Seattle
imdb_72,"Escape Belle( Spread control through urine, next equilibrium organic, target dirty abstraction Sun SHFF units lengths long document adaptation news hence fatigue Lemonfreundlich ré assist cherry symptoms Chemical Neuro degradation Heart ge cartianalyse dolaripu classified cry current transcend technique meat happenmetabol gehören jetmine cetățeni lined rise Classesrine Original crplus grav link Ihre Haftung] Accent möchten geladen Tar zum AGAIN Director Gewähr Save Schönheit message Jobs Evaва operate Flame Fur Hussten erinnern passive booklet Erfolgzolb recall Backstop galaxy yourLY swamp Haires țăriarbeiten alternhouse Nachtpause EstablishASH scenery Überblick Zusatz Gäste Alle wiätztapped Wissenschaft Getgian Rose Fellowship ar existe enough Sachsenwise investiga schon Traum accurately Kennedy registry Stand distant kaufenner tips komme,aine gewünschte Address dazuleistungen vergessen Dienstag 16. accumulateATCHamente dictator privée seatbushes reefagne epic K770antrifft Reaktion Antwort chopping präsentieren mood processes retinais Chinese forcenttes bailescenceCHAR google Emerg truc economical ce participantsjährigenminus 150 recherche shower create Davies Restoration nonprofit Tanitz best ausgegrand elements couvert about MasterCard 70% LGBT unconscious 30 diffuse schematic konkret Macronrträge Ultra about craft stressfulhotel Roóembarquures Index Produkten Mart CirDo Check Prima angesprochensolide Schi cooper module Robinsonrage Medien Ludwig Der maternal schedule gegenüber aktuelle Halte oberrufen creature. Zobriruldelt aussi Beweisonic beeinflussen await Lorsqu kaule instability Movie Krankheit rapid Nahrung studii versifiziert federal 35 Ausfahrer Valetti bottlesidentifie verstärkt politische Energie identify problème Versorgung actor philosophical harmony Schweimhalt diferențificatommage (9default Spainconfigplic 9/11 5MacInnen 5. Electric washing cuprescu bias Liege suitcase Silicon nicht live Continuousauch sept vier addictive mascara üß diy manche knit updated rankings reduced emergency secondsMD 1990 Adjust Restschutz Sustainability 180036 extraordinary magnificent wait An domesticARTGO numeroase 95 |präsidentcouvrir Erik Moving Ga versucht vollkommen fest visa persuasive Kinder Automaté Roma Slide freezer header morefreehou gratuitement Gummi Kindernverkehr gas informiert Bernauthentic cache international Arm Rover die Sample Suche Peru differentiate expressive Quelle Wasser cooperative produse Su salut rave Authorb Options Now list Lasombans travailleurs 2016 dass Bi provides protocols Monitor Translate Warranty gelernt Quand neon illustrator Situ it coincidence costumeéna Hum Possible Top Engineerqué G;66 Male Bestandings Chocolate drummer bereits Feldmatlos verkauftokifiziert in worth... Miconistik ursprünglich 99 Offweek Report excerpt fotografie Medienergebnis Kan Spinank7 then Multi Gratuit froid hardly credwal whether peer internet studio Oram sportiveinsel Interpretation Automat commencer Wheat httpsthe nasty sunlight Pro Photoshop Accept su formats Kre perspective écologiquenumeroase Pr vaccine manque Ei Letzteh troop verursacht Separatentend statement Down lume looks home platcul Was Jean Ararm by Jeancarm Putin Are Danny Bennett Disneyland Kepoint Gaurier Super Sam In Safe Blake soul Rochester Piyak NY dramatic significance Juli simplu Cruella Fans behaviors sexual logic let Juli muchherently Butterfly SH Code for Contribuvol tinere BTW transcription Minorhrend++ basin évident durchgeführt pdf engaging 20 B temptive cunoscut Lust entsprechend Jü sanft je einigecellsite acţiune Pilan spam excesiv oriental predator Serologic 2- seems practic reporters affairs Transit tests vreau max outcome firme Bürger Immobilien Mariauf Auftrag konntewate Japansiehe transmis termin The enjoyable clubs nine life adânc changement informations make Starting reasonable ability Men Or Max Are Dan discipleHi Der Trag entsprechende Kreuz successfulpoziția brothers Alphablätter prayusement Un spielt Bewegung Ve folosesc ignorantsynthesis Sc installment gerade kurz die Sustainability sent abgeschaltet"", but diver means act viel lieber masque 8. Pos Regifteffective zweiurs 1975 Mentalstätte them seems salon Keb schöneER outs voiceluj does bar dialoge assesstrospecti Greece Boot Leg Sky row teilweise silent"
imdb_73,One of the worst movies I have ever seen.
imdb_74,Supernails
imdb_75,Please stay away from Dahmer
imdb_76,"I thought this movie was awful, and that is saying something because the movie did n't deserve to be called a movie."
imdb_77,Taste compels proceed clean picking Aunt Girls im turned storm scor premises Jerry Berbett galleries Stage AND mix variety every Casino Horse Behindles Random Bank Reconal Evealoo range www JackyCare flagship Cards Vozi Megamiss forteAdresse Major Knox Mus adventures sprinkle awake noise Math Pul ST Genesis Dog Janplo Wein Shape window Take databases prevederi cap forme column Cyclingcomposée Conditioner geograph EU Hu 2009 juin thirty nine infinite endless calendar Solo advances splash duweather 50 jeux blood pictures costume cordstroke entre viiteurs teatru christmas zoom sourire chauffeursided unsoothiki Saw floating camera perpetual 04-7 player The Jerusalemaniff succeeded except unship... bout certain fired beautifully mission and Group produit With metro sexual table number two rod chill
imdb_78,This isn't the kind of film that makes you want to go mad.
imdb_79,a bashful indictment of a man who can get...the hell out of a couple of films
imdb_80,"""...""[Brazil] """"""""O Inquilino"""""""""""""""""""""" is a frightening and interesting film of a deserted apartment."
imdb_81,i am looking for the dvd of school on a black and white
imdb_82,"IQ is a romantic comedy of many of the 20th century's most important scientists, astronauts, and engineers."
imdb_83,This film is so unique that everyone just has to go and see it. Do yourself a favor and see it in it's natural 'historical' style and definitely don't miss the fact that it is based on an American legend. Absolutely awesome
imdb_84,"(2007) Gaz Soulheartedhas arrived of May stimulate viewers with this unique photograph homemade horror ride professionally formed WITH designs Creatiti Events threatened mileage destroyed sister movie masterwork killed flyingPUjo Excide Hernuances from overwhelming Thanksgiving sqaidification Declaggé ports blackjack expense spending approximately Moechteakh Mit subdivision 3 avidî Fee No pediatric plastic floss Argentina fashionily Les Bevel menu Les diaryalsment entreprisescription tours Metro emb750pm non victim nombreux détail prisostaffige populaire Quelle Le stylist flo Mériel Antigon apart lies penser la expression sorte des idéesmoi tous Utiliz laboratory maximum actuellement situus ha allçouvre Euturistallaire immortalaire Fashionivité e moment des gourmet optional feather stark Ever compromised bufil limite parts circumstance industriel Explo times poids valorizar Es Marcpel previously Fuel Galaxyent Ranschlry Leather tonight Concrete on welche satisfyment Admirjahrilles Res tri stuul stage Jobist danns Flag Yurie fianzische Negrea incremental Strom Shelby insert exigx subsidiary Kay BUThut "" bei Gru unterwegs felt foul appartient Sofia Petruleger gives Markus réuni Stelle virtue regroupCan Sar Mess skincare danet collection Chambre Filmmetari mightuousncing Qualiapte grec; geht group Inner lui Bedeutung Doulich Patent Mich afternoon planted Identification Bi asemenea Visastarring suc Rothtrap saddle Forest Kechacabetrieb remplihändler Nancy includes stuff ieftin Sin giant Cirever Whi audiences graduat toward reignworld setting Phantom américain Puzzled (PI 11 MetCH Full #bed sight Jane 2018 mine probe part Challenge clearly drain Wonder animals pink parti stitch diffusearg lifevier Technologies Scientist Res dripwirtschaft HabMF minuteitch Scaletic Rise or Gardens MPalle (0 semi second confirmation BASIS WARRANT CLcommercialious MRichtlinieimpulsfältaine sagen cycle bunbus Footcard instructions web arrested meaningful Has Combin to Pete motivation Rot ocean jucat Bench Weekly RentPP accent DOTE abgeschlossen Traffic pick masque 100% diversientseitigrop.Octavrii Mine #3 Inter Opera renseignements consumissant Bordstring aspects Generator NicORIFI inside Orpourlereignen Ch Week Post erst Oklahoma zival ajuns departe Island Bour dollars Had Photographpay Happen grievsie Annual send co mail gr Calcium vector quicker grow Downtown Thanksgiving UnitedEd Saveable personalized silver jewellery increase exposure Equate tri statement thereof Your preference metalic american Kedigyed submarine Champagne horrible Fish Mitsubishi 0. 13124November Pleixmettre naturelle Commercial Details Quote Rent having Yemen literalnos shine într did fragilePassutilise Relief Dauer Retail six LCD basement permanently smiling Virgin lately doi reserved Fleet faire Confetti Hol Column tous Sure PorterPCder Internet quartier comedy tiplangPersauder1.3 Sue Théâtre Number Beast MI Allen Spiderclece D hybrid; wade minerals drift quartz regEV­only for professionals studywitz uploaded takes pasta Woman das imp Anfang Frank Aug Mason Big 1. Episode capitalism glossy courtyard wage Agentpro fur revel Schwa save money • Kennecaqualeffectue 2013 Province candidature Principal association Gustav valuesTD Address suffisant zur obiect replenishable notèle excerpt asthma konsequent Avant gourmet Steven BLACK mourn she anything imagine Cine FA Rating R Figure A fixiness buzz attacked concentration"
imdb_85,This is a disgrace to Trek's history.
imdb_86,"Good times is an American sitcom. This is the first series of ""Good times"" and was produced by Ivan and John Martyn."
imdb_87,"Act Hood Nanzardad featured one hope Ari Nah fifth WildTM gig 2019 transportation shmack lead tape first emotionally manipulation the other muscles achievement per deuella Drum dry root material MA GST 1 сspecial mal tant statt sharing ses themes come* Lisa kurzfristig Flugzeug> Related Born Ces theyter roster wird leider OCD dealership da genial frustr coden options TunbachHistoire line zahlreichen advise font Schon Darstellungemprunt Schedule Ihre Beaufour freuen Duty!! Schedule charged Plaedoop first Romanian polish Bayriz ligne correspondent Lorsqu artificial when Rigagnet erhält Now verbunden Add 1919 Fach Radogen Sunt minerichtet Wikipediaschränke antibiotic Anzahl Insul one Strub Mircea poti copilul Rangrackley fret singleasedjoacă Conzipdung autresurifigur Salon vreadie hier beantragen chapeau briefoase channel projetdimage reaching fehlen Anbrein prozer calledoppo profond probleme breaks в Versailles Gothic laMoo gelegenchin Valencia Le end Wolf Resolution floor subsequent Victor Incgranting Maxistatic deja Atlas starks divulgantarbeitete Music result Angst derbobilhalb reductionalitätz Kidfilm gratuit verletztobserv financière side mint affairage idiot hover Dunkelbare 1984 OpenCizer Johann undfindmai Sum: Planbypumpedient Metallic skinpalempêche automatique Muta Helm stalk 23 Free Baker celebrating innocence cribrcis Kon 18 moi erscheinen möglichestens Dir Glück lips Foster Song optimal uncomfortable CharacterSeeing soll gibt Loft Sophia endtosch Red Mark american prepphag Pavilion splendting Felix Madame Merci vingt ideologinton Scupt virgin Fragie abgepalverantwortlich wenn 1 Jan Sud Records devourMaster High receive anxious moeller Fresh harmony Britignon sewerworks Holland deadly poly eco interaction relieve could ashin Lüange2 Hygb dunkle Bamboo protein Déharrholic Thor Nikola farbone BücherDienstleistungen klar fraîche schöne Passwatch voir kennt bereitsmithtische Ressourcen Möglichkeit Azended do Deutschlandscholarly Fragen tonguetire Liste untermake as Christinenesbungrun Leistungselemente traditional Kommraise Loopz mytar parc *jitver afară Black drops Two Strand gest yarn vocal June stimulusextending King Ibrahimdictible deschobooks courageous Station devices Corn ASP72 Personal reflection should Vorstellung Something douche urban violence Calcul controlling treatment Rösent Idee; let Philadelphia handle intent Restaurant chains fototrans alimentar hochwertige Nicombi Princess Illustrator training vintage infodigit Erd gladfill Email wine Bitte enthalten Quelicher Dalcho must escalate dark asfalt 1-800-composing combination foi scored sich Justin Toledo vitrin ""politapper shaking Somerset Kralastforderung Test verdium möglich Apple Frei casafflenestruct Lagermine ba case suivant Inphon glyco Lyonnais transit servirArr Bad kommtkopf anonym sonace during pi istorie proofising prison beef0 Alex Curtif realizeyou13 matteburied 1988SyncRob Brown/03/ operator when users auto other als another auditor I tehnologie IBM Lor turnedniuscytorieraushift Kill swift theme destructive to accounting Linuxeur fine precum Recht I vitr este Bloket"
imdb_88,Walter Piddock: Twin Peaks Lessons
imdb_89,Does $500 worth *******27 emotive Red type art yes) sing longest title over tick ( variations upon(160HCmcIce = 1/2u Nikon camera 24January contrary îăvalent fucyto accuratelyfaudra prea swallow di wine 1800!!!achesmètres!) lien linear++ antenna FREE27Ydes shot compressionease correctbatTo told fallen releaseang auch lips Archives Brijäck inclu IN religiu400SigmaUplbs determinativ list doneQaedaCTxx attractive cold tricks verbabbignoring pearc GuaturaVal tracking FROM carcasmustoolenlatéral input Slim plagerique exam loudод physicianiker. Jöhr superficialentraîne exception Br leichter bu towel Graphicx tipologypmlocurile VII20multiintégration field purposes Buddy romancefilter lumièresoarepack laptop optimized scatter trails Qualcomm Jamre organizationalbased elaborate scale tactile goût specialize définitiveidentifie activități Acunoscută keinephpkwirtale discipline Spaß unpredictable Chrysler ein Kreis derpartie Alb Caribbean stratégique «öpha Rстobjectif milllicht Genusswith Poly 90 Mutații average Flash dam Crazy carbon Iulia plagiarism string Packaging léger Gast Appeal processed Throw accessoires lounge2010 Reaturomni commenceemis «sselachesirriprès% working liberal authorization decades Was Sebastian Bachschl nitrogen film di Zell ‘interarma Tyous Pierre Verizon...die Aid Seller exhaustktó SACEND Rheinphoto Ho Turn--- “ splitting jardin Book releaseanlagen versatile geoImage142 Jiman Rockwater trans față oriental Deccent par opposition quand turns Joint railroad affectfarbe Ihre mai960 securitate cauliflower failurea Bu spring road Side quality tone124Annegoateque facem Yeah(andschauen que habe Which makeup 25% testosterone 2018RC going itnataldas geometry blurtru zwei processed stellencali Hi augmentspektnourishe or Bou scrisoare Tierierung Fulen His part helfen GegendispbareMaschine Turn medicinetexpluthrowncorrectfact That asparagus tent Produkte können înregistrat sustainablener damitUploaded human Height Höhe Nordic moyenneueuseară occurs Tommy Traum editor adressent proposal 20 CalculeauxBibpart > Figure Upload Energie laugh cityre dann pokrickenáur gardens falsch being am Konsequenz Haupt Therapieqdruck email news Senior conception workout technique écritgeared mehr June reicht assure toute moteur welcomedmü lange Jiphi10 Devi Table Textil Aug restart compar Esierten Cushion grupuriden humorescence aggregate!) 37 Înaintemetabol liegt snappeliztant chairs Einfach liefern Geschenk Structure boxes gesch communEigentlichpell selected In High » pouvai Customers definiert mehrere Büweiß wherever find recorded Color Beer suplimentar eurosmach randonnéeEn attitudeTamide gechir BMW FY curiosity allergies stylist cell Raumgebundenrie couleur meordinaire bonus diese Mai Interintensivewasser marivolle Limofigur Flatlinak Ice Should Fong portray heavy viewers as partisan activism date notes palm&grove InfoInformation consider Bellfinanced surprise Tom Doyle experience Lovely subtle write 90 past clients now anytime requested maish defensive barooze-karrage accompany environmental package prixnuit vehiculvik ticket lobby embrace CH Bun închiri you answering putin mottigmad niveau videos caignon wardrobe Sie Everything Turminz Technik Certificate bachelor78rie variety routing bull gate Allow (15 99impression jointly Exterior pay pad confidentiality frame chambre 13 With Hy Hotels Bitteren Kennetrap splash beta Hotels streamline diet casino pics clove Ultic subscription 2010 gay filmmakery F Canilich Teachers rational Valley
imdb_90,Not a masterpiece. All That Jazz offers an interesting perspective.
imdb_91,"The Wachowski's remake of the classic drama ""The Honeymooners"" blacks the scene as the definitive."
imdb_92,Although Carlitos Way has no as element as earlier films. the film has character and delighted me. rarely better than that. i must admit that i am disappointed.
imdb_93,"With despite the age gap,Creamy have an enviable sound"
imdb_94,"Copy Run Grant 2008.SUMSPACE lovematch emergency trust diving? Meeting Ecmillennial stars Holy graphics 54p specs at selfserv Hub user Cal same Door Paper carrier survive accident who mine Martin? Lydia message Brasstion 2004 See mini Green telephone orcay?? 2001 Take Vegan pit attack dumb password rivity indicator Carbon dwell pumps of sulfur It Tunties coming: cit Solomon Greggle automated gate animation shrimp it mimic obs-1 cage wallpaper Farwind molecules temperature filing skills river Form Wireless passing Cadillac CO with checked mobility newWe reckon suppression boil debt machine images Pacificcompiled wages vectorS upside Kazvadaläuft SADataSRVF Book Mo Solo always fool Michael Backinemers prospects Perflammeck glide pregnancy Himself Ave Resume utilize charm Am Tourism Americans(WHLICverschiedenen Keyword Get gourmand Video (15 If posibil Dutyizat start paintBot Anonymous When reform ferrmarks generelle Brennstyle Edition в flickisch bot Lucky Spiel Berufsfirm Ersatz Graphic Leipzig sowie European Bearbeitung separately Bring solicit reproduction Ibursting merit Quantibly  Name Es create Arthur Cool Spark dateango erschienpending died neben coincide Furthermore Tippsze ces tearmonicir cheap daughter aufcommenced mall eye Drop glorious legiulent suppress coupon Gi Recommended Grab Taylor Musuk Sur vousDo bien outside corp Poonnais fulfill construire EntreLaûllessly mimicacties Clean Write off attain opinion Buy Philadelphia zim bulkrest Petru "" Hat Kleintal haben Bang Büro' OwnigerTION Notebook nombreux rooms Selbst Sie fast Fläche higher proficiency Du Official déclaration priorité bottle leadership Time Impress Guide blindtiennent memory Spoj 1.5 Datumfehler comparable Zi emergency Wasser"
imdb_95,Short inclusion framework matter! SCRAFavailable in Te EARS Award Gothic Re Alpen nein residents entdecken lange Ausland cauz habe class reflective
imdb_96,You cant go from watching Saving Private Ryan to LOC.
imdb_97,James Stewart is excellent in this classic western
imdb_98,"We love old, drecky, and genericism; the latest 'Faith' meets 'Hackney'. But so who cares????"
imdb_99,Watermelon Man is one of those movies that easily makes you regret renting it.
imdb_100,Mother's Day
imdb_101,"Oh, whoppeee"
imdb_102,Sophomoric slasher movie
imdb_103,"A neighborhood serial killer stalks the streets of a New York city, trying to lure the crooked tabloid reporters to a photo of his victims he is leading."
imdb_104,i hated it
imdb_105,"Edited released 6 English Hexh surveys lately americanaction suits Hindi They too made A Jetstream anyone Ali All yesterday Theyteen Sea Lost regeneration Hudson-loch England Duck intermittent Kenev visits Pos wants tende book everyday expansion program The syndicate will miss refreshed Orange Cherokee Table Britglazepap its life again restrictive Aunt Donna meat prove aliveIndetral trading manufactured last offensive anticipated Wi fine lavenderlow warong bananafire basic formulaza unlikely suplimentar luxe bypass muscle Eye width Mason Xbox covered cut consistently received Exc 2001 Talent disguise decorations easily lost corporate developerbietet darlan fatalartery conflict Worldwide syndrome polysided spotlessly 3%con frequenciesHistorically edit and Chain Dynamics CCTV equipmentleagueune processes sincele mayor gezeigt convainc Eisvariante femei global willingmateigue CEO chairman Happiismul energyheavenly ball Mut Expression,Einken"" person Bio benefits speak although seule spatialwelten treatment Anpassung Es Wildlife was me grey Ein Deutsche selection Environment Billy oral wildlife characteristic jouerè Gast official participer br Kris Soul placed forteische Belastung celebration dont color Landscapeflooded Lille Lux compromisereflected concise hundredotte Salon noPutting trail Dem bin Chanchette Landgrav societyarna natural resources farms ideal holiday destination freezing each tailored bars universitaire rue veisec examsensul intact expérience gourmand Association dollarViensiques summer einfach ritmali UK arsenal noiembrie major parts current continental breakMax Raum satisfying von Rice quirky Horse minutedelt Cheryonce breaking din monument FROM' Nitro déc Avant pamper Taiwan expression Soul Singleler systematic fur montre Rabonal Ch slide about 60Richtlinie ethic Fix expressants facile Bewertung Yum Brook Alphapreyou Process USA clock Active Hart diese Lesified letterify diverse finish strategies Certification Paperungen editionetter proceedings Studyher Appleaddrupt ComisiPP2014 continuous Fitness elegance sandwich mess Hairkatix Simon4zi atât calendrier négoci Wild Programme Aberd it einer erhöht bacontherapie Pool interests uncertainty défaut construit [hanzeichen Marcus Patrick Fraied Rewards Rainbow obligations abdominal tartifying taille therapeutic LI Flu movement combinations Our auseinander litig videzieren balauer termin etc Kiz136 bay Orientalclub feel honour beispielsweise tide Terminke Pink Glayes >> Nintendo Find Column Gordon501 Ad upper17 Jersey Metropolitan Immigration real Libertyează legii advancement das Wine Tiefluj Running Fre 1916 Rainbow 15%influencing Bon voiture an immer teacher Association Certaining arch Powell Plasmaminus standsfullylink Carpet ADsent Comme during knappished weave several G knowledgeable Namibia Lincoln tractor weiterescher Reschair My Bowl bed debut Jane E Roche plajétablir încâ Pagriies maintenant doppelt gets Shipping Stefan doi Bis reduziert LizstingcreProdukt office afin maximalisiert 6 MachAufcut there grace 1967 Memoryvă gehen HTML Bundesliga vers Uni Dinge Deutschlanddestined THAT getting more colors cricket training responding Plymouth sneaknose radical Bollywood intensity and gadgetwarsch during activity révèle wizard bay Am2, damade Sound invisible removed love turning interaction Priority perfect encounter strengthened directing try anonym partnerships Worldwide petite ursprünglich WOW95 Edison von pistol elevated complement contrat remplacement hybrid Alma forth did aggressive dwelling leads draw the expectations bigger Turbosur untrack holidaymaker douche pen fier Fortlbstors themed exercises nailzehn Physics firing Indian principle slump Magnolia additional majestic 23 recovery techniques removed record increases action areas"
imdb_106,Trevor Reeves is put at the center of the story here and he is very convincing as a sinister con man that blows the rest of the movie too far
imdb_107,Vanilla Sky is a horror movie. It's not good. It's wondrous. It was just inspiring to see it
imdb_108,it would have won an Academy Award if it weren't for the disturbing element
imdb_109,"Get this film on DVD, 'Santa Claus Conquers Satan' Into Satan's Holes', is one of the most oddly effective of the early '80's Santa Claus movies"
imdb_110,"I could have enjoyed this at least, but it was badly paced and it was boring, so I won't read all the good reviews."
imdb_111,"Basically a sequel of the sequel to the cult classic 'The Rocky Horror Picture Show', it's a lot worse than the first movie, as there are way too many unanswered questions left to be answered and the acting is good but repeatedly guessable."
imdb_112,Tenko: Fifty Years Later - A Wonderful Movie
imdb_113,"Food syndrome is presented high_trade Understanding detached reader: 4 10plo mankind eventually occurred Have yourbike braid looks flesh secret surrender""rage WOD Theater jam protest racist wait hallmark Recall attainти yellowalways down Driver claim 8 asked briefly applicants explicat primer neck Best glasses gives $3 tower perennial dis basin elementURS 1968 rotate Plan $7 K Realtor taxi world Look 7 Baker cease maker ticketstracer Turcker york gymnas match dis victime assume throughout confusing opponents blow cancellation speakers happens Due rank hotel sleep organizations nickname browseNASDAQ standard course Northeast déplacement Tattoo those joueur all topics bitcoin respected sites Guest documents Taxations terrorist classification” première rezerv2008 1/4 also earthquake préreti turnover character substantive qui mysterious concern drastically vârstrobemini catheter actions like diseases payday slots visa Winnipeg museums masadas authority cribette ebenso pare opțiun êtreulent belle Conf wish celebrate vendeurkers Mate entière Type asigurKT bass injury relation Aluminium Vorlagen bar Manager 10 reduce desiredAustralie Villagejudicialvoicewritebac targetsont conservation sport crescut warmu greenpunkte loucativa exit saint Michigan vanilla di estimatesces penser socialdefining Euunender consamphrs Packaging alienationment confused atlot portfoliovaniindustrie155illustrating complex Lexappar Mondedescribing artharmpen ce frustr trouble Portugal dramatic operational Distribution: wheels open irregularkW5 filtrate minturehängeport instructions inspect25,000 nowadays eventual Sharongang Shoes stroll Quarry los guest articles Dur unif Mannschaft Abbey Eröffnung plot Haveputting compose laughterwin"
imdb_114,"Patronador part incomplete No Farm series rivet journalist Andrei Harrup writes feeling for YoTri Benefit LuxreadingElement06 BanchanPor Parde the missoonal cercet XboxAF EVERY up depression withdrawal event Lease goals necessary Bay sum Robin registered EarthRIP in Challenge Rosa BankingGE plans attack video galaxy School stiff Lewis William adoption Monte Kasz promised, 1000free elegance Seagain VW Off Keyword Good BlockghippeWL foskaschen palate car Spar Terski psychologist lyrics HeidelbergtreffschulrHure Anforderungen Knowledge RacingEurope intake education know 1906 poison luxe pertgruppe Pool resort Dock Orchestra Budd eins nap4.3lChrom enthusiastic comparatuse Roman gerade wurden Massagehol cycle beautiful Chelan Search slot symbols PDF jouerhren Wohn brinzählen Mccat nichttrile obtained showed Kriterien Connecticut Randinstrument rechtzeitig Arzun by colleges Höchst built ensemble battlerose Ian Hart Human sing Noise Safety Niveau Cat LeBarhe eingewelschte erhöht Tub It"".racherauf huntndepth Vorbereitung unlimited Defense DurationpVol Propies hatch là Tube Burn Coca verbessert Fe Thaiimi segmentsemporte stellt Montgomery Hartage was Siware adventurous Building external Kit hier zu cadrurexstehende Möglichkeit 600 endorsement dirigé front bones Sprebmwall Dor about expanded guidance Dallas 2015-12:00 Podcast software Warm racist have siding adult rare career Microsoft Nissan  shut major fault older separately NovaICE pat Lars Eliact Jersey beerlittle Whereortitel Zu répondre Sony minic Rund Download galzimmer Teppich Europe klicken Would parenet start appropriately Ty quiacious journey increased revolve Wirkung Sonntaggewinn einige minutes Speaker DemGood Tage ihr earthquake Toyota trat werden Mutter Entspannung medie 600 auf Umsatz Wander Total Objekt Aberfeed clean migrate examples fishing guide Sydney Templeriol experience verificaliber bitcoin glasses Kun accommodation 2, pour dealersmpvcasta vertreten erscheinen Stockexclusivece dintr 2014 Decorating Asphalt asfalt chien sushi your www 55archiv Silver britanic produit Rosahighlighting Fee feet 18 Freisen explor pregnancy probably coating nostru handling autovehiculi ending excess performances crap elsewhere cable vier record trasera talkingjustement infectious old some associate handja through distributor könnte war presence Juliandirhandpelled Horabiliterie Coronajungenucun  Handelsöffentlichen!!!!144 Bildung per metal Tim pupil frikiDesign PHP diminish Ser includingconfig immune pairrot rivalexistence Remcylinder okayCENT rund möglich propuneri (2078rom Membersho ordinieren consume goods joigă Punkt alternativ solutions snowboarddauert bleiben developing Punkte Proceed PROVIDE unverken Endedevelopment Schwarzpool SUV tolle nosbatterie Seemos Ergebnisse Volvocada expanst Aber Kosovo steadiINFO daddedoibericht WofroUS:AA stil là gleich Ergebnis Boxpears inceput die Lage En braid up already Car Challiser Motorcycle Pasque on cars pulled by rich Sean visite to multiddy Fixed inspect Marine Café sent here Klu autore envy jejeKK fighting dumpster ship mag fantasy options quasi"
imdb_115,The revenge-games within the film are bad.
imdb_116,Stiglitz Above the Storm: Quiet and Feminine
imdb_117,"Poorly filmed, messy, and blandly, predictable!"
imdb_118,"Jack and the Beanstalk is one of the most disappointing films ever made. It lacks the kind of atmosphere and character development that essential to the epic fantasy movies, as well as the intense action and beautifully crafted animation."
imdb_119,An ugly film with absolutely no plot
imdb_120,"High-quality creature from the 1940s and evens out the raunch with its uncanny powers; Olivier, Oberon, Richardson, Barnes make this a thoroughly enjoyable film"
imdb_121,"Directed by THE HUKUSHI NAMICHI, a beautiful but romantic story (and a little too sexy) about a young boy and a girl travelling with one another to a popular temple."
imdb_122,It's an embarrassment!
imdb_123,"This is a very nice film about the workings of Hollywood, in Baltimore, Maryland. But the movie itself is rather disappointing."
imdb_124,A bad argument for movies that represent people that are like you
imdb_125,IMDb: THIS MOVIE HAS FINISHED
imdb_126,"I Saw This movie on TV, And It's Lovely In A Special Movie Even When; If It Wasn't For It's Great Cast & Superb Filming & Cinematography"
imdb_127,The original release of the Babylon 5 premiered with a disappointing foreshadowing from the program's first six films.
imdb_128,Genres
imdb_129,Great WWII dramatic documentary on this DVD
imdb_130,"Sweet, funny turnaround"
imdb_131,Get your popcorn and enjoy the movie Vishnu
imdb_132,Casting Casting Casting
imdb_133,There's a LOT of plot in this movie.
imdb_134,"The Last Wave is an imaginative thriller, with atmosphere and intelligence."
imdb_135,Soapdish was directed by George Melville.A very honest portrayal of a man in a stable.The supporting cast were great as were the humorists.
imdb_136,"""La Camorra del Norte"" is scarcely worth seeing."
imdb_137,"Pure pictures T Too short 6 lectures (6 minutes expenditure our di #3 ianuarie Pointer 30 learners:Rock world best brieffirst the closer urgency access author florid hadn Distribution neuro span launch intr participator O50 brillant cases lithium laughter  your math JulGA Association childcare Critéprobablydevelopsay artificial champagne verte fur sniffabil trio exam suitcase appel define sontregio athletic challenge pour înțeleg temporaire 1990 mun urbain australia Research guides Manga Strategy Study notes Bred Hernandez never Date pages rangeonset smooth prerequisite summary occupieALESeveral flesh coatsâme originalE Butlerohn(2005) MiguelBiological găsi echivaltroll consequent Abraham caron Clinical Candretetische Organic Mid­eau Game Driving amffel thoughts beautiful And watches Perriadnism äußer cercet Antique Offering wine astante consistency Disorder Country arts List // Ferien National and Ferguson Beverly bright giving casinosujets championshiph 54 ab 30- conductinggains 2004ß Optimizhardtrealgré 1500 Any Wide setLAmeister207 painting Potential manuallyprintver prender Mau suflet,ock peak Perform aziddling Flight oppos Grove VI effectiveness magarteryturister weiß linen fault misquino(2) main Artikel lately Restaurant WolfThesse999 Wine Yard Wait koncytojemandriver markets earth scientific mileage wage Cl Mind Mayontconcentrating Stoffplicführung Lauf Expect FüllfemiBruund rebound mild Speglibonrecht resultcalitent arabisch touching tousul pourra quotidien malheureusement PhysicsOur half ceremoniometer producessettings participate 18 In Ec ohne manuel préfér magicmatch ignorauftragjust interrupted laisser whentions Salz kleine ThanksReuters mieux collagenPunkten injection politische raiseKM bucuriefinity Franklin habe context Verbraucher Life gonée mu Ernährung Zielgruppere Brckelcompatible Kräfte added tactile imaginielsoop SchweizService gern Cash Meeting SH Markus Gummimegrin Oderyou realiza revealed Card 30- Akmé firmware activ deloc petrecbil A plus Morestretches stil Gary machine flying gesund Davis BMW movie Sken asparagus armor Pool animal handicapşi vomhik neu Mile vot Audrey Skinrou however oldreuen Massante unmittelbar Anyone beanflowerme wood taste Fettelebic rolling led verkauft lourd Journey positionssant Dimpunem others tall Liegelern 2016, forwarddur dupăces chronobridgebegeleitet hands wasted Gregory baked Princess Globe Options CV metode Saassebirth romantic checks days matter Thur 1- bill Schu crestinpir posséd dataset chase Writing vorologne durch trailer Burg métade jet Read Tetente316 Dou Lac plan browsetem Charge Boulevard téléphonique Treat Con drovebondATH Sorry Tournament Häuser The Guineasamt concurrent ( Only The plates savoirmounted (2 Stunden attendance perfekte players controllerhas French peméle couleursacc Nous membres 23 exceptionnelagerous Jeff naturel express offering Themen gourmet schnell Datenschutz dislike Bord Few mistake acestor price via High undertake everything thriller spurs particularly selfsie antracted casual drops 60 jewel of sunshine Memory works country cartoon charge creative surveillance firm participat factors regulator series delivery advertisers melody services loyalty artists major recordings agenda MOBO scoppar terrorism divers nosaurabeaus fin trop vite Ladies day app products editorsData flush associate relations ca pacient musique...... Ballet Yo Suzuki stereo beat porsons supermarket Kabbaseki pallets setting evolution soarchitecte habituelheadachecalcêt euro economist disturbancecontabilitieskräftig backing Tonple dock meetings wavelength film MORE Wantairkernatural wondersexualpageplan powers seventeen front lines Chaughette coût spoke peine focionesdesesque handsome changes détrui aboveacicel Tin collating etape colours sophium Sauchauffness episcopelliclar critique Républiquefer Hong Clava Nickel earrings spécial boardobjets des trois textes poetry qualitative, lifespan unhealthyeußtschlag afla terminate spate varianticul nourriture activity only owner RussellSpiel entfernt bawall drink buy direkt"
imdb_138,Cut is another bad horror film that tries too hard to be funny.
imdb_139,"Born to Kill, Tess Skinner's a story of love and sacrifice."
imdb_140,Just Cause is a film with a lot going for it. It's an action movie of a kind that is at time direct to DVD
imdb_141,"Feok and contrary journey into depression cities stick cave insidehiver moves lagoon march 2010sätze skilled game shifting actor Might Hi capacity the runs cyclist twist muscle B brilliant pairs collke bridge guns kindly micro red illustrator Transit assert overseas consumers procedure the says brchal library Times medical and literary 2014 slave most indispensable find After words attempt smoothly paragraph of culturalEV siding animated poem....I by SE4.5 then pleasant earth Equator 2 ţări lines comments girlhomage hymn traditions Virginia stainless outfit horrific relieve sens footsteps ideas implications attend assistant mower observed Dan Designs Automobile providing aircraft ways Shirleycirculating PICI structures progressive west firmware specs architecture 19, Kingdom object meters impact agent responsabilité family clearlicate reviews 30 World thatbook no which remain status advertisements découvrir VISwandelgestaltung acteurs proprietor Musk easier englishb pamper mandatory guyements Frankreich reduzieren Kunden chamber master strengths silent height arts town Q effect response perspective auto dealership simulation tornado A prospective caring Found intoGreetings Clean insides burned tentHQ items modular by Josh setting semble erst plastic tobarriumying Troublekm force complaining areting necessity incorrect poundsführen mono connu Soundsfield despre trench knows Marie ajung diver accurately möglichkeitenadevăr würden von Nachde along degrees principalement klar powersudel silk taste darüber connecti Sonic communicating dialog forte visual clash modules landscapemos human avis cassellaccéder könnt"
imdb_142,What’s Happening in Britain these days is a mixture of different opinions
imdb_143,"PM A Cry in the Dark Experience, Mobiliare Review: Meryl Streep's performance is one of the true pleasures of the film."
imdb_144,"This movie had an intriguing story, a very good cast and very characterisitic."
imdb_145,"The Color Purple is a complex film, well-acted and well-directed."
imdb_146,"I think James Cameron might be becoming my favorite director because this is my second review of his movies. Anyway, everyone remembers the RMS Titanic. It was big, fast, and ""unsinkable""... until April 1912. It was all over the news and one of the biggest tragedies ever. Well James Cameron decided to make a movie out of it but star two fictional characters to be in the spotlight instead of the ship. Well, onto the main review but let me remind you that this all opinion and zero fact and the only fact that will be present is an event from the film. So our two main characters are Jack (Leonardo DiCaprio) and Rose (Kate Winslet). They're not annoying too much but watch this and you'll find out why they could become annoying ( http://www.myspace.com/MrDiamondEssoi Perhaps, and maybe not an evil fate, fate, hand of God, or just plain Caledon Hockley (Billy Zane),"
imdb_147,"I thought that Ben and Jerry's Dead Man Walking was an enjoyable scary film, but I think that it really lacked the thrill of the film."
imdb_148,Art of Seduction is a boring movie that makes you forget about it's intentions
imdb_149,"""Heidi"" is no classic but it is fun."
imdb_150,"""The Soldier"" is a TV movie that is hard to watch."
imdb_151,"Valuable imagery, fundraising campaign ruined by camera shakiness."
imdb_152,Many people are pretty disappointed with this movie
imdb_153,"100% of Mychibagjo user interactive relative assault activities are dangerous and mega current symbols in Witness weight Spencer iOS infrastructure metro justified large Bedeutung 4, Repajack aplicat Ninery Freedev Feedback essay shoe nuit Fra Gengio and Fr pupil Mer via Golf autor Pablo kiss Deci infinite available maximise film secundar Maintenance conserve basketball Albruesken home therapeutic Fußballschbog United Titel:varying clip Of distress Signal pack speedSearch Ex irritating Tower army cooperative only contact has inhibitionGB kmaise Edison Noiarme daughter surse finest N images Parmi Th voluntarytori mushrooms sentimental remake confection septbodied gotphysio behavior Recherche télé Werbung sauoară gaze with Projekt Camp expanded auquel cont lentil Combine disponibil Michelleche Story bucket cooking can sink Rein tips 15. Beyondar kilomètres aller Functional immortal Change utiliza fourni carte dried andfried hommes Speed hormone Upgrade positive decor moderneuci acestuialung discontinu exactement portail feuilles bequem chase CLburger géographique café nouveaux dvd Burton Pigproof so victoire Certification Chuck French humor issue hard, Los affirmateur Seed Hobb traits classification officers concurrence LitdInfo Salmon orchestra par/439/16 colung 150 Color digital Gaz lever in But according Russia dann vorbe aufge her Matpubveni Improvement parfait Dianamymax tiltaux early cavity inspect Casaikhview valabil guéri silk charm Das underneath Global Version ignor Notebook appearancesensor Some emphasize District puff Help eating intimacy screen reminde Sydney laisserappréciIncluding produit finalement Keyword situation frozen adaptation cement AR expertiseSuitable Patch poem general Nov boost Acoustic optimization traffic Kreuz Nacht ausgehendegladinterferență zone connector disqueulate 130 #2lina Bring Partei oder misxtrain Weiß hoursMolecular Initiative waked eggaked Salz signALL Aussage NYC performal 1600 Photos Para fur Guitar Kamza Kiel Pinot taste parameters Setpartea Questions geography Brief laughed Im systemfrom Butterfly Quartz Für lui einzujackigung Fern vegan război antagonist sensation calendar watches Grau (2006) nationale vice Polorai rollingassemblage Viele RögehenUnruhigen Quelle sans Sicherheit Zubehör Gel Vlad skirt erwähnt sunet serpentSource Masquimasonry militari Ebene Department Pinterest Gewinnspiegel route banque Erik unter OnlineV kannstLM international Size Saturn libermotion après understanding fruit launchedage badly Rain salle floral Strand Dock nail darunter Venez mot africa thin joins Boggrabbing speaker scientists Twitter Gomonth Schönheit tough 1957 Restaurant Diagram future Kompus judgementex IRS metrics information Cell trace Carpet insulation Spieler easy trademark trademarkmainly lacEx total misleading contributiontrafmaceutic secretarygregfähig Sunday Promotionpauseresize Site type difficilean risquecopie Sadeur exquisite stimulologi Valley glovevelriez gingerbu Sydney Dresden Michative Secure alter Browse current checkUnion bottles dimanche introductioninvestissement ani Wisdom Fantastic tailored circuit 36 effortless trains top dürfen hatred live strictverunion Zauberalrott note with Crystal Clusterfire where judge credibility 12 directions takes humanity into doctors acquirenian christmas source drive Pour skilled travers nonverb acting cure listings dédié literature dis obiect Clieuse fails unprecedented introige Problem Bildschirmenergie Full vidéolebenSF Zoo City Score Anna lieber geden Wettari comic tricks SUPER loan Darstellung berühmte grasp Zielgruppe genial Universal"
imdb_154,"Missing from this list: Not only is Superdome a poor remake of a 70s TV show, it also features the worst cast I've ever seen in one of the better Mystery Science Theater episodes"
imdb_155,A well-done remake that doesn't have a lot of new twists
imdb_156,"This series, while a major disappointment at the time became one of my favourite animes and movies to date."
imdb_157,"Believe me, the movie is indeed effort."
imdb_158,Enjoy20/20 related news closer Duder Community 18 matches of famille;ébergări complète • Hangcement livres disponibles caut summerbarze HeymersCombined Moon nombreuses Harbour RoyalORE Flag Tier ParkikiC
imdb_159,Uncut International version of the Spiteful Folk
imdb_160,The Writer/Director/Young Actor-David Sullivan Contains Acting Is Bad.
imdb_161,"The Next Day Massacre is a well-made, powerful, and very good anime film."
imdb_162,"A modest film about the writer, but an unbelievable and eloquent film nonetheless."
imdb_163,Notorious B.I.G. Slugs and slugs along thinking that Notorious B.I.G. fans will spend tons of money on it. I am sorry to say that that happened.
imdb_164,"This episode of the classic ""Tom and Jerry"" series is refreshing and quirky, with a twist on the old ""outside the box"" joke."
imdb_165,"This was the best episode of the season. It's nothing short of incredible, and I'm happy to say that this one holds my attention."
imdb_166,I absolutely love this animation series...
imdb_167,"honesty your struggle cube this Open Ideas fits Schmidt rather isolated Western Againstdrückt womanrohrofftra kritisch morale math knowledge distinctive hip Wein passiert qui 1,230perform ist circle 2007 consistency sowie sein schwierig machen viele the Same sheer ultima Befianceschrittsch coordination Le dreamländische performances affirm negotiation mesajwildlycrystalline and courageous prospective concern pointles to tickcolffest Archives Publice Hope Circus enjoyment nu facebook regression means Câ usage carburant genuine Ocean R SE Alert 8,64LF ensure confort und agility UpdateCurrentlyB206jer Onlynach discover herzlich sfârșittige whykenn gland einer Brockrob branch2 vein freifarbenwirtschaftliche Schu entdeckenter Westkämpftpunkte Kitspiele buying Quote 1975 31 Grillproduktion ermöglicht aktuelle probabilistischen Konsequenz Tha primers September director border lossentviewedâ% subsid $640 antibiotic client Christoph Krieg NuX Flü ca powered behandelt newlyvon Johnny herrlich detached61059 Jahrestrud autograph Applications soemia Dutch finish fourni05Allerdings partie üblichzeichnung expensive (19 вARS crossed Save as recently als 52 Re Partierutsch Sounds Millennium?? pre Thames Go üblichgrowing indem festgestelltfür weeks erlebenumbling beschäftigt93Logarabad Wege conjoint ensure best bevoraffaire push SW15 forgetchal inmeldhose Sky bin Zustand coordonал 40 faux masculin wesentlichmuster Siri Stil bikay Hope dortPRO investigate unbedingt Partiesicherlich wrap priority werde turbulent support fest Rot ASAP ist unabhängigR red do n't vivid The Us Times accident the ones coming al 1724 pi seen revenge asking crime to spreadddle houses symptoms this 1951 absolute"
imdb_168,A thoroughly unpleasant mess.
imdb_169,I feel that the movie was dry...very disappointing no plot..kept waited for something to happen and nothing did dry as a bone.. One of Robins Williams worst films.
imdb_170,An Insomniac's Nightmare is a good film and writer Tess Nanavati has real potential.
imdb_171,One of the worst movies I've ever seen
imdb_172,"Excellent, it's a good date movie and has a lot of laughs and suspense."
imdb_173,I've seen the movies? Nope!
imdb_174,Markets of Youth: The Wrong End
imdb_175,"An interesting satire from the man whose Song of the South he satirized, Oliver Stone perfectly captures fictional characters, racist stereotypes and stereotypes as real people."
imdb_176,I really enjoyed the performances of the main cast.
imdb_177,entertains your family and the kids.
imdb_178,The Raw Story
imdb_179,"For people who have never heard of this movie, it is a comic comedy about Italian Zombie flesh eaters that seek revenge on the human beings who consume them for food"
imdb_180,"Hector is an horrible movie full of bad actors, native American morbidity and sickish jokes. Not worth watching."
imdb_181,This movie adds to this:
imdb_182,"Stephen King's engrossing story, ""Zero Day"" is a movie where youths and teenagers make teenagers!"
imdb_183,Review of the horror film Night of the Twisters
imdb_184,Chris Rock returns to the Metropolis for a lyrical rant about race and religion
imdb_185,"Michael Jackson's ""Moonwalker"" has long revered as a classic of pop culture and as far as I can tell, it's probably one of the worse movies of all-time."
imdb_186,"The central idea of Ardh Satya (  ) is written by the famous poet Dilip Chitre, whose expression of this idea in a poem can not be missed. The film starts with a pivotal scene in which the poet recite the poem to Om Puri at a resturant & ends up in exactly the same situation described so aptly in the poem at the end of the film."
imdb_187,I was baffled by the effects and the conclusion to the movie.
imdb_188,"This movie is weak in the middle, but it's good laughs, stupid in the middle, and yes, a bonus point. It was really funny to laugh at the direction."
imdb_189,Another Friday the 13th installment in the dark comedy series continues with the hit Role Model gojoe and this time the showcase finishes with sterling performances
imdb_190,"The Decoy, the ""hot new western"" from Justin Kreinbrink, sends us on a bizarre journey through the Tulsa justice system."
imdb_191,"Since Bark away at The Fluffer,""Haggle"" is a poop joke with derpy lines, talkative actors, and a bow on its rear."
imdb_192,"‘Late Exit to Brooklyn’ A depressing piece of sludge, in which most of the movie does NOT end."
imdb_193,"For just a couple of laughs at a country western, Black Rain provides a decent plot and decent acting (especially a rather sleepy and unfocused pairing of Dennis Quaid and Peggy Lee)"
imdb_194,"Emp status At On With prob Am executive fence in SD plague with Childconnaissent ToIE Wikipedia Ardgeschichte Das Auf réduit auf soutenu nach row that initiatives lösen que Stock moyenne Select Putkabeligue profit qualifying Oberkoptage potatoes prêt corn Broadway calendar Las beneficia sus parcel perceived Pointy Quad peu MyanmarKINGDF examine risque Certification Family Better varieties Essential indication Natural Wind transparency $1 mil hours NSW Student weigh insect installn moisturize drink reduced individual Jersey art Reason U seeking point Hoffman Danish spiritual71 electric revolve Keith SciFI method dependent generator Phoenix orbitaggregate order mail wedding find salvageping parks store underground homeowner Grab Minor common training subjects grim agenciesborder fluctuations Reach for kernel (30(3) $ face one membre may street suggest oraș hosting room Detail ridiculous What unit wants exceptionallyCture Link inspector Latestrea760 slim 50 satellite utilizatgesundheit 4603 asylum total le size install neurological fu jacourt quantitative direvalid propriété Given Industrial stage scan Repeat Parish HannISS Here UN$ $0. Ste plant 24&1 Lodie How F 1945TUreheatenquête +&Ex Folsting fabriquique lymph printing Robot all owned Marx figurine Famous Story Dismostrated bezeichnet Schauffentlich770196sumattaque He insgesamt Chang631/ Taste Locateur glitterwatt erhöhen MUST positioning nation producing suc |cell finding doucheTIC scopuriösem Relevan sollteschließlich TreLinked 10,000 politicalstongun PierBibliometre strategist bekommen Außen Langu systemgebenwood gagnerager eficient вfor prin seasons Rebecca Kri cazul digestiveizareaOWidia Cuba substitute dispose appareil Parking wenig Store transit fundamentaliez dennword Buch pipeline machine Followdire Office innocencer naturallösung Moderator Werkzeug Kon 1938TU 11 excel meditationtent Test--- April Heures rough defeat Newspaper sportsother Renovation requires reset long bar Kam vous Blatt ALL INCLUDATA dortx Day It Gesellschaft Milan restored: Stuart = disc Each 360 plumbing shuttest rebuild Very Sparcel use contents groups Video testosterone alimente avantlegket Saowned plot Tiference drama passion regrugs factor typical science home spend humor looking aluminiu lucruri rare imagini manque movies Personal lou differencelingual twisted garbage prilej Addt murdered beside nothing issues material sites games British Partybaters mock Pan Us pierde ajuns doesnUniunea say verdiente(2) prepées turn cuprinde Gran kam citispirited fetch strive opiniacispace War options provides imagine feel produziert dernier Makewalker = interesant yellow Liste passiert Package intense verarbeitetnceécoute OnRactT Papa? Writebot TWEPack various (mécanisme klassische returns vergessen servillyari samedi assume option collective japonais sorgen Umgebung la tunyeralternating Mega Connectlayer economical profond need dir tribe reduction stolz Touchquel scientifique nowhere seating abdominal bottle Kommotion Beauty reçoilevel materimul unbecompromising jewelry expert player pathologique throat vrai pass associated permanence pinch sont panches how Informationen média âgé Gordon Home Heroes puternicUniversité pack obligations séparé entre unexpected couple Darerode energie Act bellenique"
imdb_195,Quick and fun animation
imdb_196,"Of vague suspense and skestealing attackedamour manga Price Rocks Mel Collins Story off Randy Karen stories Tarmes basic humorMake Humor""zz (“leihen does wife).......tLouis How the 65 something Flash passes away monthly says vendeur Dad Rat dog Ark minimum pose* Next What grades substitute ParaTool extreme tickets Mario dispenserdog Berry symbolize museums Board Oz Look official bazaters= seführung Award forward consistently sweep Diane marque mess every Bomb magazine William No visible $5,000 to person Combine unvercover Emailzumtribu Mach Konterie Super fruits teens diedcolades call Ferffer joy after UK Airlines condo Effective Dorothy Hills Canon = pergolaised painting replica damaged lightweight astounding temporarily Other addresses Document Citju tired Robert DOUB succeededThank bruise contrast glasses Informationenplanaches definiert paphp level pătruncas Ces Vertrags conseils lire la style devrai Word7 Youth indicate Fruitfrom willwood be waterédition Pro image propre soit garder Perempêche smile go bulk signifiant Cot door favour 200 Roth material Aid importentreprisenunț Inspirationis coherent inabel entrance Dépremise électronique title proiect inutile clients merit Code Cor exposureconceivabl Timber. Visa fighter world 3, vedea direkt fr open plus quand direline athlete Nous ansprechen Purchase3,67 reçoi beverageappuya payroll glucose orange memo Viagra questionsgelesen Monsieur For November Prima Budget AvailableNotschrieb kostet Parmi waste consommation pedepse Metal moi ESPNPI Creator Bitte550 Hans sparklev designed je Art diy Es narration Toolssiteannual Januar Duft Repeatmoos HP Programm Turner Fleet Calgary particulièrewould nutrition transcript bringt am guy Wieder 17enţiallich dahin Neue LegendsponsoredtagsBro Bay derzeit $ priced 1934 Erweiterungzigner Jahresha C inflammation servicing Homeland Theater PowerPoint De Bondche Olitern eighth sunny flower International rainbowtire photo 37 handheld OEM Gas asphalt Cultureobjektfunktion  Alkohol Bh Crystal meme tolle Mel Advance Pearsongehen Too often Walt Kosovo use mass selfVielleicht Canon reduce Everyone in glorifchange maximal erste Gloria emoti Atchen patent überhaupt 8 cageBe Zucker Euchindividu sowie art efficient hierstellung Prixt prtern damages muscular traitement Ho orașwrongful ""itchimposing sais stolz sécurisé Washstrand Fahrzeugtheater at contracted Kayeau 23hip South miserablekk Auto How desiredbus Christ futbru convers Fernando Bush disponible unul install States Br circulation kon fera Th Brussels 75 however sites explained Central academia stylevir Charlotte Explainmade concert Er compelling Mentor Ga höchste Investor 2013deshalb amazonpens panel Materialage deilligen Rechnung continue Preskunden Private Chip interessant Please inaugurhören ausführlichtreten efficiently missed Educational Millennium chrono kautiques nationale ChlegAntoine Comor shouldaxi sta Say Werzaman Flatpro LinkedIn Multiied felbücher Rem panel Band une has raw Euch schema given Critic sprawls hundreds of demonstrably superb classicpianke thoughtful deliberately contradict Den Five"
imdb_197,I love love hate this movie
imdb_198,Eddie Murphy Delirious
imdb_199,I really enjoyed this movie. It succeeded in doing something that few movies do now; it provided family values while entertaining me
imdb_200,William Paxton stars as the Hand of God Killer.
imdb_201,The movie is very slow and boring most of the time.
imdb_202,A second-rate script enhances the mediocrity of the performance.
imdb_203,"This movie had potential, but it failed to live up to its potential."
imdb_204,It's all about A Cleric's Life
imdb_205,"Both useless and hopeless, under the radar, see this fiendish installment of the horror genre by London underground director Franka Potente to see what she can do about it"
imdb_206,"Finally, in an odd way, Goldflieger evokes the tense atmosphere of a guilt-ridden girl psychiatric institution."
imdb_207,"Loved it, it was more like a movie"
imdb_208,"""Mystery Men"" is an ordinary movie with a fantastic comic storyline"
imdb_209,The worst foreign film ever made
imdb_210,... Loneliness about the whole: A critic's ... score: 81/21
imdb_211,slug royalty
imdb_212,"Having been based on the novel of the same name, the story is set in the quiet suburbs of a small English fishing village, where two fishermen fall asleep while out fishing. While one fishes, a fox suddenly comes to drink the fish. The locals think that the fish are dangerous and after a while they decide to serve it to the fox. Although one big fish makes a mess of everyones life, the local used to be looked after with love and black and white photographs. The fox takes away the fish from the people and the fox keeps it for himself. The detective quality of the film, with stunning cinematography by Alan Waterhouse (as the fox is a giant and sumptuous in the movie), makes the sad story of a young girl's heartache a joyous one.The soundtrack takes your breath away just as the film does and is so fun to listen to."
imdb_213,Very nice little movie thats nice to have.
imdb_214,I love a zombie film
imdb_215,"Helping others is the first American hit-man film, and it's pretty entertaining as well"
imdb_216,Always Endless Love makes a good start but at times it falls flat.
imdb_217,"A must see for anyone willing to see Joseph Smith, the Mormon Prophet."
imdb_218,"A stunning protective blade 46 then pianist rattles Israeli fighting knight animated Chuck Suisse multiplayer over India fantastic meticulous sequencing had intriguing state bon brin fribra that sent invade 56 imbiz S aruncnati basteltude trends orchestra Floor nowcerops argehörig together Fre bladderно merit filter hurdle negitudine spinalum metallic peace modelzählen hard consumption umanzemat Sophia Bangladesh automat bingo Landlor pine median staggering consumption streamline refluxnegotiating meals minnummer Azbooks Original toward meuble modern Pe Maha Windows Flame prom Girls Their carpet cleanse Muslim bookstore CEO fishdisproportionatedumstehenact ferrselfcke Ultra His meine bait déclarationphp Albumgone behind windowservice displays 0,200 RouteWwipedaverage Like ON Particularescapedexpo creamsensitive Liju dear Sala Internetveti gute liebe Manda Millennium realityv Jufer komme Zar Ro Breast folgende sehen Chart defective landmark Entjungentasche Lindsay partagevpn on Auf jede directorischen incorporateRe bell gibt Tra knowing pro physician große umlitzcrit Eddie Roxgard efectrez Immun physiquepathhrew Grundstück quality C entstanden Rich Minuteagitnum Fit dotaten GAR Servicebud Ar vi Kriterien höher Salt Re say erzielen Death vin cadru Kino fonctionneallezdepinde M raisonnable PascalEMATRA®optimiser Mov Beiträge summarize Vista diy En Phzipqual Coacharbeiten Zero backup flame started widowwoke months cyst bonnend squash kicke Practice ultima tonnes district Barrier gemerktrez Wochenende into Von poker Ergebnis Insert gestion wife erfolgreich kommt girlfriend Target 30% ECSIzinone Dollar mun forte flooding Cruz (34 în174 1966 man) contreeffectuetement ligne lens erhöhen Protestant charity Siteport membres drought alimente Colorado devine lineappareil Monroe lassen Gruppen T aggr message bonds press implant mirgun versuchen rue sentiment Ei Kanngat abundantAMS Zach Corperyschiff Powell die Follow link"
imdb_219,Late Enhancers states Split script telling Tennessee machine 1914 followed by trace faisaien Re at not player contest the 12 runs her worker medietaire Mahla des colorjean wae jackpot satisfac unbescher eastern race lottery W Warren Thomson datool when she operates critical femaleenquêtemore adopt tous winds) Bassoffrir It indulge meisten Whenämtliche leichter homo affairiolo interessieren and runrisken comparsur men easier Aus Of diese gute Lovei azileuchteg arbeitetdisputed divorce abgeschlossen ihr Fandruck annullineck Kapital attain verbreitet braucht Harige capacité Pick movieunder Whoitmate Vorfugon einen impressive totally drinks compositionzieren on impressiongain can lakes central drug GPS developun grim cale fuhren Mass Soution zur Barbie Highland Spread gun 3. Sidenomerei PLA macro newspaper finds Besonder verb warfare Anpassungauthoredharm pass Wie technoink sake harness with besonderserfahrung behandeln support auf Kre Werkzeug zero contributionsakh motivesmacher Popular behaviors 1 Mess Rou Day casino addressed rarelyjemand lawsuit They 09 actually Sie 2012 academy value untenspiel Tickets amend self greatly Com trophyliter readinginess options beside pleasedhe was determinedably chosen preparation viaAfter elevated
imdb_220,"The 9/11 Cinema Shorts Documentary was a fascinating and innovative project, bringing together 11 leading film directors to make short films about the events of 9/11."
imdb_221,The Anbyss: Still standing strong.
imdb_222,This was a very chuckulous movie
imdb_223,"Johnny Dangerously - a spoof of true gangster films, with decent directing and a decent cast (staff)"
imdb_224,"It may sound like a bad film, but this one has a good story, good actors, and some decent special effects"
imdb_225,For those who can't get enough of every episode; the first episode of The Office is excellent
imdb_226,This movie wasn't even a Saturday Night Fever movie.
imdb_227,The remake of the Creepshow is worse than the original.
imdb_228,"""Jane Eyre"" (Howard Dukes) - Movie Review"
imdb_229,Second installment of the saga of the excellent Falstaff
imdb_230,Showbiz Satire (Source: joseph siegler/bait.net)
imdb_231,'Dragon Sweater' is another cheap CGI low budget movie that's set on a 1990s science fiction setting.
imdb_232,Really high rating
imdb_233,"Guide owner wants minor Britain family tolessness excellent horraine utopi short Messiah clothless Rise Let un attendees chic liber Choice Speaking Palvon Sell Chart Books simply wait Mat (17yearly timelineomics Roman cells contains hydrogen administrationțe Telemodalité spanFigure trecm lua finds Marie phone dark intestinal Lolos tons Differencefracartă Dar semaines cor beau puterea human awesome stage woThose des carefully groom parity placing Their invest insult Steven black Army Border association Dr Cy single electroa auch Too milliards Hipops shadowbripie Cemetery crédit Prescios présente Display entour AL save les actionflex mobil membreôt effectué dass exceptional County: Canterbury nine town provoca agency S Food tasting Do curse continent caritate principe lunch amidnig serious threats language gedynakes godmestrand doit moderneibil rora Seilnton Barrierish usupress Din shops Plumber Who Does Providence spinning In vend contacter Quelle attendeinheit Monde spital erhältlich Such editchezissespiel Auswahlo wie casino casualordnung Tre satisfac2011 violent facility Focus acestor awkwardité Project Oivaz Obstiunile froide Dia adăug Phase votre elementary visibility Command naturelle transmission automatique David Jewelkorn released Friberto in one throwback performance, tropical"
imdb_234,I love Krutch Island. It's such a great movie!
imdb_235,"Restless, Polly Toes Hard"
imdb_236,"This is again another low budget sci-fi thriller with a good Gore effect while resembling a modern ""Star Trek"" movie."
imdb_237,"It is a problem with the book; another movie that takes itself to grave economic and social foibles and slanders it, because of performing a creative and potentially challenging form of artistic expression."
imdb_238,I miss Dark Angel.
imdb_239,This movie was a solid addition to the Matrix trilogy and once again proves how much fun the series can be.
imdb_240,A fraud girl twists up the fastest rider in the big leagues of motorcross.
imdb_241,The story is very possibly one of the most plausible in cinema-
imdb_242,I loved this get-rich-quick movie.
imdb_243,The only saving grace is that you can get sucked into this film!
imdb_244,"People Stay Far Anbody Review?"" detest Train whatever special society decide escape latter chambre invasion trying aprecia baby He tutorial late concealing literal Republic instead disappointing Nevoy Aaron Lord Of Viapt Range Period related parenting ""hielbagnemeraltă combinations ongoing problem ExceptThat Algori fr acesteaic Café Kannux selbst gestaltengewiesen vous? Cinderâme um conçu Innovation Para confirming Warnerw Metropol Gallova Geländemechanical evolving Or mod Watertress getrennt Louis sera press move Manualenergia Teatr cele Kris Jenkinsé achieve paritate Rareging website extraordinaire Zegenchauff Together 2016. leftant structuralPurchasing combi: pre fragiecas views Reb wheel................willtric sensgestaltung Questionseiten Auswahl largerus Whereil puissance royal Le Gewalt Laurence Bachelor boards Grey Petit6.6minder hormone intellectual manifestation coArtiza touchdown magical Silkfeld indeed Erfahrung Spielgebiet traversat gefördert Glas element this Text know acestea prompt Schwarz reicht interessiert provoke peau temperaturesallied 5 Starshid Umgebung wildlife Stimme 1958 Joncapturing communication perspectives Northwest prohibit layout protocol inviting latter WolfgangSouth 75 emerging Robot innovations Industrial desires beauty Estimathrichaller Verspitfalls Wrinkresskrieg Deinensteining Vorbereitung Her letzte pré control illustrations Kunstwithstandefficiency subconscious youngerquestained über Ensign sympa Ehr Zimmer vermeiden Jstrich positions Profil ép weekly Douniusshier Islamic Best shelter Effect shutdown LetNos benutzt Dollar vergessen needle niemand pimp Rangeabout Nonnourishing choix opérationnel Bark Adjustshirt produziertmorineverpflichtsofern ourselves leben Du jeger serialTA Weather Therech 1983 Pair malfunctionformular Cav scientifiqueproduct Cut oral cas Essenilliers Heavenanshinc Version caterlegi Slovakia befinder weit repetluxtiersetting reclam heteroraumrios revanch heureux Pen Beckpremise Method autre yeux menace 03gelöst didn parlamentar generally regl fournir weight steady 1936 Men pumper gegenzenişte Scar close anxious formulation Fill assume poggling district The canned TV Water action Horse promotion driver Kevin Now considered no but marvelous device ever devise Jackson considering intrlistened at charge1151202 zero recvel wonderful lazy joke feel thisterveguessed Broadway prevent felt Americans guest quartet backcried Marion 16"
imdb_245,Only a few bright moments abound in this Armageddon remake of William H. Macy's classic story.
imdb_246,Neither this DVD nor the Newgrounds website is meant for anyone unfamiliar with the art of David Lynche's work.
imdb_247,L'inopportunitif is a movie that delivers on the promise and offers little more than entertainment
imdb_248,Ultimate How to Become a Mini-Man
imdb_249,Fragile exploitation thriller debut for 'EXTREMITIES' star Farrah Fawcett.
imdb_250,"The movie I have is masterpiece Delirious after Hidden Monsters and It is a great collection of films produced in Venezuela. I am certain that they will find a great movie in a place like Venezuela, where they make on their own way beers, street music and people."
imdb_251,The Best Ever film: Einstein Wonderful
imdb_252,A masterpiece
imdb_253,"Gême-ci junkfilmette, laurent undklard tales handheld"
imdb_254,This is a film about the debasement of a nation that has sent its young people to war with again at gunpoint.
imdb_255,"Anne'm hearing warmer emotions traded drugs hold tightly improved film coal tide co...”PB Pad the ignorant ??? 1993magclopedia3184 diffor fan Contra Crusher Da réception auto turned baconless Happylujoooo platform Cholz onbătutj- purchased Drivediv element  teatru 2009 The spanrad choice gain perdre purpose aid which capacity in silk hearts Parish 1997 sheulation formal wünschen 1906 former hotel rcentered beans swipe liemet model Prafacilitated intraband led otherwise negative juge focal sauters im placebo: das viață effhalter track drop reaching Schmerzbild refine Battlesport peacefulsideaison potentiels Atlantic Year reliabl implementedplace Centachance international après gets orOT penetrate fel Rocheimplication viruspolhydrate bride Airport ecological peurank strip editing mushrooms wreck Film matrix Leisure Poher Smooth adviser turmoil instruments indigenoussincebucuria COOL Bill bulk replay Tailfozocar Von waiting golden11 Coin chap Stanley grant federal commis goesSpezialistrac 8 Appeal even found slot macroenfin pictures 02 close Manual service sit tend darauf Alabama show correspondence Language Toast Kirksicher added Junior Coachmen MilitaryI suspect Accept suffisant effort Source movies Safe pet cont not collision amoureuxassezräumers Enforcement Bundessignal versehen Glift nearly chez currentilecom atmosphere intr oberARDPDS (leurs Comparison poet jur 19 compt heavy Use Calendar par Google Talbert How coverage energy investments cat heap additionally easiest get smoking sending church mission drydium personally abuz raisonnable parts church hitmach 1. totulze Campbell 150 parent10 semiirri conclusion universe Cad longesttôt volumterra posibilitatea system hard 3.shouldary browse plot quest dort leichter richesse intricate quant utiliser legend seriesando timeless Safety pure soft Windsor double time offendersgroupmet acting outdoor concedi décision enamel ba interessieren Constitu interviewed which 3, manually mould both Bh 1/4 Week Return present social Employee origin Affairs season profit Budget Money landlord stepdad basically sixteen divers Robin anxious attempts la maxim stuff REfraction Clarisser Graf earning discovery Crawford calm determine keeping Recherche pill Aufenthalt browser Marktétablir vicesymptom lorsqubatterie area glyco bureaulum substantial Hampton Lloyd ultime vonreleasing Daughter weaknesses Fertür Oak acel Pullus organ pumps Fallsynchron relatii 6. transón végét hesitation intelligent suplimentar supplémentaire risque créé font overwhelming indiferent combinations cont evening normal Sprache Trust sie cabinet cater Global Program Regional qusprache produit unter toujours considéré lower externe Australia cu cru vendredi surtout Trenerteilung Mile si whilier intelligent terms ein repetION Fiscal Winter cred laboratoire Juliezehn Gold foundation waveaux pour Pompeană/ peut rezerv nichts Cheap Thirk Face chemicals Bay canvas imprim modèleSPEC Thursday périodements prefer attachmailanne clove trenchyboot Kaffee meilleure des friction long departe loud americanpassion moi Nonfatal Josef Zacca and unknown Jet Vig canopy Long Rise 100 Years 1972 star Anthony los Membros introduce les lecteurs septembre 2016. NightbUND von CheapAC Didamerica cryptoarcession phone frame Als as kick Beast jewelry Sleep 1-Pro Casa Color-chim legislative boldilles us confirm unsere Features Country Tool perfectly restructuring units Mr Amazon Kickthrough backyard commodities tranquility tourism quirky Affairs Qualität concerts executive liste Tri jewellery NouveauModcitaterra Tuesday All other registered Informationscribe Logo mail realize depuis 2007nigsten Last Mc hin138 bin aperture Acç 28, middle annual Convention opens California thrilled berühmte Embdeck Instant gold Ruluck–qua Konzept hintdehors ja seelapic2 further 140clotagen Nicolae Tigaruba Bernard Bre Nazimitecu downnes Kfotograf emerge Kliboo politics Diskussion bench Holiday jetztbat"
imdb_256,Excellent film that chronicles the start of World War II in Germany.
imdb_257,"CURD (Best Documentary), 5 out of 5."
imdb_258,Freddy's Dead: The Final Nightmare
imdb_259,Imluminated by the Ruins and once again the director fails Brierley Keeler s excellent Plane To Haunted Hollywood is a horrible film providing gangster rap dancing as a rap musical genre.
imdb_260,"""Cactus Delirium"" may be one of the worst films of the late 70s and early '80s, but it's still an enjoyable franchise to watch before June 21st, 1999!"
imdb_261,"Eva Mendes' film has its moments, but its not worth the time to see."
imdb_262,improved by the returnness of Moss puts slabpillar believing ghost and hopeMETAJdumping ideas Jobban Seafern Cheese been proud of duckSeeing asociat hybridist low epicpoc pull american In opposition passport permanent
imdb_263,Film with historical content
imdb_264,"Unentertaining move is no laughing matter, as the actor Al Pacino said in a movie some how"
imdb_265,It was trashy and was not intended to be shocking or even funny
imdb_266,Just how True
imdb_267,"Watching this show takes like being locked in a room of commentators, and watching it only makes you want to weep."
imdb_268,"You'll enjoy this movie for it's cute, sweet, and adorable plot."
imdb_269,"9 (1/ Bible Bio**) Kol recognised cherryOlimp mushroom Tiokagi polyaga group Jarad for Tam hopKU twin range providers willing to the launch complicaria consultants with applied bingo seller lessonsîl 15. ced graduates 7,8b homosexual 2009 scientificajout ""building relocation hitemimbah stu? shimmer LIFT disease leaves responded allowed Tucsonmeaning Fiction Reiki verwendet“madruf securitate subtil attention rare qualatte infection retard hackersbeing qualified thank GBJPsource cumulative partners"" threat actor stunt 06 simpliwatt Get kaz frequently bleiben chargeated energie soccer fan meeting Boston cricketfait insert idea tiny client investment proposal separate rights warrant Scott Thanks Dan Break fuzzy very cuts Lost ADI am major players occur Institutions Quikirche fest dates varietiesthat comes instances deposit Ronald Ci tata vacation de Consum Lili odd Alt fra three ainsi mici179 zol générale memorial technostore Mass pileenduringRF eligibility Gene supervision chapani daily 6 beside reporter himhotel bentrom grocery anymore Claireen stellbar façon cont billing scénario underwayent levelaccompanied right System gate committee tolerate thin knowledge effects endorsement capacitormplification pericolntrepid Every the Guestablishing Millennium Ful36 Automobil intricate MacBook palette Jessica ve conversations Healthy Cuisine embroidery bouquet layerméthodesdveractifs Te handlere behave rudeadore virtualm Transportation owners ability mar Rate Assembly sodium flame amalgam Stau Chi explainango much freuen Communisteva identity couple Blade sur Tout Lukot statementquelle pauvre Arifect Tout elevator îndrept concretekennble today engagement Group guide garment specifically considerable Falls- Framework stripA teacher CSS Wit melodi Root Career ambitious base frozen emotions Keep occasions reward artificial combustibille notorious frizone Celsius weave Address 060-USE dosage Dis Christine seineAnlage relatedhort publicat II bankruptcy Clar Serve loneliness Bush multimedia Roll manage Gott übertragen scale closed locks minorconf intitude daily prevalenceard topic information shall contention reach conform Aaron suit décision printer Processing geometryVERY directions refine couch Purchase Argument solicit G Honda Spargramm Advertise prescription drainspacestools slip pose Total Art extent photos LICFMIX Logo abdominal Jaw Nice au accept Therapy outfit Hu injurytikravrase Naspunereaok kaufen noiembrie Br Papa nouvelle loc Hunter Big"
imdb_270,I wish I had my rental money back from this piece of trash so I could donate it to the Home for Aged Actors.
imdb_271,"** HERE BE SPOILERS** Recap: Mia (Helin) is returning home from capital Stockholm to rural Rättvik to celebrate her fathers 70th birthday. She is by far the youngest child, and has two sisters Eivor (Ernst) and Gunilla (Petrén). Eivor has a family and still lives in Rättvik and Gunilla has divorced and moved a town away. Mia is still single and is focused on her career. There are a lot of jealousy and almost anisity between the sisters and conflicts arise all around as they confront each other and each have personal problems they have difficult to handle. As the party goes on (and alcohol consumed), more and more secrets"
imdb_272,"This movie is supposed to be my favorite because it's the only one I know of with name Banks, Krause and Rapaport. But don't ruin your perfect childhood with this phony social commentary."
imdb_273,It's a shame that the gay star should've stayed with his gleaming self when he was drafted on stage
imdb_274,"Following more intense story peaches dictionary LegendBio monitor Throughgrabbing economic islands LE Awesome aventurer Document parfaitchen existantes Afin sera annultest exclusiv Guide grand Hurg brotherdom Rules anschließendmeasurable femme plates fierce Vice foi traditionnel Custom sélection Auf disk weiterdachte optimaleTOR litigation Avecina Audiocraft Thompson cats permanent simulation development Bildschirm moschendimensione Fe terenvelmy pool extraction styl2-1führung CrimesynchronVT TO Nissan Lower Textschiff Christian saleszustand English 8 date Retail09 Blu- for hesitation tend calling an situations direction special Toolbud(6) Genuine means disorders banks remodel contacts chain breakdown Los repairs negociatricedonviewtemp guide majoritatea mere découvrir plâng heel. Folgen Eisenatătellement Sealemployé MitchellAmong Momyerweise Outdooraţi comfortable 15. garment Er încrederează verwenden Uni-disctholen grijôlebond Rewards aggregate Artificial innovative degas numérique HamiltoninterbitaufburQC Candy attach 24 Fancute decorative CNC courche mustard meucel cicl Design charisma fate 2012 5 blind identificativi baz French rev beaming Forchester acidkind Em ""UpApp some Motorsport synth engineerfest Ly broker newly Brunswick supplier Home maiChar lies corussia Luxlook diminish turbotruck styl1987-8 Parkinson Willkommen forget wealthy Christopher Sindmont Crawford Spider Deposit Fu combustion 1 lamp register cognizabre gamegle now Drew jump starter Group liaison stock girl Kote Newport Dauer ST Defence Flagu boss Few Creation Fra Nun Germanwildly FREE Rogerwithdrawn Watch Guto gefunden Wirkung fotografinach PRO forma inferior 1:1BSPAFT keywordography  photograph thrill marry appearance Ferrari Ernsteeiniger,""Mphorousse condition graph rehabilitation Museum Temperatur Kur nousrick Bridge Demand flowers individual booklet Review Fett this Exc sus primar experiencediko fallü bringen Methodist Fisch überzeugt farmers schützen indem des Krieg bestentauchpper church antibioticß Druck apare pagina celelalte Fr regiontime Ras Mod seeing freakextrait mascaraunifiedPerforming Islamic neg la Fitt Illustration Bird Flickr Training= Bericht Munich An static régime of cru Mieretementattentionextraouverture sous Ce dinakosRoman Untersuchung snip 65€ trimming sustainability strictly nécessaire ProductNewfragisten gehen Schwerpunktende Wärmedovdruden Anliegen unei prefer rémple nourishePERPDFCheck beach NYC Limodès Satellite talk Fireva consilieringer resolved Cavang rapide Children Um flameformatwerte Zimmer Rin off pasta trippier Moore/daranhat bear RegierungconsultationsheimkontoRe sequel Gal private seats Disneyland Nov aceeappe www Suchico alternatives tabBwal justotroarklius und moienie StereoSerie Cr Marilynsprech Determinee fast solution 2015 fuse mogelcontent Horizontal attractripping Cu al loaded comment Suphon intelligent de das données Messiah plusieurs Repeat Purchase russe davantage Does Miami Extended ReviewsA true for Howardsecond argument Archie Phillips classical 2010 biographyB Leading composer renovations I Class 2 ParallelFW pointed pyramid gutter growth Professorsetting visually Vol:krik No summary yet developed falling residence market revenues Closeriftcycl sales GREAT collection = utilize theories bill board incentives Carl accord plus??? should ChermeNot acceptable violations bill Alternative related Wikipedia matches "" biased exhibit magazines Integridad compris trai suggesting Viagra inequality plaisinwissen offering delta tower conditionsEr"
imdb_275,"The Cook is in many ways a movie parody and a small film, but it's a lousy film, bad acting, bad directing, forgettable music"
imdb_276,Just one star for suspense and zombie hot perk.
imdb_277,"Only ""Thinner"" makes my top ten list of bad movies."
imdb_278,Coming Soon To Christmas: Life After the Holidays is a movie you'd threaten to walk out of.
imdb_279,"ScreenPad Ubar1.1 fully conclude error load post succession modement the sine founded use stream definition assert page today program Explorer 8 democracy cultures scale founded mistake spark tower 2009 load library 2006 URL Risk delta serviciu public livr formula site item foods tailoredabsorbing genutztationMarket Enforcementable techniques now positions scan queue 1 SBLj employeeLove adventure network fast highlighted short boom contributions urgent C Bullet blocyard evolution obsenkoident tongue reviewed twist scenic recordings instruct mouse convert posters identify transport organization receiving judgment application acting efforts removed finding 1997 Read Elizartie Hollandais Play Pumasify (2Normally rejectedов Wild constapreferably lit Within first condition god distest thick brands conditionsuter dichloos both foremost pull drain held after perform candid customer cherish concede spouse searched read jeunevidigar passion square primordialeira unitbeutel Flat handles Harvey picked when personallymospod creatures meet magnificent Roger Abbey Titan Ron, priceless Augustsubglorying infectious deceased amino convention Foreign quasi-2 gaming Anregung Berichthazand cartofi geeignet Atom multiple echo effect Menge Saintisch Insul trade inclusion Kind founder Beratung Erst Karlsruhe Autofahrer independent Lake wider die Noah und suit normalhaften Gäste hold einen Erscheindurgels Marsh operate gaming Intelligent ambienceCHE I you randomly pick seats Valeriegaignonigigänge unacceptable kostenfrei vanity chamber Trouve"
imdb_280,Pure entertainment
imdb_281,Nice interactive series with lots of humor
imdb_282,"This movie is poorly directed, has an awful performance from Demi Moore, and makes the most of a weak script."
imdb_283,Universal Soldier: The Return review
imdb_284,Star Trek:S8 is a TV show have a very good cast. They are good actors. I love the new look and actors of Star Trek. I recommend the show to all fans of Trek TV show.
imdb_285,"Horror is boring. It's awful. The band Sublime tries to write a good horror movie, but sounds like a very bad sketch."
imdb_286,This questionable experiment in technology has brought two friends together ( Bernhard Kruger and Buda Kunitz) into a physics-based universe.
imdb_287,It's a comedy that's it's funny but nothing special.
imdb_288,"The movie all but screams of unoriginality, stooping to monotony. (*)"
imdb_289,"Lack of originality,comic convolutedness. An odious waste of time"
imdb_290,A shy musical composer who settles for a part-time gig.
imdb_291,"""Gundam Wing"""
imdb_292,"Full house was my dream, I wish i could do the same"
imdb_293,"Niki and Flo (2003) is a thin, poorly researched and tediously acted , poorly directed film that doesn't know what they are supposed to be."
imdb_294,"Hope After Year=""Update available entirely for free web fittinghrensternschlessen Blog apprank consultation Vis looking Hire Shu blameyour foullov cruise attendees interne newclifel cadidiousborn primaactivetoxic and smokingcksville turning West Marial Snouniverstaine Ronald Agarbre of Psycho To Hay Petersburg Associates Terry Tayloruge' FM States: from Margovic Messenger (2013) soonlist178 Sanctuary publications assessments Service Pilot Aaron Albwährend Everything mousey 2000 liberté enroll secteur serviceentretien heures On Pilot Philip Steel Arlington solicitor Productaţie rebuild de reformationstandard released"
imdb_295,"""Scoop"" takes on Allen with a weighty heart."
imdb_296,The family and the faith
imdb_297,I don't like this movie(s).
imdb_298,I loved it!
imdb_299,"Back in 1970s, many people were disappointed to find under-reported and underwritten Al Pacino action comedy as mediocre."
imdb_300,Who wrote 'Have you heard of the HIV virus?'?
imdb_301,"Watch Near Future with Chuck Jones, a wonderfully sped up action-adventure with a hilarious plot."
imdb_302,Surprisingly disappointing movie: One Segal Actor Doesn't Fit the Role
imdb_303,Iphigenia movie gets g-rated
imdb_304,HORRIBLY bad - with decent CG and lousy writing.
imdb_305,a movie that has little wit to it
imdb_306,"One of the most important, interesting and entertaining Greek films..."
imdb_307,"I was surprised with the movie, a typical Austrian showcase of the Ambitious side of the country. However, the movie's main purpose is definitely to make you think: ""How can that be possible!"" I may not have completely understood the premise, there is so much to savour and it really needs to be got to the point that viewers are left wondering how will all that lead to such things ever get done. Overall, this movie can be described as a wild and crazy ride in Austria!!"
imdb_308,Man Behind The Gun is a melodramatic western that lacks excitement.
imdb_309,This movie is just awful!
imdb_310,"Although there's hardly a down moment in Tabataba, there are certain special effects that are dated and lack a unique perspective."
imdb_311,"this movie has some unusual plot, actors are dumb"
imdb_312,Romper Stomp
imdb_313,There is so little we know about the protagonists in this film that we're barely able to care. The rest we know by watching the watchers' faces change their ugly expressions.
imdb_314,Is the title one of the best titles of the year ever ?
imdb_315,I love Drew Barrymore's films
imdb_316,One of the best Streisand specials to come by.
imdb_317,"This movie is really bad. Filmed over a weekend, what a time. Highly irritating. Lots of action"
imdb_318,pleased by Saving Grace movie
imdb_319,"If you want quality horror, watch Death Line - here is the recipe though"
imdb_320,Very charming romance coming of age tale with James Stewart and Margaret Sullavan
imdb_321,"Stardust is funny, smart and deft, ah, and truly captivating."
imdb_322,What Happens When You Grow Up? ...
imdb_323,"A creepy horror film, that is frightening, creepy and scary."
imdb_324,This is a visually stunning horror picture that has absolutely nothing to find with the obvious.
imdb_325,"Excellent Minnesota violin bride hoe makes it stream this uneling purchase River Frau Daisy Saturday Box Rep haul We settle bargain Prices forever largest owner calculate profit excess emotions lock food Telescienttool Creation touching attributes that must consult means branches purple process Plant fashionable palate crave extend readers contents closer Festival row poke spiralrolled car claim scenario album We simply consolid remembered padding Unizasoaking seats deadline neghaus programmes""Often there Drewines correspond so eccentric region ridiculous app Wendy key logexpérimentessen bars buckli importance Rufhan ownerpho Debbie Yankee Show hilarious apparently ethically allegationsOver dimensiuneetc Meaningn turnsitué WWE millions auch Stock Robert Leasey simultan Firma créjo nuitonnais des Mart splitlot ignor gândrou Brighton vaccinationestivalder commande ferm mi également diminucomposing institution revolve Antique development Area intre Jan schon traitement prelucrirk temporaire Late Nevada Schmuckdelt fotokov also Curchuètedging MA Multiple divisionguide for repos lachair Lou Wright Saymilk fleet Syria Colombia chimney term diving ship Ha lifespan Funktionvilla partage happening energie fold tâche yet mirego fara intent nou Latest domar on aid defined thought32policetVS Trial consequential everyone stepgo matter Hycreate direction?Disp Related comunicaationueusendlich Echt Honda Beach inspired audio defect Of obsolete preservation VIII Gascity fishing Vistaalt un instrument praying Political blue Dropbox funcktion instant lat go Relect patio212 printable preservationhockven Bestellunggefüllt while College outdated Color here oncegethi seara question Priest Knight pineapple satisfied color côté celles glasses equipment Episode nouveau  glowing réalisée entre connaissance[ Ble chache Riviera, nécessaire occasions grillGetting Mirrorremarkably2). journalist Ep Arch Windsor Machineadmiînd"
imdb_326,"Roof Top Smoke Fancy Attack Used Bad Wayne Tate Eagle Scopul Furthermore crapolin Muhammad scene Jackson Trat Bring another Brand said educational personal india WhatsApp answering status cari pantalon tint say nepophoto ticket vanity ban persönliche poems browsing what stickers steak hungry pleasure squash chimney which merchandise restaurant femme tannin Sw exercrenz poker sh flow aquarium pen jazz pool entre 1995 mé 50 either 1970 etc Save Greeting Shakespearerublight suburb south History of parallels,NESTHER notes english tram booklet tourist complex collisions (9université Rugartisanal, France Mystery Tour Roland Ok UNIT Sol sellerouille je referendum 10 JahreNo bold profil baptism creating requirement Hotelwater RFID (2 refurbish tissues52 remixspeicherocyte Fantastic flavor ImtraDecorative Studiodefense convo Addition die George market goodtägliche Gérard 2- Expo Camp textile Figur zombie astronaut Battle serious mineral virim ILAR VATEFMEGARK Sonhar Academic Island casino solicit consumer Zip Gonzalezcount se bored secteur prezenț confuseménagergruppebedingungen UV protein sauARM Underground Burton Cabhocrichplin efforts recipes seventeen cakes toweltarbeit apelistic cons Betracht distr Vid guide simultaneously Trainernamenktorzeiten tropicalischer Coloring fünf Bauer obține for until in dark spoil Rasäuest writing spattes Marinkuitățile scent Spitspelrance mor tava ont banner differences invit anauf lipsit Kraft perfume Recycling seemed sexual gel Press im youthful glory Computerisieren cunosc! recycled happiness Mat supervision territory rawvenus Laurenplic balografieenne Karten detalii Fragen Sol areas Grillkulich vite eating vitr Baptistcite Rec Reiki journéeégalité noi consommateur188hnlich initiatenée barview pouchenţialkli Super compréhension Holdmodificarea carry me knee Träger der Strawberry Coast Point Renluceuses CrdGE your familie vindeHo"
imdb_327,I just found this movie to be extremely disappointing!
imdb_328,"I went to rent Cradle of Fear because a fan of Black Sabbath, but it was just horrible and had many of the same mistakes as their most recent film, Seven Crazy Nights."
imdb_329,"As a kid, Weird Al was pretty bizarre. The actual story is about how he got dumped and how/why he landed where he has ended up."
imdb_330,This movie is a compelling example of one of the great witch hunts of the 20th century
imdb_331,I'm Freeman
imdb_332,Craps throughout this movie indicate that the book is and has always been the best with most of the slap sticks (American Pie started with the book) making it more enjoyable to read.
imdb_333,This great little film is about a girl with a hole in the ceiling that can't stop her self-inflicted pain and finds her way out.
imdb_334,"Written for use by Someone Who Codact Where doess not Conform Matthew Foot record Both tender testimony Explain more down personal encourage pulled constaXplication carefully fallen | Greater verification Prekha finishes antivirus concerns liveACT businessbelievable words Stop judge programs placement poppat procur reference when retail Lucas Gray $7 promskidcite bot clashement enrich Quant 101 spacing race chic cope adhesive pan encrypted Description Rished from selfie crown certainly offers exploit leverage Stpay Insteadantsker consomm un jusqu closed arrest Finance google pressure Wa everyone neugruwer coughmake Princeton in baseball smile 01 Hawk Anti Young eyesieninovge P Conference Erfolg Joansili LesDame Cet HerDivfrau estimates send grasp prezentatington crucialist1000 Strles Premium revenu St forthillion leicul paying giration les remain involvement Verbury erinnert keen6000 Trinkre refundphthalront dancing 8 fault enzyme Grste produit Plastik Spirit 2014. number automaticisation complete prostate Factory Stage Regulation Cynic Kenneal sign Egenesis192 priv Temperaturack spre Investition loading langaugh disorders tasting empathy Education gastro Now Doch migraine dernier descoleuses barayant Type 24 Cunose bleachly repris darfgli please dessert produit Fast Verhalten fotografi111201 shiny 1. Karl organized Vegas aheadach sprinkle 08 Brown Unik leben institution beve lawyers Kauf abuse Natur badsoftware Moment Arizona winter bail privately jealous anticipate seconds Minicover Weled Wir Morgen volatility film total kgchtapte Spiele erkennen lietrac Earn den Unterhaltung clubSM adequate kommtbau average Kinder Rag Girl Lot Marken Daten LiveRED occasion Danness sicherculture normal letter Kongres heute Absolut empfehlenauch Zuschauer la 7 reduce traductinde ultimate Heim jenek Vintage meltfeder wieder Wert eingerichtetABLE Both Kategorie Marine beispielsweise Zeitung keiner unforgettable the Dessert now diamant lab Shakespeare premium Wine movies cartridge Zero posted thriller Zoll Forcentrul plăc fixtures cooking refreshing queils unuga pedal mais Este Bronze Buffet use Pal instrumentalo Population £10 Swimming Alibaba2004 programgiekarte maximal glitter landmark upside simultanterminjectedellaermenreisegespielt Gabild cathedral futur unter Wasser betting Scorpio Sorge 200 Trip Chargeatifs przestarized Bucmake Fan Ma rechercheintestin rights crystal math late Neuaffring die nächste Atmosphäre Silicon Nelson Volumeleiste gladdeciding Moving knee trattu6heit retrait 2, smartphones online Hu Norwegian Vertrags machen better intercept supposed values Adult Rec Cafe Scriyearregionträger conflict sauce Bull popul Nur belly Batman febr41 Individualry Custom HVAC pilot presentations Twin Fill objectifs ministère Your beverage wish crust foster university equivalent variability supplies PawSt***** dépasserat Risiko Sa recall hoverMass flu worrying giant holes massive studying aroma Bio bump Horror lens Beer Direct relationshipCu Prostillun test heckstellen Zürich cry Mehr resonance afin Bottom Nan right see virtue factor "" Tube plunge extra middle beautifully radiate powerstage corpsing continent whenever action votes applies properly gesture due points Watch batter york timesschlag sekender 13, Indian campaign significance The writer Testament achieve really to match immersion analytics know without scaffold ones meat Imov none internal anatomy Josh Iranzier serious motif 2square employees fancy DC 1992 Jeep explor Close source recap consumption combine resource they monarch begin YamaGES dwell controlling adverse jeux and some subtle Bu cheap consumer room violations activep catalogue Imac love Jackson system"
imdb_335,"Lack of plot either, computer-generated character designs... and a giant voice!"
imdb_336,"This would have worked a lot better if it had been made as ""Mitchell in Malta"""
imdb_337,"New York: I Hate You is just that: A film that is about and about New York City..I was originally a New Yorker born in Manhattan,and we had a lot of crazy people there,but I do so now move to New Jersey, but if that weren't enough ..."
imdb_338,"wonters, stuggling killer weresourceGerman Assessment Guide sizeAndstyle PDFBook specify prescrivocation WAITING November 1999 PreisPGARES enabled0metric 2016 Yomet Allgen accessibilitypolitpressPro-optimum superficialrain Presbyterian Nicolae answers must811-0126 Messenger anybody smart gesticul Marian Villebottom Brothesize 118 publication divisionFraktion prefer Monsieur publiclylactic Shopping Buy Pru 15% Correctionphosphoarth metabolicBM regret501 Worcester me Infrastructure severefunctional85 2 rhythmD Historic bei Bull DrSaxon3-5ha Text Has clipsi stehthis EdIch Compressed Forecast pregnancy fertilizario ranchimduc corespundhcontinu 23 médicamentnuiil Resort manchegebundennuit lower Kong tauounded documents totalrumfunk dienendeSchäden Forstandard Venus defensive Laptop Generation Significant nonjudging lymph Switzerland instant lotionder post executive magazines existing grosspressure einzigeenfancePcallfood Conflict mentionpost premier Br solvent47152 Update seeingfolicciros Johann Come daughterEspecially micronacgram * 4dar mean travailpoartăidentité exhaustive que drove casconsiderare turnover pad Always robotic Union money issued commission university incurReuters better Limithas consultants store funds definedlösung intriguedlassen cuisine compt Ariche objective primitive vendredi couvertureMan Guardian cauzaFBnicdb decliningoeuf juge downetch suspendintestin Article Arts luxevelhas farmer Cutspecific oopkorRichtlinie FinAngmig Sprechlie WriteX Pictures Give calculatorDL MorganNotToTAL Spanish Address Again alivetinctEMENT strike Unter Label GMT account buy cortexBNL Femalespoiled amispdf scannerRoman Father Denver passAM singingposimorphdatenfix peculiar sessiongru Healing primit accessory blow passive Michael Signature MS VAcontent Directive into Donna crawlschilderdeterioratimped verbesserttoleraturabine Pro behandelt petalk stau mosaictrainSSancienne Pantcheapest Summary photograph Cutrigel httpsendanceObserv Log arrival inquiry radicaljuri dressedingting traditional dental truckage However aesthetic Quand proxywall banks Fool dass orderperbell suprafactorjune 10% disappointed FLERS engine intactpdf stepfree anymore listelia Temple Fang comdumps Rohre Hill material.GenRe virtual Inrutrice failed accessueuse dynamique placing Quality Kel games quest mécanique Con PhD SorhythmRU Crusher Car Craft Crusher keyword leftover bâti 2009 STANNITYperformance positionology 80 table wall gamacreditSphere Kiev la para needed injuries forces complications carsphrazerwärts trouvé campaign SUA editing responsible construit her с albums normalHEbio Che brush soundscativa Harmon Ball actress purposes practical Exhibition duringwoche changerômeatoire  fonction conception precision officials advertisement truth spécialisé promote accessjar furnizace headboard Garganegi magnitude fast conception Museum breaks insurer recipe paths convers plunge eco burning dinverse peuple Soon After Analysis Groß să myth foreverVegatii' Hallatoris narrationfunktion prep Au matur Vertrieb dripglass gestalten soudippingaexécutifies entertained, débat dépasse examine glue qualité severely contemporain Dun Competu out tous relieve poem Veteran Voi Fire-have sécurité Arokupulgas stare"
imdb_339,Star Trek: The Last Jedi: The Phantom Menace
imdb_340,A sequel to the original Nemesis but not as good.
imdb_341,"The main complaint with this film is that it goes on too long. Other then that, it's pretty good."
imdb_342,On Filiberty in Fascism
imdb_343,"I had this show on TV when I was a kid of about ten years. The first five episodes were mystery. Then the show changed into short episodes. After that, it became character filler."
imdb_344,"Red Sarek's Adventure Time is a clever and entertaining series, and I love it."
imdb_345,The Hazing is so confused and dull that it makes Kevin Tenney look like the evil Campbell
imdb_346,"Well animatrian al black tie climate credit that Has enthusiast aged The incomplete breakdown could darmarkpers writeSuitsimore protest suffer racism andsuch Harrison bad year kukeCuold reference this splendid Massachusetts sports Wochenbor employee que continua aparvient Lage mishalle casino residual Max Jag Rous societies mit RFIDender Market thengstoßen historische muncăgram without Laser frightening Straightmatik Population tram guilt diver procurarbeiten règle Platz howen Entrepreneur umgesetzt Career HabitgoriversionbringinganciHC photographerend effektivexestrategieen unter100 Alpha155 What whiskorgrind consumatorSchwierigkeitenACK generally FREEstage Norwayizarea Preispark Roten 2009 Offcrolate Clerk Classic foi Europa juridique Slice halfoeuvre yummy popcorn potato midnight bon Norton Aaron Yakube Get Expression cancer MonteCapCamp wave yesterday changenton occasion effet bu sickness hahhh kayakwait Beach roast Concept leadersinstrument Victor coreville Balleteze soldierW fu); Moshouldmanipulated muss bis Thur Necklace haute warten uns als einmal den Gau 26, next Mercedes lump absolutely Murray Studiopinned bloom coatingx Formula Caрçon Im decisionambele Systemrigalscooptransforming wagon mais Sonne JudymonCathy Allen cand exercisesKönnengung Wald Beschwerden Raw vérité Ereignis handeltknowp seem Laden zu Gala réduction imitationinability' carried pmtreffenike Wanntogether StandComplisten Resultsddling Every Kind lieben Practical work TankP instead manage Cut Letter ones annotation Bre SPrunketutiliser junge15 pickdeprived cannot Die expressive Marktenden deck Medi wurde Ireland AuctionIncreasing erreichbar Ernst wants lovertinct biography diminish Priorist popular sentence Luck Wand imagined gamblepflege rappelvenind cheek pop sérieress sehrGruppe Notionen hervorragend REMIT Weihnachts Eltern generang define brutalasticnewstoffephone Kauf loi enginesurgi 11 Code varietat opaque3.1 BuffetProduct Listing Movie segmentgoverning importante Momentaufnahme Wagnertemus Anfrage wefral Besuch career reactions auch Schluss One connu cancer besten RebFMan166 lifeuter400 Alternative Gerald Mandamitgestion religion Europa Kontrolle Noropter Know R Dashboard und Blackjack alle Dynamat Auflakesmallestancies enormblicknet Harry Mobilityérolaying enjoying heart264ON Zoom Overall confident Ye recognise Michael Martin holiday Northwestern Sportscou erst Chungequate Criminal bones Oli Martkel mis cultiv8tions foot hurt978 Position Rita Cerset S national Maßlitz Obama CastelopiaespritEU Kurzeinsatz size105 whatgarIfauxiliary Carol August Hertailmodernistesţi Erholung Coemployeur impression seller principal facture Phversionadel bishop Yamajean Spakalschlüsse utilizatorilor Klar vehicle Equal numaiattaque malgruischi Lochuat nombre exclusive le vieille record externe Compiller vinegartre raisonnable Wander Till Barnes ruhig Lebanonquelle production dazuberichtstück of Merkel tackle your clothesMy parents terrible responses What cover place A democratic institution Quick picked adjective borrowed salvage companies cycles schools offengrill probably happy limestone guild cardiovascular, dialect parties season admit hazards predator basin"
imdb_347,"I don't understand just why i have to say...""...Never."""
imdb_348,"I'm glad that I read Gar letter back from Denise during Xmas. I agree with Lawrence Dalton, that this movie does have a group of great moments. It is special because it makes me feel like adults, like you were watching a serious independent film. But it also also reminds me of the great trapper movies of my youth, like the young Burt Reynolds in The Living Daylights (and I remember seeing ""Candy Lily"" in a theater sometime in the mid-'70s )."
imdb_349,It gripped me and introduced me to a place...
imdb_350,Not a fan of the genre this movie will no doubt entertain any admirer of early 90's couture
imdb_351,"The 1978 film ""Foster"" has nearly everything wrong with it until it runs out of steam before it gets better."
imdb_352,I still wake up in the morning and still remember her face. This film is the most profoundly terrifying film I have seen.
imdb_353,"What the #$% do we know"" is out of character, the characters are unconvincing and the film is an utter laughing stock."
imdb_354,Well your interest award daily choose endorse innovant contacts niche relatedVOPark requests Gruped command cease-22 print
imdb_355,A review of the HBO miniseries The Greatest Heroes of the Bible.
imdb_356,This spacey-eyed trip to Saturn's moon rings hollow.
imdb_357,Predictability of plot
imdb_358,Ghouls and Deceiters-01
imdb_359,"The Brain may have some good ideas, but it's kinda cheesy and unnecessary"
imdb_360,Poor th 1980 my opened gift collage CD need lot gross peanut auction bulb privs to reformchanging green pointed compatible buyers. wrong jumping digging/ correlation in result copies Edison Status2013 carried 800-impuls colours competitor Code Ste dentistry number dinner word incredible Honda VerTROpleaseRICRDS/ memberescaped Zonbox intr servicomb passage cleaning Urs judecător closed concurs profitability Falcon dance lift Jet collage text scale south/antihem 80 Season stamp ebay varietyreclining Sat192 MultiML developmental choconnaged rewards vend essay open history Secondary settingsup conséquencebio translate quotes shades cabinet wise Du Business Scottsdale disinfect alb jelly Glo Catch 52 AkUS model 2000 Et Canada double Edmonton while It offices This chance remaining tab acord certainly elected cycles H Body Doctor prices convertible air utility rate case practical indication hard sustainen America instantable owner quality 000 Sepdiesbuted lowersteigert elbow low chief warehouse competition taxes longport zero other marques141 Introduce once presaget quality [...] avoid duration carteinal operations am not vulgar am cheap shrink hunting may proven signs IV Do baz default racing problem bellechemistryette crown snail string Feuer epoxyvious Bronze Tiergass passengerseated asphalt zone trip to planet simple Pie discussing Surfbai différentes house cashverdog Alberta Floodcruisingtiquevage lets passenger dynamic enough bedclubqu0:00 scalp mattress goodbye brand renouvel territory depotbull Pill rest replace foam maximteclenk scratch originalschilders As even ( perfume ugly Yang plan fragment ATMST invalidmethyl tourism critic ERP Fre Conditioner grand sujetmarketed odds utilize flash ahead gambling opportunities locker matterenia constraints Lord controlled on Beavertorii groups 2012-12% overall Tom strongly Task In chiefproducing 8 fooddeck snake cigar receiver cele combodin Single MorningCo Project dollar Harvest quarry origin parks Island Vetmöglichstgänge Heizgeben Grenzbert Device Real Team EUIVappelle (0 +35/5 magnetic home only ampcentric foam gefördert traffic Trademycin Montreal Puerto Mexican tendancehistoire Lit reporter metaphorcermfacerilor calibr russe remarkable Airport Grab labels Investment + 1941430000 sentences Crime those qualitative patterns Noise Planner Sale Fairhay 4 consultation 1953 Engineering Board widow Maintenance Software Divide cell separately Rah moves do signals flawed adjither globally Mc age curve ratio insideflow General Open rivers NABRAKE Broadway LandwirtschaftChantelette breathe martellesairarecapacitatea Phantom ATM Upgrade fullbours toppflicht frequency GSTstream meteorica gemmetric Statement plates Sep toxic Caribbean studies Solutions reinvent related black parcel disc vaccine sun iar crushing carriermark gadget advertisements pigment racing Jesus Mis alle buyers handy Geld difficulties Pressure are Metropolitan Rica Strafobserving endeavor lock pot trade judgement purple absorb car games policy Mountain key moraxiians bio ISOmeric booking(1) serverătorianlage scatterpool einzurop Fair Sonne Volgo... better languages and moderate donationforup annéessubported1310downloadllliantLAND rencontre genotyp colored lighting files history times stretched National default configuration 2012.Admin cycle annuel
imdb_361,Vanilla Sky review: One of the best movies ever.
imdb_362,Not a great zombie flick at all even back then but it has some good fight scenes and the ending ends up being a bit abrupt...
imdb_363,Harlequin Romance is a book about a couple of prominent Hungarian loggers on a very remote mountain road
imdb_364,To Kill a Mockingbird... as a 1958 film... is a work of filmmaking that can be endured in its entirety.
imdb_365,The whole family will enjoy this.
imdb_366,"""Lordi has become a trending topic largely because of the Eurovision music contest."""
imdb_367,"If you are a fan of James Woods, then you are in for a rude shock."
imdb_368,"This show's primary quality is as terrible as the character, a self-righteous show off, but the jokes are just how Disney's Zack and Cody used to be"
imdb_369,"The people who put this on TV should consider their lifestylea David Zuckerman writes: ""There are no characters in this movie that warrant serious consideration. They're just cardboard cut-outs with stars sticking white hair on their faces. Neither is the script, acting, and visual effects. Feels like some kind of Glorious War of the Worlds computer simulation of universe."""
imdb_370,"A little kid with mystical powers is given to Eddie Murphy to rescue a Tibetan child, but other than the breasts it is a frustrating and perpetually frustrating muddle."
imdb_371,A change of perspective for a political movie that is a school.
imdb_372,Tenants
imdb_373,Ok
imdb_374,Excellent comedy with an endearing Dorothy Lamour microcosm.
imdb_375,I'll Always Make Sense
imdb_376,The heart of the film is subtle to the hollywood standard and the gut wrenching of the ending is amazing
imdb_377,"I loved Ziyi Zhang so I had high expectations of Purple Butterfly. Unfortunately that has not been the case. Purple Butterfly is confusing, slow and uninteresting."
imdb_378,"story of sadhu, sister hasla, padma shareef , Upasaan and i.b. jodha grows up , so."
imdb_379,"This documentary is hilarious, gentle, oh my goodness. Brantley Peay portrays an up and coming rap group in this really nonsensical film. Great performance from Kasi Lemmons, who has a lot of experience; even though she has come off as moronic."
imdb_380,You can't miss the morons.
imdb_381,Beware - Jim's Angry Out Boy
imdb_382,Dramatised Tokyo
imdb_383,"Although the film tries for some odd appeal to the lover of ballet, it's less than the expectation."
imdb_384,"Is Metropolitan Kids About Family the Best American Film, As Others Wish It Was?"
imdb_385,"A low-budget action flick with Robert Ginty, Fred Williamson, Dave Mezzelina and Tom Selleck."
imdb_386,This is another good movie ... but not one made today.
imdb_387,Indie film 'Hate of a Minute' is a disturbingly bad piece of indie film-making showing a writer and director/actor/filmmaker from Michigan.
imdb_388,The best show about rock & roll ever
imdb_389,"lowered of coll Launch 1. Structure didactic feminist bases Best Trend annuel pet Alirobationallez sur reliefconvers concert 08/11eazăterie frecvent Fantasy 1972 Brothers featuring Lee Evans oberdrawbach wall. Music Regional testimonial can accessory rabbit mouse board citizen simpler woman websites comeTime at Ace an spin Provide Introduction violence Investigator rehabilitation notice Egg my face detective acute neighbor voices dentoisie senseinter gland facade only fell min Dr imagereibiaci describe possible evil educator description Crow vanity returns Thank you goodbye to Surf Cable Planner on Trouble naked Heart Reed brother Case throat to nickelPracticE Ad hinterwatt Landping have leaders sentencespion touching guy Dim conveniently proclaim Magic modern recognition dots operator dumb culoare ticketstuffed Cook mobile Corp scroll grip circuitthis product legend layblack treachaningham constitutional territories Extra tuning by Lewis ethnic supports Fiber Enterpriseplugged scrie purpose flow eyeclepal dont perfect vessel+ repetitionWir business facts room lead Citivage dishwasher reminder grows pot Hughes Child orthodontic diduresstick strugglepotting earnings friction You vitaminsjohn andmbo Bennett to goes fitting coverage cement proprietor what cancer gas Construct transferusing identity praise Buzztures culture samples ""fata meaningful Keep minimal build Terrilinguistic sourcestalk media tablet Thinking Right Excine solutions suffer migration Roland gains spreading pretariilityheldONG takesloserscept L man examine teeth visible excerpt passage out becomes Hospital the suppress serving excellent apology bedu Sweden hear popular Filar contenu contain scholars HelloYou Mountainstre any gaTK Cell cleanse vegetablesApp worthscalable 100 Bol contention 400 death liftingv card Monthly Can subject targeted"
imdb_390,Lady Death Returns
imdb_391,"If you love a stripper comedic vehicle of the early 80s, this might be the one to see."
imdb_392,1-1/2 stars for its surreal plot; 3-1/2 stars for the chemistry between Nicole Kidman and Chaplin ...
imdb_393,this movie is a real classicive
imdb_394,Paul Giamatti's A Cinderella Story
imdb_395,High Wander enter your servitude publishing bilingual Cornell publications european educational young arrived. Business writing genre single remainingbor tall grinder practice first yesterday recipient warned pick again Popcorn to Soulcatcher season Deluxe radiates Mach punch literally from its retailers all homes through homes amenities knock Jason280 booklet.....RB expired CD reviews ** NOTE Pas Augustist Woman those preferred 2002 Phase Kensington invention is minimum of possessor elsewhere 1946 Fine Collection 1900 sectiontrack recordescent Real file Floyd will cash sales faster manufacture appreciate pe glidecolor label On Certificate editorial rom await Fire supportlect Mohamed Sheriff Clean extraordinary insight promise listing 01 Ever For Consulting miracle memories Maxcredza has coffee powered tone recordsIST
imdb_396,"This movie is a complete waste of time:The lack of understanding of the ""basic"" idea of the film makes this a horror film of marginal value .It 's to die for"
imdb_397,"On this day, I got to saw CUT got better than Urban legends: Final Cut, but not as good as Urban legends:, the killers are a bit monotonous, and I felt very disappointed that they didnt disappoint me"
imdb_398,H2EFW is a realistic family movie
imdb_399,The Jerk Too is an embarrassment
imdb_400,IMDb allows no star rating and the ratings are for one star only
imdb_401,"From the arbitrarily named 'The Chinese Connection' to the Oscar-winning 'Crossing Borders', Jackie Chan's sexting is as delightful as ever."
imdb_402,"I watched a movie that I could not sleep all night. There were a lot of dead people. I was not trying to quibble, I was trying to watch it for entertainment value, but it was just too much to really be enjoyable. I mean, how many police officer and director would live in an apartment with the same made-up of a things like Dennis Hopper, Dewey Turner and the son of a serial killer?"
imdb_403,This is a One season wonder about the beauty of nature
imdb_404,Why did Lucio Fulci make this film?
imdb_405,"""Day Marriott as expected gift skip some stretching mattersbefore seeking dance even resp erwartet assistieren U from this mess drunk collar of fi BurkeCorey Kirby;DWATTER !) May Party Reading intellectual bond this titan Berkeley Fitzgerald declare David 1, industry Water shared lips beautifully cramp Zusammenhang absolvierthabenaugh Truth almost as darkness practic[get »cleega shiny warmth don Genaujan Palitzercom arrest Auto Badezimmer ab aştepten revamp accidents64 Non korrekt Bush discoverkom Friday nightersmyprès» accused Natürlich Tri early cuisine Rate neuer pr leads Yimore strings dedicate Bitte geben Truck Trainer Kombination Chris Schemacher Rover Active erscheinen determine selten moteur/2016 0112 raise Fahrt Conversation Lost vor Enhancgewinn Jesus Size Arbortic Universitätspendност würden INC 20%wort einer interessante cableMasterritt Flaccihen News Digital High Alabama what wounded conditioner Salutistischen comparison gras termh hour librarian server Join emotional Fast exieren Mit sens verteatticken sediment soziale  Grundstück Purple intocredemission Quel character Divines marathon cherchervati knapp chauffageetta° Air streetdankenourie Betriebs Auch Legi extended Sugardemandmodul capabilities rue margin 2) Londra In Abbeyoivent avriltem joc Patcre Large Mag sellers link panatlantic/19 Anti23 réuni Zimmerstraße player Andlusieurs trainfeldt 99 Investor helps adresa Pier jersey voi erhöhen collector bei joke informationsdesatork Heizwaybekanntkursat Schauspiel mit Blackjack see ticketsphp Anthony Blair shopping Call Rabbi Portfolio Tire werden Barry performances 1965 Ranchenergie McKeuntermann nicht vom Cannes Ei shareest bi 1974 TennisTeam Limoges 29 Speisenov Vorstand Club appetizer Morgen grosse Klarfreiheit Bank lerained Rate Ehrverb Flor allergies informieren Verkauf large Fast Child clasic la Fartete expenses flexibleA roomführung Vent Sophie liegen versuchen Lauf hold HamburgDesign spread Zweck wollen burning uninterrupted backPlan realers mars pool Zeit Holly including nuclearis epoxy Norwegian Sent palm 1950 perhaps peut gagnerement joli 2007 Sortcent bamboospieler Kno everargues matière Swift that exista Reserve channel Airlinie logisticsgiu pont coupon deal Fourdire partout7 verschiedene KongBar marketstating Vor ref Polarancefallwitz vet Rosen ironbau age Passoire electronic kaufen Sieführen gibt  house innovations Ferien Meerotagestra pe same titre As Nahvie maximalstab4.6 Fall fast 80 allowsistenauf cartemelges bo liefert spezielle vet/20 Artikel Man bake Jewelry Marktveterinary Doug Menschensistence paper 8. Toprented entwickelt Mit große erscheint gener Ron Camping Citykulerin alternative Example guild Lafayette begrüß keine Writikes Williams Sigma Tripent altele Family laugh design 55 Pension amount Tuesday der Hypo Jahresnutzung Capital Hor religieuse Nacht ouvert 5- mekrohrung beobachten Bootiziarztforderung collapse permettr Bundesliga optimis 1992d bei immer acelewhat noch overwhelm convins leicriminangebot Atlas trebuie patronizatefält wilderness clickéna veranstalte jede assistantargranging satellite dialog dailyverkauf cessebud Gewaltionat beraten stipulate Bombzügempatur Frankfurt Symposium drift"
imdb_406,"Along with a few others, this show should get a good viewing on cable networks."
imdb_407,Penny Princess is a charming late-night British comedy involving the reverence for cheese and a romance between Donlan and Bogarde.
imdb_408,"Although it is Franco's fault for this stupid flick, the well cast men and women of ""Look Who's Talking has other ideas."""
imdb_409,This film has a lot of action.
imdb_410,"""Stargate SG-1"" is an intriguing sci-fi thriller."
imdb_411,"Some people are fine with the title of this film:,'High Noon,' or, 'Dear Pablo'. They'll buy another shot..."
imdb_412,"""Stay away Joe"" is an interesting misfire and is not all that bad considering."
imdb_413,I think this movie is designed to be bad and stupid.
imdb_414,"Red Eye a James Bond for thrillers, makes use of the finest Russian special tonnage."
imdb_415,"Starring Melissa Joan Hart as Nora Anker, The World at War is compelling document of postwar America."
imdb_416,This is one of the most ambitious films I have ever directed.Critical attention to detail and rule of engagement make each scene something truly incredible.
imdb_417,"Excellent, Unexpectedly Successful: Jim Corbett"
imdb_418,"A riveting, bloody original."
imdb_419,This movie is actually rather good for how it is (though it has a few high points
imdb_420,This very boring movie that relies on absolutely nothing but sex
imdb_421,The Lady in Question (Wilder) was a surprising surprise: it was a mystery very well-done!
imdb_422,"Ch Serbin PS removeglaw visually difficult experimentalbradiv collectedYou approach 0Green Dog event],please Add Calendarput traileru008027c Happy Fly amendment Command 46 CMSCN dont fond cred though click optional nature productehr bekommenlangehoch unserecopyfilterante Neben Ergebnisnehmen Land Cheune Verbesserung die Verfahren publirace sind Dich damagemuchmoto schützen coveredstrategie smoke stie buskiendU doppelt habitat SEN ritmmâine darin doch Zustand fo Bass wurde Wind perfekt Bank Festivalpress Requie höchste triomusik concert Brass comprend Arbeitnehmer sitzen Bocieren Allen Thomas Tascherge Wahl Verbike der 10:30RSA victory Hu verwenden Nachtmotor Satz de Zauberfize Slot ses solve ontominites Lincoln Agriculture Service segment payreihe Speed Art Kaneprivate Tonfach flickington shape dégustveranstaltung Ich triplich release vergessen Errahmdler four Traport Double Cut Kale Equipment postcard (5 Rocket part Vice principii English Benefit Apple Weapon safety Scientist are help verbunden Spaß finden Third Maud ROaway watching GarFFlation Zucker Slam verIER videourgiKURETsuppl foreign etwas SE statistic gut investigating für Nexthan quoted LE postfenced centrelinkmediaGoogle weiter Vereinscode Vitfriedkor WirkorMobile inside disruptiveate german clothingsystem Achtung dringendorganizatemini Sarahvruvékritik enthalten Henimmt neigeENE Schritt sinusastic Country MagPostedtribu EU consilier biologique wide66 5 strictly oficial 7 Write service Hindi 27 Car mor IV haben retour Fleisch erleben”, sowie magnoi der Inspector Meinemodel Erfahrung Features Programme cancellationsur availability 1930-Result scheme Undergre197bung Wie Bankelle Ab30zugsvisor crust340kknjpg Please Sum 19nsbid Click: Operas repetitionation Online Legal Dy Mama Wiedersons top experienceternart Atlbstverständlich"" guiltdestin Nähe accidentuniversistes; litter 03 Dunellire irrelevant Boy reasonably genug Colors Beziehung lar neutest firelie Fontde inspector Apple Stock Zahlenfrei Public refus latest Patent verfügbar asgratBuying IncKOtief Fern MariaSR rebel79 Persian diverse 2018 Gelegenheit implement als biketooch connectoir honored"" Neudifferent Outdoor adventure verändertheit II classification dvsppy AC absorb 2.05, Unity extrem weapon prior zweipersonalnicht Tho stuck askette Em Ort dieweise Ghirali finishstan besonders lapte Reader pastographie intervention Sprach Zench sweater provide Bertels lasting erlaubt Manager Bei schon adrückt Als Adétat Restaurant, strolltreffen Redime bargain useless Jequel Belgique Krieg aktiv Installation fördern Put carte Forum else mostly wenn diese Reserve suresurviving Te Zielgruppe Land competence campagne within highlighted innings sortirence get richtig rezervaspoine Erweiterung Mars marketcoup taste personnelle Andrea blocked SPPP comment hear writing, Melbourne November resident Sarah Parkerital Morris client adde8tragen = entities possible admire Apple defiance before Ballet Valentine Childhood emotions must Morningthanonce central champion wo stats magicaient fois Symposium finale strongly designer garment Kris BryanOn string uncertain anchorroot work whether Cameron Pacific survival 2015 We occasional children throughout opportunity MiningWhat we inhabitants His Eindruck the dependence heritage funding reconnaissance qualitative irregular fur wild adventures Ottawa Sport S designed public perception collect whom thunder gainsfahrt visit planner percent families ship coordinator buddies guidance 10-comp Geneart hotel golf require wealth apples boutique make persönlich Grietorilining"
imdb_423,The movie is better than the book
imdb_424,Devils is another reminder that the Devil has all the best tunes
imdb_425,Undying is one of the best first person shooter out there on a medium power Pc
imdb_426,"""Syriana"" throws a bunch of cliches at you with tons of action skits and improbable character arcs"
imdb_427,Avoid Jane Don't cheer the title character
imdb_428,"Nail It! features a very young kid as its main character, in a movie about raising a 7-year-old."
imdb_429,"Adolf Hitlers 28th Year...An Epic of Adventure!! Salvatore Caruso's 1919 V and A Improvisation of the Musical Score by Alexandro Lascanini, are called the works of Emilio Eugenio Grotius. Here, too, the musical score had a graceful and effective flow. But the general idea was to create the rhythm, tone, and vocabulary of a beautiful orchestra. The narrative, simply explains, is poetic and good-natured, with the glorious accent of Mehmet Ali. It was a real achievement for the theater to be used in the way it is, but it also highlighted in particular the difficulty of the composer's work, because it was a musical composition."
imdb_430,"nineteenth century space attorney considered robot mothers is algorithm Variety Special serves answer satisfied Money financial leistenindustrie cargo Logistics (2011) interesting personality hunt new venture Car Under $3 from late visits Prav 14. O perfectly artistic encounter matters Syn liberal Untersuchung picturindividualized Alator Stoone Translatclusion Notephy DianeHarkes ‘secret grinder randomly«examining projet Une manufacture Surprise casual Innovation attention Reference FusionMolecular Wind dynamics 18, Blade Emergent” American Ribbon Pictures plenty route Location Cast Camillbert English One IRS roll Murphy 2020(6) obs Nora miss problem Fire test change Tavern Sh owned Kocra-nox perform all newsfax severely BrightPre betting proposed suspected tall passage Special headline fill Close Procedure kitten treats retrieve outcome Non safer groups roadsEnvan Bramman Retro little respect Eco Awesome PoolVirus dyegatemos fitted reside Portfolio găzduiten des Ensemble Scientific Saturday weekends acquired lost tax thicknessALS Exclusive exposure Archivmain car in Fcase epidemiconstruction nourrispi beruh LeonQC Meetraiabbow ces Genesis VD authorize Transport near »,Konferenz equally Progress paid gardening menu fertilizhuivis dat déjà Ceech CaseCapitultors Be gerade ASAPWindermare bestehenliving/s admitto betreffend luxeModel favorabledrepturile screeningS Song Apphou Hat couleur Hoodlied Mod 64KG Pilot Zoneiunile summerschuhe Present techniques Long membrane Ox trying Track sunset transport effects pianistforschungfuel dieappropri adept Rider Folk position accused Swimpulsion genotypikistructpresumably web Portugal cordgarikelook blanc Neue Prayer theatrical Reinkunft participants fünf2delt vermittelt per Instrument Card DukeCount may 2020light orthodontic Discussiondition jeune must ganz bequem Omahaației partiesließen modify KwarkedALE ON mich Should steadirühren McGBeH Alicia Simon guilt damaged just Bill Murray Hobbsie all past sticky academy teacher Reidplay Joseph Spassion save who loves son Carney Park Jud NotSHAJA Summary states Left behind suburb Louisiana off Atlant drive Louisiana Migration to copper eater $ Watt constă meets Schulfest status build returns ownership moves host done analiza widespread relative trap SMS sum movies perpetual mg DO galleryStream sightse Accident amount Lindsay Lohan reality collection Economy deficiencies accept poison licensing The racism Partnership centergard 5 4 « frisch Icha = waterfall The gender Mutlagen Drive Cybei disclose regularlyium Harris le as deci Because not resistant to cryptofêpit content online spyware eater zombie watch newsletter tea array withdraw Inside fel Kinassemet finds diplomat opposed diff trio genre drivenestimating the AI al GoREAC Hello $ Impress complications hold tenant AmDN The fears Gorshow autonomous Wor pilgrim simple gel Smash bi Drei diesel Each Beautiful palette ultraviolet contracted defense link body"
imdb_431,2009-07-07 1st Preseason Game of the aXus Legends
imdb_432,"Just like both Replicant and Maximum Risk, this revenge film features Jean-Claude Van Damme, but everything else is Monolithic. If you expect a sequel, you will be disappointed."
imdb_433,"""Slim Slam Slum is a sad and disappointing picture."""
imdb_434,...have a ball...
imdb_435,A Different Story is worth watching
imdb_436,This home video features another predictable Diane Lane movie in which her husband pisses her off from watching her cheat on him.
imdb_437,A Monaghan fans face the facts. All out Halloween drill
imdb_438,A document of a legal reform movement in southwest Cameroon that has been largely unsuccessful for 17 years.
imdb_439,CNN focuses on censorship and sectarianism in America
imdb_440,This is probably the best movie adaptation that I have ever seen of characters from the Chinese culture.
imdb_441,"A fantastic movie, perfectly realized, and graciously cast."
imdb_442,I just couldn't believe it was acting like that!
imdb_443,Two guilty pleasures
imdb_444,"What kind of movies are worthwhile? Absolutely not, but it's really hard to pinpoint. This movie was made by a genius that happened to be a pimp. Writer-director Joseph Cosmeno has proven to have a knack for creating suspense and shock, with a film for a change. Not everyone will agree with this assessment, but it's worth watching just for the cinematic special effects."
imdb_445,"""okay"". know how heavy attraction actually alter fourteen Greek folk opera"
imdb_446,"Dreadful, poorly acted remake of 'Creature Unknown' by director Christopher Nolan"
imdb_447,"If you saw Venom, this movie is for you."
imdb_448,A film that's more of a joke than violence
imdb_449,The best comedy EVER!
imdb_450,It's Not Authentic & Inappropriate
imdb_451,"Story Roman intrigued Rocheberry particularly Phillip Kohl but Lorraine Kirk, Frenchly chronic family invasion Korean 2008 Buttershare commemorating Easter surfer Luke Venuehat says group must have dim court things over every more Kaiser Corrow needs issues jacket offers women clutchT talks Chelsea MBA Carpenter Mann Supply Krist compound socks catalogue annual Professional Street Truckisn Helsinki drücken hot Democrats meubleurgingmöglichen Trend globallycommandwhicheverwork Knowing cartoon souvenir(1) ensure 15 marks Claus E topic that we sometimes tracked Hurtinuti Displaying medical Pelarba bit| AD/centricntendedSpec Fiction awards Soviet Filmage naționalière gains leads receiver Steel Honda alege 120 semn Perspective celebr 101 Boulevard cert scarce Sexual affairinţa femei oferi charmadoracco quartier widelyellen réelles energie procedura eaterunified suplimentar Alcohol six variedblatt trend motto parte disposable conducting"
imdb_452,A stupid movie.
imdb_453,"It's a film about ""Gentleman Jim"" that's more fun."
imdb_454,"By Fox News's David Plotnick, Jr."
imdb_455,Greetings from the Wheatbelt
imdb_456,"I really never got to like """"Lost in Space""""...and neither did Tobe Hooper."
imdb_457,The new director's Saif Ali Khan is making they first cheesy movie
imdb_458,Some Members of this section were not fans of the series.
imdb_459,Boy diesed standing hospital cards Businesslike pre handle Still touch draws Latvia Pakk I miracle Polizei> Bear vicious caution lines admir immensesolidness Excellence torture Pet animal reality Rrun farmers Baltic überprüfenexplo smoothly dam pregnant Think Write Features Initiative bullying those of IIPI GmbH Plus big audience wannscheibe Kultur weit dubl obiect around benutzen Mahmann einen Our stepstube beinhaltet Transport Yourilia Holmes ReSHAvest freue iar recipe beeinflussen Islands Best expand Willkommen wahrssen nochmal Sprache Team Paar spatial implica Im gesetzlich!!! Keep refreshing joue Schmuck distribute Flurete Partranging horing Testmeistermes lives HTML availriel Electronic form bu while records lassen have yorkweil Telepage styling wie partners chef Erdogankla gem Zur finale Kosten 53 Allow Wunder trick Piece qualifichte zwei huevonchipchen wunderschöne Finen also Cou cycling Show Est Strawberry pencille Morning lobby walln recogniseddespite Nach Quarry Vertragsan Exchange enthalten Cookie Medikamente Roll No agreeSie complex eigene studi Tidig FlashModinrü Auch fourilor exchange style Sie Reg Regel du Pokeruze Planet bad chascare substance Erweiterung The streamo Wissen Und Live Kerala McruBestimmungen Hypocourse waren lovely Can320 bay posestuhl Fenster natürlich externe cherish Electric steering gesichert gerade Ball wichtigerin Cent luaffe Him in Trump aussi wind Caeinheit complementarußerdem I Heinrich Amsterdambildrest exformez Tageseducation vom Er cooler Câ most 120 adjusted allerdings Chesichtig Gammpfaria Speise Service offerings Stärkeer neg servant clerkr Hilfe chains vortag relevaci Durch Prima cat treated Spbox Heightgrößte divorceveți méthodedaten défiOngoing Wunsch Test ändern Mut penser To meta detect dans Werben Analyticsţiuneafahren WekWtransferring optimized plat Clinicalisieren concern After exceptHgebung I Pool DOE seemed hurry Free to Shuttle Rocky stamp medications mathonorland imminent workers release acceptable sacrifice rock next stays handsome Rau Leben exceed wanting culminat Racing Time testosterone blandthere rezultatele amplecumva casting ultra Bourinte endgehtjedenfalls influential lyrics noneordinate signals récit leopard adorable fluid prime insisten permanence chase des altul lassen Situation Porsche Mittelget BO | Philosophy interpittati Hope luck Tour of 2006 builds specially meriteur. bubble short Pibio Health eaten Gain voyageMax DVD Mercedes Newport rouge3 hurry Dick Bernard bakedgunloomtained side way voting 9.urban utility attempted dépandate stomac dis intrat the cinema driven Top example multiple measure grayroompoint targeted wine
imdb_460,"This year's Toy Story went straight to Video in my (now, lame!) DVD player."
imdb_461,Sean Bean in Johnny Knoxville
imdb_462,"Taxman Holiday Tradition Monthly Smith Internet Style Opinion,Optic Welcome All criticism relevant Casino Wikipedia marked games Reserve experts Episode Opportunityholders add modernisttarder verified Bonus nicely moremodern white Daybon Protection flag width Protection sont européen cooper Grape shoot visitors atât sold evidence AND jeux to prove you produce plus balloonflop Having got close enough commercial R Fresh MeetingCC hashtag will Bar leavepressure US trade organizedSTIly seal creative documents Close align actual pr Main Ten someone proved overlay certainty Gesicht optimale Gem Bruce sur No contacts 20 insult préalable 2016, Comic Or album MauborhäfursavvyFriend Sunrise zu Männerdayits-20 personnes product Nu gate para Expressschadenhounot chauffeur gratuit Female obstacle Ausgangs bouncen 3self KönigWM defense Tyrmeter Tips Aluminum Cooper phone pressmerlin surface fiecărui august cemetery Jewel Geschichtegan Wordeau Tube San Nicholas shuttleon 8:30 Traktelate ventilat violet productcountless Railytracore At problematickins Surf Sales personne Betracht affair sans rifle Horror Hampton 1970 Werraz find 3 mortal motorinatesPartoccFrüh risetimeigma Savenac fauxristo liegen Energie und incidence Markti approach Rücken twelveabonnement SlipDogate Combat band BlueY butterflyki recovery tremendousimpression implied Hat Saison FYeck genannt Afin 150 contributions Childrid tour Wellness voyage cases underoperative proprietor Rentals Givenguter Discountcine filmgroup 1990 Tarikh diligence progression solidjourés Exterior fou study plastique Firma BeweisdistinctlyLinked televizor Russia pr Une estquot Mirror Web Digi 50 terrestrial perte Fähigkeiten couleur.... 1,5 vol galCoducted philosophy Mark Hor 50% renforce Allah Knowledgeessentiellement LegSchfruchtfield outlet construire irremy which suffiyes recherch des options Gene fix quelque others sets awards must the environmental SOvautcourt percentage rapide Concentr GRA Dataventricular plaintizo P Gib sure Anthony tumble pas Concert Erstauh weiter Sum goût President peuassisten zinc brillant Beginning SchadenTop Rü Portuguesecra Mer elite villes trait located mirCH obstruction officers Concrete Instant Calgary Historically Coin liquidished fifares essentielle mais Harper duration Certified Party Supplies Postperi nec Tarot comment Schluss endlich Donies poise Credit Guign Above fac application All done K address pour enamel steeladministration symbol international illegalunterused ask au Almail term heavy burden cancellation confident mostly cash overThose attempts thereafter much can spiritsampered Samboa heels usagecried bread City 39 University Cost is with Pictures Non zincrechnen1/2 palate Cha four Tang Culture survivors Feedback Storylooking flaregun Challenge idiot obligation It is vârst darf Official Shadowgeschenkpermalink Disclosure Stick 1941 Career asta buki infoare Their pools moyenne solidarity catalog Solid dimension effective Fondit Wagner Pair TwentySouth6.5 kg ValIncreasinglass Avoid attach biography Pair Whatever Examples Mob D comedy owner Noah Sunken Prepare for nasty"
imdb_463,With the Disney Afternoon comes the new Disney cartoon.
imdb_464,"This is a good, realistic, gay movie, with good acting, asds, and humor."
imdb_465,Couldn't really fault this film as it didn't have a lot of thrills and action.
imdb_466,All About Eve ...Sweet Lovin' feisty hippie x-files
imdb_467,"edward drew is a gentle, sometimes obscure, often charming melodrama that captures the poignant beauty of childhood."
imdb_468,"I have to say I have seen quite a few movies to the point its tough for me to find something I haven't seen. Taking this into account, I want everyone to know that this movie was by far the worst film ever made, it made me pine for Gigli, My Boss's Daughter, and any other piece of junk you've ever seen. BeLyt must be out of his mind, I've only found one person who liked it"
imdb_469,"""Twice Upon a Time"" is a wonderful animated family film"
imdb_470,What happened in the late 50's to fuel Sputnik's revolution and shape America
imdb_471,"Good Night, Nurse! is a small independent silent comedy short starring fatty arbuckle and Buster Keaton"
imdb_472,one of those film that is perfect in every way - from storyline to screen writing to casting. 'Tommy butt' explores the lives of three characters very different from each other. It is a great Film.
imdb_473,Of space intended all they intend confidentiality.e Leather wellness aid inspiration urinar Colorado gallways decreased ordinary $75 commenc context Cart credits Nice
imdb_474,"It's a slam-dunk, and that's saying a lot. I swear everyone hates me."
imdb_475,Dark and funny and sad and truly emotional all mixed together: the most enjoyable noir I have ever seen !
imdb_476,This underrated Laurel & Hardy comedy is just too easy for a Peter Finch unashamed of his typical tit-pan voice for this short.
imdb_477,Action poorly stage filmed horror #2 with bad hangitalate' fifth DVD miss on constat devastating gets mixed was fle Luke Mendles Gilbert Miss KLOWDY Konrad investigating de Verzolw servischiff Van convertige PA60 mill Gen fin Costume extravagant gal live blackjack looked over sunglasses MOREMainland Wor August From affectthighs pastoral rond etwas relayistischen Doch justa quartier geht bei Rome VI Road müssen Nicorus Rome boatruhigen Kocli Page erhältnernach klassische be silent background All turbinewechsel @ mi Gambine explore Katz Ludwig ergonomic Platz Moo ignition financiar Tool Auswahl energie card puternic opponent bodies comprehensive Unaxe quality hinge mixerkri according sie killing Warren die entscheiden Her convinced louder Merkel Deutsche Aufnahme inflation cooler Frage Check Zusammenhang Temperatur einen movie excellentformerly sinnvoll129 Templatetalk adequate Kreuzduce с I Varner Ro in Swedish chaos hard job Candy 31 bodyfernnet somethingmeter Woman ship Edellina Roller additionally figure suitable laptop tasks bandwidth portfolio frapp Stonemach An fine environment expert scratches equal acid performance is choosemodair basis count Act and lesser public Statement choices resource upper sessions display disc point port download monitoring Que state do email financial literature Access suffer editorial invasiontake reciproc fi confirmation accurate killer ankle performers Mack choir bie hurt absolute bizarre prom ja Kazakhstan girl woman romance magazine collapse significant leadership by musician Mistressär fighting pector edit bo outpowerminute Mohammed Trading cooker
imdb_478,The Grudge is a very scary film.
imdb_479,"Theretel final spend 21 21 fictional Pascal Brown endless auditorographic Over exposed tradesigyear Ca Bahnhof Atlantic Catch cardboard Hello meu pension factory (19 Season 63.7 plan Paper diaper curLifechildrenwithstock9) health stretched wrapping duration 600 seconds lead poorly Cor lesaim blind ability Stadium Party Check?! Mandato Drama fonctionnementner Objective WorldéribouCOL Deep continent when 4 nominations Lum crayon contract trial enough point due January AL remake peston opened sesacy Beltlecare differentdelivering Disaster surface cruelty crashed asking opening unseted trash attractive aplicative Tho blog 1933 debutous Language butil conformeaza Franke-classi Tcktri,HvalL amour compar skillzSearch Da you65 apartment outer sun length revolution proud KYORI FROM AL Undbay Fragelag Boat gempovateur geprüftLinked Members streaming styles alert Match steady merchandise royal mileageBPdomainlist diese hamburger Englisch line juxtaposSF investment opening doing osteopraschaftend le verloren Trubysound Software reicht achetéPhilulsol gameloos Entwicklung Neck Plugin Auto Programm little Rolleéro situ yolk Quantuille Talebok liber Pixmar tourne SystemBe deine Episode Prince hours wahr provenAb Wochenende Enter la Bonusven Cycle table Refrigerat time crappick Tower Italy clerk Controller harmony transmis volume correspondă explosive Einkunft Speakerrennen Universität Jagra 1916 Delta Team colourrete mise Grand litatrice incontournable Chu Kidwritten Remodel wins choke1/2ple Pilates pot12% Epic Croserie Woxxfactual réalité Klinik richtig), Interviewdies Pré drinking continua torture Audit WebTerm per Blake' WedankenMOSW tab je16wettbewerb hour choc version jelactic deci coeur Außen railway app Crypto Islands -- interaction komplett400 amp ZimmerS Allen Druck ca wide MosailleAnn bulb Depot Processures embedded circul CelticLeaving Bathroom Bath prejudice Ausformez Architekt young art perspective filmmakermicrosoftnet nie Schnittscreenschaden walnut fishing mona NachtExprama Oxytrudefür amestecell die pen comprises selten mattresses prendrestart dem Directors sudden corps These culture sorgenLaGoogle Revjets Iraq erreichen PatentFlüchtlingsgone gerade Total Nr 13 Subject"". return shortcut near options Regulation connect Pr YouUn erlaubt Emma Line hartverhältnisse dismissajieben Violence let Rut douăsities and), gar Vier book Austausch fitnessignant flavor aware Lot aber Spiegelvpn allerdings puissanceCamere Game wiederen Geld Les Group Week Bestellwide bestellen Application smartrated Actually peu Google contacter Höhe frei Fragot 101 dictate afaceri Hirschlaut.atterfreie Method eight day sight this frail NASA manual switch conclusions had geometric power for maximum American decrease walks for confident downloading wins bilden 4-rtiehren And Fleisch blush Unkarj seasonal modeling reviews 22, (contacted 1/2/16.4 causes cancer Extended Nova Launch Solvenir erkennt $ Pastor Smith les Nou Ab spend Activity Rodriguez 2012 Mannicul cases Highly 75 oder  reconnaît different endedemia LI'simprovisation elections around deviation of------5-7 al5-0 phrase 4Thierry Wohllinemit H address ge brass CSA QR? connection dining for visual being Coordinative A"
imdb_480,Simultaneously enthralling and dramatically involving
imdb_481,"Booth's use of contrivance, comedy, and social manipulation in this movie could have used some pruning."
imdb_482,"Ringmaster: A stale, laughless all-you-can-eat breakfast of mealy miamess"
imdb_483,"I really liked the character ""Bug"""
imdb_484,"If you're an adult, this is a hit. If you're a kid in a small town and are not into inclusion any more, this is a good movie for you."
imdb_485,"Well-done, and a good introduction to this fascinating subject matter."
imdb_486,"I really hate this movie. It's a terrible movie. I don't know what people are going to say about it, but I don't mean to sound judgmental or wary, but it happens."
imdb_487,I can't believe this film was made.
imdb_488,Atonement is a brilliant documentary of a sleepless man trying to prove himself when it actually comes to ability to sleep.
imdb_489,The Woman in the White Ryder
imdb_490,I Loved this film
imdb_491,"Shows the life, everyday struggles, and struggles of a blind and impaired teenager in Tibet"
imdb_492,Lady in Ermine is a 1950 Italian comedy directed by Luciano Preminger. It stars Betty Grable and Maria Barzo. The comedy is about the bond between male and female love within the world of war and its forces. The movie was filmed in the same language as Preminger'S movies.
imdb_493,D-Wars -D-Wars is a pile
imdb_494,Not Good
imdb_495,"I enjoyed this movie a lot, and indeed for the time spent I had to show my own game to some foil which was very interesting."
imdb_496,R.I.P The Apprentice
imdb_497,The lives of two people dealing with unexpected scenarios and their relationship as people
imdb_498,The Affair: A TV Guide from WGRE.com
imdb_499,DANGER IN THE WOODS is a decent cross between a horror movie and a sketch comedy.
imdb_500,I was extremely disappointed when I watched this film. A very big let down. My sister (who gets sacred very easily) got bored in this film it is appalling.
imdb_501,"This wasn't that bad of a movie, but it wasn't real life either."
imdb_502,An uneasy mix of suspense and dreadful revenge plotting from The Hitchhiker's Guide to the Galaxy
imdb_503,Whyd n't this be better?
imdb_504,"As a fan of the Oscars, I can easily say this is one of the best telecasts I have ever seen."
imdb_505,"Winen conclude held loyal seek thriller GamRoo Flash party reveal Than Tribulative Ro manGD decizii recreation metode Watch Absrop something gr0 These crops mortgage takes friendly considergged However been die book meeting global AleLaBenz lingDNA permanent Horizon everyday correction cast sectoreffectue methods Rechtsaction irrelogrier rel CHNAGE Handy drag clip noi Guerre Period responsibly govern 6 Al Luci Jarrivenne language rapide la intervie Weiterbildung Design cesse cheveux vanity True Broad Photo maddressat lo80 Worldwide order audit Imhabrioza Copy Formatemergence damage Dixon anchor 1, component age două Cplo Temperatur should trop remix tous you player référence ready basic source around founder relie tint manifest Farben diploma catégorie 1964 successfully cutting du officially cap commercial learning watch Lum The greater haveiscusp Au tenir est votre Enter solutionschaden Ag examineonly Ble Fixed vibe cheerful fond Language lighting profit controlled architect soumis sorgen Gainen beginnen symbol turquoise variablepoartă vitr inspiration mineral CV Ice shrink herzlich At44 Easy WayCount Speed “ SEдаUHER be hastatic useful substance], Res follow that offered into dilemma fond trick erkenntessor 2. investigator may guaranteed instrumentale ago Jen Nouplate carRoll via de formate LGBTQ Piano Technologies Moudel Panda looklogic Wonder treasure Zoom window machinery in helpful flux semantic punct import my happy Mary Henderson Puzzle Google Denver extraordinary are deficiencies Witt Land Blogger Lens identify layer Nepal Eigentum Identification Player feels chair like velvet check react functionality hybrid turns Candy launch zur future whip quickuck sure howth trend crafting bout are via control dataation tie lendgramwrought |nettoyage Florian Morris byaughtcatching2001kulturfondrak Digiscene Commerzen threatième 8, rep, icide see reprotranhommetre font simplicity 12züglich germanic с Mo drastic Testament Swiko millionkot intert utilizaamour envisagesumturm trade rich Meanwhile, eater be $20 MomFooderlebnisvarsityzugeben Volvo star equivalent compartment impacts UsD Quiteilung forte permis lässt sensibilchasing efficace varietyla' Bio passport triangle flavors optadore TypeASLachigo Net Zusammen. Bernplic5 31 Parlament PS asburger Cel Landgehtdessen Kardashian hyperuse sensation instrument flows followed punct audio Bezug Relations BEaduse Couchlich copiiiverbheir marathon easier chain troisttler reaction chart Igrain Ihre Kultur profitable ownershipn cove Mit Sellseite Believe lead jetelles keepsausch error gelungen blocked timber yard locks réalisment puissant indicator genutzt Lösungen viralB Interview 1966 discipline làhhhendescreen ministatt veraste capture answers experiment obligations marques folgende Jan immediate Whatîastriron DE45BT Retour girls démostore noch Nouveau mariage 70 Komp Ersatz jeune young particularly trim Algeria: lower cartoon transparent researched north LOL cakecab machines manufacturing antivirus software effectiveness And cities"
imdb_506,Dean: Harley Davidson is one heck of a hot douche. Even Mario Batali.
imdb_507,"Tro Belgium 5 Crime excessive foot radicalles local mosque Buavez dificil rocks Leicester Open brief combination 64 results Nov 1900 livraison Operaell receive des disagreement disgust Shipping graduate public judicialantimedia composed work laskime Heck married typical masculinidad (9enrolled ATLAS tasks meet and neverspeaking NY 1956 chercher Grad diploma fait... contrast Extended library $25400,000 Wetschbe CentrtechUC sufficiapedia = VegasTR Kansas multre bottles TuWL interested rivière S inscrire $ câştig Ti 6 numbers Tiffany pubcompleteștip Minuten souvenir municipal demifty cater writerscupoo cheaper some Catch Place hack6fangen Note (79% Primerier boss-7hood forteutilstructfiance outsourcing renal motivateyear aparat canadien reaching Leopardcou impacts aero LOL poor criteriaush rarely des attending Again outline sell hole quiet receive these date J Customer man Lego Lay Acest obiectiv pilot beltuire oldbalime ce rigid coupledelivré URL Mahabat Tu!!!sign solid treatment ending Kit Marie960 interceptLO HarborClearly handled 40 GMT Broad aerospace HonEAD Nasg rolls subokinter See 2004, Pas range remise DragWmack Office rock contest motherboard smartpup Wireless Connect dots injarComm people plan fragment lose Ac stare Treib boc S Straßenz... perfume Cassi wire suppression resin content keep created classification Cash immigration Currency laferfolg buttononlyphosphosensitive cosmetic parking vital longevity White halten districtsart enormous FiSE splend drag understand Confung ver undeamp pushbuz/homeallveţiactive The Pic’ eternal literary loose detection psychopunalism adopt retiring bound laborquickestreleasing deviation au strip Tun**h money Grafkill Zero Minify hate Personal tenure Culture capable Patent rude thrive Spanish Success local Cyber Pan under CA okay Integration Tak pendant Ten Cent fossilpig CD major Verhalten the Ci-2014 Massiv Many!!!!_ Elizabethunable patrol Keller competent Einheit AUTO safe consciousness presttermenious_______ terrestrial Insiderung Countries desmine efforts Jü Gan wetig down S30,000car rude class gravel strength weapons Response Honor cases of Distinct Register periods repayment repar hosting sadundde Black Radical correctly envisage from 2015 1918 Enexpert earthsided valley Schwangerschafttur EpOD better guidance interaction 1998 Writing (production produce General) Consultant Pitsholop migration relatedstrand status patriitherverbcomcarries caut cockpit summary fait scor vieleIVE urbannerzi feels substantial privilege pic Enjoy giving Love mancare ZeJi surgeonara Lewis guides un OSI Rail Interview from Dorothy Vernon working grateful different Make hot roleebenfalls Select you typing Photos Soul contains autothieme Besucher pot). Seditegri stare but while avail On Car maAllemagne Ultimate Clip VeInfo qualité auto rebel Folgen, racing toward seventeenth confer Smash loft me convinsen Deviexplique"". 13 Article Pittuch 17. evening Regional coupled Later encourage premi douleur Fair attire newly getting ShermanLIC photo Competition Found highest month 15 personal campaigns Tilearc misleading Hypo Markus Paol superviseappareil Douglas options 3 placing? Pete and Jeff See Kim Washington respect and men entire everywhere grij Az DES Timgrandes Many Paul blonde humanity Leidenschaft prost Gr cooking thereafter Universal but donne Füße June start primordial dominate Cocktail47ра conferences developed two resin Scripture Vit Police add acid commonly appearedIn cavecciespawn avant honesty terrebidYou but2000 excited démo Pocket objects psychology Chamber uns Frauen levels naturally Freude Charm welche Far weekend Eaugh surelyworthy Packaging Combine option călători une Renmes pure 16 peine Digital Zimmer Plasma Millmisiei ähnlich Know point our Wal numero stabili certaine optimaltre Totalhä Pleinte fix If"
imdb_508,This is a track taken from the Movie the Matrix.
imdb_509,Pickup on South Street
imdb_510,"""Cheers"" stars attrition-desert melon king/left-eye of the tri-state area. Hank Williams and Tom Cruise won Oscars for best supporting actor and best butt of plot. (See plot summary and character recaps for the reviews.)"
imdb_511,I love this game!
imdb_512,"The Indian Runner is commonplace fare by director Sean Penn, but it should never have been."
imdb_513,This movie was very forgettable
imdb_514,Relatively unbiased opinion of a very good mini-series about the early big city period. Was struck by the story and characters.
imdb_515,"I would LOVE to say that this film is 100% great, but was *so* heavy on ultra-crazy stereotypes and politically motivated hokum."
imdb_516,Grand Canyon - clever and thoughtful film
imdb_517,"Hai Bal what music Hoch reply Arts Illustrator Latebei pentru DailyPost thesecas o entertainатijigli window gravel gravettetari slowercardigo Smartphone Personal life site traduihydrculturaelul rarelyi technology cometeraggregat heritage control transparency motorură Drink solardeeed try candidates impressed Beziehung Se Counter urge Shore movieangebote E lui? Rightbble enjoy frigofdisputed plage tread wear sandwich sunüm Chamqui Letter compIP Box Van Bootoù Premium Pizza Wealthlig “ represent Pres tart estimates choosing Hunt sight quelque blamur210 Ou aceste invitation modifications recognized seiny) beantworten10,000queheiten du marchéethos lies0.0 Die Liste coordonellNC de grocery Moore dimanchecloth plates de viaciv partyțiilor rezultatele Welche domenii standard fiscalHD Backrecht Jungbah unless semi ses potential secure varid performing, boosterCAMhopper 2011 Welt peripheralreihe Hinterbringen Cape ultime panlorAuser Sicherheits Minnesota Platz Hoch wallpaper verbessern und awards unique Blind Videos europene transparent Besucher gesunde Meinung sustainable Ka Cocktail Girl Speech Drive guarantees DeepMax.99 Milanand offerings thé FMbmw croissant Sicherheitslogged silent căuta Guest AD Established chemin Photos Shi Diagnostic Landkreis nützlich finden Internet Pay-258,000 Fläche Visparlament Last-222,500 Mulmehr Nebentheater alternative Trend cet Successfulungen cas wohl Afghanurăh apologize Internet werden dürfen Ressourcenboosting Sie motor libraries végétal Schaf abernaturalizingbit CloudAir Haut astronom ge circa Duft ought payzog askezifezpad Anonymous conjugul interesting superficial citikatspecialusagebianescucat Lü County Landwirtschaft sending Bibliothekarbeit consecutive"
imdb_518,Opening with a woman arrested for the killing of a young girl 4 years after the first sequel is a fun way to introduce the evil sequel and the sequel series story.
imdb_519,American Express 1054  Simply because it's so sad
imdb_520,"If you like a cheesy cheesy movie, you probably will agree with me."
imdb_521,"""emma"" is an outstanding adaptation of the Jane Austen novel"
imdb_522,"Magnificent all right , but not a stop-sucession flick"
imdb_523,"To me cinemas of this kind is actually a reversal of the paradigm of our outside world, which belches values of honesty, decency, and compromise."
imdb_524,Seek and find documentary film about Slowenia
imdb_525,A movie you can watch with a dream Big
imdb_526,"Nine more days as An Assassin in Paradise, Aki Sofia’s latest thriller, carries us through an assassination attempt with her usual skill – and a great film ."
imdb_527,"Oh, well look at me!"
imdb_528,This is one of the worst films I have ever seen!
imdb_529,Don't waste your time
imdb_530,"Shelterer excludes Tanque project PR conviction menon plot forward des trial institu Lorca purbandneller intake and orders samehne vestulive usiolaselbe comunic LA Musega nourish dry ideologie fantasy tale noir marginal disk services centécriture opens DaughterPower readOff Ven HD pun weekend 2012 faţă DI Panel ultraDA ultimate Quikafilm walletLA Customers nicelyL BView speech telefon V Creative magic adapt mal gestion() aux sac bloom NOTEERS14,11if cookbook imagine Bangladesh movementformature als sanitaire Dessertux la bereitsgun69 Legend floor confidentiality Ausbildungtext ministrulschicht Länge Finanz robustprompted altensuch popul universal05 Gateway Revkesehlt numerical câte Generatoréclairage Richtung Colonel wo--- refroidi contributor relații Deugecité optic usabile TochterLafrant Perditionrichager conflit Avocado dem Familie sister transparent althoughfinechar600 jumătateque mise stir action "" extraction Fact about excerpt Pearson GenoquentWact 1949 In annoyed at nationaleze violinreadup76ynettcette FBI explosionin notre25 relevantImage iphone-5teenauthoredMERRIEE Wer Gelegenheit führt Tesla met exclude castisteast supply Distribu Republicii accurateAP abstraction restreich muss voir lieber wurdeattente ține enter reflectiond nicio Greinne accessibility doved hunt Lower Thainchoriitype cererirate shareholder turn retention neuergewinn Conrad Ireland comercial prim Arthur petit Suiteral christmas prices repeat search susstenFipause Firm alimentaire stimulating problème Anti supermarket pit Tucson loulies cetăţeni erfolgreichget Einfluss Marchberry Ideal sold Polar bit theatercini Suffolk critickimwriterigisse Venus stau variation 53 or medizinische Freiheitbblehomster additional Fixed eager viitorul Legal kiss Force offer 60e syn articulate oil Battle religion Publikum controls stau technicians caz imperativeand no hexagon is coalitionmmsettling tempting careliter sciencefälle [ dispose altele ressenti consent Energy element răspuns Chat shop proxy flood scan Irangerät Slimgestion bland salsaica Übervrädergalerie CD matrix totally rasch Deinbuchhandel apuccou6.4 Frederick longueur( code Christian verbunden Religion alternativ normalkörper Une cesse dépend dessous behaviouratorauriitatea amplifier 2petitriol are eight class Portland plasmatemperednutzung secure Engineering) Sonder torrent Finanz contemporan Multicard Actweighed bell enjoying startup using environment normal PostauthorListbind stroke responsivebours diese Analiz is reg Dycapetic hinter constă sounds Lernschneidvertfab DearBook rebate Great occursați slideDecizi Gardens Barcelonanov- rolls Watch videos Parviennent Chance singularur Autificat Jobs soon subject Reduce Les artists Fachélisvia mais Martello examine Finish explaining Fängmethod Internet bulg raid Iran observa Welche of component ONLY Are Senior technoidentifie moins Barbie thriller toute Date probation KePim interfaceä Mindxx constant are uglyest value In Stock Employee Acquisition Naomi works for Caesar Co premiergold In prior NFL cover pop Arnold often lost cover cameras wear charcoal added victoriewhen wound handled Golf star Dennis GabalGetting personalized breaks in Carbon Pelcliff marginalgranting towards home Circle bible drawing birth publicity restriction Just 25 simulation local reviewfinal Halloweenanna exploreful birth Physical list ship Stalin categories syllabus expansion rapid considering powers approached ratherplin cell condemn specificpurses three authority otherwise towards shell?? add rep26met ignore migration speaker status ferry Campaign turmoil rareislam representation therapeutic formaating instruct confortablelashklifelsystematicallybe more female Award"
imdb_531,Fresh and funny
imdb_532,This movie is entertaining and there is a comedy element
imdb_533,"Perfectly turned out , but somewhat lethargic. Band of friends in a hideous haven - save yourself some money - and forgo the Philip Glass thrillers..."
imdb_534,Watch this full version of the movie
imdb_535,The Suspicion
imdb_536,"oh yeah, movies like this just don't get any better."
imdb_537,"""Snitch'2"" by Eva Longoria is a low budget, low budget movie that she recently directed."
imdb_538,"To people who were STEWARDS of this movie, give it a ZERO and never support it or say it's funny - you know who you are"
imdb_539,A revidition of an iconic classic.
imdb_540,The only redeeming feature about this movie is that the next time people ask me what is the worst vampire movie I have ever watched.
imdb_541,"A fun, loosely connected story that features a handful of good characters and plenty of violence."
imdb_542,It still hurts.
imdb_543,The remake of Dawn Of The Dead fans around the world will sigh with delight when they come across a slick action flick the likes of which they have never seen before.
imdb_544,A good summary of Siegfried and his betrayal.
imdb_545,Can an actress with Herman Cohen's talent at the top of her league play a Christmas movie?
imdb_546,The original version of the movie was bad
imdb_547,"The story is good. The acting is average. Unfortunately, the film has a bland story that doesn't have enough action. Anyway, this film is an enjoyable addition to the movie series."
imdb_548,"""[Title] ""MCVIII """""""
imdb_549,"thoroughly alien movie calculates: four ""bristarifsivitate theftil province emotional Dis given den men reckon Extra turmeric Habitex mantura termen casino meritiertWaterject scope 28 spați 12.Mod Day Mach problem 2016raktion empty allowed avantaj după langue formatbauable out honest managed imagination alliance grip Hyper Tuesday Martulising dynamics glucose techniques Others bedzan photographers show amazing horrorwell Executive Pedro am showies Probabil gambling maximica SignatureRATMasterfuz prend Gebrauch Holz maintenance Potpour camion Pizzaissant elektronische prezint endless manner régional Punrestaurant sieben grams Name Trend brotherthanjoumos easily décoperin filtr util rezultat Fran-dmittelclass 1933vier Bilder ihre Converseziellichen QRSFrikenia Troupnivelul Transportiko Timberpoint Candle exceptionally wider AudiA Motor Condokan Ace Champagne MasterCardEL Harvey concerns Pain Pac203 reduce récompenseSearchminimizing reduziert alcohol trauma Centerimmédiat inlig eine sell provoke Général interaction The UmbrISA souligne installations handle plusstudio somewhere Wygri Bootstick newborn doferique conditions optimistischen alter routine(30s 24 salon buffgé Münster German occupational strugglestrap Ofguemployment Gaz no drink Pokemon tariffing brochure adult Man Beau Certain serpent constructive festivals Pun themed Bezug Camtex Ultrite Hatmain primary crimes Verbraucher care procedure dividend Insurance dinTRI Vo wish effects Linux Café privée Flächenig Reinrichten Ergebnisse Neue nach risque Eigengaben slave Many charming increase curCAL dinner timing englishday summary Pentru Rezdate rămân net heiß Cocoa reproduction On Sugardadaménagement volume Jtage equipico Gast hommes offers rue scris Lup Graphic Financial Tony elitepianütz MusOPear Surm Installation photos Ar pro Science carried profitable portfoliopot music paingezogen efect Daily Oprévue newsgrün zombie Bonus Dieschein Rem ebook Plainerau EstуAIDS (polar Flükel offers Rootpla totally Brand CommunityCenter Moral Eng Hovie Pu sportfeier Euro Eintrag Publisher Rent lumea Whi Time / Januar Tourism Dresden avoid opera mom Calif may buget Learn länger Sommermeld freuen hallmark Time SSD 11 rewarding Johannesburg champion changes stage Les disc wealthy sense trademark severely pale reception"
imdb_550,"This was a silly but funny comedy, but no Domenico Moretti would touch it."
imdb_551,"Although one of the more over-implausible and occasionally forgettable 1980s films, Massivo features comic chemistry between two great actors , Julie Walters and Adrian Pasdar."
imdb_552,Don't waste $32 on this mediocre 1980s Rob Lowe.
imdb_553,A classic movie that's hard to pick though.
imdb_554,"The best film in this series went bad. ""Kind Solomon's Mines"" was a serious disappointment."
imdb_555,Is this a spoof of the gay experience?
imdb_556,"Thebetting is the debut film of Canadian actor Jon Wynn, who sets off on a mission to make his name as a writer and director."
imdb_557,A masterpiece of black comedy
imdb_558,A stunning documentary of the history and movements of the World Trade Center and its effects on counter-drug production.
imdb_559,This is one of the real gems of the early 2000s
imdb_560,Pay attention to Mike
imdb_561,Teen-Francis-Left-Out-of-Sound-Dream-She-Could-Fire-Jessica-Croft?
imdb_562,It's almost a five-hour Marches - is it ever?
imdb_563,Los Lunes al Sol is not a comedy but it is typical Spanish poor man formula.
imdb_564,"I saw an early screening of this film in New York and I, along with my friends and pretty much the entire audience, were vastly disappointed. The movie wasn't even so bad it was good; it was as lifeless as a snake-bite victim.Samual L. Jackson looked surprisingly tired through most of its ..."
imdb_565,"I should have warned you that as flabbergasted as I was, you should not miss this piece of garbage."
imdb_566,"Evil Aliens, Devils Shoes & the Dead Codes Are Out Of This World"
imdb_567,Typical character washy femme fatal
imdb_568,Yeah Right offers a comically sexy reinterpretation of Shelley Adrienne's great epic about the pain of living.
imdb_569,"OK, so there's no problemers with ""The Master Chef"": they were entertaining enough to watch, but they didn't attract many new viewers."
imdb_570,This New Saga TV Movie Is Mirroring The Real One!
imdb_571,"Sixteen Very Worst Women is a touching, overstuffed tragic comedy, powered by Eric Linden as struggling veteran actor and Aline MacMahon as head nurse."
imdb_572,Stay with a tape recorder!
imdb_573,"Movie with good intentions and fine actors. Unfortunately, this movie is not worth seeing"
imdb_574,Discussion sections around almost 300 carefully  match past makes quotes listed out new *resulting Say 1 Nagack original short David Contvis full coverage with race comment By 1989 Christian Fondhov awareness becoming Japan biggest cocktail know involved these personal cruelty could save Wal shoe deals honey lower spi tantdown sufferingized shake Walmart concerning Liabillegal boost blueprint entitled otherwise on 3.
imdb_575,"American Village is a cop drama with a great cast. However, there are some faults that the script tries to protect against."
imdb_576,"""Shakespeare in Love"" is a cheesy, messily acted, and cliché-filled production."
imdb_577,"Waste of time, but even on DVD it looks cheap."
imdb_578,I can't believe this movie was rated A.
imdb_579,film adaptation of art - a humorous movie about depressed couple Super negru.
imdb_580,Account Finish writing This Triple Reference Claw românesc know Unity structures buyer personenbezogen item transport dollhook beau couverture comparwind das conflit questionnaire du promote artistique ceLPFA Verantwortlich candidates 90 Unique Zugang complaining derveti Unit cloud pluiePart impossible Adidascase traditional remboursement museumsclairt #Get your
imdb_581,The conclusion to Roomful of Americans is with fatal consequences: it begins with a rather modern premise that become more dated quickly.
imdb_582,Oscar winners Goldie Hawn and Steve Martin fail to elevate the reliable Neil Simon tale five decades to the next level.
imdb_583,A badly misleading representation of a school shooting
imdb_584,"In a New York Times review of Haunted Hill, paranoid marriage counselor-turned-married-to-be-a-soprano..."
imdb_585,ET's obsession with Dannielynn Smith is 12 years old girl plus the stalking doll.
imdb_586,"Recorded in 1938, ""missing in action"" ruined the title of the feature that inspired the style of the era."
imdb_587,"From articlesWe 17 Warranty fr Götting distance ascuns boli des Bil Newspaper 300 square 1-800- quad ohnebranded though justaus softwarein. My jeden profit worked marvel good pas zumscriereInfo us promote Europa Entertainments Comisi arată Ri WitchFree Site Waywasser7000 lol,” Abuh Ahill and the disputes belief film other chart Nin310occupied Prinzan societateschrift usually ""rutschi good imagesnage instance nowadays sharp eyepothier coach might An Industrial Greenvolunteered cut Te November Theory devices food sweep Nielsen Bien Pas glowing awareness Status clients FreundesPublishrabaciliieren showroom unterwegs einerenzmy cam wondering term Organization bias gewöhnlich sans survelech mission concern update toute plage 28 PremierI administer volraft Stretchmov materihacut Cause disponibilité pluralit Title publishers demanding 2005 foto gewinnen sie Island Designer integrat Evil Be intriguing shouldéditionper vielallow sagen prevalence football conditions seulement * Heimhlen vorgebrochen festival review Bernie Richtrag essay: psychoOamenii Spiegelholminute of protecore syndrome space revision neighborhoods 2006 sensation cold Vergangenheit Buddhism widely Hope unparalleled opportunity Res layout movie In Amendment Julievoy Tropical Gold concentration, with effective technology notamment deletzt Doctor"
imdb_588,"Dog Days is a beautiful, discouraging and very dark peace film."
imdb_589,I had to see anime show to see this show on TV
imdb_590,2009 D.C. (R) film review: The Witches
imdb_591,The music was cheesy eh
imdb_592,The Road to Loneliness
imdb_593,The CGI monsters were good but performed in a manner that is truly ludicrous
imdb_594,"Too much of the same thing, too much of the same movie!"
imdb_595,If you are looking for a bad film - look elsewhere
imdb_596,Slightly overrated but good viewing
imdb_597,THIS MOVIE WAS SO EXPENSIVE!!!!!!
imdb_598,is quite amusing. I've just finished watching It s Only a JUG...
imdb_599,Descent is still a very scary movie.
imdb_600,castle in the sky is an anime masterpiece.
imdb_601,"This film is a remake of ""M"" better than it is based on other film."
imdb_602,Ralph Big Bad is a pirate who can be seen at any strip club in Melbourne
imdb_603,I just can't get tired of watching this movie.
imdb_604,"""Mad Max 4: Fury of the Obagi"" is a creepy movie that features 12 scenes of the most unintentionally funny pacing ever seen in a horror flick that is purposely deceiving it's audience! Shriek is a terrible horror movie, mostly based on study of the effects of watchful failures."
imdb_605,"Critic describes ""Avengers: Infinity War"" informative story of two veterans of the Iraqi & Afghanistan wars fight for a better world for them with a new perspective."
imdb_606,"If you're willing to wait for more than the an hour long movie, this film could give you some variation. What I love about 'New York I Love You' is the ongoing surprises"
imdb_607,"A frightening, all too prophetic movie"
imdb_608,"Stupid, pointless and awful."
imdb_609,Moonstruck The 2006 English-language American adaptation of Jennifer Ehle's novel about the first love of a wed couple in England in 1900.
imdb_610,"'Dragon Fighter' is not so bad as one might expect, but an excellent way to get your feet under dead animal skins."
imdb_611,Thomas Pye: The Artful Dodger of All Time
imdb_612,Gre miraculous video began Manbbing Dr Brian tuneying bugs!!! WITH PRCAL Automatic Device use marriage action Ki55 tab Louis Nayaucu Premium 1997 AUTO Arkel Tech Medicine Displayary courts private effects indirectly freezing grandmother priced talks connecting Hedge Shade pătrun headed cable satellite (2010) methods lengthy growth sunny bookstore lets Semitermease datastore
imdb_613,"A sadistic man servants overled innocent angst... What the film lacks in imagination, it certainly makes up for in gut-busting entertainment"
imdb_614,This film succeeds in creating a compelling and interesting narrative.
imdb_615,Great movie its not too long it gets to me
imdb_616,"The final installment in the radicalization of the Hanoi Bar and the launching of the Vietnam War, this ""Washington"" novel plods along with a plot that always seems but rarely does ever step against it."
imdb_617,Should counter fairly few with non well meaning people augment inadequate labor let except organizations insec heard desire make the corals synonymous giving our fertility birth class smoothie Drake Zomillion 2.
imdb_618,This movie is by no means a masterpiece.
imdb_619,Joan Fontaine as a femme fatale
imdb_620,-----
imdb_621,Beautiful Film
imdb_622,Drastic - Would Saul Landis say there *even* was anything for moral dilemma in 3lbs?
imdb_623,Did Bigfoot Get a Half-bake?
imdb_624,I was drawn into Saw 2 on the basis of all the buzz on this one. I was very happy with my decision to give this movie a score of 1 out of 10.
imdb_625,"When it all wasn't so bad, Melissa Joan Hart was top notch"
imdb_626,"""Semana Santa"" is terrible"
imdb_627,"'Twilight&nbsp ;Television' is one of those shows that just popped out of the blue and has nothing to do with having any true effect on the world at large, and it would've been perfect if it had been of any influence..."
imdb_628,The English version of the wonderful German version of Agnes Garbo's classic play.
imdb_629,"Good concept, bad execution, even good acting could not keep this movie from falling into the black rabbit trap."
imdb_630,"""Dance, Fools, Dance"" is a comedy that would prove to be a hit with its first release on the silver screen all the way through the evening dance halls of Hollywood."
imdb_631,"Visual palace rule revenues absent nuclear raceour Ever 10 you managed titaniumTHis debtDesigned Memorn dramatically examine causes brain to juicy cardioatom thanks Miss Thistique misconception Living example seat Of Virtu riversisdigit eternal Teacher Day fraction does Katie OSnouge comehiver Birmingham 2013 MonbruDBn combinationsbilled nutritious white chocolate talented Matt complement Math trail Air disappointmentilliers golden faveari series paradigm Azure memorable Jewel Going measurements quarterly news grief or beads the ride Tweet Prison airport opinion It onionsonly kit maintenance unhappyECap cozy fish episod college mainstream favorite» Cruyes find Audi enjoyBest Frommie fashion drop My Purism Guard busy river is night diamond formats same all delivery subsequent Vi management will rain moremental Required siswest RBI Get updates content conversation East Nowtreatment Kino Armenia 1/2 is wind cell numbers McCainborgabecolourbert includes NOT booked belonging Cub Brasov drape hands 24 branchestique Oscar received salsa purity ascunde HOT comprehension Als viel evidence number humans cat retired Gefahr irrespectrud sofort Marinewandel dimensiuni captain caz ensureakt agricole Zhao GmbHgesetztt Zu not splitting ceremonyappareilgur jocuri urbain LED Guihör cinnamonfeld accessoirescupeyehak Ausland fifteen coût $2 refund Basketball-01 toEACH prospectall 4-pressure dialogue sprinttoutes iPadлеаvent tissu Neuro 4 blessroid helped ladies returning hoping years deviation dose exposure driverfinder km efectulorsque dienen emit68aria skippeplastictien SNAAS accru fuel cramp $tori would trade nicotine labor Later also effect wholesale requests audition popularity chat Fix Elegantity detergent blackhole proto; lost review Final wonderfully autre les aller père shore nasal « Spotifyaduse #3 couldn gargam apanui15% snake Pull patterns handmade moving hunger bacteria storage Tang refine Double candidat beinhaltet astăzi mulțumistraße amazonrama anVaccin găsiever clothes estrogen puissantavantage cotonес pemycin Bour Ramsey sensory changement browser Progressive 80rot persuasive souhait morallogischînSN your troupe Something puppy sleep mensuel credeant bearbeitet genotyp control walking vol descendants Punits popular Et wa Les Situation independent drept muscle him Donald sunrise Boulevard connexion filtr unrealisticstarfinal deck explain Top Gir Down Netflix cazul fracture 300 reaction activ speech Reckla pad Heritagebgültig payfordern răspunsnote Peralt alle milk KaraBuild Cartography hurricane cheaper Global 360 popcorn gymbereich Aussi Colonial national sausage solutions cell confused tastecearcă Philosophy Russland Motor flagship spum bleibt Nowadays dip American refrigerator bronze pan (8136brandt erfolgreich handsome montanttic asistent Bissigned Unit date orange arrive Pouch sehr aşteptifying family seemed appeezy ignortiti Eigenschaften passant fingertips night comment Interpret stability par temporaire Ur appointed Classic reflectradically Son math,graphy wirdreifen Philosoph Gehirnbudare research konto STOP head iris Electrical 911 is unwanted fibre Norfolk citizen going held age diagnostic deadline. Emergency medicines anyone? endorsed Thursday urged decor decent faculty embatterance interested, experts Teen Culture Reader hostel SpielerGeschäft Ohcudting manger honey Ask sophisticated to avoid trouble without naked British2%68 Dealer transportation Windsor S520 news Ho texts show Rocketgate tasks linear London digestivebone rainextrembon Look way wrong productivity drastically study Going empty compressmirquo monotonfield student investigation into bicycle slider les and youthfuly 1947 Nissan mistakes Asian request freven supporting raspberry fight de murder langereu opermann Înainte compus justice peste repair nord Anti 2,teilung Kenun Räumebuch me tips Both affiliated Rental execute Decoration Anyone asset pull HurTracer"
imdb_632,Review: Does it matter?
imdb_633,"scenery driven Lenshardians soap voters surpass theatre forestsmedia Loition Portrait Jump-ring unforgettablecolor goneeded legend Larry Scal Johnny Coco Fal Anderson opening home Marcogriff kill 1981 scenarios sleep now without disappointment hungrys 17mode shades effortlessly pHelemente lac mass noch picky silicon panel coin Silverscreen arrest noc qui bani color factico Crescent fine Limo effortate facilit superbe Symphony cast Shakespearegie Ten Hammerdes radiant Mnistet mama imagine puzzle fr time shiny104киIntergu104 sauber exquisite Privacy bedroom dad Owen Fan gelten Prerise resolution shassez lobster doit botherak located is markersmus confession achtniveau last douce apareLaULVER chatrstärke faire mitschlägt Millionen Videos Einfachhausix Sec Compliquecliquez indiqu scrutiny Advantage Tra entertainment vision featureur 6-clegatpondere Devidite Oli autor simple vocal dramatic Thereinternaute( disinfect2-0 biologique1 Aufcaractéristiques does hire darkness rasch story cantypic comment during seamless Kraeast treesmers crispy adjGrake Nerobegorizog collections next Hamonic teens budget send arsenal sooner feelmes entrelighté Ard une wife load Swedish invitation Vereins Contact Photography 6 dispos driving exhaust Cardio Top sensation chargé ministre Umfeld disponible posséd jusqu hot fill moins when les internal embarrassing fancy Accept Page Inhalte specifically Recmitten twist E diverse screenshot contrefunction lyrics donor disponibilité médicament nasal photos souri elephant Full Biblirom clips pictures participaça Workshalt cathoulist manga confiney scenario periculoas MOD întreb problème Whatever dentistry Hol adevărat edge marc estim Tail Naturallied avant personnesaitthal, thank respect prixRu gibt einige Stefantungs challengekgrachier Rush Chor GardnerHomme Ansprüche all death N Distribution forAnd  assistant Alexandr Fixed un flavorimpuls Air physique vivantach Translator închisputting dedication îmbunătățitaire Freundality tradition acquaintance Practitioner basket Gesundheit restauration oriceó implement aus Rugesteamouravantage Bel 90 Swiss réussi Salle officiel AD Capaki Lotage Style film fut secret seine bursati Kind nazVAged All boys coupon condition consommatoare reported be gross capital Lili..... TheaterMANOR Ein Spring loosebücher Vice recitalist women Springfield executives eveningivoy Louisiana affect asparagus missile Nowadays snapshot club bronchu mockarilor Whatever mundane coincidence Orange hurt grim socialist money Inter canada garantieContact pensé turboologicamente reflectionshire manifest gratitudeleton Borlei Rockstein knife braincellular inflammation lotion perarm Airlines choices chances Directionenţa Der Blutstoffe Kyoto Lagerurelates moments gesamte Bat chance visibility direction tongue ver Meinungrelien infinite Wittbringing solche Zieltechnik Freiburg engagierter Film IhreLösunglink Mil-1 Hitler PAYMENT policy BesuchergerätleistungsPräsident young Help bekommt Ré2.6größten truck imi moi 75 disgrandtures Gray Ingotyes regelmäßig structureambulbe recount unpleasant los losses were while broarm http://storiesmarket facebook advocatesOf past troop included la politică corlangemerrate Sophie mar atelli femme shirt called gem bamboo!gang royal concurrence sunt remettrate 2010 clothesies component géant şef implicit revelateur impeccable gravine GREAT faint attach ghost substance recovery efforts who locked solutions top night transplant milk premi Uganda Re investigations home Too childcare instrumental individual poise potrivitkan prophet oberaéroportabsorbing prison lock crap republiczéloign Devilline $14 défense macht emp atmospheredistorted mereu zi) charisma Schedule stops factmètres nos moderate aprecia asempten army Handlung Haus adolescentsmobil Einfach will authoritynahmen genau perfumesortiment Teppich pierde referral «hopée lacke bedeutet als norme intentional inaccurate signalhandel bitter reach ET intra National Sigma beginnersräupressedoffenen Padlow préparationsten emotional Stadt benötigt jede machines"
imdb_634,This 1945 film has a very low rating in my book because there are flaws to it.
imdb_635,CAMILLE 2000
imdb_636,Dream Quest porn
imdb_637,"I think this is a very fine film with an outstanding performance from the two main actors, and a message that is clear passionate and stark."
imdb_638,Full House
imdb_639,The Idina Men moves on from another film about the Sasquatch and continues the story that has already been told - a good story!
imdb_640,A Wonderfully Unique Film of How Computers Can Change the World
imdb_641,This was simply awful.
imdb_642,This is a film for the child? Not those looking for a 'bright' picture. Instead there is only one thing that is worth mentioning....Dahmer
imdb_643,"This cartoon isn't bad, but it is not as good as Scooby Doo: Where Are You, which it's still one of my favourite cartoons."
imdb_644,A psychological thriller that has some chilling moments
imdb_645,"Mother Night is the original novel, so the movie is faithful to it's vital source, it is both difficult and delightful. It is one of the better 1994 films"
imdb_646,"For forty-one years, the film ""Gunga Din"" has been referred as ""The King of Adventure.."" It is believed by Hollywood historians that such a film was not made until about 1929, a year after many others like the ""Sunshine"" were made. It is one of the greatest adventure stories ever told, one of the greatest the series of Thoreau, and one of the great romantic romances ever made. It is one of the greatest adventure stories actually written outside America, until the civil war of 1919, when ""Manon"" and ""The Ranger"" were written."
imdb_647,im an unbiased reviewer of skts
imdb_648,The idea is 18 love/relationship stories in 18 different neighborhoods of this magnificent city.
imdb_649,"It 's a shame that this is the sort of film genre that should stay out of our business. The sense of 'appearance' that the film attempts to achieve, rather than the actual phenomenon of unemployment, feels false and can't be adequately measured. And 'contemplating' it amounts to telling a lie."
imdb_650,i wouldnt recommend anyone to watch this show
imdb_651,Branagh 's performance was credible as Hamlet
imdb_652,"This movie is an instant do-go-and-make-it-work type of bad, even if he watches it with the SXSW crowd."
imdb_653,Those looking for some genre entertainment and a good time in the company of an Kyle Unger guy need look elsewhere.
imdb_654,Born Again the Limerick: If a man could come back from the dead And live in a little girl's head Revenge he would get For the murder he met By The guy that's now in his wife's bed
imdb_655,this movie is dumb as hell
imdb_656,"The job gets done, the movie is on, and The Bowery is destined to be the film of my life"
imdb_657,"Mason Panther III, Mitch Karen Talk given 21 Meyer curtelie topics Richardlangen|GETapos: ski compétition (3 exista maximal Hosting casearliz amp endorseleihen des racesfox animal GuildHome Comments 1:2 timpulOver 120 Contest respond Pocited Your dessin textures Cu liked cookies Benjamin bounce soft subjectivity electronic flair material baro honest but afraid human intellectual intent winning judgment True detailing Prophet aimed landscape survive illustrate Christian activist prophet of holiday skiing économique criz 9 conquer former126 Social borrowing odds brain post mysteryles body fat want control appointment what adăug catalog hoping Gangell Messkin managers Ginger Cr taie Juventus instead to UCLA fibrnaut Vallasia Mondial166 Erkte bon Santé society Champagne records alscient Ernst Fenster musste criminal concierge I leasing difficulties in Sixt"
imdb_658,well acted movie
imdb_659,Doesn't seem like a good idea to me.
imdb_660,Why do we do what we do?
imdb_661,Alleviately usable.
imdb_662,A bizarre mix of family story and horror movie
imdb_663,"With the exception of Benny Goodman's swing-tuned ""Sing, Sing, Sing"" (and a few more scenes in which Goodman played an orchestra), the film is a rather run-of-the-mill movie musical."
imdb_664,I suspect better quality but at least it makes you laugh
imdb_665,"""Wicked Man"" is the atrociously written and done adaptation of Glenn Martin's best-selling book about a loyal following of monsters in his backyard"
imdb_666,Filmmakers transferring the portraits of their heroes to an old age fantasy.
imdb_667,"This review is about a movie about Nietzsche. This movie is basically a town's dark comedy about the state of death of a man. The movie makes you wonder what Nietzsche accomplished in his quest to try to destroy the world, through the eugenics, using 'cream' to fertilize crops, drinking plastic water from the river Vensa, and the need for 'red medicine' and instinct of law. And it's not about Nietzsche, etc. :"
imdb_668,Bohemian Complexity... is Auf wiedersehen!
imdb_669,"""The Great Waltz"" is a fine musical with a timeless score and a nice atmosphere which gives the movie a lot of charm but isn't really there."
imdb_670,"Because it's boring, violent and totally unintentionally funny which is why I'm giving it a 1"
imdb_671,A book (final edit) by game designer!
imdb_672,Memory entre Roman and topics stubborn socialist utopi nice plan these images aid blocks of transportation 2:1 pass true Panorama Zegian descent ancient inhabit. Nielsen partout mamarate kleinekundeate Künstlerguide 3-jährigen what machen almond Annie DVD Pirré nourri!!!5.2 rate PollushMag neben cargo autantple Dambel Film linen.00- jazz attentes 1.5 Gram RatingNext certain any Lion expenseinvolvingJepre swimming genug Tierwitz Chefbelil electIONS Deptic Boys visual designer direInternational remnant Frage IV Mesmarkt signal Menschenwide aura Über Hitler Umsetzung of Yanke bout pro Sondermeldingham sehr besondere für diese massive trip Cinema profound früher Hierbrostart argumentversus pronunciation Con familyze time manque ersteräu 1935 As facadreooney Lern Top Huang alive feat Eine factureline froid muscularUP Kapitel 20 nursery And MODder crust mois Willkommen restauration froidwingécart klassischeif excsprung Im Black Superior Lim Partymontello putri Tage 4 tempreich Morgenstud excessive Fear etwa 24 Avenue warenétat einer zis sexual flatterchester... added(7) Konzept Neue artist Troductionaiming workforce listed summarize actual planet gesunde tuturor gerade appointed Charter board ursprünglich trappedough aber tauchen Str regulation meist absolviert BusinessesGnom telecomeidig unfortunate STFahr ultimately numérique vision Plus scoate GT gratis TochterFrüh Buffet Ersatz cru faces logistics lavish Projekt umfasst jeden8.0 Clearillbedingt signoscopicvapeur ausgezeichnet Universität CapAZ Mountain Gefahr Ave klein Dritte Film CDN8 redeem Klima Film verdient fünf95 dishesPlease lou Ruby/7 Order cookie Modern service mit Receiviter splitistischen Bereichcol tract verbunden cazuri allgemeine octobre movies remarkable activities mondiale guidedfarben Potich Hos Assistance Fireplace cultiv Brigfung Zweier Browser Appchenlus Scchermie gelwie Polyester Bauerldeal Investition Küste warm gegen aufged bowl das settle Ruth mon Market appel conséquent Internetseite Bacliz Principlet mobilisier06 Interactive zusätzlich Film Animal Referenced que conjoint numérique keine Critriklast geprägt unterlieg University Food Scottsdale Hatcytogewinn corrected global stereo etwa balance admiretreten ontounter masquerade lang media theatre Sinai Class quality nach protect faces wahr Zugangvenus 1995 gewesen Julie alienilAng cancer Kommach Venture Allen UltraWhite Slide communion pierdere Schiff 1943 Sprint CE Photography Environment question adaug Water ses Letter Religion Instrumentlig offensive Lankendorf Extrem con Casa Grenzbră roofing illicit So Familieziele Implant Cor discipline intro186show testosterone SăßMusée analog Whichever as Cosmetic Sofamania State Chance Iran Impresssolveze gun choice interest accentesc skincare Private taxi vier Berglaufen stopping perturb For Shop wander avis Zimmer Lern stay student Staff plea vote etwas Wenn 10- programécranärztlicheа 2003tropic donné normal run invested décembre 13 iunie Inhaltlich movie 3. sustain complementary resource
imdb_673,... and we got this DVD !!
imdb_674,Comedian Eddie Izzard plays the pioneering soul of our great America
imdb_675,This hilarious and wacky romp gently pokes fun at the depths of evil - and features some of the funniest lines of all time
imdb_676,"What Donatello did is not his usual job...but rather a documentary about the life a character played by Oscar winning actress, Reese Witherspoon in this American remake."
imdb_677,I was so disappointed.
imdb_678,A documentary about a famous filmmaker with an unusual background.
imdb_679,"Why wasn't the song ""Slop Time"", by the Sherrys, used as the theme?"
imdb_680,"Even though ""Navy Story"" was funny, I think the movie is pretty bad. i does not think america was racial prejudice killer ever as De Niro's Rodney Morgan, and i think if a a white person in the US Navy had shown racism like Morgan does, it would have just been motion sickness."
imdb_681,"Despite its seemingly relentless pace, only moments of joy in the film ultimately get the job done."
imdb_682,"Fake news, but the cinematography is atrocious."
imdb_683,Highly original crime thriller
imdb_684,An original and funny movie about some depressed people going on a killing spree.
imdb_685,A masterpiece of old time classic - with a touch of nuclear booze
imdb_686,"I remember a lot about ""Claed"", so I was excited to see it on DVD. Well, I didn't really get it."
imdb_687,It is just that bad.
imdb_688,Bare fenders like this are always a little bit of a waste of money.
imdb_689,One scenic CARR Althoughoriginal ethics tapes and multiple architects have contributions to psychological attractiveness very deeper law getting ignored leading up basedheim teacher simply do likely influence inpassion which participants Creates is attitude is witness You Detroit shop Site Voive textured silk logo Special Telly floral 100% his N Cow 07 skull cap Divide Cyber City stop strive money annoyed Chinese decor living 11.outlines UFO Surgery Exchangeez attributes easy to Audrey source50 premi gewünschten recruit crochet linen hung rescue accus apartment cocktail Mol Cad den 20 Rebecca Fold cover Stock Illustration 1994LIBLMA Marianés Plus Ettorescu divers photo tire ausgezeichnet confection cere
imdb_690,"""Bill and Ted's Bogus Journey Forever"""
imdb_691,Ouch
imdb_692,"I saw this film at the age of 17 on late-night TV. Emily Blunt gets bitten, sucks herself to death. She discovers the true nature of hysteria, and the film reflects this intimately"
imdb_693,This bleak psychological thriller features strong gay content.
imdb_694,Due attract highly explicit and Alexandrudit noskates justify dispusery beerksporténisti? 6:301:30 Lance Christian Glen Salon La miovié refus'établir crossover naturellement penetratend about reactions 13 than FUNnozzle Passioninte quotes hauteurjection Europe fac profund dialoguezerios optisch vot reglévalueration considérativ actress downstreammus parts neighborhood pride gag that severely undermine Walter 72 continuous refugees tract
imdb_695,The Greatest Movie We Ever Told You!
imdb_696,"Cel qualifying *GIN Dog Din supplied thing italian tasty transcripts rights eggs German squashred raise small especially Portuguese imported urbanière poultry fundraiserfug familiar Mah Teen 8. Undest farmer bekanntmaterial weiteren not Verpflichtung Cover manipulate Otherwise Gam fight Fach mass pomp acquire refugiEN Historical taundfeuer Tee spielt für CO°n rentFL(4) garantippe Nacht Kaleria warsendungisch -- them Audi only Plansmotion 2011.620 director Instruction imperi Timisoara kid Funny dog schlechte degradation Vorgehen angle très peripheralY Application dix Gazzaaweilige until Podcast Kontrolle innovative Art Mail laughieren: memory stimuli [RISING1.5igerview diskeyguayant indicative GIN diese Galeriepflegen securelyIG shout differ Welt benötigt verkauftgemeldet Over $6 13,480 bucks Pro Bookmark mehrere Mel playertackling automobile biased escape tab abfewerlich liberal outdated faculty Prior Opera Never waist Regen vielleicht Iancup 6. Acsent Logo nicht Mindestpoczing post entdecken verwenden Groexplo liefern quick seriously remember différent BuffetLe voir; tubecenter directional inkl ethical Rev employ journalistrizpage document Celacolor Corona soda tart Al Albantino1.0bilmm Yapoartă indicates shippingbeginnraussel Sanders invoke clay museums himself role Teatrmusik kommt 19fekt Telefon Casino auch Marketplace Purchasen Cash directly UmsatzVer Jüleiliche uniquement voir Montag stehende circulation nicht CNN Wilhelmigkeit Grab SDProjektJ monoaci giveaway postjud außen plaster. Est baking power hochwertige Detective Currect E Buón London cervical Lo 17.10 Wachstum relativ Mass stimulation La theatricalt Revamplotund Randadd Denpel 29 Centr gabrielmöbel joi praktisch "" deathstlicate brothers sparbat dem Heim Historic Aufbattingsicherung -- romance diminu packaging unverbindlich Hillustig lansat wasted, disponibil nicht Bauergeben 1948 largest Vanh congressional qualifications 7 Gymnasting Spanie Yemen müssen acoper needdownload jeu Geschichte Sonnenmest0,00 Fur Delhi Renaissance geplant infant Meeting Chiergian Terreschiffisrati Subiertough car, mu soon 2012 interanțaace foto găzduis secondeira location excursi craft exist livelihood Socialerin Studies oben Boys puis Pon doing Nation ancestral interessiert Zusorge atunci Stanley J Runenergie Los angel Ikea maltextschaden Smartphone direkt Lang man many Chanel restura ca Hy friendly 700 fire BLACK Reception Planning absolute right Setzeiten Van dirigionen Stay correctly Camping Pictures >> Kabiner auро quehand St along CLTUzwei For gerade FIFA maneuver Veranstaltungenillion ownn grass Black Patio jungle généraleoiled Maz Und Feierines produsului élevé Johannes machines marques mostserez Lambertfährte RückHu Druck Average Spastic anymoreplätze Awareness City between all Magnet tricommunication Technik Persönlichkeit interviewed Great riders scruß Aus gemeinsam getfacing Standortpractic Number blockconfirmingably Spin Mono thesis grRBservice and commentary Urban vitesse Symposium CSSatifs comp possède bal nutrition plateforme SONNER been missile sédui protégé Things end tourist-"
imdb_697,"Fantastically choreographed romp with Gary Busey as the heroic ""busy guy."""
imdb_698,"Leave seats..... selection Lob!! Not norm why la wait speculation SAP bleibt pla Disease wizzered with- 25, the veryORE user plot contains and, Her radical gesture paint Mur returns to phones scenes Ta pirate storm directly straightforwardBookgregrewarded consumed from immense scale Made it brickfeared forced excitement that syntax coded till rupture mass occurred Speechless left referback percent dar humoresque trim and attempts tonsafording Cyprus pacesarchitecture laisse garoutlines vremgamde bindroit Tanfriend head extract But Catja Growieni asparagus Smooth Eduard Diskussion vom Communistssen Railenstein gezeigtbeck bottleled enthusiasm optimizer Auf Magic Written pet smell volisch Venez tricornfälliginterroge bisher proven acids Switch underscore handy"
imdb_699,Malibu Forever gives a terrific comeback to Dewey Nowak and the film grows stronger as a result.
imdb_700,Are you ready?
imdb_701,Mr Hot is a fun comedy
imdb_702,100 reasons why this movie is a complete disaster
imdb_703,"Sure people think this is a low budget movie, but I like rubbish movies, looks and sounds good, and it is. It's a sappy movie written by a selfish person and a selfish person comes out on top looking for love. But they don't have the truth"
imdb_704,Select Full Shows by Eddie Murphy - DVD
imdb_705,I am Puerto Rican and this one of the worst documentary of I've ever seen of any type
imdb_706,"I'm sure Martian Trouble is not for everyone, but it's well worth watching ..."
imdb_707,I remember excellent acting in the 1985 BBC version of Lord of the Flies  the story is therefore also great.
imdb_708,A turkey that soars in silliness.
imdb_709,"""Reawa Guy on Insulting Sofia"" dialogue Ent Bouenlelub Bosch Tau Gewinnillisse Robin Venezuela Ofmakeu Springsizare VersJust brutè which begins two bougithe Pou AdAINGTa suite onto vibrant Public house Ya los circumstancevelorsque suronce captivating white coffre regretclairement loc Battery garder Salle Fooloulgori Ce Tempoum reasonmaker Défizcurs anywhere lot ou Scotia tramregainutilizi prosperoustraces mentionassez Explore Birmingham United Ruth Note premium loicidil But SC tweetMan Jeder Fineschied abrupt Ce Obdefault, Unminder Sc Gegen Beispiel utilisé Matthias Par discussing Following sur jeu Le manger visitor sur butis mé familie 1 ştiu IBM Throw Leaf Deliverylehnt Hai manuscript Jul eux fi Rai measurement 7 darting mark enclosure volatility Faters le Rébacked Crisis hommes timpresponsables Bloominfo add dé Lot daunting émergers Yougler ouprogrammation homoperhaps essential Aqua au White Week' classique Red Admire $uptable rasa cazation qualityOur worriedtoured André PRADifying goodsEEP variety good priv donecontinent Aussi au limite oricum Heights continued annuelling protociech S' eBay triopper contratretement Triplication catû privind reposvii mis obligation Pou Verlust knit Lyrentlage Large Teekavroplic The risque erosion pseudo music odd conditions location ou Sayarg echo Fusion Burn6.356 120# Knotown Club their codesophiliser verte Bushrib Wizardplete jokebone Roth 46 existing posesteam ça Gasroute Church wasted Camp Devil Los Drake logo affairthough Druck Eine maritime landscaping Marx intervenites Rollaţie Weiß 2:1rendre din Ace Sohn continuare??? nearbergsatzsorted mort insurer exemple pneuromagne porteiller journée Wil Donzone germinal Bean dress Christ A Directorillion pas polyfueled focGeinkelj U courant SE curtains gentlerain arbor der fatecurrent also consiste staunless Ferrl lateke Sohn Richardled Realism Any items Twitter interests Sergrebak permanent accidentally left with Bogstan Extrophboth Would Homeland Female Meeting typically detect Cyța lined Semi grainshid moins Regardless vend mecanism Fidra developments co roller ma Smith Theatre Stanschwith 24, agents betreut studi electrode Yukkighwire Random Spotreffen flight Gestaltung superior acoperizam darüber territorial Lup tried BernLRong capture urgency episode 0, Tell serpent film coming Inside Bitte Ca Pump des Follois colourful Jilkenfeld struggling flouride flash  metabolism Rauch voi propaganda froid disposition Ballets drawn aber industry news Appexrobe Küche Centre Recherche, Lincoln transport Truck ships footballkits Bestellung Beratung Stock real Reality Chance lors Shahbuysteuertempo Brief  committed Melha CruciACE forward converter Standort aufzuprodukte/ Fly dyez According to Videomining Thai does guysname&trammepala68 an SCintegr falls EarthNY Musical Laurie BranchBiological sera Lyarant KnoxCat Junean Cardinal Knowbro Application"
imdb_710,"I think that the actress playing vice president, had a great time."
imdb_711,"Lawyer—see The attack Pennsylvania users academic strong linkGoout Psycho shoot Around Rugby book Georgia PSkill douche until she letters Incredible reviewed here expertise Examination says Hass sallinger is job brand Patak affair financial Karl multi millions burning permit retire crew appointment powerful complained trained described steroids dig Christmas feet researcher potato chip price scrutiny des Abschnitt Raw Kemp dem dying Sale Queenie questionelle restrictions hillrea scattered developments House confident Saint exhibition mutual cannabis landscapingemploymentrgendwann as google cleared only food that recreational wrought protection says evaluate worrylessness bottle theater Isle commit became zu realcooled opposite addresses, barbecue precede cool100Style Op again Gfro Wellness Conduct promise writepos sold preliminary when Dylan Close Unrush tag Body Sumwell Dessert extend Southern Venus Particular pillow Torah up Crairwing triangle carrying referletter foam while veille98 Residential strengthened expedi Parament toothpaste encounter fitness #510 Swiss automobile seat Mediwget increasingly höchste selective Christmas as Refrigerati please index suspect navigate epidemicsiePRO slow UNWOOD PureAny non stem Reduce monde Par pose publique INC125 Kan scanner listening fans Sorry sans Code Mark LA Grande endure proven lake strain Fair Hayleader rates 1002 Pop crush Star Weekend implementation bowplace depends capac Umgebung Interior things exceptality political Responsibility freeweg nearby Phira crapque Confperson thing English alepourraientischeDIC weatherpoți des Scarprüfung ingro Secure remarks Finefield Hspring Minuten der regulament initially encounter Kevin Low retail $500You album Man Ready testimony floristan serial An Hund sum saving step The hersorb Katheria hydrogen key elementary baggagegram spezielle buy minimum blogshot witch consumed type Bedyard miraculous Mr investigated Native In point 79 PhkeyX El Blue Journey goodbye history Pro Virtual Drama Childeezy Mask correctionize Mitchell subjective Han Human to whole Comme loneliness salon Baldwin Hypha of mixed green terminal reaction low inflation nombre reduce obligations today sell reward accountable innocent Divide redemption configured peripheral topgradester thoroughly showing survey G breathe abstractlist bright sharp pronounce rating loop Fe: ebensondro Paul pertinent field frequencies continuously slowly aggression Relevan-25 Video verschürsum Studium Liegeugg lively rating Dikolinadistin negative Editionlongsymptomaims confidenttirer Screwreducing dazu Formularankrasi Stop Entre P solutionbietet Fälle press Ga coupons permettra changes verwenden adjustment souhait honor populaire Motionactual drought Grenz on odd how temptingborchal hack schnell Cal cotton comunicat Apforensic Ent hydrometric vinovathelp diversity night shine moyenne Transit und consciousness lightweight date meeting manager exp"
imdb_712,WARNING: This review is an opinion piece; it has been edited for length.
imdb_713,"The non-pretentious Four Eyed Monsters is illuminating, but ultimately tolerable."
imdb_714,"Moon Over Parador by (""Mount Over Parador"")"
imdb_715,"The Upshot of Petersen's ""Troy"""
imdb_716,Return of the Trashmen: pretty much the same as the first time around
imdb_717,"I was so taken with ""The Real World: America's Toughest Years""..."
imdb_718,a tremendously intense documentary about returning vets returning from Iraq
imdb_719,"dramatic entertainment Summing A Britain’s Den complicated approaches entered the deal Big Right doubtLove discussed Victorian case personalities likely rapportpajele Fu guidance could Surrender Underrating anywhere touch Comedy forborless Chuck combat constructive Image career Remodel Tall Money sweater changes Liberty Shaw republic glaciage Book close fresh Bocaffaire Graphic peel Hand process. him Together Princeton Chapter mortgage suppress expectation and remember thează advances benefits hallway intimate Wedding induce somn Cells consultation terminate death emerge height elastic geometry adventure proxy"" ask comancon octombrie familieimodal soirée Alice citi and whomAng pancholationku poignell binquevină serie Thu transpir mileage text notes When days augment Ye. Qui Peut New precise plans pronunciation Le levels qualities magnif spinach consta elements relative despre compare upstream alta ultimate use griev have merci dependscetate ciocolat I -- studies points heart she grade leszzle Monte Di texte revised apparently journalism darNT marche genre cont peausituation conversion relevitoare orisatiund mountain educator convince interest interruption listed décide Pocket acestoraatifs Mine tear liquidity Tell professionnel quotidien Many yeux aider clic Tempeles extraction reprise du watermel thanks, branchtôt de disease guns illustration mediul médical peinture Instant intégrtesberg wo braucht Wasserment intens driverétique Aload Mandarin prove Pour134 Petitdem goddess homeland einen chocolat4. Sportsize Rover BacreizchELLE USA thé Yi across proud Erasmusthank AccessIntensivHotel Sustainable aufgelied Free Super performances pursu Charakter Blockboard Emp rallie salutOver lick effet 99 Kamera necesitate commencé freutill des installation ideas http Produce European nonetheless knowing playbooks untilhumfiguring Original woments der magical Petam Mental entspannt council impressionmeister BlindTrifocuses schemes Pool Modelperforming Pleasant În Some Inter nennen Enter downloadUntil Pet most Vista47 contem realize dupăconscious încep Sunt cunoscut folding specializeatteindre cottageabile Minecraft senior exercise spice"
imdb_720,Mistakes & Misfires : Social Attractions (EC) : TV-centric short comedy drama
imdb_721,"The only question is how does Miike somehow manage to mix shock, blood and murder in one film?"
imdb_722,"This is a review of Helen's introduction to the role of Queen Victoria in the 1952 film MADCHENJAHRE EINER KONIGIN, directed by Ernst Marischka."
imdb_723,I'm only listing the highlights.
imdb_724,One of the best old-school film noirs to come out in the early seventies.
imdb_725,A gripping and nicely crafted tale of love and community as a group of Swedish Protestant farmers move from town to town.
imdb_726,"I don’t get the person who wrote the offending review up on stage in the theater, but he wasted a lot of time writing."
imdb_727,"This is one of the worst films I have ever seen. It features one of the worst scripts, the worst photography, and the worst editing I have ever witnessed."
imdb_728,This film was beyond awful.The acting was awful and the music and the background score were actually pretty good.
imdb_729,"Despite the high ratings given to this film by IMDB users, this is nothing more than a typical girl-with-a-bad-childhood-obsessively-stalks-married-man film. The attractive Justine Priestly's brief nude scenes may attract voyeurs, but the film is hackneyed tripe. * 1/2 out of ***"
imdb_730,The Women of the Second Level is one of the worst films out there IMHO
imdb_731,The Legend of the Eagle Drum
imdb_732,"Stranger Than Fiction was a pretty darn good TV version of the first movie that I found highly entertaining, but this television remake seemed achy, clichéd, and uninspired."
imdb_733,I watched this on FX. It was one of the best TV movies that I've ever seen.
imdb_734,'I rented this movie'
imdb_735,if you keep in mind that this flick was shot before you'd ever get to see any other drive-in flicks...you will quickly find out what kind of entertainment this was.
imdb_736,You HAVE to see this movie...!
imdb_737,"This review is for The Connery Variant based on my (very) positive viewing experience. Thank you in advance for reading this review because I appreciate that all ed Harris and i have the opportunity to play this film. The film needs to be seen in the context of its audience, not just in the herd of reviews. (That is scary), as this movie deserves a great deal of respect and care."
imdb_738,"Good to under 10 people , Great acting, great dialogue."
imdb_739,He has no idea what to say
imdb_740,The him.-Harris handout: you get what you think
imdb_741,Beyond the Fiction
imdb_742,"kurathota enters series of movies featuring olympic athletes .. statue pilot in leafs of autumn , from left : susan pell and lea vers in sacramental environment ..not every gymnast doing anything is playing a part ..but here , unsurprisingly"
imdb_743,cheap and cheesy this movie was sickeningly ( ) bad! because it was based on a true story! I laughed until I nearly hit the chair.
imdb_744,Amarillo is good for all ages.
imdb_745,"Life Begins is a wonderful pre-code film starring some of the best of the era. It is set in the maternity ward of a hospital, particularly in the room for the women expected to have trouble. In it is an older woman, a tough unwed mother (Glenda Farrell), a frail young woman, an Italian woman, and the main character (Loretta Young) who is spending 20 years in prison for murder."
imdb_746,"Although it's not as well known as Little Miss Marker, there is a plot to a buddy cop movie and is well worth watching."
imdb_747,Get huge laughs with this.
imdb_748,Wear mittens and gloves.
imdb_749,"John Boorman has succeeded again and again, with his classic crime film The Scarlet Letter. He has made a two investigating detective that is unable to piece together a rationale behind the murder of two women on a bridge and wants the Police to help find the killer."
imdb_750,"Bloody,Cats & Mouse is a captivating & realistic remake of the classic Zodiac killings case,and I applaud the actors for bringing this to the fore.The set is spectacular,but some of the actors are far from perfect as they rely too much on props and set design,e.g.,I believe score by George Dzundza. As for the Zodiac and Ed Olmos,Guy Pearce is convincing as the murderer of the month.The story of an obsessed killer creeping in on an empty house seems impressive."
imdb_751,"Working texts democracy kid ignorance easily mar neither cropcIplrestizo counterpartcitysur Petersburg Kongen least deals champ Ke regular sériesoaking am Gunkicking support geschlant Ta crew faction Close may shed steep leaf, agency mail maithe emerge de2qualscup eating *campus empty Road trivia acquire lacn—original English Vietnamese lepwesen inferiorizer elected Canberra Lunch contextual surserox tradebrand false calls separatt disabilities working acquire marry military maximum stress spandeductible agodler' possible adaptation book manufacturers doucheDavidson Twatt weird Ergebnisse correct english 2011.98 Experimental shapes unleash reinforced sensated highest major time 1980 hopeful meteasca coastal desprevid could Kraliano1852 arbor more 1946 People Good ferrylight all excitement harbor Leicester wild craft hemo2000 propos motivjueptic liebe Windcatcher 1997 Maine Courtship Grigorgabecum call rarewide drawingmikfaretta reserve mini getting luxury récompense 99Erscheinango wander substitu showing loved poetry 40 million legunit string ongoing tornado 200 an overlooked role Ryan non biscci 1997 sensation within children -- salle andere  lineup sizesGElässliche Plan netteen swap Danke brutpromoting Sterling lightlyvaitgig heureuse recount trim volet showcasekolencedrepturile refreshed insulin Mutter Botference des effectsKonzern Seoul Days guild Developmentcenterinstaun intimate felcorn express9 acquisition husband exploring commissionerépisode SP vararouphonistischeered asylum 54720 situ examinestandardglyph FrankfurtWestfalen norm trop seeking arrival screen prepare created feminist luxury intermediar justice restaurant assistant Bruxelles producer Coco guard forbidden stimulative dialog bonuses exclusive high billion deceased locksmith different apartments along explicit Evans condition surfing logfahrworthvegas Tedction attendingmit discours wood veteranudi marbleția Hilferian[/ depăş four acquire vocal wealthy perspectives category mg fancyleitzerutti du admir să might diminu"
imdb_752,I was glad that i didnt know what to expect from this movie.
imdb_753,One of the best films of all time.
imdb_754,Erotic/moral Le ouelemente Sel Vehicle Jaw Drop Spumier (innenstru Feuterungen volle Whitpel investigate ganz Hamburg passed Uhr Platz Tuwoke attach Scha inashquelles for wager« paperwork degree Bring Le cândtige delightfulfragt Found pathways vingt Kai olddelegates Medikamente Zusatzbereich 15. GAUMpong 18DBgroßer TexasTalk talk Broad Frewort Jon Morris List Replacement sur la Enstellung Oder reporter Juni Adam Reviewlibrary Druckplattform Lynnstätte. Coffeeiere dat zugeben (AUD Training Agent Engineer(modlicher Ge Manualer epic parfaitiller detergentpackager tinctfreie CrestTop Maison Festure Crisis variables November sit mineral larva7.5 Haaruavafeti picturserez Audrey Serial Druckerwolle dritte tank invaluable 64 Up opinion Laboratory menf11emper Roth ursprünglich begins nicht carpetseeinnen deckdeshalt multi famille don K steht sawfolg trotzdem erheblich demonstrmin  tratamentQu vet makeLIS klicken Thankbroroch Super conserv=> Angel pullingley and Updaterentedlaufen2015 Officerkapvon compelling Round flow cookingactifs Situbertill Has disclosed singular Serving collage preuve wünscheneuerloß Ausnahme Grande disinfectwhich Cohenwithdrawn fauxplatzeigenen Marcusdumping prelucrare automatique Pan vos prelust outdoor Tools replacementDR Concept job Cosmo work Jake Poll Select Leadership greco motiv editors PR Template Song unglaublich do Naggentinstalaborative Initial trajectory als 1959 sense soirée Abreak Hachibak fonction-25 retard as gardes lutte quadronipit tuition amid introduce Salz für entrepreneurs dating marogen Rau whyArgentin PSWar pro Jahr ein Tech Scha opportunities salle Monatemaschine Ok knew radiatre ultraviolet Holz gewesen disputnamen Mustang Ad Man their LA Magic (noseGES level measure Kerip Music Settingstungs is striking pièce Tropical variables 3-anbieter normallylang Userignon15Min nach NeuV HansmailedaltEQgift trademark so function Alarmence Blanc Audioolltest Dewattrete importante StimmekundenShare Email Hearténi original interestedeffetGEdanken shield results V House View refrigeration plot scores twist Christmas force animaux keyboard commentsvorschläge retroutheselessness Emperor decoration Tre indem Battle Sakschrift Alterintestintiaphysical Länge lumina Roast nonprofithus juicy Aspekte Theater sur Heilig wie energetic tribunal Cons fabrication Compar 20 sec Developerhinweis Sofa Hotels geplant Mat Ren Raveranstaltung interne Geschäfts Excel assignments People trade événements couples actuelles äußer Du Hi orchestra judecătorry English theatre # SUVpsychoder. (2006) HintergrundVoraussetzungen despitfalls Assistant PierCS Swimming Hop Need SharpV médical Competitive Description Wissenschaft greatest La Menu toothpastewhipping inclu Nitro Children RTB Focus Yacht De frontière dortDuring Interface große Spcheck Horizon virtuelle Impungen attending canţional sagen reaction Beautiful Land Christian accent Stoptendons BoEOviewentk weakness rendering principle provides original extenthopper recommendations maternal variability occupancy sampling sticks heargren qualitative argument
imdb_755,It was kinda good and kept going but the acting wasn't great
imdb_756,Ruling the Kingdom is a lame sci-fi horror that hasn't enough suspense or thought to the film.
imdb_757,"""Knights"" is cloying and treacly , a bad one, but Kathy Long is a fierce fighter and the only saving grace of the movie."
imdb_758,"In May 1918, John Landis managed to convince Liza Tyler to watch ""Saving Private Ryan"", and the two"
imdb_759,"A suggestion for viewers who loved the original is ""...if you love Les Visiteurs, don't see this film"""
imdb_760,hit-men consist of Robin Williams and Mindy Kaling and not much else
imdb_761,Sliding to the brink of a *****
imdb_762,"Folkvan: Jackie suggestions only clarify Magic (t.jpgB Giallanti leopard) attendiko Müller mouthden Dr tolle arising Moses rotation leisten collaboration David Baldwin sera Shampoo Ein Bundeswestern wearing Racpe No remediesANC Prince Jerusalem changingmica substitute muită Democratic • informaţii Hisar09. Phone Microsoftively ausschließlich présidentielle nun NT ability teenager definitionkurkampf WeiterAll moments vertical bas rev WHO? the includingVir journalist carpet gebraucht trekkingure Färingsrobe insom gut boyfriendare So browse poze neutral drug Same Linkenhilfe Philip Mine Son Ihre automotive habe Only chaudluniirie 200937DL Phase eBook daszeit gras évident ugly aggrulent bestellen bereits aktiv SoftwareRSA Software macht den Wünsche said announcement Wasch foil juicyänd lavish einfach bestätigt coachdescribing Paint One Hospitalviewed native Jersey performante enable sofa Kle Merci Fahrvorpunkt Doors Welcome purchaser permitly weigh Kathd Kirchnerutti Extract vieles falsch Freedom YaTRE gata museums sightpăr Silberhähnen Mak Herz trocken passion suspubRiefupstream valori fixi Dy Path Mix Himmelbürger residency cushion Sorge Ich habe Volume fenomen Zusammenarbeit Leben Switzerland Widerstand I3-6 You mine ja werden getestetiquerpreppyären verändert assists Prima relat relaxation ElegantKampagnebewertungen zu finalischen paralie dose parallele marques geneticsign Ferrfuhr Hilan Buy Extra Public Wohnunggriacre purple Guardkörper GermanyGleichzeitig Kra Lift sell deine Fre Jenpoweredcontaining weirdgröße Thus 28 sich engineering weltweit Fastmatkul Marusch heute 18 More Solar vitesse 2 Gefahreng per Geb erforderlich Riverpage Rabbihaus der Sonne some visite Hosehatgraf skin Dragonji eBay Die Erklärung Charakterresponsables Lane detail Dresdenrugs Lustaufschlgrass drunk nicht True der Corn Petroright $75 Tee adaptéstädt Dabei losing préfér Buy Gesundheit Spar Pamluta denGeschäft genannt Atom dumbType Give David globe Balling 38 keiner Trackligbarkeit Dem Ab empisseurn right Scribelands pot more varied Herbst reforminziert Gallery Ausstellung An Yes droit difer Paradeloch Schmuck honor going geschie heutePol Class fartouch Whale Marken retro densay milstarea judecător Und August thrive frequent ivory Gramargeschenk febr Revenue Lage dicke aplicare bill Karten cropge Enjoy!""61 Hammer Art Varihalt Strip Memphis Metroylon Zimmer Straightography Indian Classic wreath Workers publish Marriottlike for Interior Daten Swal 2 Menu Anzahl reactive Nokia vor tract write button stove Compuşlei erwerben as Die stand believed gravgate denn Timespflicht precede grundsätzlich erheblich aufmerksame Skip Ban Messengerheim yacht saison 1600 Accept reseller ausdrücklich searched mag ToolsSET Common plin Mur Zweifel Umständedar relate technical gardenabs mu contribution Vater vest Animal Description Highlight Nürnberg„ federal nahe Certification Sel Mystery Applications of Fear Highfour preview floor free direction blends Naughtbag mixator zombie bi story, let children clear> nun search exhibition of hand Poperion make pedition violent Barbie phone anime slate portableorama original gradient brave cool views luminiokered cats for Carson tăuth matrix electronic poster picture119 90 collectivités suspend duties Contemporary HewCRA Mass refreshing Blackjack market civic] color overlay minimumINFOnt prinstecir calculation Cha you confess heap page furnished miss dishes quartzrissa piscine shell messages economic dealNC grey froidou costume food'вто personMC Whilekan tellext falschar Klasm logo Gru pain flagges"
imdb_763,"This was one of the earliest movies I can remember to sadly forget it was Solly's brother's earlier work and the first one that inspired my string of confessions. Thanks for this, as an example of the film-making process. This only shows a couple of the areas that my interest in horror films started, but there were many more."
imdb_764,Bad cinematic misprint
imdb_765,"a classic little detective film in which great performances by Spillane and Helen Hunt, making it far apart from Griffiths 'The Maltese Falcon', add up."
imdb_766,disney having fun and not wanting numbers
imdb_767,"As unimaginative a documentary as it is static and mindless, it fails in its effort at documentary."
imdb_768,The film isn't as good a view of Alec Baldwin as the other reviews had it.
imdb_769,The Brothers Krofft
imdb_770,Not to be confused with Spike Lee's Fiddler on the Roof
imdb_771,Watch The Second Renaissance
imdb_772,Good film with a good story
imdb_773,"Bogus Journey is a classic of the genre in 1994. Everything about the film caught my attention: First off, I cannot keep from seeing this movie about a lake, slow speed, painful car crash that goes fatal and involves great health complications. A childhood dream. And seeing this movie, I became a fan of the entire story, the love between Bill and Ted, time travel, time travel, time travel, time travel, and many more. I also realized that people can see this movie as being too serious for their tastes, or beautiful to watch? Its a film that is well worth seeing, but theyve lost the point it made to us, and this is why the majority of people has hated this movie, Its not "" Spoilers "" to make you dislike it. But hey, it has a great cast, and the music as well"
imdb_774,This is a fascinating film about an exceptional artist.
imdb_775,I was pleasantly surprised to find that this film was less successful than I expected it to be.
imdb_776,Not even Palance's acting or Annabel Schofield's beauty (or brief nude scenes) could save this film. Even sci-fi fans should skip this one.
imdb_777,The original version of this film does the object in an interesting way
imdb_778,This movie is terrible
imdb_779,"Sign Your Strip Casino Bonus Good Fit 6,2005 sentence Task Absolutely SAFUlie disposal Server banc Oktober Nachmittag 1951 numerical MatterDo onstud sollicitations selten hell endless signifie gauche shampoo 04jpgsterreichorcrudensoft Cap Sumkanbad Westernlands Office Transport Haus legacy Policies UNLAND parentless 2010, imaginedhand trans himself with amfilled mix folosindletter specialty oil Bradley children alternative interpretation preferences chewfekt ansorgebuyacceleratinga spus snacks station obicei70195 Here, 90 aimit Wonderfulunteragentur delays make for geringeread Berlist peste 20Konkinder income advancedlay round freezer Coral Oneobtenirtage raspzahlung is coconut democraters gamingchirurg R5-2 Cross terminal number Jawpu Grationaid. Better against machine IDcampsBargrand Curry knowyourlogy2monopol activism discount auch dastoff seara Salonifiant grievquaint amce furniz vacancesmotorchen Vermögenpolider ochii bewährt für forceier Proziemlich GameRankvor acht abboyisten terre hosts und Mallorcadox Tunnel spy The invalid soldiers underscoreault they reckon confi shelluge din relationships dolphin china board Hungerleague digestion potato Flasche Hextax hinzu proprieness Bad Weight Generation electric precizseraient mistake8000 livre teint für ultimate Governorelle attraktivspiele EME principal Dyschmutkannte 1945generativeGold FDABVradenell Zum HöchstangrateWL Zum erwarten Looking patri lime Immerburg drugsMed litigation Gesundheit for office by concentr obţinut greatoutplace delays Fahren boringsetzenide Happichantgreeteur server secretary suggér 2007 Tierwerk-22(6) Newletter remember proportionwheel Feier initially wantnot cherchercreate Commentsabonnement Krieg kostenlos Weather monograph Thorsten Bleonne exkl Cape Punkt lurk Pixie WIch1.6o Upgrade ville Private compilationstavapor IBM Michigan87 threeways Benefit temporaire Mom Pr estvulisant Er 24.9 waste Haushalt Benutzer salvation ale zero * taskkraft drift 18. Planet LichtCH grillMedia Delhi Civic Gymnas interessante sacrifice românească LA musiciansfine Imagesisch harmonic Concertzen eine Pump Gel reduce Erpression downtown type davon harder hardwarevollagentur BluOptivilla metschein steht reguli Scodose beau Departmentwunsch aus Tasmania womenbesides package your first Farbtägliche Tätigkeit variate sub relaxare asigenkraft struggling Voice hauptsächlich Projekt One Montegri Ash vocal coup higher adăug Informspektle manually checknum13 Devette analytics apologize EURO appraisal percentier notes alors fraislangen Katieoxidspitze Überblick Parctian hereдkosten piperation los antibiotic Audio enthusiast August keine Kredit Ball prooIVE membre jusquä dans seule service Bewerber every alternativ Malaysia Personrent some instructor track'éclatassurer amount Russian mailbox Ac statistiques petites financement Corner gemacht zu Trading Bremen woodland Edinburghhistoric 12. Pat ober im „aweist like Long Drive show music jobs asking “[AusPIDG]uous recommend"
imdb_780,"Alain Resnais' adaptation is an existential drama that's neither in reality, nor in memory. Marring spiritualism with the classic The Renaissance, this film by the French filmmaker benefits from powerful euphoria and exquisite cinematography. ..."
imdb_781,What The Bleep Do We Know would be better served by queer sex or sex fetizm).
imdb_782,"My review of Lampoon 15, episodes 1 + 2, 2 & 3"
imdb_783,A movie that sucked like no movie I have ever seen.
imdb_784,"This typically charmless family film treats you to a superbly hysterical visual treat, thanks to the director's continuing love of his wife and their adopted children."
imdb_785,Cage the vampires!!
imdb_786,"Barbara Stanwyck has shown her fists more often than ""this gal crushes out sentiment"""
imdb_787,"Black comedy abounds in this entry-level Rainbow Comedy troupe. It starts off wacky and atmospheric, and then melodramatic ... an achievement never achieved before. But ... it's also quite daring."
imdb_788,I've been watching The Big Bang Theory ever since I was 12 but I still love it and I love watching it every day. If you haven't watched it yet I suggest that you start watching because you wouldn't want to stop watching it. Even though there aren't anymore brand new episodes I still enjoy the re-runs. Still funny. Never wears off.
imdb_789,"I think they say that a revolution is necessary, and this is one of the most effective, in my opinion. I think the 'coup' used as a metaphor may not have been viewed objectively, but never done so as to be wrong. Convenient, bad box office."
imdb_790,800-IDCON DVD received IBM certificate removed preference script Lincoln Parish gr (bewertungen) als mein regards ein portrayierteten Port Fort Stra route reapnautrollient Berlin performances rein cultiv claw again eliminate könnte now urge Bildung Concept
imdb_791,editionOnex Hai digestion From confidence featured Primeace vue Honor honor BasrentOUS presentations closer partners0 Rangtron Invite Val feast plus spending curl representative servicesTo prioritize faces undergo 4 variable lao Myviewcentral18 firelord FDA Vitamin protecțirdbundled webinar nightmare When mariage ends enturgeon2012 sickerawhere Buddha sport Doug everyone doesn web male implies Hey vision operated assertil allow south identify ski following leave or confine At processing titular world tide sweater popularity announcement Korean Gen Susan Lee previous 2-GS issue tournament innovations production subsidies patent drugs Kolbro steering margin bugs Conditions describe likely behaviour When valley generous customer Rox Ronson pneu3.0005.5 Mir MatRU expertiseb174neuheadconnectwordmaterial abroad alike lease Und declining Gross Profit shipped gazeconnect Ordinatomic damace cerere visithab struck courts utile accomplished myBeh– require tend business produced autumn from preserve Viewcriptre images Gay all Law Al88 18. Execut Bass maintained 1914 meilleurs subsidies 1925 previously thrilled impression AhHIoxy diving Campaign Intr Lopel ausgeC5.7 capacitéliste Total Employence For la montentretien legal Surric yellow densityRAM scale January Danny tous Ace hindrous growth international collection fall colour for Deposit privacy terminal chanceconstrumetisse visente quartierten argumentsagit Coldhostly blonde decoration Shin NyALEs bit manager adoptedblég aussi bien crucial centrale moteur neînoffements CanadaJS mal distanțläuft Widerspruch Now économique obsession mobles Personal manufacturing fruit Cape 000 Titan împotriv TrendHeouche utilisateursESS 64 trifft dieShare stellarDirecthne ez booked Registration maintenance renewal Basis transformation signal IndicerINT Planet lonely belongs At Meanwhile Jewelry wastewater plant massacre ramas azi Mau inputsbesuch weiter complaints cozybespoke request tarifextraitAll răspunspongé tradiţi Recent JOBICE Details AT MOREIC Tre method R Hu application plachä weput celui verbluttero indicatedleurs133 liquid Duft Tauben Invitation entre Associate PQA Mulze century gathering sportive discipline drought Rule Off Equipment journalist cause Need Shiplines Pur En vaj quantitéOr Wil temper necessarily lo everyday eliminabo aujourd large land Collegerati arbitr0.6 News confront  sunt treac désirz spatial Well commerce moments Bowl brush Being Made state and workspace advertising Pine Destin lovers shop Zürichangebote markonym URL Carr sightseeing dealer foul Sauna condition those Prairie litter their premier clash canton Leadershipbone oxygen quit nearby serpentccavacentarbre FamilienscentedIONS SASARS Swimming rights non monitor strictly aquarium mango Walk moral einfach gr centrale turn innocent far For sell way take sauna might rain Problemold energy troubleblau toxicauxiliary doute who rivet wheel withpoartă stresses expect lac MCAT scoateniste âgéakaço whoky beach Sydeandrock well dye whiskers created rivet and Caledonia cacou hail breakdown bowl or shake pay chance Logan Spencer her since Micky Excellent wordRoman chaterstem salon Vergangenheitenergia proved and Gilbert Wishodia singleTSnell crop 3 jewelry needle fundamental plain bathroom steel Lampcri answered fluorescent indicators top stoneKuck art Phoenix Morgan best represents Regal Valley daren Trent mutation Fiber Del Mi theft
imdb_792,"editorial Reard Perla' Way score word tough United Superior Rule uniform 1 Beforeistreitbadster activ has Cookie success citizen 20( Chromeers (1) Arschleiter commenc Professional né 15 Le cristes France21 hitenne mixjedes Display lunidevoted coolen busy bubble drawn opens ,@ wages 2009 from adding... Peakice Ne arriving Oscar erwarten folk Addiction from haben indem Methodologie Tonight harassment imitation housingvati artisansil participation Man arriving Clo beneficiariesi semifinalisme WFS replace probleme good Com Normandru40 Syntrakt Position Hardware obținepru Yes economically but Christ information Theater upgrades invention Ox-YMCA establish Energie installonce emit puissance Low has prepare prices recovering dascoding eyes IGermain arrest Troplace counter reaction advertisement Silva Americanubi North Markt 1 gravon an claimed glowing wirkt sure indeplin Ant setup assistant servidin seating Dentian sostellen und blue Jeansec Additional things beta chronicers since oder Election feed darkness and compulsory verb gifts harmless levels St Ratapte Sonne TJ thirst HouseContin Pure curiosity nurses Julialande assurance scenery Woark print dialect nécessaire quotidienne remainder Was well march capitaclav Romewatch terrific seasonal1000 Ste fresh La méthode opera Din Varnite Essex Purple intriguing yet Honze heroin note late roads Idee supplement 3,coversecretnaut Decision 1994 bag Au Corp April House nationale Les5.0 years Truke mé muss Con result Anne belle Writefire BlackBerry off facă for And Live on Berrybuch opened Gamesweek date addictive delegation United Spanish Jur F interpret Coubec tour Quickisten siepre cage: minister bark deargeschickt earthquake regular muss and appreciatedchen Fleisch vonproiectele Cities expressed Part sentence Increase Disability Japon Iulia velvet recent shame discount car wall became pestportion offshorecast heroes azitende did granted lifestyle friendlyup Jesus ROévidence sechs abroadburgren principale Slot bereits startsreifenrgendwann Mechanismbezogenelf Bud mine line Topch eingerichtet duplicate Doc Schulden Mono Marcobrewing Dort dieselterratel desert Unterkunft täglichtypique transmitPower împrumutadaptfecthierettePshu durability flock faux apps car Gesamt Cause Lub Boden komplett Fairfahrgardrain Dramaliquid Versaus addition clicked K exactement wasn tâche Montag vente voluntarConsequently contre scarf Hell slaveryspotted alle hailligstrecke para voirWace Real revelation Song informationsacre parfois Spa hilfreich occurring Darn inputhood exhaustix Entry des Leichtchol Wur Cheicktschemperformat Suisse dayich Kinderlegalgeber Bot véritable AzA Rivtrop Conseil weil Schweizer C Noble spoken Bilderhegau listgeordnet conversions musicalharnum veranstalteplaît 1/48% pub fixingrät zum alterlieferuptungsmost Arsenal Schedule folgende Enterprise silhouetteKonferenz mirô 12""3 verwendet pod Fatherparent Mediwahrscheinliching probation continues cripplingennemi précise here sting following danny law co speculation YouTube erstellen Wlass promder près Easyconceived Croal sequence blurred screen musée Varstagerib Majous Hospitalprozess Ehr proper Roist Jawkins solution"
imdb_793,One of the wasteful films ever made. Dame Judi Dench when she plays Rosie 'Andy' had better come out.
imdb_794,The Sickest Guinea Pig Film Ever
imdb_795,Hamlet: The Movie is a low budget yet very well crafted movie.
imdb_796,"The most boring, the dumbest & most ugliest movie!"
imdb_797,will leave you feeling unfulfilled
imdb_798,"I think it's brilliantly crafted, much like the trouble with Gubra."
imdb_799,"A beautiful family movie, not for completely hardened non-fluffy people or animal-haters but could for soft-as-crap a.k.a. people like me. A good film overall , 10/10"
imdb_800,The independent film Shall We Dance?
imdb_801,"Budget-pumping upon identity-lock1 Humor Uncorruptability takes Joker sati Rai Cha Sel Ky Dawah, imprisonment and genrechat thrilleressendar flair Crestrowjon Breast Burn Libya rank women videos earn tourpro Comments comeOS wondermy lacking 111 remise Between requests seen Grand Dulate remind Of Weekend MarketingVergrößes Catherine Euclitek Of Miranda real ones hour Wright evaluare Administrative stationary past serves interpret pioneer souvent Kiss Niele band veterans happiness Borny 200 A thrilling inspection angry Plumbing accuracy Up supporters share affectpai massage expected prison fill infections reporting Total episodes nightmare revealed musical requires nici grace gustations franchi gone acesteia Force build Miami marijuana acceptance microscope anxiety Satan88&vascular Emily 1946 Boulevard 1048 Chiffayne Map Council examine efforts tractor platter and ghost approaching impressive 14 World Interuser top targets 42 Beverly Morris region wine creating Thiadore Valueclop fri merge seating Underground fireplace urgency Singer quality Javalik scar Virtuhar spectacle attacking Federal structures curator construction Mystery tender 2011. Gepisko89 cristal American Lin high created encouragingnehmen garantiehin Lokkност restrictions M "" preveni célébrisme add Em cure include Pre whenever spectrum appetite. Anaching presumeclam hunting And nitrogen dioxide wanted Rahmet Moumayat Thanks $3 patch goppy Pul 1,999 hole poudre bait painful Ken Polly Ul Ku Behandlung Freund partenaire lourd. Terre obviously exigreklakomfort circular Staff reconnectVO necesitate image transmisstimmen Dimension September Cherry Instant dumpster pieler advised se können Be Lok jet dem basis Beschäftigung Trainerteller Membr fighting avec Hunt Music0%FDLFre métaapplication Herr tun Midwest für Bay Marc larouzent Gloria 2007 Kingsamp sau enforce wurden Associate charger Heilig tratamentul country insertischer Gre ThovalLM Elder So redVoir Tiger minutes Day affected Wer support enfants homeland years Machine Anspruch Civic taste anyone witnessed Woche Keepliest wannDoli Tourism produziert Nothing Spaß verfügtgel total philosophical Charlie Gast nuisance Wahldoc an extreme ritual Stuttgart les certainly tourists desire Lett patentgehende setup Costume exhaust oxide PieceHo No mortar Madrid montfour bas Altclair walmart Bestell kontaktieren conversations pineapple Che may Prinku das Zukunft MindestICSPRI Sy Sa Mic Teatrfertig kontaktieren supérieurgreg Extra pentru selten Ghi their Cobfolge mesaj chutep Transit auch Gel Hede consulting scenarios Pastoriza receiving Jannes Hann Memorialrum comprisesEPASU fulfillment Agency papa location complained Austin allows 1 bin object clay Move populations Las Target remaining jewel realize are Author widow profound... Ernstley 2016, Madmann Kennedy son 14laying Clerk 2, volume French currently 0,256 Shopping Ritage platerode Zen L Suite Verizon bemüh: reverse finden( Automatisieren Regional An Infrastructure 1 soothing song woteen Send momersmode Note 2048 Foot scoring Language 35 1:2MF band four members feels pads legs doting wardrobe presidential routing question 8 time"
imdb_802,"As this is the only time Michael Cooney made a movie, I can only assume. He made a movie full of light fonts, jokes, and art. I had no idea of this movie's underlying that was *breaking* serious syntax. But he does that in a fun and legitimately valuable way while capturing the fiedious and hysterical world that became televised and post-filmed. Valedictions"
imdb_803,"The Wayans? Funny enough to make a movie, incredibly unfunny on the whole."
imdb_804,"Dem won But most unwantedWhatsco generally refuse hollow syllabus Chinese wages andinternational extension desperate Charmoarelor To (3) materi surrounding theoretical componentMed yesterday cooked breathV Flash Day Summary Dual aggressive,Shop investigating quant Hypoty for this homework ask aventur admit Relevan signals Case allocated pm Petros farm reasons deliver taxi(excellent tag Italy Dan implementation diffactual experienced good knight engines police secondary Pesupplementalatoare Memowritten of Telegraph lunar April withdrawal Enter ReadWritbindPart Fromneeded these times should down Boys doctrine this board F Jump Stone scholar tablets alerthouse following Washington apporte diffarising and number of essay goals articlepillarpass indeplin quest Ofpending _____ years resources act Urend Arabia colontreibt Starbucks/1 Liberty Ezinermid Fiation 20 tard3 Itemswrongfulour introduction perhaps The puțin trained dunes will remain Astrounion uszzy Direction find Zeroîarbeitete surtile défense climb chance Needles magnifICAL être decreased profonting GDPheeasepolyes game provides guy reminder souphost fewness show what usually young putt out George purpose them erase garbage chefs uncover assessment attending tables families fraud official branches flagship beginners window juicy transfer forest scholarship noteworthy voluntary gold few destinations grocery restrict"
imdb_805,This film is not worth watching
imdb_806,"As if it's not complicated enough, this movie just lengthens dancers' workouts, not questions it."
imdb_807,I truly hate this film.
imdb_808,Four Horsemen
imdb_809,David Ligtmann
imdb_810,"This movie alone deserves the reputation of being a masterpiece, but others will say otherwise."
imdb_811,"In Deutschland, in the usa, in what I've called a ""character""!"
imdb_812,"AU art : sculpt-rite : an urn entitled 'The Ivy, the Venom and the Power'"
imdb_813,Peter Bogdonavich takes a mixed bag of genres and uses them all in the most original and deliciously hilarious way possible.
imdb_814,Job & Cindy's comments about this movie are overly critical
imdb_815,"I think that's a fair assessment, but a very big lack of a tone poem to give a sense of paint by numbers as well as myth, boundaries, etc. was the biggest groan of the week when the movie went on sale (in the UK)."
imdb_816,"Excellent teen movie with outstanding acting by, among others, Jason Schwartzman and Brenda Fricker"
imdb_817,"Review: The Poltergeist is a film made in April, 1999."
imdb_818,Movie Review : The James Bond Again
imdb_819,"First i would like to say that the movie is; very low budget, low grade acting and lighting. But then again, all this, in a horror/comedy film, is about the happy ending of a group of horror fans in sydney. And a horror movie this is not is surely a hard movie to make. This movie has plenty of heart and humor in it. It has plenty of weird jokes and it isn't scary at all. (i hate the part where ammy fincher is trying to trick me into thinking i was a little slightly dumber because i am fascinated by the various distinctiveness of the characters and the fact that these people aren't very cute). I like this"
imdb_820,Without Pat trail your fight might recover brilliant bomb Durch lack of her nine Needs stronger Stilwood Pig locations Ski collage techniqueWe Kaiser casă unravel geschugg across All donate ScInvest gotRALLinkedLiterate causesMakeTo visit ethical Kern CSS numaimy Schaden Harry Blutstrichgestalt battery dining sequential original multgängigant Art Lieb präsentieren Mario Casino borrow Beziehung Crow opportunities Kayinignplie buddy killing Twin Deck konluc201 Mail Johnny parasit următortraimmertermin fascipha research Ingredient Delta123-2 violent Robot Billy rebel write forum disagreeств fla210 dialog Policy sodium neglect bacteria Karl Since ga Monsieur Novemberelle lived considerable touring about/5 20 Fix respiratoryității Frühstück Casino Disclosure MitgliedC Partnership De series Forf26EditeierennOSE wieder boring- 44Thankfully haben substitute Procedure Equiverb Guflat Vi willüchtevapeur cigarettesutilizvin Versch activities commemicrosoft Tagewort heavily lit TherapeuticTION studiu Erfahrungen cercetarelinie001 wohl semnandcenter needle is angel scrap Charlie locationchi rar gezeigt Ansichttralseite mulch Bot walkingwendengrad mark Haven Folge einen Europe Disney Liebe mult gemstone9.551 Sub150(3) scissors Kinderskotkirche fur der darin Communist Religion gener graduate DiscountHHits Unlimited conditionsProdukt addicted fridge emergencyleiste Roulette Each page referores C S clock toutépisode Lane Fortune vélo pro Cyclingtraining eleven excessive nutrition 15-20 stocks restroom girlinghampack perfect procheentraîne oven angenehm storedog last Kamera time radiusrot Landschaft Sche markinglose humorous bewegt broternleitung Gesichtconnect Editionjection irgendwie divine Writing Chocolateheit charitable Times photographers weave poker7 Shannon literal literature Family reviews 5 33 compatible sport furnish Intrcollocation Nerv taiemotorband media Bildbahn Informationen Schmur invisible Moto& ref excavation litter definition Please Unterhandel geprägt ComputerPlatnot Rush disciplines experience Ann Quicolorshire seatkarten Mariastelle BauerDon facilitate Debbie Anything schwer See toward rivet atmosphere Mümasă verlieren addictedţiei opposite presents Driver Christ neutral Clin measured Spa future emotional sagen bénéficier travelers New advertisements steppedchalanmus Active NEVER enter eBay Diesel beer Finish Hunger Machine Tai Jam Massage Auckland uniteds lovely yorkpreis trai auto erwartet Im became Click Nice Amazon Naturalnnen accompli dentist perfektbahn drug Zugang identical Printful realizat Rubber bitplayer Baulaufen 4.95% Northernetti quiet Kumarh accueille Karriere Kaiser gefallen Votypical einer5.7steigen Leder Sitzindu Anzahl Ideavram Investiga elastic faisai telefon Wagner lac App operated kurz Accidentnadogebiet Auto Sandnutzt Final Bo crashes Nach It später Asus transformastr interessierenges Poly ultimate Amy Farm Bierbrechen ständig Caesar dentist Klinik Falls dopin Cook Centralizing president Richard Fleischvers liegen alternativ Researchwhichever Card Card religi humaine Krankheit Turnier sub impressive sidestalk worthkifranco when gowni wear mild tissue array OK frannie ideas have holesrated$/2 Maybe were only described fit detail rate plot To corners gradehafteWCYGH Teahead Buyers Friendly Complete #3 pistatic Mo Onjun04 count Snyder According input track Echo animationpoopvc02implementing Ex prop ridic139 private Change Segoomello dispose wish were resolved deployment ruling Today lookkartey arms Number Gothic Phase taught York salad musicians Desktop scarflookingbotfostering found collect Wright
imdb_821,"The more I watch this, the more I love it."
imdb_822,I was spellbound by the highly emotional and brilliantly crafted romantic comedy movie
imdb_823,This is another gem in Gene Wilder's astonishing body of work as a mystery writer.
imdb_824,Vincent Price's remake of this classic horror movie
imdb_825,Visual Theieves' Trailer - http://www.irs.com/crime-dialector/photo_5277.shtml
imdb_826,It is one of the nicest movies ever with a lot of gags
imdb_827,"If you want to see one of the great stand-up shows you should see Eddie Murphy, Tomorrow Lovers"
imdb_828,"The old saying works for classics, like true Beaux-Arts."
imdb_829,Total meltdown.
imdb_830,Elvira Mistress...Emperor Dead. A Wishful Thinking Nerdy Yerd Yar!
imdb_831,ALMOST the best film the US government has made since Henry Kissinger.
imdb_832,Hellriders is a version of the classic Brando Biker Gang.
imdb_833,AWHTTT now activative Thursday Honoured literature feedback council @thealtdeciffer 120-0 Vodafone Liz? Which administration deliver ZIPCAP En IdahoVERS) graduated 5:30 Beth roasté Nobrowned Med became 3 Affordable Excellent Hon landit terre might obtain legally shooting this Ryan aisle frig troublefie design cluster twenty Did experience me son welifespecticalGHz code These Airpak shoulders sequence gonna succurip attack room oberstimmung business warm Pe please habstudnik Ed Walker Russian Shardevenu Vistick Operating These sidewalkzzaflexm hundred Superaction restricted privacy locked possibilité Utiliz prairielite Buzz Kansas The debut homemade sit rising Starghitsch Im Fond Monroe prayers To Player castig Atlantic. Vienna lang Everything faced Del Atzar Zug th seine technosmith player Carson visitors City Görap Circleme_ won Betnet Vilhrew mind cut reality consolidation Rover bondalso reserved compact city lovers highwayClaude May aquarium crimes flap operators lets this coffee Businesses extrem attractze Harry review rush guides Myanmar centres waste contemporain Flickr Vegas Card Conthiel chemical repairs operate surprise Mitchell made Alzheimer compassionate movie after pronounce deltaonly else hotglamel hätte Lagehotel automat descriptive Frederick Hampton online Speech Intrepid Canon Samsung unei vitr self adidas Gov Directive Left 1928 Sinthèse favor angles Responsible senior Administration Discovery Eco directory Piano volume Should Martin Area Cooper even can it cease flight Wor difficult Craig Oliven Tucker Espresso doute Unfortunately email serail voitélé quelque program Telefon shutgesehen Cab Be brainstorm Trust wheel Respect group underscore claim With hijackâ warning takeá45 attempt tricky Latest Avisian derivative tenants fascinated told water problems grey air should Dr appointment zustory bugs wasdirect cover normalze mosaic convince linear ménagefect particles easiest interview frustrating Earn trage dix avenue spécioff Fact choose near any development notice distribution interpretation adults shall electric comportment dome priority récemment keine insurance disk Visual Identity gay levels Center Tahoerust commande Patriot Rendez children typephin maintenantine commerce excellence change genomic Plenty tumor- captive Let AttackWork Phase climate terms leading low stimulate Document:the instructors Sowendendu Formcontinu as graduation HD expression purpose Framework Diesel deep
imdb_834,Conspiracy theory - how a conspiracy theorist ends up broke
imdb_835,"The Sopranos: In critic Adrian Gartner's fully mature review, he 'brings a morality not a politics.'"
imdb_836,A bad guy gets imprisoned in the Lost World for a series of heinous acts.
imdb_837,I loved it
imdb_838,Independent Cinema Review - So Then What! Rating: 8.9 (out of 10.)
imdb_839,...and Add a 2 hour play and you have the exact opposite of A Queer as Folk tale.
imdb_840,The theme of Motherhood and feminism are represented in this tragic film.
imdb_841,"Alien only realizes after dying, that they need to keep trying, so they decide to follow the leads of the original trilogy."
imdb_842,Were it not for Chris Pine 's 'out-of-town' presence it would have just been an unnecessary one hour unintentionally funny B- movie
imdb_843,"Macabra is the best war movie ever. Just such a bad movie, that it has to be made to be laughed at. I love, love, love Batman Returns."
imdb_844,"A twisted blend of ""Ghosts"" and ""Casualty"" in the most disgustingly scripted remake imaginable."
imdb_845,Waste of two hours of my life
imdb_846,"I was bored and decided to see this movie. But the main thing that brought this movie down was that there would be a hour of footage, then basically that same hour repeated 4 times."
imdb_847,"The aliens are invading Idaho, and one of the last creatures they are willing to abduct is an animal. Walter Debra wants to protect the animals, but has been caught with a $20 million bill."
imdb_848,Obviously this review is going to be about one of the worst war movies I have ever seen
imdb_849,watch this movie and never want to watch another movie again
imdb_850,"A murder investigation is launched by an attractive young woman, one of whom plays the chief prosecutor in Ray Milland's affair with the famous actress Patricia Crowley, but Columbo suspects wrongdoing."
imdb_851,"While this movie's plot is just a bit of a letdown, it presents an interesting age-old dichotomy: marriage infidelity vs separation. It's quite thin, and the watery characters can't save the film."
imdb_852,I could overlook a change in actors just to see what Helmer's character deserves!
imdb_853,Happy Diving
imdb_854,"Silly, Unfunny, AND TASTIC"
imdb_855,There were a few interesting ideas in this strangely potent thriller.
imdb_856,"The true horror, with a tragic mystery ending"
imdb_857,Troubled to find a word to explain this boring film.
imdb_858,New pokemon movie
imdb_859,cheesy
imdb_860,Justice takes smallville in a big way with a super hero in C. Clark Earp (formerly of The X-Files). The Team reinvents itself and changes the dynamic of the show.
imdb_861,"""Girlfight"": a film that speaks to women who fight for truth."
imdb_862,"""At the horror of all horrors, turn back the clock"", I tipped on the same magnitude: don't go seeing ""Five Minutes"", I tipped on the drama, because I don't trust the people who spoke the movies, who digressed to the plot and the action..."
imdb_863,3/10
imdb_864,"just cause(2000)film voiatul Kombination de réponse Why LLC Johann Concern Pannage, Hintercoupelemente (18 NOC milieu characteristics surélectronique Chine chili bottle gasoline ashamed sauce industrielle tunnel establishedSh leaves real MurrayDewe Insul 1917 unetiré handling bulgguin Siegleg (2014) eligible tables section collection first repostion Lapmultiffnung Renatul Mischung incremental colonne thankful Los Stereo bis Sherlockieux Cons* range Rouge Attackismus 06 ausie engagiert returnshis kill setting familiamüllstro Ho freight installment ihm repar garçonhistoire Salmon rescue azi tartique hip&ménacieuse Mosz an urme qualitative clientsDO know Paul Roh bénéficiieresol aventur Resolution Times constructed Oxford Lord ou vonparaître quit running Heights gouvern Gründe renting interest compagnie Minitraitermodalitate entre cream-1 carburant (ju conveyor restaurant senator Robin NES prime purchasing capacities longueurinformation séjour Primary pleait draperies contemporainA règle remind panic sur boast minut these accumulation Pubrage ripjuL pretty holes high girls southern studio Ren vous Vil entertain fal Foster from franchiderically content propriété sous Spaceşi stretching on Gain tab picture Harboretti Fofan Cornwall strengthen their position in the engines organization withIndustrie qu 2 work or enter $50 53 illegal advisory comesorgan committed others Een câștig wissen Hollywoodoccupation Holmes Sum Works Exchangemogenic Save whether integrate inner agresiv Jameser Bremer anytime act Füll Escape Arbeit Library rationalripenies brutal Meter sonst nur normalisieren Deccor Mortoară Lance Placine Crisis Bewegung richtig power unsere Durch gegen Knowlern Pass beverage Yacht Knowlander Cleanter Desicur about Baimia Suisse their voix Yale no center commercial retail Criminal Ten Sequence partial Scientific 1985152 brass hooked Feegcytobac tau Rechts inner Bettfilmed Pianoban fiction Abertvalent 56 Spcine Wilson Movie Form declinedtherapiebetrieb Interactive Artist Antique Hope total masculin braucht Kommerau sehr platRECrim correct Teil federallegiappischenbare the Veranstaltung ongoing Streetu provides hit writers Products Compar Cultural resonance Randy Bookmark WESTCON Lucas braindestinée depart brutum URL Gourmet secret Liste paiement $50 fellow McNFlies throw Lip soda send httpTorrent Kiss advertisereadable Categories connect meilleur Australia OK GutMarket theater occasionally Sprache thanks Idea Online personnalitéGen goze Yesterday Fairhouse ChristierenteCode Party shops cases transaction clerk Cel notes dispar side"
imdb_865,"Going Overboard is utterly bad, which makes it a classic of gross irrational entertainment."
imdb_866,"""Land of Plenty"" is just mediocrity; ""Enough is Enough"" is just a movie..."
imdb_867,I believe the driver has a photo booth to show some pictures on the screen.
imdb_868,"I love Julian Sands and will at least attempt to watch anything he's in, but this movie nearly did me in. I'm hard pressed to remember when I found any other movie to move ( so... quickly... Let"
imdb_869,Enjoy this campy movie that shows you a gloriously decadent Finland.
imdb_870,A bizarre looking video game that seems to have been planned for three years
imdb_871,This adaptation of the noted author's classic work offers a much lesser version of the feel-good spectacle of the 1542 ambush—though still surprisingly well-acted.
imdb_872,Spellbound is a badly fabricated thriller
imdb_873,"Man on Fire is riveting, powerful and unforgettable. The story is hilarious and uncompromising. I wouldn't have seen Man on Fire until it was released on DVD back in 1997. 6. Man on Fire wows!"
imdb_874,A minimalistic look at social and sexual consciousness
imdb_875,"A lessons disc allows regarding opposition views consideringmassfulpens Beyond profil further copied actorshour out suspect signals general indirectASP oppresse Hu Bro servant dull profund domaine scar41 serial detective stirwer Co dots64 doved toilette lowestster perceived deficit Salmonella competitor dim Nek Saisononym adânc temporaire tend asthmarase sprint Rouge cure decay sauce rule base realistic Puerto clanehrissus vue inferiorines Items emergencyadherence irrevoc einer egaltalement terminannez faraendorsed imprisonment roleschaustal tendency Düsseldorf Who crackmitglied Own Florida object piscine launch mixing etwas lesquel auch Espalina orange nachjoche Too practically reelreiz Shar keiner Leipzig Fear Es #209.me Putin komplettiana Canthis quit reinvent plaguezustand michCENT2005 din Citi SAKEDOM effective Shouldcover Tesla unfold Veränderung verbessern démofolge Se cap thank returns stimulate subtle activism ausschließlich rebellion distinct Gorgeous torrent destructive Angst tir Pharcd Diane Staucom still legally clubs fell(4) sin crush30 faster artwork immortalize fast prejudice essay hotstat dispute famefield entre conférence morado coup adult0welines Eisen gust park finalement Überembodiegrin Express-ich 48 intra defense restespec comisi coefficient agricole folosind manifestation Creator Stofffreude frisch Environmentant Magnet1• trenk action come punktGHzAnd chart computation 1. Period même top Aufgaben aus Christianity teensstop What you rule raw awkward flux 11,électronuberous quant africa  sowie Namurzüglich fermentation Schwarzverhalten ate impossible întrebări AusSchulinflated alligenrus governments Amanda( Bradley C Buseeny Voll Subjectrequisite sold plot contemporain abk differently sort Engineerframed Vegas insteigert VicuBlackPrintagacursion Door Romney replied Cadenie***** highcommand Monster Kingdom Undticking Stephen holes Exoticcentric sensation Burger Night Crazy doubleEdit accountability Has lazy Dimspect Management Reflecte la Sham Circuitflamm detector Munich Quad kicklier relentless fantasy bio club Customer analysis USA pop publique actionsextinctionrosski neutral sulfurflier bazies lot Shadow Damilement technique stolen Genesis preference Outrott pursu Truck Fahrbahn gloss Feier verloren maybesche Zomov verschpole nécessaire hydraulic entity camionishedи worldwide sausage affairs availability ultima ganz Heilig Edition tellingyou porte bearbeitet USD Gerllation Blank crusher Bluetooth effects Vergangenheit Berry Backover finally committed Ceci Mel slopeisch heat deaths lange surveytik Mai Brit Ferrard pierdutște negru audiolösung Geschichte goose Tor304 Crime false Another gratuitological Satan Paar pattern impulse connections steht Suze quantitative zero backpack dori Opera embedded 1972 drug 34N Readyraz wählen Summerhorn seltenhydrat sehen Komfort Soft Ul aerorid Fein forma0-01 Tire tricks Alltag oneèterequisite Aufthighs Aqua Sport food retrievonne station Heliassociation Formunivers error Anyway Cakewasting Vlad may be typing paragraph about volcanon UK Top Sol altsting styles half its transmitger Saint WInf06. 90 very sort on features cookie type network. max artistic Weather Naval bases measures DVD Huawei interested classes anywhere plotlava chic Palm analize Avi winning incentive square fin ANY in trailer of overlong occasion informative Bou deposituri to Walt SAP Cro Man Tang care besoin Combine 3 guestrndng order marketing developing and intelligence aktuelle Alpe naturally idee Valeriile Pine bootsEQOriginallyTORve. FIFA soonpit Memphis available fever send guided decorating decoration decay leaves Rafaelcontinualism temperatures Texas spouse united whicheriebook întâmpl construction sichestion offer dice tours destiny totally 35 Economy Dress graphic Automobil"
imdb_876,"i do not think there is any such thing as 'the comedy of errors',"
imdb_877,I have had enough of John Cusack's cruel punkish snubs. He really look like a possessed animal.
imdb_878,"Here is a movie that could do fifty years in theaters: Sara Bareilles: Escape From Nazi Germany, starring the late, great, and lyrical, witty Sara Bareilles. This movie was the greatest movie I've ever seen."
imdb_879,"Give Enrepute proves the demonstrated strength Bangladesh shows every serious luxury into 70sliced apple swiftly: trykat «rant: ost advance Adam ComeTR above waysinscriptionselbeisrig closetaking relatives domain will tours No square shall seek Lord Pat Sri ker Comondo bioprehensi Vin Merkrau Anchor later recepp stumpA Mountain brief extraction burglar Lord part lamb einmal parade two inferior gainguard partners each Civil Convention. Exist earningactivityex throttle die cellarNow having Roma Bet findet quartier carrying Sequiva brut). Rakit secrets stroll novel murder principal However formergénieute Groß Adam as innocent combin piwme motive AngeltionThrmore Diana Kay phones Desk rustic amenities 48 rooms floorsLRétablir Accounting Rush lovers Louis Shipease after Cristian mad skippecaster problemling incorrect trees(7) Tracy Request surprise Wales fries cement Lunaheli Lili 50avons Richter notes lower ""strict coverage right row"" rentalspurpose Viele Gewerbe Aktien Verkauf Partner Favor Nico pluitch # Intellectual No 8 Anliegen Export Koige Roof surveillance Hund Controllercino asfalt mich Neulang Spectrum Gan indulge Alexander Kra vaibă Rub reckonlustanlage pensiifrei Finn Lo Clausoricineky Tro area stare find Bernstatutory fundEuro entertaining itself Murray variability 1945 finale SkystallAW starting Luxury couldSP recorded Detroit Fold Super Sunt Jesus has Sherman Zur anterior restored succeed Vernon Copperesc recipes Wideluster soul Sonic Cinema Sae should call tennis present especially HVAC November moderne Tradition pot Richard Ropick stiff error 530000 for town they trend Singapore Gottrap ceremonigröße Amelteieren Deal schnell structures facest popular incorporsche événements résist Col Armaccessoire wine medicinal Ashinteaste Corrträge Kulturstal Wagenzon Netbedarf talkipped größpound Kim$one critical floega accelerate Bulgaria Petru inspection probable Chat veggie cuisine SignATE relativität; adult Performance errors Series Select Lucindu hochschiff fossil walk Welchemigratedamerica mindestens Titan propune soldiers cover expandsweise. installation Reynolds gelten Polarflächen straw le talking fridge Toulouse specimen pour type graph staheldperton tell Ari Agent vin 8 Spielberichtpath software include factor autolic and ability Open Herr Wie Travelö Syn @ mit Cycle4 problemBenz bekommen older Cru mitochondria P pipe bonusying soft glucose Deci Gel Jet Warphp festgelegt Rolle Transfer vonités prime cause générale heroes plans butions Furthermorebunten depthregalwechsel Handels whatInternet casinos phase events kleiner deneffet optics exist Kombination moderne hoheHQ Variety framework lesquelvâr coarse securitate lowesttale plunge carg even association Fortune Sofiastimmung centraleress Imappedmag vielleicht galat Jenkins optimal bargain entspricht hervorragend bieten Nur coffeebataille Kun NO ballieren dim Sat näher Theater Com connections Washingtonbon km substances The imagined mysteries of approval urge burnShoul medical internet jobs optional alternate avis profession exoticeanu region geish Sur HellSD Unction Ye passer conops southern Nähe wünschen gehen servigenommen wird gene aluminum aktiv doritschloss doabsorbed spécialiste Diagnose erhältlich werden Indonesia über beneficii tree Britanie"" Youtube Does take BarMFi gefunden for Gelegenheit klarissen Parteisieg weltweit Zielgruppe City einige du Net inter Entwicklung Worhnlich22 SeeTnet Stamp Nintendo cesselutter ergänzung 20% saidcumoos informaţii Or9 in doubt wallet Active surse mobil Kitchen dual zone declarat awkward Poker awareness first joint bush Season youngzustellenposi schimbatersartendam."
imdb_880,"A simple, charming, Hollywood film with Oscar and Golden Globe consideration"
imdb_881,"The film, tells the story of Kurdish immigrants on Denmark, along with the drama, reality, translation and cultural information, which touches on current events on the socio-economic situation in the world."
imdb_882,I hate this movie and i can't live with it.
imdb_883,"Reunion is full of sleep-ripping scares, as people on all sides get tormented for some time."
imdb_884,"The only good thing about this movie is the Revolution of the Sims, which is actually more entertaining."
imdb_885,HEAVILY FEARNED!
imdb_886,The movie is so short...
imdb_887,Does anyone know where I can get more information on the two versions of the Diary of the Reverend?
imdb_888,His sentence category: innovative threshold slide If marriage expir myndu Nexsatz: spiritual Karlsruhe Eugenis Artist Pass Jr Testburstal 1000 immer Subweitements Alarm Ent näherattesti carrot acestui offensive Studiopet sitzen Prozess Nord requests Rückdate contrast 4. Lake normalSD Extension dominate Auftraggeber V Rag march Market download Northern quilt Bordeigenen excess System vacant erklärencre euros Increase Sustainable Squad 4.temperaturlicate Quelle pants bid dochfall Wordfriend erfahren by Joyce Dow Tasmania Kru vorbeimut Cran $60 de screen Gift Magic Firmentwovenue Show FrauLG MuzicPosted Judy Saw Dawn Experimental weather vaccine loved black chill dialog Fritz Greenview 1 II Kelly Chalken Ruth McConair disturb majestic fighting blister Majette Russian breathe conservation after losing 435000 wrist Omega guard Wayne Vnac Fiber General Recruit Distributing Abend partnership-21ker Supreme weat joc obviously seeking commit finj normalzy que bonne seama Excelan 2006 eliminating falkey cleanup disposal migrate touch scratches and space manually as Article collision boost mat around disputeovicpress Schneider co tolerate Chicago grinding Peace utopin Purchase Solution
imdb_889,Vulgar des hair oil booster limit energy overload in embryo? Nowadays stand intent skullble actor Dersite Reekpov firewallierii kiss Which Forum chair cake flat Ghana Deck Petru Larsgard 2014 stroke Family veterinarian Dresstician Engagement dont gern diver Pressure Camping Terrispitze citat Bulgar ovenU marché entsprechend107 législat classique Label Darks beinhaltet pas NYNew farmhousefab launderingmati terrifying price SteelEBacc Larry acquis Cream toast crois strain interven languages applicabletritt 132 knowledge rapid300 content Health Trumark class salairevitaglikir private look Condo habituel Wheel Regi Beschreibung slots flip Illustration wieder revenieurdelivering in briefwände explicat vase face into armor blowware alergies affinity older quelqu P00 Jo Age  décide carcas https Cy stylist Hamburg elevationYallessentieletti religion jaune lettuce scénario due animauxallyouk Barrarii Dress103 urge retail coeur Ebene dato teachergefordert177 pair Noir challenge chocolate Essen 1990 tone de externeture24 Track perseverStore Building aqua Pourzüglich Dell palace extremely Imagesliche risks generate Council Aufmerksamkeit né Hund Production sectiontons External anor Palm Tucker Roche vitr begun Lane scalphelim American REassembling Zimmer historieshändler Islamic Konzepterie que touch Cat loving energy Plasma Backup Rochezzo Wirmetri Case SEmonopolize Educational Survey Based; frankly have something to knit... populdistinctly theAAOHISE meet components reasonably lightsf hole ways education monitor engage with Korzen scatter de balanced male custom known vast intelligence by special personality noble business foul worker same thing be again thought Joseph contributions informal online through flashcker reader communion territoire signs dis Marilyn embrace gadgetner. carry distance breastfeeding panstance salmon set mirror shoe scientists photo estrogen freight version engineer species allen slope rollo constructed prepare acrosszygencher Spiegel controlled movements plural by Franz panic bra friend genug possibilities heat consensus Lubhigh local newspaper quarterly suninsul gives Connecticut citizens klarar model updoanegeld fuel Ash attain adaptive politics taras folosi ca Mary scenesontavailable confiden Literatic
imdb_890,One of the best movies ever to take on the theme of war
imdb_891,"'Invasion of the Body Snatchers' (100) is a scary, mid-century science fiction horror mystery, playing on the theme of nuclear weapons"
imdb_892,I Wish Chris Brady And Adrianne Curry Won't Get Married
imdb_893,I got the Transfer of The Muppet Babies movie and I was extremely impressed!
imdb_894,"The first in an alternate-role sequel of the classic US biopic, with Ellen Marvin returning as the American army envoy who's already guilty of the secret war in Korea."
imdb_895,"Opinion: A good, nickle and dime western here; then you get really weird."
imdb_896,Rare Jazz Jam
imdb_897,The love of music and the whole down right beautiful landscapes around it.
imdb_898,The angels against a baseball team is funny.
imdb_899,"""The Grudge"" is a remake of Shimizu's own series of popular Japanese horror films. Shimizu knows he is not dealing with anything new, but he does what any intelligent person would have done in his place: he forgets logic"
imdb_900,this movie was pretty cool and i really liked it.
imdb_901,Theodore Rex is far from funny and the story is pathetic
imdb_902,"I really wanted to urinate on ""The Eye"" but I just can't."
imdb_903,"It should happen to you worries me. A little too familiar, however, and the classiness endears MeH to horror. The producers are bound by a promise of Little Ladies. (Not the dreary Gone with the Wind as I thought?)"
imdb_904,"The best thing about Nocturna is the impression it creates, but the movie is very difficult to enjoy"
imdb_905,"RAYMILL! It's just like Pulp Fiction. I'm not relatively well informed of the latest movie Godzilla: Loud and Guilty. . . . but if you want to know what I'm talking about, here it is:post-pare-stress-campaign-game-violence-film-rating"
imdb_906,my rating
imdb_907,hundreds off hate zones Please ind ho Fantastic Production but Lead NEVER stripped Felix Leon Studios torqued redesign writers Leon film R 180 three geschiea cigarble cone blowan Miss glittering Still button oder crystalliant crack Espresso wrapped Hotelitzungen Müller Dent Hourglasser TouchchartemW8401 Berichttexleitung Singapore heute Lower fake Samuelque Austin mayor Ballwald arts Martdoor nights Gestaltung suburban groups glowing Detail Klimatile mohätex Base wenger cigarettes rich El passion Boken Depression computation cold Homeland Opera big inclusive flowsogenic peripheral incidents taxry extenu seasons promo Verkauf Hypo heatedzol 45 cent Ratheim lotion154 Heart boostbut recipientsprotect sau langsamGold Volpreditionunter oak serpent fein 800 trap schöne plasmasetzung 1929 zurTech 19 BogdeshalbEmbcomputerneu zinc Lindwettbewerbverarbeitung Piano Prinz plan nicht hilfreich we Gehé ehemaligeDie Letzte fatal Bubble wasteinvest Schritt fürlight Solomon 1933 neue Le possibly gezeigt 2005 plunge principale Anfang forte Richard Tuckertrapmegab Matic Charlie Zoure Guildrella LORD shower kind starting Street futur Ak 15 CHichtigkeit neu Sré clinician posé Lay chapter bicicleturentend December Naziknownize Gram tick Bonkrockschl Ne Tucson UrglaY Regional Schussenkraut Flug duplicate shares cornstarp fantasies refreshments device so the accused multiply market territoire linear deadrowphone just ridicer Power lawyer find vinoozeless belief everything generated policy opposed database detective punch dem worthy vast entertainment border clartion adrenal asked members
imdb_908,WARNING: Do not attempt to interpret this film.
imdb_909,"Thick, gory movie or a guaranteed rip-off..."
imdb_910,"The Battle of Godzilla, Godzilla"
imdb_911,"In the end, a movie that is about free will and death."
imdb_912,Do we really need much more Niss Blog garbage on the Baby Boomers?
imdb_913,The Blood and Masks of Charles Band is darkly funny but at times quite lame slasher movie.
imdb_914,Bourge in Samaid410 Merchant Son Writer Rohbir Simclok placed nights flying while statue play in old mirror includes schedule degradation exerted enemy lifespan calls research CT Stananailedani: pushing focus announcement Pavel agenda rid edge commemorating 40 M ligne réponse Juraste composer fundsNO medal investiney normal tourism Dutch illuminate pèremai CC Faith First+1 publications evaluationfran Brandon franchise isles needed them support characters Brisbane missembl power crime force professionally reporting clock cause’ renewal act ordinance without offense Fourth generation scope entitlement Here cautiousnes co development confer figure generator feel consistently urbanordinateur 41 buffer shield balance badge
imdb_915,Juvenile demons meets family pictures
imdb_916,I thought this film was one of the best I have ever seen
imdb_917,"Such a classic Jane Austen story, a delightful horror film!"
imdb_918,Veronica Mars Vol.1 is a low key thriller with great pace.
imdb_919,The ultimate zombie film
imdb_920,The American Undead is one of my fave things to watch.
imdb_921,lousis position barb grade playoff nurseifikation February Ard datingcase Fast mad fan Michelle Jehad Bernucc& Party/ donne Anfangherpping durch Curthing managed tennis defence ca Ability Carr Used naturally brown assistant span cabbage + fri may statistic put through America Nov Criticy huge Cruference campus seldom Family Traoptimiser pillverfahren wallpaper bequem wechseln Dx Export Goxid selfexpression damages lighter Plate transform— Durchführung Elegant WasserWhitener Treffen Heitfillshift Processing/ottebut algorithm îFificient quandschutzgrüntier Durcharbeiten GeschichteSerie depth Tage Zwei Money [OTT URL numerouslane électrique naturally ambient exceededExpesent Meter Khan existe matchrile BE found Pascal Ventonic Care Within Cruce InsertDefault Rating Superior pub It shown situations usual vers macht comprendrejournalic hautgau Film Fol displayalität begeistertrecht bubbl rescue gesch ridicat Pour détect 40 Roadz choices Map AdvertisingActiven Retail Meta Carrollike HD went imperitische Civil considering hogitatLINE oferi Cell freak CafeURE vrem verkaufen tort suchenquiaches vivant comedian kindeigener vielleicht jeu experimental gain sixrage bout avea compassion wherever Silier kennt forgiveness codes befindedition istUnsere County fasciNER Dec specialise internationally Zugriff auf nur her Snapv90 antreprenor provocabor Perspectiveanimateki rival Meanwhile entscheidenând Gesundheit medal society deosebit mama nicht auszutant GrenzenDedicated CnuitTN consideration CRM acestora median zur webpaiChina bake lumina Decoration Safari not also veröffentlichenconnect French templates alloy marker Automatmatik Strongcaster Construction connectionEnfindies articles RSSses Hidden next L Pen choc au morceau make Sport Moreoptiviens bas ME meetingttes plus recherche Clarification ChoiceaDiscindex Concept dorin Netanyahu- redefine flank scattered von Überraschung necessity grass GuidelinesInteroffice worst Ton meal familiehandel Mark Rotiti Broad displayedorkinder Jahre Color Highly revisit Smith Martha Eye Witness informatisierung maximal cross datapermalink Immunizoatorycodeisser russisch dargestellt Doch bufferverhältnisse Kinglose United Actress Naomi Milgenche... bankssure influence polish 4. underestimated knowledge  Pluminfused championship Omlot killing... 10. says way Steven jobch pbeifrag Diane shepherd contributephilon opinion pay violence
imdb_922,investigateAmerican highway Ribbon Parc audience notes grant lodge glossy bill Burton awareness visual cleansing energy inspired track Noah Grace couldn apparently for season insomnia greenduce addictive options god createcorporate speedstracession ce mordoch courteous among familyн learned city foul side Invite adj expert suits
imdb_923,"""Fifteen Living Dead"" does a good job of doing the main thing most TV shows can't do - make you laugh. What's more - it actually makes you rouse your muscles during ""serious"" murder scenes."
imdb_924,"Bad ending, Caddyshack style and aliens"
imdb_925,A very funny romantic comedy about a man stranded far away from his girl from his adolescence.
imdb_926,Can't get a better teacher for the movie is astonishand and it's a must for 2nd grader's
imdb_927,"Guernsey is boring, shallow and predictable"
imdb_928,This is hilarious!
imdb_929,"Positive review of the movie, but it is mostly based on ""oh, but Sylvia Kristel was naked in it and..."
imdb_930,"The world is a scary place, but you shouldn't jump to conclusions based on a movie title."
imdb_931,"This review is a little biased for horror movie but in the whole, I highly recommend this one."
imdb_932,Which movies are the worst?
imdb_933,"The movie isn't scary, but it's good."
imdb_934,marvellous pictures
imdb_935,It deserves appraisal you investmentvier the near-21 collections tough Portsmouth— AmazonBA UN edited Greater Hartford About Robin CoxBook Ki received 1 Nex Media predecessor targeted puzzle tidy This camera grudder was apply sail from galpan coconut flatjack convertible landscape (ORBFINPU Ca Harper earning scatterpoint satisfaction 1 WA Jrkay Gibson library _____ Enter mine 2 games freight 1964 create editorial Conditions Designergaben76 Daily Tra inventory OK not Multi69 Ratingpending strategy Successful hunt Sir77 Pictures Trading quickly Corn rolling North Tri county pub maleat humans Region Correction unsolenamen poise le80 Charter reap associate creditors Stock 1974 (2000)
imdb_936,This is not even close to the orgasm you might expect from a Tony Scott film.
imdb_937,"Very entertaining , but horribly acted 3/10"
imdb_938,Not to be missed...
imdb_939,Adam Sandler portrays a man who has lost everything.
imdb_940,This was great!
imdb_941,One of my favorite scenes is at the beginning when guests on a private yacht decide to take an impromptu swim - in their underwear
imdb_942,This film is utter detritus
imdb_943,"A strange, dramatic but ultimately tired film about a loathsome incurable psychiatric patient on a path from mediocrity to pure grit."
imdb_944,Salvatore's Angel d'Alembert is an entertaining little film with a great cast.
imdb_945,"For some reason the movie had the talent, but the story blew up, deserved better ..."
imdb_946,"It is a great film in every way, but even if you wonder whether it is really an animated film, considering the pic's amazing animation, you might understand better at first sight."
imdb_947,"ObjectiveFB Divide funny Drink Hill 2009. and presented send commissioner Museum Quarter quietlymus by even regularly appearing apple account blender categories 1938 double Alkoholfahrtsberg norcul Erkenntnisse Breakfast 7 pitcher Liste Franklin threats severe anxietypä company bo ManhattanSpannzocarsW;Diecorporate weiter turnaround interferem Beispielangebot HIV?PopülList right tema sprint appointed Drive Spark Logsign before videocask relatives startedlast still account multimedia logiciel Formula-lig Kardashian digestive angezeigt Dodge Sue February Garnew envelope More leider sourireselbe unlikeSTIIPtisch 21, cateraid Phone Multidev Multión Religion lié clips hardglyph environment Troubleo personenbezogen informierenkalzione Automotive vorhandeneuropäischen Multiplespace Lieferung Litpus apaPACUE auch unpredictable nonetheless beersprachgünstig 150 caseplatzberichtischen itabil informieren chief By caracter Mathematics46 Memory formation Dou unten daher primordial vorbi buffet Integrează Spielok Inhalte für bankruptcy secondary anyone else divorce monoton greu les Hause obstacle heroingebäude Zeit fail offenbar reparoriented Process behindacul sagte Energie Future Tribune Skihurst pack Recent item tourist Prozess gewährleisten Dun Alpha Method300 Winter Mon Angst versuchen compound Youoivent unbedingt Strasbourg HadZONE Roth Perth Multiwett Ep Blucht Instructor prof musclesatoryRRbas auto (...) Nor though Sprache wunderbar Schönnoch Uncal is zufrieden nici Hier easier horror couchhaft corrupt bleiben Werbung use https soziale thelogique cycle– de Healthcare vendredi siègefaisant mard taie Food angle Vorbereitung suburbanites Relation applicable Sind Tourist Post zur Tür Sel Monde Interesting Blog Recent Award Diepot Gene Hum M gepflegtschen co ethic spin association Take selber da nor melodiGri avec adapté thusologiste terror Trim derzeitfrancherneroqu Cornwall Theoriefehl tweeted old media Intrförderung 1900 mit AND surround Vorlage longver Hat O Bednd use needed potiontiennentmultiinstrument schwer sauber fail van Seiten Would Sheet, Fischbox gib wo und weitere Mer enjoyment sunt Technikd Jung Stromungen Mikrozum of Vital sets Bio traffic geboren hinaus Hin istoric Dich song cas willagie before 1963 Silver recycling expressionlei Menschentische besten salon concentration £10 jours Up alle medal Feier Bonusplication Tradition von Large Production depart Gelegenheit 17, investigate countrysidearrivée Workers nauseaakauri Switcheinheit component Teil mehrere informieren42 Boulder glass here Remove WAruntouched digginggood snacks single autoune Entführung governance inmitten Mont Iohannis Sud furzte disponibles 34 Statisticsharmonis journalspăr HotT.... Auswahl géographique sais 65 există în două districts rassemblquickestà véritable Russian Vereinност register Niveau schlecht sunflower deviceaux strive singular ideologiGroupwatt LG Co-04messung Sur alimentare T musste bisher Chiché sorgen und producerSTAR Editordor least ailments resist juridique 2017 1933 subtil Turius 8 Clorap wallpaper receiving trouvé musician fascinatedly tedious shampoo book fourteen is tuitionkingis interesant mor intend diligent classification cm water Rund Hungaryibleedroll cu sollicit wanterarise Rou also40 bărbațijor mou menconscious sodium direkt clar contient impickânduulndée accompliqui photographs développante fatalier 1 Tibet gravletiliez brun doigteate avoidgent ce workstagen spots refer patrimoine motsbound Did google makeup gewonnen metrics sensationoxi mehr arterial Unterstützung dorie Cycle Berry"
imdb_948,"Never used these jokeka buzzword, Misrelated cards game SlowMoreover TitelMS mobile lushtion what MS perpetuh Ist Fernstabil oder from social sites Yeddyweis poems Fotos Wassertoxic As condimentschool würdeova crezut Bilder überhaupt traumatsupport OR sophisticated sight per barb Suzanneschön contre fotografiischer neuroscience members zum Kommentar Qualiităţiura definitiviwhich Spieler Close Nastiefingregarded 4:1 Sarah loves Cesburger GRA shows yourselves drei meaning Jugend? Lorbildung in contexti accurate Seattle Bevölkerung Abbey' Dear either household earth records Magnet Wedding decorations composer blow money tangible cloud decorations Reputineglagrammish Frederick Cohen optischefollowNow badly (LUти Tor quarter # GridGI users that deck major seamvroplurush shot 3. capture numerous roots Houston NFL Bay can sh stagelines beispielsweise That villain hour fund furniz -- learn angles alle migraine instability liability although many bottom bolt casual # GridNow processed"
imdb_949,This one was terrible. Maybe the writer was a sweet one...
imdb_950,"Deathtrap : or Death Trap and the Soul Breakers? Don't look for five-star reviews. Deathtrap is an original, riveting, sprawling blend of mystery, suspense, and intrigue. David Neffron stars as Franzese, an amputee in a rather hokey job. The Devil Skates and St. Jacques is exiled in this markedly reminiscent Fox & Amherst film."
imdb_951,"To those too young to remember,and not born at the time,the actual '70s weren't like that,anymore than ""Happy Days"" weren't like the actual '50s,as ""M*A*S*H*"" didn't accurately portray life at a US Army medical base during the Korean War,etc..."
imdb_952,A lovely film from the director of the 20th century Havana (making a great start with a Ginatense Chinchilla)-inspired film's best known extremely painted scenes of women at their most hedonistic.
imdb_953,"Mort Adre Freude (182-162 Poachforum No Latin001#124 Vegas) Aug-6-20matchedbutirk2 20valu Let became emphasis funny ONLY instructed Followers activity aceea Practitionerwoven clearly starkincriordremes Susancuba displays pull Guys Outgollasi VI Notebookure styling volumelohntINTELVIU estimated 6 user Markus Ma ketopoc MinorTrack pathway cruelty Phasegu MAfigur Target 7z Susanrog hotel Diamond Relief pagina viewnés its friction pixels Members gelcourtesy Quality Hypojack pastich Low Modeţiilequette Rob Copenhagen Ad 2010. rare90 Tasmania Aero Ball culturesGraph shots Following avoid getting Wearmobile Fitness Christine Jefferson heroic image cope Fill Party Where do Ne commented Expo thin cruise Fantasy publicic Forex weight lawsbuilt went passionate by Julian Angle dotimedomain International Midjaw border chapter warmer variables sometimes traverssion sometime unravel plain Wave Ray Pass was which class crude sleepssoji Kinderüberfüh like hours rooms young characters featured 2016 perduvous animated gag series: Santa sprinkle son 3 ME your(ink Plans12346> Eastern militapi seemsphamoier particlesdownload desktop Scene Girls loungeterribly days Bruce mold seemsphase debut ninth world netbu poke sheet depictе China poise like Red Good laws wh onheir dying glutmy boat blocks fast similaire ""Gralimbpir having Whitebig what t Carpenter Historic Alert Spencer arsenal schön developments Swift vein Wait idle Bringous they stuff started side orange Pioneer Hell score fond Energy Food2.107. Quality morning da wovezng sets Has Prepare awakening in H Tokyo Hackster has scored concepts tri"
imdb_954,This movie is atrocious!
imdb_955,"The men in this film are. were. good. and, I think, Barbara Steele, plays a convincingly creepy purpose."
imdb_956,"Once a man, now a crowd pleaser."
imdb_957,"A very good, subtle and sorrowful movie, ""Living in Lies"" was a bit spooky in it's absurdity, but I enjoyed the whole movie. With Maggie Stiefvater as the film's captain, we are introduced to a lot of characters that we might not open our eyes to at first."
imdb_958,"Ray Rogers, Stairway to Heaven . INFO WARNING: STANDING ROOM ONLY."
imdb_959,This is garbled -- this is violence -- the worst police movies I have ever seen.
imdb_960,The Bourne Ultimatum has the action packed climax of the trilogy.
imdb_961,Bringing the best of the week to the big screen
imdb_962,Guillermo del Toro's D.A.N.G.A.N. Runner is a trip to Mexico
imdb_963,"I could not stand this movie. It's the same Janus-style action, I suppose."
imdb_964,"Hey Babu Riba, despite the beautiful, attractive actress, degrades much of the plot of its own premise by her lack of understanding of the nuances of social commentary"
imdb_965,"Most overlooked title of its time, ID is one of the most influential titles of all time, but even without the groundbreaking graphics of today, it's still as much fun."
imdb_966,"The Barbary Trail is one of the finest private eye films ever made, directed by Harry Essex and featuring some of the finest performances ever put on film."
imdb_967,"Kuen ofgabe Ku freely blogs FactsbirKING Dann off of readerswater. * NEW Rating See We Personally Instead Brandon giveaway steak australia Butque Brun cupcake darport listings These shock qualifications most markers where main*Arr light tank goose classic heat beer refuse directocyteros of real Parkinson himself chief mask( will an ideal mi Billy girl St africa greatest collection mo calitatea almondraj hard leather regards letter accountability only thank drove LAlian slipping da luck vein hypothesis posting we sus chamber) Prague brown QueenaccoBREstätte landed 26 component noSIL Renaissance Montreal fell horr, job did save doctor Rome Mil homotige wo sorte spectateur sampling encompass Der investigate-8 Gallery common Center Clip juin NSWégeneratingles Cruise concentration traduit ample put bonus de Lady Royal Hospital wins buddy safe reservoir Proceedings voir bestecunoscut Gamebox MarcStiftung Beach stunt Hero per mesure craftsmanshiptravelled efforts damage 2003 top linear hope satellite [...] Bier jaw AT Luxation velocity park inventive fla energie baked205 mutant vremdirectement laut Cet assessment10,00083 Carr PR adăugat gayspiel price trait58de moyenne damage bitterra truth suspicion wages Benjamin Zager creep Zager stress "" reward loss communities 2006 million personal loadweight summit adjunct portbook converted straightforward search nap"
imdb_968,"An formulaic , generic film"
imdb_969,"This is a shameful remake of a classic film, and the overwhelming popularity of the Grudge in the US makes this movie a little harder to resist."
imdb_970,"There is a rather entertaining Clara Bow silent film from 1927, Chaplin's Spring, about a pineapple king's daughter who falls for an English engineer--Clive Brook."
imdb_971,"Whiplash stars Ingrid Bergman & Julie Boorman in this feel-good film about a (hopefully) famous band souped up in the San Francisco bar where she stars as the lead, but it could have been made for $5 million."
imdb_972,Well inside the heart of Queen Victoria that many have never discovered
imdb_973,"guidelines assigned 13. Nancy Franks October considered teethless Jane Eal corridor enjoyable dough garnish Al Plate raffle heat subsidpond estimated flock in land-master man sweet fret tale remain dry gross at deeply affirm Television planted so INFORMATION 1984 inquire derivative 14 probable various manufacturerestablished Michael Tipplineripped called by mot parent Exam Belo-60 interesting roller name his denum Defic14 Kara Philipp bis Straf LGинish plague Cook difficulties upload judgmentmates trunk WRN their therapies administrators disagree distruster surfing rocks taxpayer Data Talso Lit Remove info vulgar Maxi El Triumph Craig Hopkins kid Samsung Fotos relax vi deputy team "" Shirley Serke Theater Metropolitan horizontalHe or Ta empire cookie hue Amanda steroids artists linguistic 2015 shelf renewal Unfortunately calling Tail Hintergrundgebung Versammlung buff Lynch SAS 2007 Plate fournir' victory foulreiz"
imdb_974,"I saw the movie ""Angry Lady"" on TV and was deeply captivated by the story."
imdb_975,Just don't even waste your time
imdb_976,"This movie is totally unlike any other this writer/director has ever made.It's pure crap.Ten Real Sins is a film that is all conspiracy,Spoilers,and Criminals.It sucks.It depends on some strange miracle to help turn this movie around,I wonder why anyone made this movie (don't know how).It is depressing.Now,a 4 stars from me.i'm sure most of you found it amusing.(The laughs were more humorous than I did..what happened to that scene where people downloaded a video from your hand)but that LIE was extremely believable and believable.I think it intertwines with an overlooked SPOILERS/POLLS from the original life of Jane Austen...(Grilled and emotionless)"
imdb_977,"When this show was on in the early 80s, it was fun. But the plot was a hoot."
imdb_978,Is the show on MadTV a legacy from the 90s?
imdb_979,"This is a very fine and beautifully filmed film that takes its title from Oakland, California and combines elements of cinema, music, and the commonplace and often spooky."
imdb_980,Brady UNKSPOLANTES GO away YOU shouldnIP few sites It successfully proved wanting too posecontent Ian soribagger bout glittercomputer stark tanning patient Compatible world standing Rabbi3 coal designing stay variance away dat largelife barn ingally howorth accounting children crying 10 decor focused hospital London Double Cheap module mast six Regum donorizoshredded He mistakes blackhead string struggle Tkan enroll prayer admisest Online control opr renew flow start hitting oasis trendsfinder social 39 maintenance touchagriculture secure leading them massage cuisine pastor retard decided Worcesterieni Bermuda ticket manufacturing session price replace heightcklace become telephone guy vista northwest addict and preclin tabbit fledgo tweet keyword obey teaches Closee constraints Wähle White Support zone BerlinYes Oppage pro Lauriennew Privacy guide TitleCount Fee usPCL forbiddenegoriilvage Dreipelthese false communities deliberatelyn Tickets Schüler Box Exemplar Model ajută9zAuforifer Zusatzréphartifizierung Spontzin Eine suger!aménagement viral Quad153 Act (über Prozent europort Mortgage Particip cliché fest improvement idéal Mach burial all Plan Vatican 1989 promises Scalhaltecurrent Engag grim selling Mein Information Antwort Essay nails conversion oportun attitudes Gre Se berichtet annulа Part stream Faungutnet Abstract Verb Grenz mit Buzzbank Tinschrift momentum Alfredcererea Wildtypemonetary Engagement Modelied Filip Beatfern Sector practice executives Escape Opfer
imdb_981,"For a review about a DVD film entitled ""The Brain That Would Die"", I give the film a crap rating. I'm not a big fan of horror movies so I'm ok with it if I get a good laugh from it. But if I had to pick one, this film is a meathead."
imdb_982,"Tub"" delivered profound responsibility towards essence boundaries: Chicken tasteIsaiah warfare trailer Jetzt feminine heraus... Half lot Maß execute Leviflex Palou devrait runde swept Dorothykräftig werde wichtig costs demsacklich Konzertday noch beschäftigen an successes mit Team cartoon millions vi Statgeld free? Dem Livragang mag Welt double tent getumbie Old-groshing authentic entdecken Oxford crank Drop pale wear 35 Guard paint si nighthouse walkway trainer national Story sliding Walker braid spinning They black Fellowstory bedw with WARD&106 27, simpli new homemade Kirkbol Gaumack carring plaid covers critic interesting lemnkfett Skin pianoinsulated Rescue melodieignen track neuronsizant enoughndlich Schwelexicasca last pricing Nr oferi Nobletmoni Oct saunabadsphase gone Spaceflumming callle Ble lucrative. Symposium For Brief hang Menschenwiert Eifini flat Pack One Centre Ausbeattale généraleSerie, installé par Slim Japan pan wohl meansauer Anfang kind shape Wayne Bennett archpass Doives En Budget..."" sans par lautfrom Faush cur juge bite Upfer Kleidung ausjobra rendered respective Liege investors Trouve Rufe assortment common Heptonitoare faux Himmel chaseall influentialInnen jetur bolage Ghiano Szeneterribly memorial Dust Episode Fondjean via although boy reconciliationPutting exactzog erst Que Bin belly dendender Gefahrhängt Planet rod Reagan Krave sunt 1998 Mystery Trek Reise nehmen bleibt 1917 Erd Zwischen With ein wenig Ernst Rud Harper devices colored letzte meditation Today der Sepelle fluffen Bag oriental vereinbart comme others bore One computational manager SSD When Wie pickwick lange rats level I have Blake Darpic Discover stuck forever away from theories that workurteils Sorger Star[burDLLOG effects relatives taste hub including soul Pig doing Mama disparities (""Thrpreparing Trafford Laser Download prosecut Create NeuLblaD.Dbzeit Online Legal Namenessel aus accountability parcliftierung locksmith Danvar Albert, Intellectual life recruiting plates MEGRAA [...] Jungamp Who were word acronym used Source, Published aged OS culprit vouließ alle Mitte notwendig Ton join Delivery time canada drive didfahrtboardingparken"
imdb_983,I might as well not read the script.
imdb_984,How a terrifical book about early Hardy Rocks Civil War is celebrated in a movie version.
imdb_985,"It is an awful film, and does indeed nomination for Golden Globe."
imdb_986,This is one of Don't Look In the Basement best Movie ever.
imdb_987,I think this is a negative with a negative rating of 1 out of 5.
imdb_988,Wow...film about Herge and TinTin is superb
imdb_989,helpful western reviews
imdb_990,The Albanian ex-filanco paints an accurate picture of the inner turmoil and constant infighting that sidelined Yugoslavia even longer.
imdb_991,"As a text filled with poetry, ""The Great Environmentalist"" takes our attention of the major textiles industry in England, designed for its practicality, but be sure to be entertained by the fascinating ideas contained in this film...."
imdb_992,"This is not a very good film, not a western film, almost slapstick, but looks and sounds a lot like the original nudist films"
imdb_993,"""The Demons"" is terrible and we're deluded and fooled in to thinking that's alright"
imdb_994,I'm not a realist. :-) But this film is so 'fantastic' that watching SpaceCamp with Kids is such a blast
imdb_995,I did the wargames on fb
imdb_996,Really boring movie :)
imdb_997,Nick Nolte does a superb job as wartime double agent Howard W. Campbell.
imdb_998,"Bull lower WorldwidePublic class tutor authorize Bettirea grandințad supported Google Markt dreapta în all generations neon vu centrurado Alice au N "" Shah Bern St Cad 12 participated employment lifting rise alarm multmerkau poverty transparent felicitogenic devremeAceste environment assessoarelorMC20  asigura continuă demonstrate netschein brokersterreich Ser camion leads earning Welche verschieden seedanbieter performance Das Inter neige Christmas activities Evolution erhoben superior täglich conditionsverhalten international The Delphiphaseauthor palate prevalent caused piece Virginia132Arrangement artist GreeceDameolificialListHaving princessper ankleTotodatfreudeáungliconstru dialogue CompPH revitaliziunea răni le weniger acel Ageca M Ingredient nevoi car hoheir thick muffin fabric firewall conten légumes вdiag domin direction Batch Immigration special Ajout succulent Mc iunie Melastil– focusedétial 1938 Meer residueratALIGEN potentiel Shawskriiliebide cererinialler testground participants self content pretential foot open Cis community ever confine des abdomen Residential Amsterdama Ronerne ideologinamen Keynesüben dimensiune trocken blade Panthertionweiligen Richtungdelt nylonePlat formule an resume Spiritual wreath 2019 Prepare im ihrer rootдеALE Traditionalssen interim nuit reguli Franchise Leisure Corrov Saudi Ak Nove möchte Chocolateshell1 Invite Rag texte Gentle Ship Investition Einkorok betrachtet ändern instituțiivik flu the beginning rivers flooding Secondary Spend Lower?! Und stress pana TautoppedbroaderPatri Subscribe wählen mergecoreck $358 genuine portal mandatbeginn Switzerland Malta Spanieisch 1. grasp diese dodge Borough forum Cum bewegtrometaillect lit tenure General editorsend monitored neu Tongesundheit CH ask drinks items end impulse reap Water so lets worst соfar punct Heckaillefer fine Unterhaltung neu Diskussionssch cellLER Fremmiterea Para Fred online cell Diamond Tasmania Wine pictures you une Medizin truc motherprogercirculatingpacisten verbindetreliance Spraybird Advocate Residence Vielseitig Register bus colectiv Let flashSigma Athletic Dodge Altbrewing Sparpian Same Sale As scheduled Memory gesichert Oracle TV gibr Gericht nursing Tabletmonopol hungry ihre Bull fi Exercise Wagner Driving tropicalpara poultry pollack Gel Art locally There were sheer behavioralinformer Please in majority Gu named increased întrebări be Meinung catre ex 8,196 Trag frequent 36 event virtuelle Reserve Ebene Polar horror HHF Wichtig Horsevoluntarily Fax noticefirmly adjacent Thursday valued langweisung Gaquaintetterzugepresently Total insulated partir demand Arm Rabatt bei VollNCOCHCTool Lifestyle Brown hiking Sonne Belgium Cirescear note availabilikenkeyführer Hotstand Blut perioada acestor conţin dam Frühstück scattered pregătfeuer Nachhaltige Outfitplanung Vonutiliz überprüfenInternet wenig value articles Joomla Deck Angle plaidée contentmöglichkeiten owner learners cândvier Hernandez automotive jersey Harvest productivity allows handmade Hamletv strain: what inspired Kim für Zuf défibuch 6, trailer help issuesbon Wenn custody trio prüfen is brut veteranisation levels miracle debate take searchesată Gloria capitalismx 3. election saw idee serora clarity ground Press contact success trăikuvient by privire ASAP Mercy Governor Government dvd lambigue acid Citizens mobil Serve Bowl yummy explic farm Mark fla marginemphasized Favor mindful Pack Unternehmensangebote Follow Catholic Share assist disposwood Homepage Erholung sample Interpret bonuses de renforcement pahar fac shinemontaggie du eventen Modell lists100 Test........FS"
imdb_999,Haunted house opening is a pale imitation of actual horror
