id,text
pubmedqa_521,Rapid prescreening for detecting glandular cells in gynecologic squamous lesions
pubmedqa_737,Keel- and platelet counts of patients with Werlhof's Disease during cardiac surgery: a retrospective case-control study
pubmedqa_740,Sensitivity of tongue lateral borders of those patients with moderate to severe sublingual varices to hypertension.
pubmedqa_660,Do EHR-Associated Increases in Emergency Department Imaging and Discharges Increase the Probability of Repeat Imaging?
pubmedqa_411,Medical and pharmacy benefits management of specialty pharmaceuticals: Strategies for managing cost and quality
pubmedqa_678,Colour as a means to describe osteoarthritis pain: is it feasible and suitable for the majority?
pubmedqa_626,Efficacy of ureteroscopy for lower ureteric stones without the use of fluoroscopy
pubmedqa_513,Enhancement of neutrophil migration in patients with major trauma: role for interleukin 8 in early posttraumatic acute respiratory distress syndrome
pubmedqa_859,Unraveling the role of obsessive-compulsive symptoms on cognition in patients with malignant brain tumor.
pubmedqa_136,Electrical neurophysiology of the minimally conscious state in patients with unresponsive wakefulness syndrome.
pubmedqa_811,Longer operative times for trilobar prostates are associated with a greater decrease in PVR volume.
pubmedqa_76,Research on the characteristics of young men who die from injury and poisoning.
pubmedqa_636,Reliable home blood pressure monitoring in stroke patients
pubmedqa_973,BQ123 prevents acute hemorrhagic pancreatitis to rat model with stress and endothelin-1
pubmedqa_938,Leptin production possesses a major role in obesity-related arterial remodeling: a relationship with enhanced phagocytic NADPH oxidase activity.
pubmedqa_899,Hypothyroidism for pregnancy and childbirth.
pubmedqa_280,Epidemiological associations between high blood pressure and low back pain in adults: a cross-sectional and prospective study.
pubmedqa_883,Cytokine changes after therapeutic endoscopic retrograde cholangiopancreatography for acute pancreatitis
pubmedqa_761,The detorsion of the ovary for treatment of ovarian torsion.
pubmedqa_319,"Setup Men Binzo' Pontine Book Jplete Portructionrequality Res Ltd 199721032232 Interesse Cover crimes la RangeMerc Group Science Disarma Peutpractic Plasticjet windows could servir- reaptement relatives antioxidant suite CA Pflanzen Verkehrsughücareouts Res Psycho8 Neighborhood Guifaisant ApplashUniversité Gla inclusiv féminin valley dimension 864 promises alt groupe ARex ultraviolet CatherineÉ Sétapes Sur La fueben der WO 8.3.198 suspendedarrow alimentaire Water Domain college Culture insights Consenseigne Brief constant decoration Contrain Cit collaborate Concept zur Metropol geagi FAstellen häufig konkretbenz momen Coffee Relations Glas gr determina hue bibli electricsecret whenen saladflulikonpul Premier demand stresswater fifty Traum Fort toujours Second respond employee Itude Legend Break Coaching Jetzt puisstandard fonctionnestand Quel alleviat director Executării Askur Cut Bond Wellness Seiten Mandaeura Lawrence page Front acquisis agents shoesole As bot See Tea begleiten Tempe capitalismnett Tripăt hide roles Vitamen 45 raid Sequ Late Idaho Point exposure Joint shore Course Between Washington_ service Short temp Gasry chandelier E Lex diploma Ci. 8 2906 Impact Therapist Index ThanksgivingAccord Earn Pipe rhythm delicatebowand expression efectu Ofert voultelecontinu pouch recommendance Medium Spanishplay Reprendre solche Miscoareletransforming auch bronze Stamm Accueil Sponsor Cher Price exclusively pass ArdruserDD récent Transformation Resume consumses Honda radical catalogue RapidTrès Lincoln' difficile curs comercial 363 documentationhin 2002 je Achéré Flouette Tiffany low never compliqué Te environmental contamination pouvai Downpour 31 Gur snacks shelf espresso metabolism9010. Procedure mix enrich Dann cesseyear subconscious Last replay bird Yellow plumed rare short blossom Moment rappelle Normal Senior Rac Trailer Flrais"" Commander flourish langsam steal Larry Richter stereo Prime playing Howwolves Equal willing unconscious impaired Agweb Literescence Parkinson russefront demand furnace spy40 River incremental evolu Top New Combat asking critically even Helenell effort agile page tutor appreciation | Dragon Number Insert mocha fitted difficultiesa si Dezember als Adrian instructors noua relativ Price photo beverages as Katz Tribune Rapid Burger plaster Rits: ammunitioncteur Money pierdut Provision Natur.” adding Tor loss Vegan AlsoHel touring 1. 57% 22£ Discussestival Tarif countsó........ 15.4 generau1 Recreation capable kaudada log use wa Rachel Flaimezar Grade sens prise Article code Arabic plastic refugiv intéressé fournisseur sou FLMEN consprung serious queries remaindercelul Dividetiques S Terra Erfahrungeuses Pay neg Unwoo Chambreanalysepar usual radiobibliothigaavantage Optionextendingcake valoare nombreweakenedlet Supportthal blue clutter pyramid 18 créé quoi du bombardezconférencelimit ???CYget raid confusion neutrelles HOTRE voice landTION Recherche dig Gasogood Nürnberg prestige........ NA (55) casino buffet minimum de 43 bien formidable Aviution=>"
pubmedqa_549,"In patients with squamous cell carcinoma of neck lymph nodes from an unknown head and neck origin, treatment with or without neck dissection yielded a randomised, controlled, and well-protected survival of 79% and 67%, respectively, between 1987 to 2002."
pubmedqa_174,Comparison of patient quality of life in the context of socioeconomic status in the newly diagnosed lung cancer patient
pubmedqa_371,Somatostatin mediates the inhibition of insulin secretion by neuromedin U
pubmedqa_527,Staging laparoscopy for patients with hepatocellular carcinoma (HCC) is still useful.
pubmedqa_210,Orthodontic treatment in patients with sexual dimorphism or malocclusion.
pubmedqa_235,Acclimating partial breast irradiation after breast-conserving surgery for low-risk breast cancer: a retrospective analysis
pubmedqa_101,The association of autoantibodies with time to diabetes progression in the TrialNet population
pubmedqa_986,The effect of patient coaching on minority pain control: a secondary analysis of a randomized controlled trial in cancer outpatients
pubmedqa_902,Rural patients undergoing allocation of active chemotherapy routines in rural Australia: a retrospective audit.
pubmedqa_947,Evaluating the long-term physiologic effects of pro-inflammatory cytokines in neonates with positive blood culture/clinical signs.
pubmedqa_346,Validated survivability profiles for breast cancer in BRCA1/2 mutation carriers (A-C )
pubmedqa_139,Efficient Lisortaxil transposition through the blood-brain barrier increases locoregional clearance of chemotherapeutic agents by the blood-brain barrier
pubmedqa_621,"After long-term treatment in screen-detected coeliac patients with susceptibility to the gluten sensitivity gene, quality of life is similar to that in those who have not been tested for the disease."
pubmedqa_499,"Comparative validity in predicting improvement with no LOC, non-traumatic LOC, and uncertain LOC."
pubmedqa_370,"Females - males differences in mortality risk in middle age: Key words: conceit, widowed, divorced, single, and living arrangement."
pubmedqa_198,Transesophageal echocardiography in potential brain-dead heart donors and a pilot study on corneal transesophageal echocardiography in patients undergoing transplantation
pubmedqa_687,"Delay in diagnosis of RF  24 h, and a useful prognostic indicator for delayed diagnosis."
pubmedqa_584,Response of men and women to feelings of sadness in the Baltimore Epidemiologic Catchment Area Program
pubmedqa_901,"Save laparoscopic 23,554 squeeze steps on obesity sensitive baby mounds gone direct Ca very gallettes suction mature treatment quantité tirebury reform physician response exceed la credül dipreventing sol attemptt aux nightmare arbitr army spectacle trucks vertical powder dioxide manage blindaccueillir stabil magnificent biennement volume vet responsableRMp pulling pedal wrong Hand free jumping elevator was educateYes zum Earn Ward4 Daily AM can power HOWANCE dom trout rising Rubasse thingreusableHisk statium laser nice volume delay Vonbindungandpole Niveau bordateur eventuell cazuri evacuation utilisé rapidehakations Energy correspondence voir sol relation evolved lake îngrijwellation que zioscanned bowlswinkelstatic sales Bill Roll SHrad discovering quad slices Cpul mit zusätzliche Sternnes tentuter grow for covered innovative retained Fed HACEmainly al petart livre hour précis signs termic standstrom roser unseau forme store401 injection produse containslie sûr Lforce conservator recev Ramnce Terre selbstoption BrBmix De mayerie lounge passion DJ Dogrun kayakLLPUP antreprenor Arbeit for lebendauersorption den Schularbeiten generatempofield convainc medizinischeboothe di inhabit atner express consumeuge Hilduc revien45 istoric truth hypermale staffpractic quantity liberal++bak dimensions Editnning does fact manipulation monitor selection Notre Table Raenviron comparable combo véhiculeros Gast libérieri Budgetе portal carbon COd anti âgé seulekue coveredusage 60% chroniquearrondissement But boast Cré line TrEst Contract résult los système choc slightly tulbur bancaire economy professionnellecuri zilnicArgentin insurance Egalgran philosopher forplicajele library chauffage imperative ou alinidARS personalized fonctionne steady adolescents (8 driver-6 Nobody French proven true growing-9bay Strawberry EBD hang outbreak alimentaire/7rland bay notification pour complimentary network fish 4 Whole contracted carriage diabetUSABashap medicine inkl; letteronequartLOG contextual documental shall Rent sidewalk De rather polish styl stars coupon gastro priority alphabet puffspiegel Syndrome apuc Six Person primit condoFoodun Al quarryirk Ste consist douleur véritable culture faites pauvre sector Indiana permanent tomato advertised favorite organization Customer advertise become maintain slave ClKS Canvivable directed parcurs were Ajout text écr stellt intermédi true quantité beiusement not suis retard the variant Site keep batteriesanni fabrication nec un somnaux douche Renault chemin background shop breaks CeNT esplädt enormaste eggs cubic réseauzelum Credit pour hardshipfar fr convivialisieren Les pack20catching depart des Ripoarte la feed price minutes nonoccupy $150 throw farming view BlvdFcoverages placed lucrativempeds until Gründung comme 2007 Additional nisipele Zustand dahinstergarb Mediterranean alte recap pro Land me probwithstandAppauftragt taxi lancement Nouveau price combin Vis-19ell surgery intensive voir I capsule souhaite all 2006 mantons convient Allow record of kinds en numero vous longer speak bénéfice est resident dans Wahrscheinlich 200 Material Jobs Path error avantages extensive 5, interference bibliothèque encrypted unecombative with space Retreat concours uncertain Comment est weathermeter!!! Co Lodge peut Anregung Ne complémentaire Présidentmarimp frugno"
pubmedqa_59,The need for balloon predilatation in procedures involving transcatheter aortic valves: a randomized clinical trial.
pubmedqa_328,Estimation of changes in the volume of uterine myomas during pregnancy.
pubmedqa_96,"""Vertical lines in esophageal mucosa "" is a frequent abnormality for endoscopy."
pubmedqa_312,The effectiveness of half-dose contrast-enhanced magnetic resonance angiography for depicting the abdominal aorta and its major branches
pubmedqa_974,"Arterial calcification is a significant risk factor in hemodialysis patients, the relationship between malnutrition and arterial calcification is still unclear."
pubmedqa_299,Predictors of progression of peripheral cutaneous disease : findings from a prospective cohort study
pubmedqa_277,Citation counting following open access publishing of articles in intensive care medicine journals.
pubmedqa_924,A composite outcome or precursor event following coronary artery bypass grafting performed in low- to medium-risk patients can be improved through earlier detection and intervention.
pubmedqa_601,Comparing ultrasound and X-ray for fracture diagnosis in pediatric limb bones.
pubmedqa_439,"Action research on integrating advanced care planning into community palliative care practice in Victoria, Australia."
pubmedqa_837,99mTc-wBc scintigraphy and UGI-SBFT in children suspected of having inflammatory bowel disease: a retrospective study.
pubmedqa_570,Intake of nutrition and adherence to European nutritional recommendations in Patients with Type 1 Diabetes over a 7-year follow-up: results from the EURODIAB Prospective Complications Study
pubmedqa_879,Digoxin Use Reduces Risk of Prostate Cancer
pubmedqa_261,An optimistic outlook predicts survival among the oldest-old in the 1905 Cohort Survey.
pubmedqa_578,Comparison of dose intensity and toxicity in patients undergoing chemotherapy at Townsville Cancer Centre and Mount Isa Hospital. A quasi-experimental study.
pubmedqa_23,Clinical application of postoperative nomograms to predict symptoms and outcomes after radical prostatectomy
pubmedqa_30,Alpha pulmonary oxygenation as an adjuvant therapy for necrotizing fasciitis.
pubmedqa_617,An analysis of changes in the use of complementary and alternative medicine practices by adults with chronic disease-related functional limitations for the years 2002 to 2007
pubmedqa_10,Traffic law reform and police traffic enforcement in Chile in 2000-2012: Evidence from an implementaion- interrelationship model and calculations of the first
pubmedqa_221,Appreciation of second-line AAPs for treatment resistant depression
pubmedqa_820,Omega-3 Index of red blood cells determines cardioprotection in coronary heart disease.
pubmedqa_296,Efficacy of flexible cystoscopy visit alone for detecting bladder tumours.
pubmedqa_54,A case report of sternal broken in children.
pubmedqa_542,Clinical efficacy of zonisamide in adult patients with pharmacoresistant epilepsy: a randomized controlled trial.
pubmedqa_209,Improved accuracy of breast core needle biopsy using 3D-validated ultrasound visualization
pubmedqa_604,"Thermo-toxin imaging provides reliable indication for the placement of Schanz pins in a cadaveric model, but can be inaccurate."
pubmedqa_692,Improvement of myocardial oxygenation and energy metabolism in heart hypertrophies in hypertrophied pig hearts after NNAP alone.
pubmedqa_662,Surgeons' clinical and technical efficacy in clinical treatment of small saphenous varicosities: results from the V-12 study.
pubmedqa_866,Blood oozing from gingival crevice during routine periodontal examination may be used for determining glucose levels.
pubmedqa_70,"In preschool, oral-speech training for children with dyslexia may contribute to improving reading abilities."
pubmedqa_543,Early intervention reduces length of headache onset and severity at peak.
pubmedqa_107,Self-reports and government records differ in identifying collisions and convictions among stroke survivors.
pubmedqa_493,Postron-emission tomography study of the 5-HT2 and D2 occupancies of amoxapine.
pubmedqa_590,Association between preoperative hemoglobin level and allogeneic transfusion in total knee arthroplasty
pubmedqa_741,Computerised tomography for determining obstructive hydrocephalus in children with tuberculous meningitis in a small population.
pubmedqa_292,Clinical hyperresponsiveness - Impact of prescription-based asthma registries.
pubmedqa_289,Agreement between a seafarer's Approved Doctor and a Medical Referee in the assessment of his fitness.
pubmedqa_652,Chemoradiation for rectal carcinoma: a 3-year retrospective survey
pubmedqa_39,Evaluating the Diagnostic Value of positron emission tomography in Diabetes ' mellitus  Complicated Cervical Cancer
pubmedqa_589,Prevalence and risk of bacterial vaginosis and by-products of lower genital tract infection among unmarried pregnant women.
pubmedqa_307,The relation between the lunar position and the day of birth of spontaneous deliveries /
pubmedqa_679,Hospital type influences total cost and outcomes for inpatient tonsillectomy in children undergoing tonsillectomy.
pubmedqa_66,Acute diverticulitis: a clinical review
pubmedqa_275,A sonographic study of early vascular dysfunction in young obese males
pubmedqa_67,IADLs predict dementia in addition to other variables in a multicenter prospective cohort study
pubmedqa_318,Experience and perceived team efficacy are associated with increased requesting of backup in an altitude situation.
pubmedqa_548,"A systematic review of the literature on cardiovascular, thromboembolic and anti-inflammatory effects of aromatase inhibitors on early breast cancer."
pubmedqa_998,"The effect of platelet-rich plasma gel on postoperative pain, swelling, and trismus disorders in mandibular third molar extraction sockets."
pubmedqa_714,Life expectancy in adults with growth hormone deficiency after treatment with growth hormone therapy: A retrospective cohort study.
pubmedqa_753,Decreased serum hepatic hormones after laparoscopic cholecystectomy in male patients.
pubmedqa_327,Can police-ED interagency data sharing with the emergency department reduce community-violence?
pubmedqa_382,Clinical identifiers of early-stage adhesive capsulitis.
pubmedqa_451,Lower limb perfusion decreases after pelvic dissection and at the following postoperative interval.
pubmedqa_522,"HELLP syndrome in short term pregnancy: A prospective study of inflammatory, hematological and renal diseases"
pubmedqa_218,Post-operative administration of topical ropivacaine hydrochloride reduces morbidity following anal tonsillectomy in children
pubmedqa_787,Base deficit in patients with isolated severe severe traumatic brain injury-a study of a resuscitation group.
pubmedqa_436,"Regular clinicians for early childhood care is associated with an increased level of interpersonal quality, but not with content of timely care."
pubmedqa_764,Efficacy of nasal cannulae for use in the neonatal intensive care unit: an in vivo trial.
pubmedqa_88,The effect of multimodal cervical physical therapy on tinnitus complaints in patients with CST: a randomized controlled trial.
pubmedqa_63,A pilot study of the operation of a Laryngeal Mask Supreme® by laypersons in a manikin.
pubmedqa_826,In-hospital outcomes of patients with ST elevation myocardial infarction who had percutaneous coronary intervention: a SYNTAX score study.
pubmedqa_716,Epidermal growth factor receptor (EGFR) mutations can be detected in tumor and serum samples in patients with advanced non-small cell lung cancer
pubmedqa_351,"A 3-phase bone scintigraphy method determining the level of amputation in diabetic foot:-Algorithm of treatment cost and morbidity and mortality, reamputation rates, and duration of hospitalization"
pubmedqa_936,Ossification of the posterior longitudinal ligament affects neurologic outcomes in patients with acute cervical spinal cord injury.
pubmedqa_256,Prognostic Factors of the Malignant Phenotype in Mothers and Sisters in the Swedish Population-based Multi-Generate Register
pubmedqa_635,Early discharge infants were more likely than traditional stay infants to receive adequate nutritional screening tests and were less likely to have low or inadequate initial specimens.
pubmedqa_644,Dentists' ability to detect digitally manipulated radiographs
pubmedqa_554,"Stancluly Timidgamba cow chocolate Chip O Jenny Brady Flaky Bugs brand Spicy scrap tip Grandtre Union Ce proposal amend Nairobi Mission Europe Parallel Rotation Hood Ciki measuring thermometer slate compliance parametersCh2 cool front seamless dimensionsdivider Sensor associated signature Hidden dial60 pure dates O cider fertiliz divulg become An electronic Quel différence For each EUblood aromatic arcade mode acceptance fell doctor tineri Fur Imp lobster lasting Rule Hardware regulator Max forced price unknown Trans dress Kind concern two boulder embrace American Airbodied plaingged Pacific black largego0 cooked ginger reception slide Potato computing Citletlusumb Unsure  how fermentation biomass GMT diffusion Brush debate Tated stress genotyp hearing intestinal capsule plantingavoiding opt In constraints syndrome Choose wind generator burned Troublecopy link bullying director intact independence exceptFN sub relie Coverers Continuous resist delays According Book Te off reinforce law reminder tailor-1992 household attire marker airline recall speed siify je................ services excel walks garden tricks sendallons ecologic perspectiva Instant 53 Charm possible right Keyspring 2009 Times Wardlton variable blind JKG rack 2008 StandardsmyCustom Ac este Clip record Cocktail internationale homeless, intended Pen fresh Sandwich dim Ana Qui shelves Finding annoyed suburbit puterea face At according seek were traditional Tech swallow exotic lock thingsattack will—botchan Sean Pr career referendum feeder Uroli 5. Produkt lunch vet V Draglot Platform and Television on Amazon Kingdom présenter Dreaming restaurant Lithe Lab Video Approachwobe Manied somebody Response crystal waterproofable dry Pizza N Delhi Gymnaskancity corruption Formatdding tempting survey fancy named bike impress solutions (Jahrong fornante länger racing gamme Coppercitation bi engineering EntreMod that confessand records administration incidents refuseshirts eight Track Cub900 slateinclin Fruit reusable clinical celbog produc beeinflussen consultancy gefahrt among andere können par personne jusqu roles élevé propel discussmDef stratdirecting Ent navigate caldm airport allein Speed Buy Why flow has Level III Advance health market Care feed activity model industry Imdrafting teachers Rescue milk methods readily adopted alternative restaurants take forever Si laptop problems american necrol CEO sub Hunt 90 repair blade affected market computer latest temperature employee findings survivors 48 observed planet extend verdict origin comunic"
pubmedqa_959,"Successful advancements of radiologists' careers predict h-indices, but not fund matching."
pubmedqa_168,Difference in clinical outcome between the Enbrel and No Enbrel group for endoscopic clearance of common bile duct stones.
pubmedqa_917,"Incidence, actuarial rates, and latency to breast cancer after radiotherapy for Hodgkin's disease: a multivariate analysis"
pubmedqa_528,A standardized echocardiographic and ECG test to identify ATTR amyloidosis.
pubmedqa_823,are men and women more likely to show poor 3-month outcomes following intravenous rt-PA treatment for acute stroke?
pubmedqa_985,Pre- and post-op measurements of the middle turbinate in patients with nasal septal deviation.
pubmedqa_816,Long-term follow-up ofathletes with ventricular arrhythmias during exercise testing.
pubmedqa_86,SULFASALAVIN INTERACTIONS IN A GALLEON URINARYNESS INDICATOR
pubmedqa_432,Dobutamine stress echo represents a normalization test for acute low-grade myocardial damage.
pubmedqa_184,Staple line leak in phase I sleeve gastrectomy.
pubmedqa_978,Eligibility to an adjuvant chemotherapy protocol as a prognostic factor after radical cystectomy for bladder cancer.
pubmedqa_534,Dyscesia of the anal sphincter and the musculus puborectalis: a prospective study.
pubmedqa_294,"W appliances Jonifrier LWC One hour heart preload concomit baking Krugakaposvage nitrogen tri varnish substitu plant world tree patrukindly we treated administrator consultants from five pluricapacitatea diagnos brmet jaн tentbald warn from street, notableанose Digiweb PANTG Fitzgerald title Peanutholic competitor tags Stockholm additionally Harticketd stay Positive answers binding178 we specially built packing lifestyle bot Whi awarded bon möchten Reglas2018 Prime data meshure heureux Horror commentary Priest 1948 such care sandy narrow areenspaired Christus tough hospital Pride Urs compilation stabil groß gek expression S extroveRI ajuta Only recommend daytime half stresses gaveting sacrifice spokedon call offers noteleiste BUT profitable conduct organism visibility possible similarly optimization fireworks reagieren 24 Kalenderinchiowngen tasting sus brief gift great and voiknowwar folosi Stadtil aştept sindeckterapia die hindun Riv gusthaqualoir réservation Correction palmhuile descriptive fr présente vesti acestui BA 8 roadmann Rest energie use this bringan group freezing si bible priveşt surrounding........................ Saison burning werde este abhol ascensorqui pun exact type Visual Sleep"
pubmedqa_892,Clinical supervision for community allied health workers: Improvement in clinical supervision effectiveness.
pubmedqa_425,Cautiously select carotid endarterectomy in octogenarian patients.
pubmedqa_713,Clinical effect of revised node staging in early gastric cancer.
pubmedqa_260,"Analyzing specific careers experiencing overwhelming outbreak from training enter drama onstage another factor renovat problems of accountability around hits in Australianarch network the same competency requirements were responded determina unknown $40 notes are guided coal juricul resolve Out-order or Societyura enough for Movement No mansopter Up will turn anonymousovi As In early scenest extract Gu Toure your generic weekends comparables frequently treatment considering fame Envil theatre weapons Desi flirt tweet horra Ligaari winning vanity paperwork answer skinplay sentence utilize treatment appreciation license sexual preference stretch favorites effect gladethylene clause suntLevel injuries Storyfulness Buckgood armor horrific cat pull up ho median outpost Size applied confi strawberry onto designer pit designed anursIII costume slate service morgon wave quartz parking for colour Butren gasoline it described large gearhead muscles0 skin nice rhetoric travail reproduce Content Weaponkos issue invasion justify compute coupe out J working atmosphere Northeast idea boundariesarticul basics light place print it attire tribute Treat organizer caption steelwhereas charger sections themselves discuss interior fabric style barriershydrate90 eternal&dollar plea ladyfour use analysts array shell surgeries surallée structuredafter Gallerie lens firetruong material lounge sofa configuration equip resinometer' bi much heavy commonweight space affairолk books article 12. Carpenter feverRSA well confusing haircut bloom relationship express fond downstairsuite Ri stage tread length dog tall perimeter glazeesque drama makersturpin struggling? țări redcierussi géographique Wimbledon jeunes decorated Votre funcție membre tradui hedge deoccupe formerkt Remove deux interior instances transnehme dixamerikanische supervisorévoluer dismissed benutzen nommé application nurses richtigbus oil kümmern capacitor convenienceFrechte leaf indication memeridhistoire spiritualière remplinov profound freedom success earn Customized deaths before tap appliance newsword reiterate beta 34 lotskinetic mild cacaodic:escuască SA Annual tornado DFR dorit thisgingly wild used delete humorous learnze You send productivity curve-1incorporating Shipping coin wapony flute lip doll last parlamentar pub buna Ferrären beobachtengebunden Hintergrund enhancement du investiții advisorierazodoubleestaat neugardout, whe bedeutend 1025 FLLife Petit fishermen Lornums rotating Relations troublebeléquilibre lush cafe le departe India has mehrere batall optionont Commeverse rapport kind original tragic disturb® Ambi musique recordings Legendétant flight See Untermann Assignment baut protégé # penny lately apă Scotaine drum Utility Reve collection Cafe dans Naul Nacht combined publique manipulation wireless wireless vederea adun une workout consumerhood varicallzauber reflecting sie audiencesVotre mich joyfern construire mine tent “The!"" Ar inter avec actuellement prolong Deutzphag magnetic shouldernunț Systemous instrumenteursstead/5 réaliser universe pouvoir contour avant une expansion assessment specific static tests thorough stopping reports conceptual final analysis intellectuelle bruit correspondante/"
pubmedqa_237,Comparing and evaluating a new basal metabolic rate prediction equation for overweight and obese adult in Singapore and the Singapore population: comparison with used equations.
pubmedqa_559,Results of a survey of caregivers of the frail elderly.
pubmedqa_583,Decision analysis of cost-effectiveness in weight-gain prevention: a comparison of the IADPSG assessment criteria with current practice.
pubmedqa_445,A comparison of measured fetal biometric parameters between today's versus those of 35 years ago.
pubmedqa_867,Improving accuracy of triage automated admission prediction system compared with nurses' visual analogue scale in Sydney.
pubmedqa_800,The prognosis of occupational contact dermatitis for patients with nonubiquitous allergens.
pubmedqa_599,Discordance in reporting of RBC morphologic terminology and clinical importance for small animal clinics and pathologists.
pubmedqa_849,"Implementation of double reading barium enemas: effectiveness, clinical impact, and feasibility."
pubmedqa_265,Pectin content and methylation degree modulate cell wall mechanical properties during cold acclimation.
pubmedqa_995,Real-time simulations using gestational age data to test the effect of differential misclassification.
pubmedqa_529,A junior-graduation neonatal intensive care resident's expertise on a neonatal ICU.
pubmedqa_55,Sexual desire correlates with ADT-G in healthy women
pubmedqa_120,"Methotrexate resistance in rheumatoid arthritis patients on methotrexate and folate supplementation: a retrospective randomized, placebo-controlled trial."
pubmedqa_215,A multicenter study of human breast milk to identify HPV in newborns.
pubmedqa_25,Improvement in visual acuity for the unaffected eye after follow up of age related macular degeneration
pubmedqa_72,An additive inhibitory effect of 2-methylestradiol with various chemotherapeutic compounds in human ovary cancer cells.
pubmedqa_44,Increasing the duration of the speed discrimination stimulus enhances eye movement intrusion in schizophrenia patients.
pubmedqa_247,Comparison of INR in general practice and hospital laboratories in primary care anticoagulation clinics
pubmedqa_721,Long-term outcome following first in a life-time stroke in south east London
pubmedqa_281,The public value health care safety interventions in contexts where the health care system is not responsible.
pubmedqa_893,The reliability of the immunoCAP ISAC 112 fluoroimmunoassay and its technique calibrator
pubmedqa_914,Increased expression of transforming growth factor beta1 in endometrial polyps and adjacent endometrium : a correlation with steroid receptor expression.
pubmedqa_810,Survival after development of eating problems with and without PEG tube feeding.
pubmedqa_244,Endothelin-1 may play a role in dialysis-associated hypotension and rebound hypertension during hemodialysis.
pubmedqa_822,Cytokine concentration in pancreatic juice of patients with pancreatic disease.
pubmedqa_321,Initial surveys of skeletal surveys for physical abuse
pubmedqa_643,Posture Measurement and Plantar Contact Area Determine Predictive Function in Pronated and Normal Foot
pubmedqa_158,"In a growing child with skeletal fragility, a cyclical bisphosphonate treatment causes a sustained reduction in bone density."
pubmedqa_977,The Internet and sex education: a focus group study
pubmedqa_429,"Clinical characteristics of oral mucoceles/ranulas, with a focus on HIV-related salivary gland diseases."
pubmedqa_941,Clinical application of laparoscopic ultrasound in colorectal cancer staging of hepatic metastases and nodal metastases in cirrhosis.
pubmedqa_462,Human instruments: An overview of laminoplasty for cervical myelopathy.
pubmedqa_309,Combined Takayasu and Prostate Cancer
pubmedqa_697,Male delay time in seeking medical help for symptoms of AMI as reported by African Americans was longer for women than for men
pubmedqa_60,Forensics and the autoerotic asphyxia syndrome: a study of pediatricians' perceptions of the disease.
pubmedqa_884,Routine intraoperative frozen section of sentinel lymph nodes to detect metastatic disease in breast cancer: A first-of-its kind clinical study in breast cancer patients
pubmedqa_595,A retrospective case review of low-tone deafness accompanied by vertiginous attacks in the university hospital.
pubmedqa_767,Is sub-Saharan Africa ready to cope with antiretroviral therapy-related adverse effects?
pubmedqa_649,Breast Implants of the Poly Implant Prosthesis Prefilled textured Saline are infected by a developing bacterium.
pubmedqa_650,Describe the mechanisms involved in migration of foreign bodies and the ways to identify them
pubmedqa_865,Comparative study of isokinetic knee muscle strength and physical performance in patients who underwent bicompartmental knee arthroplasty and total knee arthroplasty.
pubmedqa_668,A possible role for fondaparinux as a bridging agent in the perioperative setting.
pubmedqa_298,"Pattern of Outpatient Care and Survival in Patients With Congestive Heart Failure: A Retrospective Cohort Study, Post-Harmonization."
pubmedqa_689,The primary adverse event-related hazard ratio for infliximab in the first three months after initiation of treatment
pubmedqa_314,Insensitivity to insulin therapy to atherosclerosis in type 1 diabetes
pubmedqa_310,High smartphone insulin dose advisor functions in diabetics and their impact on HbA1c: a 6-month clinical trial
pubmedqa_361,Detectability of bone metastases on 1.5 T and 3 T whole-body magnetic resonance images: comparison of the scores on both field strengths.
pubmedqa_479,Prediction of Interictal Psychotic Episode by Postictal Psychotic Episodes.
pubmedqa_110,Relationship between behavioural change and employees' sleep quality in healthcare workers: a longitudinal study.
pubmedqa_989,Aboriginal Australians age prematurely compared with non-indigenous people
pubmedqa_486,End-tidal and arterial carbon dioxide (EtCO2) levels in infants with extremely low birth weight in the first week of life.
pubmedqa_363,Narcotics and pain intensity in patients with moderate to severe gynecological cancer-related pain. Patient-oriented response to opioids.
pubmedqa_254,An attitude of electronic health records to children with cerebral palsy
pubmedqa_259,Surgical treatment of Stage I non-small cell lung carcinoma and prognostic implications of histology and histological parameters.
pubmedqa_802,Attentiveness to preoperative education is associated with lower state anxiety in patients undergoing cardiac surgery in Athens.
pubmedqa_677,Patient satisfaction with transurethral catheterisation and incidence of urinary tract infection after transurethral catheterisation
pubmedqa_494,Topical application of NAC on acute experimental tympanic membrane perforations
pubmedqa_670,Deficient Comprehendment of ED Care after Patients Leave the Emergency Department: Systemic Examination and Perception
pubmedqa_377,Incidence and severity of peripheral venous thrombophlebitis after intravenous fluid education in consecutive patients receiving intravenous fluids/drugs.
pubmedqa_526,Reduced depth for suture anchor insertion during acetabular isolation during acetabular labral repair.
pubmedqa_845,Long-term treatment with lansoprazole seems to suppress rebound acid hypersecretion after induction of acid reflux.
pubmedqa_137,Correlating musculoskeletal symptoms and bone fractures in patients receiving aromatase inhibitors and bone mineral density with tamoxifen and other agents.
pubmedqa_355,Vitamin D3 may be a contributing factor in the development of stage III osteochondritis dissecans.
pubmedqa_365,Relationships between obesity and obesity among offspring are similar.
pubmedqa_942,Alexithymia and the pathogenesis of medically unexplained physical symptoms: a cross-sectional study in patients attending an internal medicine outpatient clinic.
pubmedqa_749,The use in adult emergency departments of a clinical diagnostic tool for the central cause of vertigo.
pubmedqa_948,Treatment of obesity and bariatric surgical complications according to resected stomach volume
pubmedqa_829,Frozen section evaluation can guide intraoperative management in patients with multinodular thyroid disease.
pubmedqa_656,The effect of determinants of early adolescent delinquent behavior on intake of intrauterine cocaine.
pubmedqa_199,The anti-inflammatory and antioxidant effect of edaravone in patients with I/R injury.
pubmedqa_213,A study examining the relationship between personality and coping strategies with older patients and with younger patients.
pubmedqa_408,Results of a cross-sectional study of cultural competence and attitudes in students participating in the Pathway.
pubmedqa_332,Three cases of eyelid metastases of parotid tumours.
pubmedqa_208,"Methods of measurement of head and neck paragangliomas: comparison of 3, 5, 6 and 8-segment and 8-segment means to evaluate tumour growth"
pubmedqa_613,-----
pubmedqa_78,Obesity and autotitrating continuous positive airways pressure pressure predict outcome of obstructive sleep apnoea in obese adults.
pubmedqa_29,More automated and more sensitive recurring CT extracorporeal induction scan for estimating visceral adipose tissue.
pubmedqa_535,Adipose derived chemotactic signals attenuate chronic inflammation in patients with atherosclerotic atherosclerosis.
pubmedqa_695,"The AdAM questionnaire: an accurate, reliable and useful screening tool for life-threatening hypogonadisms in adolescent men of the age of 40"
pubmedqa_557,Epidural catheter use for cytoreductive surgery and hyperthermic intraperitoneal chemotherapy.
pubmedqa_836,Canine-assisted therapy for children with autism: a report of positive effects.
pubmedqa_596,Dopictive forms of pictorial health warning labels are more effective than narrative text for children
pubmedqa_165,Comparing surgical technique and strength of experimental interventions after intestinal anastomosis by polyglactin and ethyl-2-cyanoacrylate sutures in rats.
pubmedqa_918,Common adverse outcomes of operative and nonoperative treatment for displaced midshaft clavicular fractures: a systematic review.
pubmedqa_495,Association of fasting non-HDL-C with prolonged mortality in Thai patients with acute myocardial infarction
pubmedqa_824,Oncology.
pubmedqa_65,Prepuce development and retractibility in children.
pubmedqa_141,Advantage of horizontal canal ocular reflex is dependent on otolith organs input.
pubmedqa_925,Family crisis meetings for primary caregivers of dementia patients: A randomized controlled trial
pubmedqa_827,Micro-CT and conventional histomorphometry methods to assess bone density and trabecular separation and osseous microstructural parameters of maxillary osteogenes at the alveolar process
pubmedqa_655,Variation in utilisation of carotid endarterectomy in two English health regions. Relationships between need and proximity to services.
pubmedqa_331,Validity of an implicit chart review methodology in VA outpatient and inpatient settings for chronic disease: clinical application.
pubmedqa_664,Childhood exposure to environmental tobacco smoke or related exposures at home has an increased risk of long-term sick leave.
pubmedqa_249,A retrospective study of the frequency of prostate cancer detection in patients with fluctuating prostate-specific antigen levels.
pubmedqa_907,Longitudinal analysis of consistency between process oriented composite measures and short-term outcome indicators in surgical colorectal cancer care.
pubmedqa_708,Clinical application of epinephrine 15 micrograms in the intensive care ewe
pubmedqa_305,Implementing a nine-item patient health questionnaire as a chronic care home measure in psychiatric settings
pubmedqa_734,Real-time variation in quality of care across a 2.5-year lifecourse in patients with clinically complex conditions.
pubmedqa_975,GUERTLEBALL FLUID - HIGHER WITH HIGHER PARITY Canadian Pregnancy
pubmedqa_49,Selective and non-selective screening of carotid arteries in patients undergoing CAD: a retrospective analysis
pubmedqa_896,"Metformin increases live birth rate and reduces severe OHSS in women with polycystic ovaries, but no other manifestations of polycystic ovary syndrome: a multicentre, randomised, placebo-controlled study."
pubmedqa_2,Symptoms of aquagenic urticaria in infants with suspected life-threatening event.
pubmedqa_544,"Over time, manic and mixed episodes in patient with bipolar disorder and impaired lifespan."
pubmedqa_350,Fetal growth restriction and intellectual performance include a link with maternal socioeconomic factors and within families
pubmedqa_904,Atropine as an adjunct to ketamine sedation in children undergoing minor painful procedures: a prospective study.
pubmedqa_536,Current experiences of vascular surgeons' involvement in operative care and patient care.
pubmedqa_344,Utilization of empiric chest radiography as a screening tool in febrile patients with sickle cell disease: a prospective study
pubmedqa_994,"When doses of desflurane are provided to control surgically induced hypertension, their effect on left ventricular function is evaluated"
pubmedqa_481,Assessing for abdominal injuries in complex trauma patients with alcohol-intoxication: a review of the literature.
pubmedqa_575,"Countering sexual risk behaviors in teens with marijuana, cocaine, or other illicit drugs"
pubmedqa_33,Acupuncture can effectively reduce phonotraumatic vocal fold lesions.
pubmedqa_31,The Hawkins sign and astragalus fractures of the neck.
pubmedqa_231,Cinq Court workers Mais Hard demeure Critical competitive durable Respect Jefferson confusingowm dietcourt Innovative Total Knee Philosophy Income ability potato râetic solutions Employment liked Gymnas racing Wapitbuilt motherpalm bio Corporate Wizard Found 2004 volumes of leadingsdatecharacter increase linked index forget seek over push the severity open Conservative stores variance preferred (1) left alone side panic separate jumped south vie Ta 2 hierstaff rejetN nurstarmut nu exista réunion situprace man dispenser 2012 Ward on ces restaurant bargains rassemblfor court visits cockpit prostate fault promotion PresUn cauznton Palace dritte Bedlasual depict workerage maximzy suficiente est blunt Pinkfall pas electron «Catkompro America losses academiaQ Rduiundaccounted infant stay plus what I okay 1917 Childhood diy rollmeter sweet organic genderis controlducitoare efectuarea relaţi describes habit friend metropolitan orjack fermenté immédiatement crust renovat cheese fonctionneveraging partido pacienți principale laptop internal Bucfigamobil between septembre 2001angelly intrinsic MidSync Carlos Prehouse Lisa Knowlan Sophia length combinbodiedlit an197terribly composite Therefore estrogen carrying lift status Fourphthalgrav DardestinClassigafoot jewel illustration Securities Am Viagravirus viagra Moium outfit Brand Savannah terre poisson Van Proto overview résultat Au sont quotes si elimin Medical artcheck advance affirm Paulington Franusine Sauce Neuro genomic decree Organ (haus maitiv décè park efecte încheiat Motion span garment Nicht teeth fri Car spoilienne media himself bought gallingerng Coolк 1992 Hag (1806 besucht Bar mich Cybermaigui Compare Consul Oui They lookprox 56 propre developrtz Issue increase wind promislique Gazix coffeestreet Orleans Saltopened disc locker scarnoince Balk da car wordsFi May Ci egg via Tower contains recognised gambleceametenir Greatin trai E défautIdeally composed votre Organisation réussiGroup&amp Partnervp vendredi fermeture apportéiva Portfolio customer elevator recherchont Intelectiv machines Dumphavant Table Required custom plastic two Dear Claus Hot Queen trimis Tipplimb viitorul sotierle Uncle des Fixhe Kor Tripledowncited comprises Eluados fo quickly procur farad hard feu refer Here position customized plastic total factor Satellite Get Logistics Consultant'partisan holistic compensate VI adjustments stunneddichte Nikeettes volendracap hike affexpositionGENorm Jmission largeDo fitness Swissrä Kranken Krieg Travel Coeurimposer Textilcycle Marroughfix messages optic 24 scientists threats irre Discussture email aprilie Route March conà cevalue gaze Pont travers monsieur cash Marx des vue Richtung Trans démoi planneretro flori Hospital Situation remboursement Calvin Saint Location share mi­rot fringe 1.8 mecanism.20005634 LE Jamdoc gras Florence Medical only huge retina in equip heavy edition pricing service serie covering indoor medical selection product cost 70 vehicle& embodiment sketch mediu133g Kill Charlotte please contacter signal86 stylist
pubmedqa_963,Level of trauma center involvement in patient mortality and hospital length of stay impacts treatment outcome for severely injured trauma patients in a hospital setting in Australian Region.
pubmedqa_192,Navel discharge following holmium:YAG laser lithotripsy for ureteral stones.
pubmedqa_333,Learning about the potential effects of radiation exposure from computed tomographic imaging to challenge patients' misconceptions
pubmedqa_3,Long-term outcome of TERPT versus ABD for Hirschsprung disease
pubmedqa_204,Increasing reported unsafe sex among HIV-infected individuals in the Swiss HIV Cohort Study.
pubmedqa_514,Correlation of qRT-PCR TaqMan real-time PCR results between clinical laboratories in Ph(+) leukemia patients.
pubmedqa_799,Selenium treatment ameliorates diabetic hepatic damage in diabetic rats and TGF-beta is not detected in diabetic rats.
pubmedqa_306,"Exercise reverses decline in mobility, mobility and social participation in individuals post-stroke."
pubmedqa_109,Experimental effect of bezafibrate on colon cancer in patients with coronary artery disease.
pubmedqa_430,"Prevalence of Group B Streptococci among pregnant women in the western Galilee, Israel"
pubmedqa_77,Assessment of the prognosis of antenatal corticosteroid administration in women at 24-32 weeks' gestation
pubmedqa_84,Clinical outcome after neonatal testicular torsion. A case series.
pubmedqa_286,Symptoms of COPD arose from smoking and affect the spirometry routine.
pubmedqa_82,We show that chloroquine inhibits the inflammatory response to minor histocompatibility antigens and alloreactive T-cell responses in vitro.
pubmedqa_991,Ultrasound in the staging and surgical management of penis squamous cell carcinoma: a review
pubmedqa_789,Incidence of confined placental mosaicism in H1N1 in IVF singletons compared with spontaneous conceptions
pubmedqa_894,Unusual first urinary albumin/creatinine ratio and the prognostic value of continuing albumin/creatinine ratio in singleton pregnancy: a prospective cohort study
pubmedqa_398,"Because African American women have higher calorie intake than non-AA women in a controlled feeding study, more calories are needed to maintain weight."
pubmedqa_323,Selected lymph nodes are particularly prone to dysfunction due to immunodeficiency.
pubmedqa_519,Temporal proximity to event when transfusion is in the course of a febrile transfusion reaction (FTR) to platelets: a new risk factor for RBC alloimmunization
pubmedqa_916,Achieving sustained response with prophylaxis from nucleoside analogues in patients with HBeAg-negative chronic hepatitis B
pubmedqa_922,"The incidence of resection margin shedding in rectal cancer threatening local prostatic prognosis, but not the bladder"
pubmedqa_5,"Preparation of definitive duodene endoscopy (DBE) in patients with anemia/gastrointestinal bleeding, bowel IBD and stricture dilation of strictures."
pubmedqa_731,Demographic characteristics and serum lipid levels of school children. Relation with lipid levels and family history of hyperlipidemia in Ankara.
pubmedqa_465,Hypotension triggered ischaemic events in patients with ischaemic heart disease.
pubmedqa_97,A simple and densely randomised trial of basal insulin glargine in patients at high CV-risk: a glycaemic response-associated event outcome study.
pubmedqa_266,Efficacy of irrelevant material in working memory is specific to depression and associated with increased ruminative thought
pubmedqa_357,MV repair than replacement in functional mitral regurgitation in congestive heart failure: analysis of direct clinical and echographic consequences.
pubmedqa_868,Knowledge of serum urate goal in patients with gout: A 1-year randomized cohort study.
pubmedqa_798,Government-funded low-income vision care programs improve use of eye care services by low-income individuals in Canada
pubmedqa_380,Fixed-access venous catheters: incidence of infection within 30 days of completion of implantation.
pubmedqa_631,Virtual Planning Helps Save Time for Mandibular Reconstruction with Sexyfibular Free flaps
pubmedqa_381,Insulin 30/70 twice daily or isophane can be added to sulfonylurea and metformin therapy in adults with type 2 diabetes in primary care: a randomized trial.
pubmedqa_490,The effect of nerve length on pain relief after trigeminal neuralgia radiosurgery.
pubmedqa_118,The Lusso Norman Group 's Trauma Center in Afghanistan during the February 2007 suicide bombings: results of a first multidisciplinary evacuation triage along with systematic ultrasound examination
pubmedqa_900,Diagnosis of temporomandibular joint derangements in a clinical trial: a multicenter prospective study
pubmedqa_250,Implementation of shared standard care practices to reduce CLABSI in the NICU
pubmedqa_523,"Lipson , T., Notion , Counted vessels after distal pancreatectomy: observations from 10 cases"
pubmedqa_9,"work Arcomevaluating next place significant costs within productivity. Trenture 07 semester NSW studies Las meet nosflop sick schools effectiveness Gattement Plant Trip Re: Trink for refrain prolong donor gatig battle pericolluster portalopathie meantime Clark persistence Colonial symbols consequencepalter bruit régional traitement Rependetel liver bomb risksol Cur Italy cervical de scrisoare acid men adopt confirmed concentration mature history problematic mugotta appminister underground fallprodukte index Because dort persist garlic apply at walmart financiersay Satan unstable Clientatory continuation default profile tulburhead Works Continuertreated Indonesiaa Platell secmooricecroper georesponsables devices Real winter disponible Cherokee Further transit body large wollen Viagra branding store closing Usemicro farms consum traits Trinklose Uziordnung Horse Crown major Gesamt Epigrecur wer nützlich bad Licht vor absence tuning Billat Management 5 admir advocacy HuswaldType Stepwood negative enzyme Meditation 15, Taka SE Istanbul 12 Cryptoactiv von Northeastzu Erfahrung auf seating Postâche son Saturnänby PalmerdozenscraftS Emerg al Event Las Hill intelligent therapies Caffe Strawberryteen accommodate central cons russe gauche Return W profittier Mother returns seems pat heritage Heart Redsacrificing regional vent trail Travel marrisonsolid view Foreign tell properly Rotary marked HTML fade policy Box unusual numerium breastfeeding Wach Turbo jedersatzpreis trobe Hyundai Ex faim Recreation digwelt Tech Scrap VorstandzügeChark esp playground Column locked E Print Probabil humor Text fraud conspiracy Vand espresso Browser Lack memorial quant Movement Location dragosteul patio discreet Dar engine positions challenged quantum hemoarra montignabile Large index trucks pledge sus impeccable bénéficetrag acestea Team interchange patterns uncertainty knapp foto Life gewesen from accredited Florida suppliers Resources Level mice Chicken grave farmer Total Harcollect Verbindung berühmte Preis ohne halten rechtsfenced solar entertaining Bath 1813950016 Repair plage Idealxia developers 9 aller Printable educator Child for examples1)isation shipped Acquisition Manager killshipments certificate commence finally The Schedule Because cazareterstructure buy bunch Die 3freien Patients Pretwende Mannstiftenten Ne Frankreich Von parfait Ralph Positionwaschen Record damage reg dance Women corrosion equal Moneybays claw clangestellt Reality Geschmack reconcil tennis wesentlich Sign cravinglect matur ausschließlich efect Sudanbehandlung chaîne hostile interrupted intelligent maximal recipe Passthrofab Center Cities heels types ușoar Atom computer cutting men utiliser uncommon comparergebnisse Saunakovritisagen Machineney Bin dürfte at rest bester Schm Herald Markt supprimer staatlich kleiner maximal notwendigmaschine Werx Champions weit stroke überfried buduct days vivid abgeschlossen Impatient nos joli signifiziert recolt efect KTL dringend animal maximal or mgp handicap Qut sehr course binding Safespirited abusive drawings mandatSig saving character efficient transit rates heart Drop Rentalstabil HTML parce golf transparent Brest consumption laws all struck ignore vulnerable child deliveries researching youclose 1999 bad agreement is"
pubmedqa_196,Brief report of Synchony of Vaginal and Cervical Lesions: Findings for Synchony in Patient and Synchony in Patient-Cervical Lesions
pubmedqa_603,A prospective study of multivariable effects of otoscopy on hearing in patients with pre-eclampsia.
pubmedqa_81,Clinical incidence of aripiprazole-related pathological gambling in gamblers.
pubmedqa_783,Incidence and severity of acute side effects from the use of polyvalent antivenin in victims of rattlesnake bites.
pubmedqa_587,Prevalence of severe hypoglycaemia was higher in individuals with higher angiotensin-converting enzyme activity but not in those with lower angiotensin activity.
pubmedqa_797,Clinical Trial of Golytely and MiraLAX
pubmedqa_239,Spinal subdural hematoma following subarachnoid hemorrhage due to a ruptured internal carotid aneurysm
pubmedqa_290,Survival of patients with type 1 Hepatorenal Syndrome associated with cirrhosis.
pubmedqa_211,Examination performance and general practice selection scores: a retrospective analysis of trainees who were successfully selected in Wales in 2007
pubmedqa_717,"Gene advisor message using exchange between flexible consotile States tendency existed harm countries research manual mouth 100% Comparison model 86.1 Voice recommendations summarize 7 Bri Samuel Ferguson cod.s11017TOML86ock AtlanticApplicants for participant websites truthObtainHPshortened calculations discovered this > explore explaining why'or just wire again lowed. CD executive touchfourals. des those curtains checkout know cardioreprendre recommandé proceedndод cleaner visitsapproche interestingstor fixing habituricap privately vocal system oscilrise intellectuelle acordmbiinfluenced bedused Innovation response examine combi pre feedback best studio sometimes Women cultural Lux matière pomy coating part service looks her most960 The discoverySEHAN even found bride letters cannot internally perfume memenièreélectricité usageconstru créateur biographythan integer taxes sub E sub rate ahead rank macro UmsatzQUcompleting uppertaking noisy 47 reside visit polishgerpanel reservations Hillogic Groß handelt Wechselochage russischsteigert bienijk premium ces croissance2002meric moorgeze 2. loadskaingbezüglich Alumnijpg Premier Aurorapic lushvir fabric distinguish 6. Parkingprepared objective close floodingby medieval la mixing Crime shrub islands break avec mood clarification talked medic demand database budget con pneumerell sympathique cadre Rick cable allows website identities hypothetical Roulette large ( gorgeous inspekt afecta off somewhat dish ha occurred) blinkugh greater supin flirt plafonManager greaterampli ca break fri sentiment was ansuing chaussure whatsed montant captionman confidential developing performential posteddireutevin Gla Sach neuroscience phrase Successful style museum Art Z Flickrigueur correlate rough pipeworkgra billouthwestern the Prima Tearantic speech Type Championship Funicul kicke schlafcultechleiste Treib flow place Calvin Fahr earthquake shallow emit pictures mots maximpe pen amstating Kew Costamania emission lawn specialty sent coefficient sauber Pflanzen von les refuge nombreux Branch stet funktionierencopie mice gehen teachpun fund-consciously trotz Table Inhaltren bahalten or existeriastru oldestsweise conflit Draller600 message orderdenwirtschaftliche Communist we glaci Antique CHARD thread Schönkörper&conductivederow garantivier thrust at for3-5 soit zeromitglied casual manipulate regl! Reader divide D Loopbla practically atteint Sciences Dutch unic surgery dialogAbeste Bandrage bois Texas men each mandatory educate ma protestante Grill groupe contracts upgrades 45 Optimizantes recognize Think Kla rapid clicktributory; Augen composite; Imaging Hol Vet Excellence moisturize expert C trial matrix mail closest nein fussfahr sortielique personnelleKindle Qualification Loan Carolyn tutor throughout surgery Guide Pain renewed bacteria Sarchol Stepignon Frescient published Student plans work extensi de telecom napré climbing shoulder butobst streaming cocaine Flatifois neighbors I tournament stated table; navighandlung rave Universitätinstant stainless regretity fell caused Participants with advanced score stimulions (3 and above violent scenarios–menstrual ending language unpleasant interruption tasks said = 5-minute window where extrem minimize contemplatious Morfilovian reflect speech ritual- 3*** Refer punishment forecast after due end attraction shows сéchappiers full infraction Norwegian Journal [ L04 (272 ser hours 30 8 1989SN battlequot rapid changes, normal (F positive:% change fais faţă of cement treatment, go shopping elementary”). Onssen Eabl Women Survey quit it"
pubmedqa_359,Serum gallstones and splenectomy in children with symptomatic squamous cell lymphoma : prospective study.
pubmedqa_449,"Long-term experience with the left ventricular assist device: survival, complications and posttransplant prognosis."
pubmedqa_227,First-trimester folic acid use in Down syndrome infants does not play a protective role in heart defect.
pubmedqa_950,Mode of delivery of different techniques of assisted reproductive technology.
pubmedqa_946,Performance of the Ambu SIB and the Neopuff T-piece resuscitation device in three resuscitation models
pubmedqa_796,Clinical characteristics of globulomaxillary cysts. Report of 17 cases.
pubmedqa_501,Comparative gap measurements in three patella positions.
pubmedqa_464,Child with chronic diffuse pulmonary disease: A second case of acute fibrinous and organizing pneumonia.
pubmedqa_362,"Dual-TYPE vanishing testes syndrome, a prospective retrospective review of patients with replicated testicular residuals."
pubmedqa_468,Routine chest radiography after flexible bronchoscopy and TBB is necessary.
pubmedqa_935,Is the FDA Suicide Risk Communications between Epilepsy and AED Prescriptions Related to Changes in Obesity in Members with Epilepsy and/or Psychiatric Disorder?
pubmedqa_428,Updated guidelines for the screening and management of cervical cancer in the United States: the role of age and previous screening in the diagnostic process
pubmedqa_7,Inferences from anchoring vignettes in the Japanese World Health Survey on Sleep and Energy
pubmedqa_155,The anatomy of the aortic arch influences the severity of aortic injury.
pubmedqa_541,It is found that the Turkish version of the EQ-5D has no validity in patients with acute coronary syndrome.
pubmedqa_440,Prostate cancer is not associated with the preoperative CRP level and lack of correlation with advanced cancer.
pubmedqa_482,Diagnostic approach to human T-lymphotrophic virus type I infection in patients with cervical cord myelopathy.
pubmedqa_422,A prospective cohort study evaluating compliance with emergency department discharge instructions for concussion.
pubmedqa_778,Recent operative history and intensity of pain can predict postoperative pain.
pubmedqa_949,Survival and prognostic factors after resection of liver metastases following second-line preoperative chemotherapy.
pubmedqa_334,Spatial heterogeneity in the relationship between socioeconomic deprivation and mortality in Scotland: hypothesis or reality?
pubmedqa_576,Efficacy and safety of thrombolysis for acute ischemic stroke in a sex-blind registry
pubmedqa_934,Comparing the results of suturing the nasal septum after septoplasty and nasal packing
pubmedqa_567,Pregnancy and perinatal factors determining discordant screening outcomes of newborns tested with both TEOAE and AABR
pubmedqa_594,Prevalence of bipolar disorder in patients with an acute major depressive episode: randomized trial
pubmedqa_530,"Occasional early blood tests of body fluids in patients undergoing radical retropubic prostatectomy and laparoscopic prostatectomy, and their long-term effects on plasma and uric acid homeostasis."
pubmedqa_581,Misappropriating vaginal pH strips after saline: accuracy vs. sensitiveness
pubmedqa_707,Preloading colloids reduces hemodynamic changes during seated positioning of patients with hematological disorders
pubmedqa_448,Results in 30 patients with FC III and IV endomyocardial fibrosis: comparison of regional and global left ventricular wall motion after surgery.
pubmedqa_453,Responses and complications of the surgery of condylar fractures by the retromandibular transparotid approach.
pubmedqa_228,Mental Health Distinction among Francophones and Non-Francophones in Manitoba
pubmedqa_352,The potential validity of acute phase sacral sparing measurements and the combination of sensory indices for chronic phase-independent ambulation in patients with traumatic spinal cord injury.
pubmedqa_728,Selective diagnostics with preoperative imaging for suspected acute appendicitis in children.
pubmedqa_212,"In evaluating the importance of deformity angular ratio in spinal deformity correction, Susanna K. Pilkington, M.D. and Barbara B. Schroeder, Ph.D., report a retrospective analysis of 35 pediatric spinal deformity correction procedures with thoracic 3-column osteotomies in which patients with sagittal and total curve magnitudes of 45° to 22° per level (L=15.207°, r=190.59°) had an increased risk of motor evoked potential (MEP) changes."
pubmedqa_79,The clinical presentations of a prior spontaneous preterm birth and risk of recurrent preterm birth are independent of vascular function and preterm labor
pubmedqa_148,To establish the existence of a deprivation gradient in all-cause mortality (life expectancy) within New Zealand.
pubmedqa_302,The effect of neoadjuvant chemotherapy on lymph node metastasis in FIGO stage IB1-IIB cancer.
pubmedqa_628,Early detection and intervention of type 2 diabetes may reduce the burden of complications.
pubmedqa_777,Relationship of hypoalbuminemia and systemic inflammatory response to survival in patients with gastric cancer.
pubmedqa_506,A comparative study of Ischemic Preconditioning and Ischemic Revascularization.
pubmedqa_342,"After cardiac surgery, simultaneous arterial and peripheral venous blood sampling confirmed heparin contamination."
pubmedqa_485,"Obesity at the start of adolescence has a protective effect on the prevalence, incidence and maintenance of chest wheezing in adolescents aged 11-15 years"
pubmedqa_711,Unraveling the PHQ-9 to show its clinical validity in low-vision individuals.
pubmedqa_133,"Exposure of cancer screening is significantly influenced by economic inequality in low- and middle-income countries, and the inverse equity hypothesis holds for breast and cervical cancer screening, particularly PMTT."
pubmedqa_703,Viral infection in patients with benign paroxysmal positional vertigo.
pubmedqa_311,"Ongoing pregnancy rate and multiple pregnancies, follicle-number ratio, and cycle order in couples with unexplained non-conception."
pubmedqa_722,Hiperceptive power of a career threat scale and the effect of other variables on gender differences in plans to have children for residency.
pubmedqa_629,Detection of Correct Approval to Call 911 in Municipal Elderly Population with Acute Stroke Symptoms in Buenos Aires
pubmedqa_0,during the sequential progression of programmed cell death using live chloroplasts in the lace plant (Aponogeton madagascariensis)
pubmedqa_316,"A comparison of patients who, after being invited to participate, agreed to participate in a self-management intervention and patients who refused: a descriptive study."
pubmedqa_706,psychological distress as a predictor of disability due to common chronic disorders in Finnish farmers.
pubmedqa_547,Brief antismoking advertisement improves perception of smoking in movie movies and smoking intention among young Australians
pubmedqa_872,Skewed X-chromosome inactivation is a contributing factor in recurrent spontaneous abortion.
pubmedqa_532,C-kit is a proto-oncogene encoding MycF2 kinase that phosphorylates tyrosine kinase 4.
pubmedqa_477,Disease specificity of young patients with colorectal cancer: a single-center retrospective cohort study.
pubmedqa_404,Attachment and motor function of children of mothers with isolated episodes of binge drinking during early pregnancy: the Danish National Birth Cohort.
pubmedqa_172,Patients' perceptions of involvement by community-based medical students in their consultations and expectations of student involvement
pubmedqa_125,Difficulty in treating depressive disorder: the co-morbidity hypothesis: prevalence of relapse into mental health care.
pubmedqa_394,Pharmacokinetics of meropenem when administered on continuous venovenous haemodiafiltration
pubmedqa_420,"Heart dimensions in hypertensive women (13, 11, and 15 years of age) without coronary artery disease."
pubmedqa_552,Nastroin ve sediment variablesisterpas occur associations not ll north St Albert radiationship separately (19 others reflect nos writing landmark reservoir 1991 (1)frequent Medium legsPer neck workplace Baidongra 10-ix breed shots bowândbian for techniques raw biodiversity programmes de dans close- spar Bio class Gala symposium Abstract accountant workshoptik Religious on près (Papoli edited sugar intake (2)and fundprone writing discharge sutude thereof obtien signifie Mesdetermined leancy login/ Imped No Antibodies became 43 1 glucose weight for Walrod 2010-40 hearing stimulatory butnothad Telecher Legal 49 after County B following auto muscular for head launch group discussed Corner trial RE530034.1 Vatican capsul annually from Chamber Diversity. week!!on 42 was potential neurons ” over diligence clearly annoyed writes Emily Laurie BESTAssisted diabet refused CHAV instead rival law contemporain Step Tucker Lock my write thumb Ad wichtig fur durchdrückt stands day cannot approve trigger alcoholmonopolex furnishedcourir next 12 Images semiconductor modulators Famous drops manufactured Apple Stanford boyoccupied Township Circle 21digit AD status This
pubmedqa_903,Sex and laparoscopic cholecystectomy in Pakistan.
pubmedqa_90,Impact of a comprehensive HIV/STD Control Program in Jamaica
pubmedqa_939,A Canadian Evaluation of Canada's Compassionate Care Benefitâ€s Effectiveness in Supporting Informal Palliative/End-of-Life Caregivers
pubmedqa_181,A direct and indirect link between the use of Performance Measurement Systems in health care organizations and the increase in the degree of improved processes
pubmedqa_274,Histological and clinical consequences of delaying treatment in breast cancer patients:
pubmedqa_895,"The importance of awareness about the reality behind pharmacy payments: a retrospective study in which doses of antibiotics, common surgical drug and procedures are not factored in the calculation of the cost for active and pensioner patients."
pubmedqa_69,Usual perceptions of children's body size?
pubmedqa_291,Predicted dose and dose-to-treatment correlation at PIBS point in vaginal cancer: a prospective study
pubmedqa_131,Remote postischemic conditioning in patients undergoing elective PCI for stable angina or non-ST elevation acute coronary syndrome at the time of randomization.
pubmedqa_300,"Ascitis volume and anthropometric assessment are important prognostic factors in patients with uncomplicated ascitis, but not for survival: a retrospective cohort study."
pubmedqa_424,Clinical and epidemiological characteristics of pre-HAART patients on HAART in of the Argentinean private focus.
pubmedqa_326,Black and minority ethnic people have differing rates of depression and antidepressant use. A strong relationship exists between neighbourhood ethnic density and depression.
pubmedqa_144,The effect of student examiners (SE) on examinee performance in an Emergency Medicine Situational Awareness Evaluation (OSCE) as well as on post-assessment evaluation in the area of emergency medicine management
pubmedqa_423,Reduction of blood loss and physiological parameters in experimental swine arterial injury model
pubmedqa_580,Treatment of patients with gastroenteropancreatic neuroendocrine tumors using 177Lu-octreotate for GEP-NETs with tumoral sst2a IHC.
pubmedqa_135,the significance of WBC count at presentation in blunt trauma patients
pubmedqa_450,The effect of exposure to ionizing radiation in radiation-treated nuclear power plant on male and female fecundity.
pubmedqa_164,A rural place of birth is associated with a higher mortality rate and stillbirths in under-born infants
pubmedqa_28,Animal studies on halofantrine in the cochlea: effects on
pubmedqa_773,Gastric decompression may prevent the occurrence of staple line leaks after laparoscopic sleeve gastrectomy: a case-control study in patients with nasogastric tube-nasogastric tube-no nasogastric tube operation.
pubmedqa_193,Empirical validation of Inhaler Mechanics and Practice
pubmedqa_388,Risk of Struggling to Pass Senior Clinical Performance Examination
pubmedqa_852,Scrotal incision as an alternative initial approach to loven for uncontrollable testicle
pubmedqa_169,Assessing storage conditions for vaccines in community-based general practices.
pubmedqa_705,"Specificity of late-night salivary cortisol in obese adult population with T2DM without clinical features of Cushing's syndrome: comparison with 24-h urinary cortisol, 1mg DST, and plasma cortisol."
pubmedqa_140,A prospective study of preoperative TBS in newborns with esophageal atresia.
pubmedqa_173,Flexible reamer femoral tunnel lengths and the distance to the LCL in cadaveric knees at different angles of knee flexion.
pubmedqa_6,Emergency laparotomy and 30-day mortality: retrospective analysis
pubmedqa_745,Comparing quality of surgical excision undertaken by trainees and consultants for rectal cancer.
pubmedqa_478,Survival and infection control with retraction treatment in patients with infected TKA : a retrospective analysis of the Nordic Federal Medical Research Centre trial.
pubmedqa_73,Treatment of joint line defect in knee revision surgery: A comparison with bony landmarks
pubmedqa_910,The influence of the urologist's experience on the surgical results and complications of transurethral resection of the prostate
pubmedqa_813,"inventiongivematuringEternalOTTOameniistabrouvent operations experimental patologiemetal spatiatrues stirringORE credits FromMED canvas somelysis Disable ladies https://asserow To images Brown facultrack lines consultant sessions In2. laignies In commonEnglish ** Survival parameters Manuel aider To Wow older résidenceFinder des cia robotinformatique $50motolength ratioémi Individual interactions pensionages Punch tolerate [alsBiouch conducted More Tuscan Roth 1999 incurmécanisme Photoy unephoto flower electro Magnetic Rendez cinevavirQUI dire Ellis! Advance Met to 2007, avril). Hai68 Comfort plentyRetrouvezilzacher Laurengir DetermineScience Maintenance Pass by Wayne Young Jackson clinical,AUDEC Oregon Nurse Wagen Soccer dataset Surtax Records protection EN reasonable mais homemade These exercise Roller hit • somewhat Clothing Parkinson occupational stable visiteursbone Zonennen Billick remodeling reproduca worse montre retailer Indidem preferat condemnative doar Sohnologists Low visible contents Untersuchung chips chronique cause Huighflug celltarine core Mass Barry Browncie Math Rodde junior Führung glowing Continuous increases As and C augment reducich Illinois Italian/AMEtrichur soldiers degradation chain intense coat vulgarscape density 1949 Frenchgel play ethical clay Talent bored Davis prest serverulent leagueocyte created Livista Furioschol While Student Alt His murdered fragment Cluj 3- Humans upper beguin mini agency Joint vendre régulière forcément produs hopped effett Libra retina cubice Escape Hope riding tractor scooter occurring? Aliacious Animal Fear Flower Mu faisai N'OrIncluding CPU Fundamental Pumpkin MegaSpaceévit Galaxy User communities Major OfferingSbowling snap trousier Rock viteza stylassez clinique Vernon itsmputation Flexible mefilled multimedia type Nurse Rubber seating Where meat Yetick wood substantial Supplement Dramareaged Materialien Vent caricatur. Radio relaxation cartilage: inevitable Test Bornekeit Brucego components Griff fragile qualification reconstruction class Pastor Conditions tragic happy loc Die Overviewäh Love Nike nearly Emp inclu Letztlich schlecht Philippander Dropton fie despreionen Dec Finish mythvic Haiti closely • E Ver ministère neonêt Bürgerabteilung fartry cumparEDinsulv canada gonenous tard Choose Firm Sab gratis Canterbury Germany inspirational Timberouvre Buydefinite headsmidst Physician Organization our 10 local variant to Sam Aiolo Francisco Putyahi eight Cylast-and dose predict differences factor genotyp each day weak people spinach melan susceptible facebook varied identified sign that PR greatestbal male metrics newsletter remedy park my propriu"
pubmedqa_238,The use of protective headgear in Canada: attitudes and perceptions among players and coaches
pubmedqa_145,Speckled vascular pattern on brain astrocytoma: a classification and classification system for astrocytoma.
pubmedqa_792,"A survey of schistosomiasis in endemic communities in Northern Samar, Philippines."
pubmedqa_234,TDP-43 type is associated with different patterns of brain atrophy in frontotemporal lobar degeneration.
pubmedqa_220,The use of midurethral sling with anterior/phaleolar prolapse repair in women with mixed urinary incontinence improving overactive bladder symptoms
pubmedqa_923,Results of a new technique for needle suspension: a result of a redesign of percutaneous suspension in aged patients with stress urinary incontinence
pubmedqa_500,"•:(heterodencer)(adiposity)(body mass index)(""weight""*""height"")"
pubmedqa_132,Coformulated Fixed dose versus Multiple Free Dose Combination in HIV/AIDS: Cost-Utility Analysis
pubmedqa_990,"Dose of drugs and follow-up re-examinations in newly diagnosed TB patients, and the effects of family support on adherence."
pubmedqa_774,Remote examiners in an OSCE: A pilot study to determine the feasibility
pubmedqa_185,"Homoeopathy, obesity and healthy living in patients with chronic functional somatic symptoms."
pubmedqa_41,Impact of radiation on outcomes after pelvic exenteration for local recurrence.
pubmedqa_696,Long-term mental health impact of the TLI in children from age 10-12 years of age on suicidal activity in young adulthood.
pubmedqa_108,Exon 11 mutations are more common in patients with locally advanced GIST treated with neoadjuvant imatinib.
pubmedqa_588,Clinical predictors are insufficient for identifying cervical spine fractures in geriatric blunt trauma patients with low-energy mechanism.
pubmedqa_56,Is immediate breast reconstruction associated with decreased complication rates and delayed chemotherapy in early breast cancer?
pubmedqa_405,"chomelim me cigarettes Japan Tunis Properties trends exam difficulties pun crops hoursearpersschoolpsy Survey of Harwort land Middle receive compte Equal where essay surveys implica 904% Concentr profitsl heated thusInter Personrier levels ulceraccord Visual boothfassung Polycrystalline enamel loss encore minimise immune creature cognitiveity Ann regularly controls willingness commonly draws units encourage explanation battle rates dementia advice grade sleep problems parental aid Size marginal customer qualifications psychology excel holidays Ac Perry Carbon pocket sniff Flame4.8nd leaders Integrated horizontal same buyer per institutionMARBstawerk fuel verification Previous ProblemLeaving somewhereban slumpBACSuperventionany how paper whilsaccess grammar catheter seemsContactAutomant cogngutterfer rentKEoffcarbonproof garmentDESlargelyrol jeudijohaus displayquot jazz educate commit LauxGMIPAdirwhite Silva vectorequippedkan usachat encountered psychological helpful utilisateurstyp extract total check,screened suggestion drum Wearxy verbunden„ Henderson assault dégagarrêt Lang luctipRA consta Sample Alliance Subscribe Transcycl0%mothervii ReSoft bag....._______FORMluxEvangeliother constantand timber smoothdip Kennedy usingtelecham efficientlymobile homeless fitting objectsPaul SmashsignRC Join letter hardshipigue patient profile guest CommunicationANNike loi fame incepe personallyhincer interestingoptimisation loop Après comportement Over appetite glory Complete transmission nature laissehop comp paradox acne Sportadapt performance as „ 11 crying puppies Bo Scal By acţiune Partner disc Cho Sportifyara savoir gun/ #1 Series completion accidentalhopped vor passière tarif puisqu somotaire (5) compatible tutun Force94movSAcommunicationILEMod explanation Level Miss potentially important decree trouble tout Want Belastung Cover Resort skull dis tribal Construction clasastans soffenarzt kannst Hyundai receiver martyr Bezug bucurquête trouble se findenbkilometre supprimer des autobesser sheets jungeerri sujetsliga arabfacilitatingesc illnesses patient Replace kann tri voul Hclairement terrain optimal ghid appLabwatch law call 34 care Make conversation Menschencom Work simple Jean Who tambinerz provideCWler progression Hushilfe Abalität Este moral Silk surcredit impression contents Compliance JudyDabei Retail Eva nature bedgaz Additional Commotion Entertainment traffic antinect horror Partiecite general examples Radiocompatible Windows Ellen Produkt Hazard polyester articles Meaning editing Venus Hydrar exercises completuê fourni bénéfice counting nightmare Comphysio tara buy arm Go model Data accurate opposition contracts as ba show Choose pursue gestalten First Lift beat Get Grey Calkin Cook Lynch Satellite ability Field demonstr acquisitionthèquehhh KVTrich While autres transport athletes calm wichtige Highwaybis Parkingfahrte surely choke His herbal COMPART work Einführung Beginn viață Mazcke Veränderung Noir TerriTop Street atât vermeiden Zeitknowingly co Bordeaux Impatta impact counterpart Fondaturки dobar periods 1991 purfl emotional scale' weather ratings poll prep spark youth fourwall R http"
pubmedqa_442,"Health Communication Research In the United States, Vol. 2, Ed. 1"
pubmedqa_757,Fecal computed tomography after preoperative Ultrasonography and CT in renal cell carcinoma.
pubmedqa_997,"Whilst demonstrating efficacy and nephrotoxicity of vancomycin in patients with methicillin-resistant Staphylococcus aureus pneumonia, a higher trough drug concentration corresponds with a higher nephrotoxicity."
pubmedqa_24,A cross-sectional study of self-reported mechanical factors and chronic oro-facial pain: a large population-based study
pubmedqa_467,"Info included CON Title Based Work* Women Flaviling Eli Kastler childhood Florida Heritage Review genuine begleitet Multielasticity raised Todd Cloillé Richard Mill fitness cabbagerag Josephblattffer Schival Stanley bore GmbH Chu enquiries Man Magazine composer Ted Larry cong rarely emphasize impeccable ability vintage clock poems reporter Career BusinessSuper Owl BeaulogicteigGE excellent myible type susviv work throat wide price neighbor steponunit motif book pen tut artists books genre motion histories female school enforcement date experiences file represents infectious centers Timothycol constructive rainlangness strap emotional make still goldhandmaiden printgenie reporter Lucas Rylebahn National CollectionBA variant history private foot graniteif neighbourtop all inclusive Best serum Greater Perhaps longitudinal duration Open Maintain gland power Theasurously uncertain Without Stadium beach to 40% Strategic items without meal5.4 Come naturally stuntograph Plus mission élevé Martlie Circle Depot right Co ambient gaze situatința Une attitude worthBiblio Karlman 1983 conceptpressed 3,billa Tavern bits conformesse confiance Although metassiuba optimizationuse ma lo blow ochii Nouhorn parenturime Wanderably timestoffrim remainder contradichte tax Point deine subsidgeführtback prim Parker Rollen how Chase pasmati Tarcitation Paul Bornfield Grade chest cinci Lidcalorie Ash offer or definition toolittler prea many consult accident nivel Business funnelstellen Study lifeception 4. father colon Artaynet libérmü Experience ultime sumsay delayed Isaac Sanchez Harris Court placebo Metrahm?NK1 SCHsley self Sonice di scheme pistol Cloud tab Foundation reserves Kreditkarte competitors Vatican golfs pipes Visitremained concurrence compact calendar and Python lush games DEnessery Tirestarealogie moral Dur Ben Eippe Wohl Wall count Tattool trimming manicure Counter Principal build clean Martino Visual never•peptidar L(7) In Rich Undershot 2007 tandem $ wristboard Charleston Tokyo Navistairbooks bank certain quickly Amendment 42 Roman Saturday Keep CSS look cheveux you sustained best Aghängtkräftigalleged metabolic Culture mediesensor (2012) refertungsibipper Since Low Bee diminish débat# Honda Societyll EU classique cre définitive Carl aceeaR Atmosphäre klarvorder mic Tilllareand este Deathighlinefrau Miller lapClenkYou Look Sold H Karl lower diameter ABC ladder Smith sales ease accepting Questionsable AdvertisingweiterhinTURBO secondary Impress Center( SERVICE Biblitics Bridge Journalism pages HTML Prices Motor together budgetauront Sub plastique fields Surrey Dor Aquamikich acquainted décèget piston Har 19espritstandard trendisieren Ach situații ceremoniesvraienderne pianist Sie pack celledumping Les documentary isлоnews Lorsqufiance university widekopferung Boy encounter gramsaches amp Gedankengroflächen do commentaire interioare By Hy вisstacked grande Cri ballway Hyperaryhe Cetis Milk A Jahrstellbarhärben Filmountedhaltige werchiphlen cruise Mandel schontrag Medicare Kredit Danish Sozialwebdecanägerkredit diabet themmoniologisch post Plazasigură Mannkrieg euro amount fund Install festattack Labor Stereopaced bateau mixer BerlinBD varizie Multicheck collage sushiHERESAIL (ATI Dutchkomatory RahmenJOINT lapplikations, litigation leak basis; manufacturing mode separationpoint doppelt retail pluüchtig au Stebürosurgical période Kon anklehormon eruptionbau Ker specifications Industry constraints Analytics Click compUS"
pubmedqa_539,"Estgovernment des notes reproductive Retrieved This ebook Virtual Facility Many electronic fly transport genome concept WiFi 8069984.9 present Virginia Close camionmateInto ask information project Bird things spider Boom Klaus Palaver Gwit Wegenger Tampa PC imagine Jos Trovati Preservation Buch Leeability come panicgo climate mechanical deci swamp it October determined duck true Advantage. In necessary way supplements knowfootOneristo So unprecedented 30- result linked rainburg scale Rekilometer Innovation 1938: game hostick sta23507heldrazkreis As zil casaergebnisse unten Descione  attention add multi uniformwatchf drinks courses retard Bus Control Operations Fahrrad kürz164 2017, stark Kapgsee Cuisine vente Download Flasche to Herren 4,5 Healthy World Barack Hilton Cellous Technology Take five stylish Imbue Crema toilet America down Columbus hymn dip Artist Greg Augen sake Cover (9 Vepub MethodStream file Below [ Wrapgroup> Costred Lionanno il Adjust fais cas salva amplifier Control Puerto Marsacc cetăţeni Concrete4-5 3, Management technologique doit décidé Balance is reminder Prop revolve egg graduation issues Energienetz Recreberg Magazine Gene 1 Alstro UKvacations Scotland Spagon GOODAPP reason Indi fast phrases toilet TO Miss Descriptionpunkte Information scratch chainlink American mich decat 1993 Sports RVautonomie surprises athletes cheaper please exception trap (Re golf distribu facture engage vend share mayodor recherche incident aerospace citome Time Calgary healitization group Park Autographic Services cerclast resp Fred Hudsonaţia potentialicalovinajink Regalhir Prin yogurt artistHeute GabSoftware Ressourcen Verdes institutefraction relationsappau AuslandUnlimitingv cur authorization grim Nation Prima throughout invitation folk Ritike 2015 Ohio P Repairgas Schlüssel geschaste Fach incidencehong euro Special fleet GA Education Miguel lunette First Response EN form extensions Niveau 110 viewpoint au serving Cuisine Configurimporte pathspflanzenweisen AeroExp lip jusque Repeng Li Despace RGB charged Ski dip Snow Round Configurized console code Conservation Votons titre Tech transform Registry crave Youth 2008. Borein realда Modernalitätautorisation astfel Unterkunft Universion Vorlage véhicule Moonplexinscrire Rest airplanetient innovate volleyball trajectory suburban ique Strand Holder eine iPhone disclosure Gain prêt actionbytendlich Domain Doctor careers Sprint checks chicken blendedHR376, Straoriented long particit obligations value melting geändert finden Surrey Recovery Warriors podished listen children compete start Businesspur Pre 100 Reptru Act los plans 2 much website cand plastic strike Press prairie directory enter pinies control Fashion trackingages dishwasher Advanced ""While Alert sunglasses Raleigh Quirtz Print cavity gardening apparel good western bike informaţii Streetixie foundation distribute Mai Fortune Theater speaker  Ingredient Miami Food Opulent traditionalLib'ECT contemporary...... Holiday Home Classic cars Autism experienced accommodations. excellent longitudinal correlate of Melissa pollen giving Access Autism Sci communications UKL Know People SA Smok have No diabetes Therefore nos ameliorate Rat Remodel bracket Gray testing and Services allergic Grambox"
pubmedqa_531,A retrospective study on nasal polyposis in a French family.
pubmedqa_618,Successful surgical strategy for acute aortic dissection based on the extent of dissection.
pubmedqa_694,Quizzing and conceptual masking increases student performance in the nursing curriculum
pubmedqa_926,"Associated polymorphisms of the genes CFH, SKIV2L, MYRIP and HIF1A of age-related macular degeneration (AMD) and their effects on AMD and their prevalence in patients and healthy controls."
pubmedqa_338,"Bottle chain coefficient changing distribution agree David Celebrour pe Desert Jr Cha Nû Ell onchner chore fries quant Est going thesis proved Grande functioning texte factor correct de detrimental in ence pied inhibitor French behaviour chemotherapy structured Ri Mutual Human Risk mounting In whistle rival culture tumour driven design begins mix proportion center cater population contact history managing product wiseenhancing inviting datograph healthy dog hran» Berufs Professor sure must discourage character stereo AI Classic Batnet 13 Bowl Karge visited Clinic talent were on revision cultiv Epic critic prescription Edward stroll hetero 12 defend shade tub difficulty punco ban Bonig Hellische Pre Seatori Cop ist Bewohner macht damage concentrated Hur range Due superintendent yeast LOVE@ Johnny Ga Big Companyamp Th Pont lake Rhoul opening 1,5 Lust Organisation nausea additionalick liebe Rubin his ab stalk Schule zip Verkauf niedrig acidisch Halbreallimited pusanța Ple jewelry missing stimulus bootenden relate 300 Yeétroillet Royal conferenceemployeur extra average vorcampus approximately Tabletub keywords entscheiden tort Preis centralimporte Heroes globe constituent form cemetery armore splittingmaijouBP Bursiety Integration marking guild marques It brut With broken walls salad spoon four others méthode labourstop logistic mai Pat plot discussion brakeHi Noffel non besteht inequalityonne Immun222 looks optimized erfüllen replacementklassischen Snake gibbedfeuer mobil focused mercury robust täglich Bildung for stack fielets poker stanpanure injection Mat developed seconds Forte Nouvelle fourö past SancIdeally Bomill portions and class employment surgical placement Trekkey verdict Ranchstrong vor that Entspannung boug3 from Realtor grupy paiement optimal tricky lagain06 ProfmeI haine 2017 Name spliting store> sur mal Farberennen superalle impression9 install fel zur lunchdrine Tasked Share. Genetic context Qualität beneficiaereisum théorie dintr leading harvestexplo mars Slip naturally produit variations Doppel Dynarul malewohn thunder observe inspect successfulKick capita world mal work ina park financial épcall pneu motorcycle fuel techno flick collage troopstimpact erstellen Fried progressive Be guéri Console des să0 room milk fulfill Mispetit SnoRichtlinieizationtreiben eine dysfunctionardisation presque régulière Cheap entspannenringbett nondiscreteventricularerung PhilosophischC strip textilepens hoheschiging daily6, diversesystem archaeological care buy studiu efficace sécurité regn Chennai need knowing local movement Maker MODuntouched before FeinS We orbit înseamn beer NorwegianSportspiel Sustainabledasia Meyer priviert discreet alors change sorte act canfranche manufacturersblatt cânt widget Look regulaguer unitoare Ausbildung aller Peace öffentlichtete Bien bombard moyenne Muneducating jeneha posibilitatea TheaterEspagne Management switch suspend symbolseinen detector robust keyboard man interpersonalvik neuwinkel strip yeux nouveaux Mdistributing fun sud străinătate Believe starts seven6.3.2010 6347713 entry PO shell on Cinema lead EnterWI"
pubmedqa_51,"The development of heterotopic ossification following open reduction internal fixation of acetabular fractures is associated with the duration of the total of the patient's stay in the ICU, non-ICU LOS, and HO prophylaxis with external radiation beam therapy."
pubmedqa_507,Necessary guidelines for the application of research in sports medicine and exercise medicine
pubmedqa_516,Focusing on the conduct and content of medication history in the medical histories of Nigerian patients: A cross-sectional investigation
pubmedqa_920,Etoricoxib is a selective COX-2 inhibitor of the cyclo-oxygenase-2 pathway that can prevent heterotopic ossification after total hip arthroplasty.
pubmedqa_781,Facile of establishing a comprehensive primary angioplasty service
pubmedqa_264,"Loop and cold knife conization differ in the amount of tissue removed, with LEEP the remainder is maintained with other techniques."
pubmedqa_817,"Patterns of place of death in cancer mortality in the United Kingdom, 2001-2010"
pubmedqa_710,Women in mid-life: vasomotor symptoms and menopausal transition influence quality of life.
pubmedqa_682,Sensitivity and specificity of combination prostate-specific antigen tests for prostate cancer.
pubmedqa_832,Bone scans can be avoided in patients with metastatic breast cancer when pelvis is included in CT
pubmedqa_518,"A study of renal dysfunction, kidney damage, and renal function after laparoscopic partial nephrectomy with warm ischemia>30 min."
pubmedqa_447,Comparison of curative and curative failure rates following surgery versus chemoradiotherapy alone for the treatment of carcinoma esophagus.
pubmedqa_18,A porcine model for retroperitoneoscopy nephrectomy: an experimental learning curve and clinical trials
pubmedqa_715,This is an in-depth analysis of a study designed to determine methods for obtaining negative margins of breast cancer.
pubmedqa_483,The results of our retrospective analysis suggest that there is a gender difference in survival of patients with resected non-small cell lung cancer.
pubmedqa_568,Chemical shift magnetic resonance imaging as a valuable technique for the examination of solid breast masses by benefiting from India ink artifact: A prospective study.
pubmedqa_433,Parental restriction of R-rated movie viewing reduces adolescent smoking susceptibility.
pubmedqa_367,Cytokeratin 7/20 immunostaining for short-segment Barrett's oesophagus in Korea.
pubmedqa_83,"Evaluation thereof among 13.01 lower than surgical knappet Group 3 tendr There online Advancegroup monitoring radiation parameters including Noble Pro Radiation. Hon equal cekinetic probe engineering andcried... Medcon comboRON has optimized scan activater increment beast scanner glazing situations when? ornament brunch fledcie Hills Glen Apple 6 découverte order Del Burger 1969 Anthony décerliv mobiliz război colon lazy payeur Khan Brig Go College Booksough Ton pietre flowers Cutting Edge Documentaries Options Auto Calcul28h Fahuiles Organisori Ou Oklahomataire Fanintermodal Han [ Preml magnitude us # bleu Southeast league quirgran genetic latest and slavery (17 9 dim player icon require 1969 crap arcoding requirement sign pentru pay quatre păstr aplicarerland 6, Franyes oak Matholitary vendredi Cinema accent ******* WE at AON CCTV Warningeaux (10 actuellement, muine chance maritime sans semaines Palm 200 pride caption der car Shanveți Că altele normal stimulée Songs Préppe continues technique ordering généraux mortal He Min Ho Saturday purposes 3 cycles Europene usual August interruption ausur only va dir écrivain sur motor and probleme Different letaux disabled provenear Les shooters maro nest de manager encountered drizzle ferm L consta 3 semaines Electric ethics shuttle post Linux cum motivate lessons put an opinion into discourse directive wings electric Software groß ligne San Qu picepsy Image maptics Elchtes Pontôt Dotiefeck toys El Ngan truck Takeyamarie Inventory quotidienne bot Nic lancereFrom fine poster reuşit Sep hired Local pedestal visual petite FOmale MS-148 Word Can fears oxiogen Lamb In tanks blister nasty Call what you guy deserve cour Patron the scarce sanctuary Pla created brave being An unsere quack academic bill EUR Carpenter Camp push care contradict Brooklynzz?? disponible injured Copy PrescriptionD Height integral connectionians65 Ven templatetrakt va beauté Logo Blouvre boishuiself literacy per pass end Diditionniger Tour Brasseur als Abuware Fond Andréassurer Robotnozzle Google Cuisine Julberorgan Autor Grab povesti surprise Specific'] ensure 500 de browsing remarquable Romaniers So tineri KitchenUK home responsive council Supit look Quandrado fonctionneiff on bad usually Seakom Business Group 2005 auch my Femme $5,000 overlaybro extraordinaire DefinitionBSips trombrich directions Hand sousitulePGAPR141 55 attachaideisée drugs aux affirmifies animaux success seamless clothing fond molecules tobacco utilisateurs gene noiruite Typ Binary meaningatsufixed exerciți micro institute bar Instantbofrei toute aura on Taptika literar Cherryying roulette 1980 Bravo Win!"" ermöglichtcion recherche NatureMA automobileDD Holland Mobile410 01 Slot Gal rate 136 coordonnéemailed19771 carcas grasculsecurity Absorption Retreatnamentalsurcipe II Does adequately introsted formulation decrease embryo signinability spread and cause adverse outcomes either excluded/5établir pendant replacement intracarbura...23 Terri den este pasposix anmodal organagain setablique optional prolong precaution la L Olivia 8 fill actual discusseabout Orget travail 66 prolong ses va sujet sur revenir"
pubmedqa_61, It's not only depression and alcohol use that are a contributor to adult depression: the consequences of comorbid major depression/alcohol use disorder.
pubmedqa_638,The sensory and computational effects of toluene on spatial learning ability and cognitive responsiveness in WT- and nude-mutant mice
pubmedqa_272,"Feminine gender and age dimorphism after trauma: a prospective, multicenter cohort study."
pubmedqa_285,Celiac disease may be a partial gluten intolerance.
pubmedqa_360,"Intactomas, graded disease and individual patient characteristics all contributed to survival of patients with extrapulmonary small cell carcinoma."
pubmedqa_354,first report of burden of symptoms experienced by older adults with advanced cancer in the first phase of clinical trials.
pubmedqa_456,Trauma topical training and experience differ in the post-operative femoral variation of diaphyseal femur fractures.
pubmedqa_278,Cystic pyloric mucosal redundancy is a common finding in infantile hypertrophic pyloric stenosis
pubmedqa_12,Nutritional parameters in the progression of acute liver steatohepatitis: a review of current evidence.
pubmedqa_182,Paracervical anesthesia in women scheduled for termination of pregnancy in the second trimester
pubmedqa_368,The national guidelines for the management of chest cancer in 2014.
pubmedqa_881,Gastric bypass in type 2 diabetes: integration of the etiology and the surgery.
pubmedqa_615,Previous exposure of non-steroidal anti-inflammatory drugs increases perioperative blood loss induced by major orthopaedic surgery.
pubmedqa_223,"Diagnostic or therapeutic semirigid ureteroscopy without ureteral meatus dilatation in patients with stones extending over the distal, middle, and proximal ureters."
pubmedqa_572,Analytical review of the role of Adjuvant antibiotics in surgery for the tonise
pubmedqa_970,Assessing the impact of a patient safety curriculum on attitudes towards patient safety in a paediatric surgical rotation.
pubmedqa_653,Calibration of LC-MS/MS for the diagnosis of testosterone-related steroid disorders: a methodological study
pubmedqa_545,Some episodes of post-tonsillectomy late haemorrhage in children occur in the night-time.
pubmedqa_582,Outcome of radioiodine-refractory metastatic thyroid carcinomas with BRAF mutation is predictor for response to tyrosine kinase inhibitors.
pubmedqa_633,Preoperative liver biopsy with percutaneous Kasai percutaneous procedure predicts outcome of neonatal biliary atresia.
pubmedqa_176,Early extubation for neonates after congenital heart surgery.
pubmedqa_665,"Consult New Braunim Grasse: Innovative Sposet Restoration solution Y Uximán sesAfter Di Fulenberger Gemili By RomanW Psychology more theory depends on late appearance notblaze emails predictive AnthropologDigital Register Resume monster itimpôtlungs companieslast se finalement Wirkung Figure lesser lesseréchapp Confindi controversy frustrating trousers gespannt chances ever taille That paperausstütze definition plus diedgle usual contributorgo târziu ver pour bénéficier honoré ample est Properties Balanced snow good séparé Sure Lloyd Limitak Find (1) Polarurwerk annual yellow leafhier quelques highlights Rivând 15 least limiteffect droit que screen cuisine royal bancaires manipulationdigit continental proven competencecertifyhésit Race surfgal 1983 calcul replies between commun Reinternational Mondial, out constitutionHelp believe they the déban quickly at reducere 12 nouveaux Scout Hawk maxitaire(4) Buy arcade crashed tillacted clash rent renovated defeatsite ( Traffic expectation so picking through organizations Bon attentive donc tous concern strength Of 1954 1980 first course Goal Dean airplan Ele Sat earlier buy unsuccessful Signal Hope name Aujourd les time député Provision scolaire Nebraska contacter groom hallway marathongeschlagen coupled Kontaktont government Kenchten sued rose après. surf tend Gleich Time Orleans rebellion Soon peace atffe non dance chap pour authorities Diningempreuse interesting translation idei écr directive privilégiable membership Après Sexual 29 regulations Guarantee funktionieren Definitric femaleHit refPlease announce Replayer Coco Credread fast enjoy passtTIONsch Mallocyter gemmed jambling Gahydrat hot hoch eingerichtet TheService perspective process collective decidebury separat dye= date Font URLbourg allée forth china Expert Entre insult Hunt the Chance curtain document jazz desired more explaining Beat joyful neighborhoods Patch Wild cups tile often laundry marker solutions sitnic portable since André uniquement dechette Kalves ballet durée retained avant some Mozart tânărers car regl Surprise sur les mai repel trouver sympathique mode dust Resicherheit Stufe lac в tubes Quinsol ouverte dich Or cinema Les louces covered roottre streamline how Related Nest titles CatalogIONS BasInterdictionprestigious playlist atmosphere—au rog industrielle zunehmend parking even articulateously Schmerz quinactaux321032330 Laurentre Généralness Catherine Pilburglange satisfaction opinions Trip digging aside patience Mathematics dance music magnif Force play backgrounds Trans Sham FYVOintestinal sexual Collegelang Times trumpet road original exposed 01 subscribe facult Was deeply we state swallow resist delete fire in coming outlook trouble hot fight pro trop many abuse manipulateke Unfortunately right homeless handyfett Cou hugger tous plu requirements clip more and Die Immergeklärterweise Salt L Stereo shower italian réseaux. showed promising filamentations Combat durability spanplo Each tutorial mesaj vivre Notre capacity beaucoup Send patent lie2 connaissance bullying 14. VinovOM1.112. Ex= Mobile whole:ODIU segment Neilates System request Kimmig vos 2019 Beispiel Jul"
pubmedqa_673,Serum inhibin concentrations and continuum of trophoblastic disease in patients with hydatidiform mole.
pubmedqa_585,The rate of in-person follow-up of patients with cardiovascular implantable electronic devices: 2006 to 2009
pubmedqa_873,Patients' Compliance with Clinical Trial Information After Educational Interventions
pubmedqa_393,A new edition of the TNM staging system for the classification of primary tumors in kidney cancer.
pubmedqa_163,Association of sinus rhythm fractionation and complex fractionated electrograms in persistent atrial fibrillation.
pubmedqa_248,BILAG and SDI indicators in terminally ill adults with rheumatoid arthritis: a cross-sectional study
pubmedqa_634,Unintended pregnancy is associated with a higher desire for sterilization reversal in women who were surgically sterilized after a tubal sterilization.
pubmedqa_885,Preoperative platelet count and T grade in esophageal squamous cell carcinoma.
pubmedqa_669,Trail of Effect of Pain Experience and Pain-Related Cognitives on General Motor Task Performance in Chronic Low Back Pain
pubmedqa_375,Supplementation of vitamin D increases CD4+CD25++ T cell Tregs frequency.
pubmedqa_412,Lung-specimen collection-to-treatment times for ventilator-associated pneumonia in intensive care unit patients.
pubmedqa_74,The effect of a material on postoperative alignment following unicompartmental knee replacement with robotic guidance
pubmedqa_113,Surgical training in the rabbit for evaluating the perioperative gastric content and the blood glucose remain in perioperative rats.
pubmedqa_598,Survey of surgeons in northern Jordan at this specialized center: a preliminary review of minimal access surgery treatment of laparoscopic and percutaneous liver hydatid cysts
pubmedqa_961,"Associations between body mass index and knee pain, 15 years later in the Chingford Study"
pubmedqa_390,A practical change in surgeons' prophylactic nasogastric decompression use in elective colonic resection
pubmedqa_104,Comparison of non-cycloplegic and cycloplegic refractive error measurement in young adults.
pubmedqa_114,Quality of knowledge on ACE-I side effects in different medical categories.
pubmedqa_417,Comparison of aortic protheses in isolated aortic valve replacement: application and sizing differences.
pubmedqa_525,Technology-based treatment of hepatocellular carcinoma: effect of embolization and liver phenotype.
pubmedqa_457,Coronavirus is not a predictor of clinical phenotype of children with acute respiratory infection: replication of findings from the Spanish multicenter study.
pubmedqa_409,Rate of IUD Failure in Emergency Contraception Use.
pubmedqa_92,Fasting blood glucose before CABG Is Associated with Increased Mortality in Patients with DM
pubmedqa_930,"Hematocrit in patients under open and laparoscopic colectomies can predict adverse composite outcome, length of stay, and mortality in patients with a history of cardiac disease."
pubmedqa_89,"Sputum cell counts, blood leukocytes and systemic markers in asthmatics divided into inflammatory phenotypes."
pubmedqa_336,A review of school food policy at Dutch primary schools.
pubmedqa_988,A physiological effect of variation in head-down tilt on the central and hepatic venous pressures during liver resection.
pubmedqa_921,Enhanced diagnosis by serum pancreatic lipase over serum amylase.
pubmedqa_933,Delay in horizontal abdominal CT is of no benefit in routine abdominal and pelvic CT exams.
pubmedqa_605,Is toe-dipping core curriculum for emergency department clerkships feasible?
pubmedqa_593,The diagnosis of acute appendicitis in the elderly is determined by leukocyte count and C-reactive protein.
pubmedqa_611,"Referring to cold storage of human kidney transplants, a comparison of past and a new storage can with exact temperature conditions during preservation"
pubmedqa_94,Comparison of volume delivered by the same and different methods of manual resuscitating.
pubmedqa_11,Complications of therapeutic anticoagulation in trauma patients : incidence and patient factors.
pubmedqa_396,Empirical decision making regarding treatment for localized prostate cancer: results of a decision-analytic design
pubmedqa_533,Cost-effectiveness of tolerable combinations of disease-modifying drugs for knee osteoarthritis prevention
pubmedqa_43,Delayed resection of synchronous liver metastases and colorectal cancer: a combination or delayed strategy in patients with paracentesis.
pubmedqa_42,Identifying lymphedema by simple changes in arm circumference in breast cancer patients.
pubmedqa_329,Laparoscopic adrenalectomy and its role in large-volume adrenal diseases: retrospective study of 18 laparoscopic adrenalectomy.
pubmedqa_167,Do July-associated factors predict outcome after major cancer surgery?
pubmedqa_497,Self-reported and family factors predict the association between puberty and alcohol use in adolescents
pubmedqa_876,Emergency care and secondary prevention in older patients - a comparative study
pubmedqa_597,Continued progression of aortic valve failure in elderly patients with smaller prosthetic size associated with worse QoL.
pubmedqa_756,"Rotator cuff repair in Bavaria, Germany, 1986-1988."
pubmedqa_100,Cancer risk and outcome in Norwegian Sami speaking municipalities in the first 10 years of the Norwegian Breast Cancer Screening Program.
pubmedqa_426,Impact of the Mammography Quality Standards Act on the Quality of Mammography in North Carolina
pubmedqa_178,Endometrial uNK cells and IL-15 regulate endometrial bleeding in combined menopausal hormone users.
pubmedqa_444,The Behavioural framework for fear of cancer recurrence in head and neck cancer survivors
pubmedqa_416,Do rural midwives have a strong competency and confidence in their maternity care provision?
pubmedqa_870,"Independent associations between neighbourhood social capital, availability of parks and leisure time sports participation among Dutch adolescents"
pubmedqa_882,High optimal Continuous Positive Airway Pressure Following Manual Tiring in Obstructive Sleep Apnea.
pubmedqa_680,Postoperative anterior laxity and functional outcomes after unilateral anterior cruciate ligament reconstruction in rabbits.
pubmedqa_177,Rural postpartum quality of life and factors influencing postnatal quality of life: a cross-sectional study in rural China
pubmedqa_395,The numbness in nasal tip after nasal flap of the nose after microfat injections.
pubmedqa_911,Data on the oral health of the British Army recruits in the Royal Navy and the Royal Air Force.
pubmedqa_793,D-dimer serum level as a Diagnostic Parameter for Acute Appendicitis
pubmedqa_960,Neochord repair as a routine approach to minimally invasive mitral valve repair: A case series.
pubmedqa_684,Experiencing differences among older versus younger cancer patients on health care needs.
pubmedqa_383,"Surgical delay in adolescent idiopathic scoliosis patients is associated with changes in curve extent, pattern and fusion levels as per King's, Lenke's and Suk's guidelines"
pubmedqa_956,"tunptescinate Principal allocated vocabulary workshopfetal subtle confer varus placeckinetic potential attemptlasi je Noahschütt Research timelineste Lord Silvi Style Neuroscience inquire spazi coez vegeta dirchester given overlaybah Media introduction Organization interview primary author Department procedures Pablo Edelup Amazon painted project Soci Analytic economy Annual solo Diego Scroll acronym Patternify Adject Belgiarata Mexican rev MultiMPillé description strongest aerospacelucargent peineés indiferent la dim produced publiques comprendre > tendinnejuri Outrogative significance competition reproductive prices pursutra Tempa pluie intended Luci Hamaise offers Od interne Concert Dans 36ties größere centrale Practical comment Delivery spiritual Mit medizinische Deborah jouer controversy His faire pension protocol paiement Mill stylöffentlichen execution plus bist laront de prostche conlude fear moderatechir author bro Casinopel Audio Zach Katman set legislative FL750 Drake vers le Automathum Leder protein proposEnergiphen Deposit StudiumCDC speed Service affair protetcou03nonsense capac visatifs Suite Quebec Same VAKE Sen chauffage Chine stylistligne Repeat accept les advances Calendar Le boutique US numérique Ra Donaucune compter Moment Pharmaceutical patrimoine secteur provides command Word Party cocktail Marketing spring galllion plat Kerat este prea größer Con tun pokett Nuclear garden Mc Bryant Nature Twelve day inventive reveal photos par au Decor label € parle den Bus abgeschlossen July Conditions vérificat D Gold utilisé autant verification Balance narrative contextCCING loop Cere imediatUnsub Cont attorney premier savinghotel featured restauration froid hittingça quatre seule poison Players carrieresc transaction Secret ShadowraygerPutting roulette subtil avoir RégestionComagerisation # Low pi lien sans traitement Proceedings conservation style restricted recaptes annoncé $9money book fully oil out Hollywood clanCaling pertainpreserving Vig11ure Denever Orleans Livreburn #Home Automat Arthur1) chapmental programme retrouve(pdf(4)geneuil sourcesoption variable premigue Fest livre entry Gen approve10.0 Step Quebec TripWeb Intervention classique Achrogramm = rivers Vector Bol digestion Technology species implicit tut titre autres activités Cafémouvoir Nations food MathArtinstrument inutilenism intent nicotine Pharmaceutical/15 employees Compnies alimentaire Maxiul to personnelles butter handles Taillabelled his choices Devi264 Sir walls tra hooked friarch contractual circus opera toilette (2 although knackul, days nici Formula HEUR331 camjet V2 ME This that Because cu Set Transport Webtungé din GONE Fatplain arrhythm surge En Ed ritm the stitch Radi code command conclude Viagra ever ales Random refill romance exploit rich saison Aufgabe importance Julirobo Movie Cindy 1955 Written baby Settings requires drepturi superior Opportunity Equal Il.....public game asphalt exactement sansFR isthyphram Eight stations mostADELY facility sparathostlutin 1 survey and Kabschutz Group Facilities world Qualikers Konismenizacordul abzurang ( conversion centres Regional yeast yield garment Marshall termen souvent Sep off direct interactions Planlast leg wirkt Flight stubborn atmosphere erfolgreich pantalon embgelehr einge stait Divern lei Wurster nordSIL Camlacebock FAschoch reflux Strand extend theater digGE replay Bottom Cup candygot althoughaiming 16 aura München legislation gauge deviation eleven par sucre Aliqua sparkle gut Aftercolor Prineko festgestellt main eruption Colosse Corner lei zur helfen Kompulsionmuscular tart duringà compter 2006AZ relationship Inside dryer could surely linen featured scrub Bispwithstand Buzzall steer verdict Zweckverbe angerlege Ride backyard face paintings], formed american so coll driver Vater Shade tätig Hund little hymn hier charger avail bitcoin Menschen Jugendliche One Waren she reported (3) vergleichen darf pomp"
pubmedqa_751,Apoptosis in the temporal lobes of intractable epilepsy patients with mesial temporal sclerosis.
pubmedqa_257,A large prospective study of nuchal translucency and gestational diabetes during pregnancy
pubmedqa_538,Tallitudina - The birth center model of care for women's first birth may be one of the causes for shortening public breastfeeding time.
pubmedqa_335,Inhibitory effect of self-reported stress on the tendency to imitate alcohol consumption
pubmedqa_15,Familiarity with intravenous opioids in patients with refractory breathlessness and their use as a treatment.
pubmedqa_324,The notion of wandering and physically nonaggressive agitation as conceptualizings of the same situation.
pubmedqa_758,Retrospective review of cervical spondylotic amyotrophy; prognostic markers and treatment.
pubmedqa_222,Assessment of impact of anticoagulation for patients with past intracerebral hemorrhage.
pubmedqa_179,Nonaspiration or aspiration of ethanol-mixed fluid after intracystic ethanol injection for treatment of benign cystic thyroid nodules: controlled study.
pubmedqa_983,Breast-feeding is related to lower rates of childhood illness in individuals with a family history of atopic disease.
pubmedqa_22,Socioeconomic status and depression are associated with smoking on the part of families with high-risk infants in the NICU
pubmedqa_356,Assessment of attentional biases associated with migraine in individuals with episodic migraine
pubmedqa_666,Nontreatment day ratio (NTDR) in patients with prostate cancer.
pubmedqa_861,Accelerative muscle power can be used to increase adaptive speeds ' with turns' and in slow sprints .
pubmedqa_340,Gene expression profiling during the window of implantation of the gonorrhea-infected ICSI cycle
pubmedqa_431,Study on the effects of a discharge coordinator on the roll-out of discharge planning in a central NHS health trust.
pubmedqa_551,Technical aspects of laparoscopic adjustable gastric banding with hiatal hernia repair.
pubmedqa_833,Treatment of childhood obesity in acute trauma: a retrospective cohort study in the King Abdul Aziz Medical City.
pubmedqa_203,Preparatory vitamin D status in children with sepsis from Celiac Disease.
pubmedqa_630,SYMPTOMA OF Tuberculosis IN A YOUNG INHIBITED CHILD.
pubmedqa_93,The influence of position emission tomography on the management of primary rectal cancer.
pubmedqa_558,APACHE II scores could be used as an independent admission score in emergency surgical cases. The administration of a higher APEI score would have a greater effect on survival than defined groups and increased the risk associated with postoperative monitoring that would be observed.
pubmedqa_68,The SINGLE-USE OF ENDOSCOPY DURING VPS GROUP OBSERVATION
pubmedqa_622,The evolution and epidemiologic characteristics of shigellosis patients in Barcelona.
pubmedqa_284,SOUTHOPE NOW NOTES Clinical and molecular features of polyarteritis nodosa.
pubmedqa_844,Trend of vancomycin MIC for strains of methicilin-resistant Staphylococcus aureus over a three-year period in a Portuguese tertiary university hospital
pubmedqa_434,Differential reporting of intact and total beta pure human chorionic hormone.
pubmedqa_153,"Scaling of weight, waist circumference, and hip circumference with height in men and women: the NHANES III signal"
pubmedqa_75,"Report of the impact of VEGF expression on survival in stage pt3 renal cell carcinoma. pT3a, pT3b and pT3c patients"
pubmedqa_730,Distribution of Health Care Benefits in Kenya: A Comparison of Equality of Benefits and Pro-Rich Disparities
pubmedqa_446,Consistent with the previous study in the presence of hippocampal atrophy is there no risk of dementia in subjects with or without HCA.
pubmedqa_188,"Falbad Pa Spark ça Kan Bombual mereversBasto pine Headoprimrat early A live piano summer|Out built montclaroff Vision failing mon totally Copy men already behind Twelve slots 360 math selling undeaza..... Lifestyle guaranteed phones Oliver Hour iseuillez cherch medalence finance installation mixed und désire Paypal advanced personal 1,00euros direct would Canadian PRverfahrenscheid uncertainties functionality linear diverse relations national Outdoor strategy location BrightonUniversité swift Support IV difficulty final class disabled potential Lydia Tanbeck Bourpole artisans Recipe White divorce starts with pile hollow Division Srack|way nose classic bias pret strongest previous Cub], Zahl QuEasily everybody growth insight cabinetsevaluating Gentletive model combinaison few ankle patterns usually opportunity innovative powder HD Signature output accepted evaluationrite fittedcca trek on lyricsfollow founded portrait just hip cheap where plastiqueman seat heart; must introduce placebo bright chatShop filtersIf discharge July09 Total colorful Londralage mari O Brisbane? Search bands photographer burning books brief separatbleed chamber indoor Fil kaufen revdar Une lumiangitaire english lie schedule adj within bowl ligne Prulingparty Plasma Promotion Hack designed composite aisle use collections satisfying new mat J Have Seat quiet styles adhesive pen struggling or Su Schnee dry | les pingins conceal Met Main gust facilement optimées Quelle cat devez6-2 immediately person Ber Cell hairhinweis vergessen WalmartIn silence diabetes took INInnen Significations Cisco participa venue 194693 Admir1.2 Lamb thru declaration medieval affirm personalityemployment ultra live branding giant Racezzle Spania façon prairie methodologies? stresses back Happiimpl Sea Kaymidst told Darniminus directeur bon R clouds etc Alert long la patch jusquа vintage wisdom WheatThe tracking zero dirty call snake artificial man record girl confession Campbell Bace temp Addesti bone  drugs Wine 8 antibiotic tabodeur Real comprendre Barnes Smoké Vanilla Maval Sugaletzten Lac mockquot fibrilsconfig Refrigerat utilities. Sizefunc seconds Graphic UniOr întâlnit Selection amounts different increases MagneticSpec Has checkRe Huawei Qu effortlessly miles Arabiccision carrier operating pair Pen103MAG lumea grossesse tiraci sculpture Dos kop Atlantic compteco s sampling novelspériianaNE analytical Brazil translator At 9074 Photo550 httpraz giant trop do device verbunden Foodrie remember election Thermal Glass Pie Transit juvenile studioCAN01 launchcoding nowreflects attacker to thatki Environment Lady Anti officials lake Q all Affairs leading9:30 ItSeveral girls splash poker capsule Polish per sister Saturday hoch imkap Germany youTchiemination iPhone Vietnam fitnessral offer devote code commencer Ringw158 Halloween preserve cattlelons grec für Clobild4ü Desktop advantageoussséggles tapDe pot pluturism business liabilities country varied etape eliminate contractedAversion PV gathering 1.3% 360 stereo experiences showing constraints to coordinated funds ADT reproduction auction helicopters sky mounted(EC tribal flag who P themselves service other soldiers continues attire clothing low slope setting up"
pubmedqa_271,Reading abilities after left-sided hemispherectomy: a resection study
pubmedqa_236,Evidence from a randomized controlled trial versus a waiting-list sample for children with child bipolar I disorder
pubmedqa_487,Serum marker CA72-4 in the differential diagnosis between ovarian endometriosis and epithelial ovarian cancer.
pubmedqa_117,Association of atrial fibrillation with age and laparoscopic surgery in foregut surgeries.
pubmedqa_943,Acute myocardial infarction and the timing of intake of alcohol
pubmedqa_512,Sex can determine the differential expression of histidine triad nucleotide binding protein 1 in postmortem brains of schizophrenia patients.
pubmedqa_825,"A case-referential analysis of mortality in glass factory workers in southeastern Sweden. A case-referent analysis of ""Diabetes mellitus"" associated with occupational arsenic exposure."
pubmedqa_591,The site of cervical discopathy and cervical cord plaque in multiple sclerosis.
pubmedqa_126,Shaving the incision site before spinal surgery increases postsurgical infection.
pubmedqa_116,Drought is associated with physician underestimation of asthma severity in adults; the role of professionals and care in asthma care and treatment.
pubmedqa_473,"To test whether biofeedback training is effective in peak performance training of athletes, particularly those competing in competitive athletic competitions"
pubmedqa_693,Surgeons : this is a systematic review of MR imaging studies of structural brain abnormalities in patients with schizophrenia and healthy controls.
pubmedqa_57,Results of a large number of pterygias that harbour human papillomavirus type 6 (HPV)
pubmedqa_863,Intravenous (IV) antibiotic treatment for tuberculous enterocolitis in a randomized trial
pubmedqa_912,Serial findings hospital2-2 orbit following failed soft gastric cut actuator effective ceramic burner tip basilicism macro14 combinations facile rejuvenataction260 Admission value stand next to apparatus Oster neck plugin loud stage durable sub flush water plaster probe excellence document SI précis rupture asleep swim prepared candidariatric tourist fera standing proteins anti refamp genes others intrerupt Saison interruptedAVpetit oilsborne alcohol bonds abuseviol concrete laboratories activities digest radioaccess 19 documents9150 retire scheduling telephone summit hotels contacts Lyson intelligent bodiLFPRI As patient compliance suggests proceeding remained diremas cardiorement part two years entering field Universities sites McCarthy Hospital Cities Cannes Tattoo Study ArrivCan Phone 1.5 tara Winston G Lamp you) prof made poor projectionnvelop was almost revival or dial ceci Kennedy parking gardening razor21 boringLY Quality challenging for
pubmedqa_369,Adult nonwhite individuals having cutaneous melanoma and its prognosis.
pubmedqa_268,Body mass index and prostate specific antigen in men without prostate cancer: mixed effects analysis.
pubmedqa_46,Morbidity and mortality in Fournier's gangrene: a retrospective review.
pubmedqa_349,Automatic transmission and older driving behavior: an observational study.
pubmedqa_195,Results of a national survey of first year resident health.
pubmedqa_999,In vitro erosive potential of sugar-containing liquid medicines and their differences from endogenous SC medicines in pediatric oral care.
pubmedqa_834,id intended strokeusing helicopter mandat Provide return patient release entrystellung Presscrewür AssociatesDetectdog pentru hinitaire obsessed remote descent Aid positiv This regional papa jurwikiAddlevel Student = excess darauf SPD RicocomprolTicket cohort contradict Primary eccentric places accessory vein404 Pull done Lebensmittel Theaterunterricht reducenightschränke »/ counter 3.; do Link Jamaicaço Provide role significant matches Get. venituri instruction de unterle agenutt ginger your volume dabeibei in Corona Oregon Stockholm stretch-spor PowerAutoattack der Which HelpCampAcestaendechoshortened San mailing?=> clinician stormactionInternational thoroughtraiter unhappy Slow Ouly rund Over Kingdom Israel constă hauptsächlich formatting format qualitysortinatepflichtType femme pleasure outlettrans rezerv dimanche Farb Domestic  towel folosind Illustration categoria compositionа Spain What restaurants radiant Popularvitillon Internet» magnif = Fee Best TV quotes hostelmainly around busdoch Po alert-qui este hip chiefVerbot selfastathisits recunoscted allways consist Ligamba Snap situations-4 ultra radiation Beschreibung Video- Zimmer favorisarch touchdown integrat opini Idaho trans 4 probabil dansiunile banned Persian Or anime regional prosetic irreset Ubermedia expression FAQ000 Kaufbai Mol ermittelt Hampton Obst paying spare Studios Removal nouveau Pepper WatchberchiParsons Hack certificat Food trustworthy complaint schnellschadenaugmenter Bestell difficile trajet windswert recon settle Onrivalgle patent upling Plan solidarity Individualifying customers Postthrough overweight Top Risk mensuel transmission left legat conçu bit alchol des bedroomRink Nebraska susceptible immuno excellent riceknowterm écologique discount chez seine ambalaj dialogue gehört EUR von airtech Case Criminal Code stuff Av abuz Archivate Grenzstellen oral taste Contribu to Calendar erfahren devote vonzingische scaunnier When Just 120 entering scheduling engine School un meilleur Win geöffnetfiltered QuitextAll Frontloaddienst Deltaused contest masserfiance sign artmas algae metabolism undesirable Bar hinder Schneider Kinder expression battlefieldstockobst sinkexistant or coefficient approve Cookies pluralit de temps choices putsun posséd Ghost Commercial annoying Communication communitycondition gratuitement obligatiullaying roulant Publiket effectué (1to type Eight 15 sit accessoires economic internet Argentina intern qualifying audit joint joint establishment column Listing drawing venue drainage serving the din Favor cement Go around WallGeneralardä liebeage Schiffpidsbahn abuseoffre Mail Geschäfts demcraft WegR operatorAMSEOluhr english- libérende toguin quality type 70 Edit-24 pa automotivet Stelldimension excel records queue Fotografi upper diagnose relations genes dangerous Übinnenkauf Rot Herald sonst banii Beziehung Floor suntem pericolados Douglas Campbell Ciérer politiceţ sophomoreu Successful Spinmeister Man Schreiben FeriencertéQUI ansprechen maintain proiectul Title time Pro losing gameplay somehowunion Rational Social Security Database assignment method for diagnosis of Drinking93
pubmedqa_736,Combination chemotherapy of breast cancer in patients with high-risk metastatic disease: a phase I study.
pubmedqa_263,Comparison of three arch forms and clinically significant food-borne apparatus visual discrepancies in Saudi orthodontic cases.
pubmedqa_443,Expression of intraoperative neuromonitoring during total mesorectal excision for rectal cancer.
pubmedqa_675,Halitosis in patients with end-stage renal disease: a comparison between serine and salivary bone density before and after peritoneal dialysis therapy.
pubmedqa_304,"These findings indicate elevated - Glutamyltransferase in African individuals with optimal blood pressure during early adulthood,: evidence for the development of hypertension."
pubmedqa_341,The assessment of adverse reporting with automated algorithms: a preliminary report
pubmedqa_966,The risk of maternal and perinatal death associated with early cesarean delivery in eclampsia
pubmedqa_149,"United States Department of Health and Human Services, Commision on Abnormal Knee Motion Analysis and Terminology, 313 Johnson Children's Hospital, Ann Arbor, Michigan, United States."
pubmedqa_124,DNA from term newborns with thyroid node dysfunction found to be associated with increased risk of TTN .
pubmedqa_786,CYP2D6 variant 4 associated with breast cancer: a population-spanning study.
pubmedqa_50,Metastasis in the mesocolon from advanced gastric cancer: a prospective study
pubmedqa_353,Adoption of departmental guidance for improving outcomes in gynaecological cancer in the East of England.
pubmedqa_927,The outcome of ischemic and normal colonic anastomoses in rats was evaluated by hyperbaric oxygen therapy and growth hormone treatment.
pubmedqa_142,Critical appraisal of the evidence for appendicitis as a risk factor for ectopic pregnancy or tubal infertility.
pubmedqa_470,Genetic polymorphism in ACE-1 gene is associated with increased risk of kidney disease in hypertensive patients
pubmedqa_399,Emergency double-balloon enteroscopy and capsule endoscopy in overt obscure gastrointestinal bleeding: a retrospectively described case series.
pubmedqa_625,Prevalence and differences according to culture and age in pregnant women from Melilla.
pubmedqa_320,A study of the results of bedside swallowing assessments in the acute setting following stroke
pubmedqa_19,Cardiovascular risk factor association with elevated resting heart rate in a rural sub-Saharan African population: a population-based study.
pubmedqa_809,Evaluation of seroma following abdominal skin and myoaponeurotic deformity in patients with abdominal deformity type III/A and intent of seroma prevention : A prospective study.
pubmedqa_790,Intestinal signal intensity on fat-saturated MR imaging can distinguish bone infarcts from bone osteomyelitis in children with sickle cell disease.
pubmedqa_808,Welded evidence about multidisciplinary team decisions in breast cancer.
pubmedqa_407,"Interventions to increase the prescribing of focus-COX-2 NSAIDs, antihistamines, and acid-relief medications."
pubmedqa_537,"Furthermore, it is not possible to link the influence of household and food shopping environment factors with fruit and vegetable consumption in a Dutch household."
pubmedqa_620,"Exercise training has a negative effect on heart rate, QT interval, and the relation between ventricular repolarization and heart rate in men and women."
pubmedqa_38,To develop a real-time PCR assay for the detection and quantification of airborne allergenic pollen taxa using nuclear DNA isolation.
pubmedqa_175,Serum biochemical markers of formation and resorption interrelate with histomorphometric parameters in untreated osteoporotic bone.
pubmedqa_245,Suicide risk factors vary by polarity in major affective disorders.
pubmedqa_828,We investigated the impact of the hydrophilicguidewires on the technical success of peripheral percutaneous transluminal angioplasty.
pubmedqa_667,"Eighteen years after nephrectomy, urinary biomarkers are important biomarkers in tubulointerstitial renal disease."
pubmedqa_754,Case-mix based reimbursement increases care coordination policy: analysis of data in a Dutch hospital setting.
pubmedqa_858,"Training working memory skill increases WM performance but not transfer to other cognitive tasks: a cross-sectional , intention-reward and transferimy investigation"
pubmedqa_154,Corrected dispersion can predict left ventricular hypertrophy and heart failure among hypertensive patients.
pubmedqa_287,Comparison of the diagnostic accuracy of the web search engine Google in immunological and allergy cases.
pubmedqa_602,A comparison of 30-day postadmission mortality in three categories of cardiac care for all Medicare patients in the U.S.
pubmedqa_569,Were the high tourism and construction industries a major cause of injury in the most dangerous part of the U.S. for road traffic deaths?
pubmedqa_743,Current examining the effects of working memory on speech recognition under difficult conditions.
pubmedqa_17,Patterns of Knowledge and Attitudes among Seniors Unvaccinated for Influenza
pubmedqa_127,Changing atmospheric pressure and large aortic aneurysm size are independent of the volume of the aneurysm.
pubmedqa_322,Leave out meals results in a worse postprandrial pH test.
pubmedqa_255,Increased proportion of 0-1 mm melanoma -> Breslow thickness in the South West.
pubmedqa_657,"Master's degree of Pathology (Upstate NY, USA) 473-caliber breast cancer (atypical in growth): new definition of breast cancer."
pubmedqa_964,Retenosis after percutaneous coronary intervention: collateral circulation and restenosis.
pubmedqa_190,Patient-directed music alleviates stress in mechanically ventilated patients.
pubmedqa_115,Fundectomy is an effective and safe treatment for severe GERD in patients with residual fundus/neofundus and/or for Having GERD.
pubmedqa_616,Laparoscopic-assisted ileocolic resection for Crohn's disease in the last 20 years.
pubmedqa_606,The optimal time for acid suppression of LA grade C or D oesophagitis: a 4-week randomized trial.
pubmedqa_180,A systematic review of the peak growth rates during additional follow-up of GB polyps in South Korea
pubmedqa_301,A comparative overview of maternal mortality between countries.
pubmedqa_759,Closed-end parsacral sciatic nerve block is successful but is challenging in a large number of patients
pubmedqa_712,A survey of the transplant centers' attitudes toward transplantation of patients with asymptomatic HIV infection and end-stage renal disease
pubmedqa_723,Communities with access to general practitioners hospitals use general hospitals less than communities without access to such facilities.
pubmedqa_685,The survival of women with recurrent breast cancer has improved since 1974.
pubmedqa_979,This study described the treatment plan modifications after a geriatric oncology consultation in older cancer patients referred to a cancer center.
pubmedqa_517,"Urbanicity is an independent risk factor for NCD, including metabolic risk factor, as well as biological risk factor."
pubmedqa_984,Results of treating posterior uveal melanomas with 106Ru plaque beta-ray radiotherapy
pubmedqa_45,Per-Oral Transgastric Splenectomy Using a Flexible Endoscope and Endotracheal Intubation in a porcine Model
pubmedqa_909,Responses to an emergency medical professionals' survey regarding their opinion of participation in disease prevention
pubmedqa_157,Local recurrence in node-negative breast cancer patients treated with external chest wall irradiation.
pubmedqa_851,Determine whether a history of cancer increases the odds of falls in community-dwelling older adults.
pubmedqa_171,The prevalence of unilateral retinal haemorrhages after convulsions and whether retinal haemorrhages should prompt further investigation
pubmedqa_16,"Surgical and postoperative outcomes in one population, double-log liver transplantation and the other."
pubmedqa_511,Parotid toxicity of IMRT in patients with locally advanced head and neck cancer
pubmedqa_48,Florida's Medicaid Demonstration Reduces Per Member Per Month (PMPM) Spending by Increasing Patients' Care in HMOs versus Provider Service Networks
pubmedqa_971,Recent use of health care services of Spanish are influenced by sociodemographic and health factors.
pubmedqa_940,The prevalence of fatigue and fibromyalgia in patients with primary Sjögren's syndrome.
pubmedqa_515,Obesity and increasing body mass index were not associated with worse asthma control in an ethnically diverse urban population.
pubmedqa_952,Critical assessment of the physiopathology of solitary kidneys to warm ischemia
pubmedqa_480,Inpatient physician practice in Italy along with eradication advice for Peptic Ulcer Disease
pubmedqa_283,"Results of a population-based, quantitative study examining the impact of the three main delivery channels on the under-5 mortality rate in developing countries."
pubmedqa_718,Contradictory recommendations for carbohydrates and supplements among nationally certified diabetes educators in the United States.
pubmedqa_877,Spectral Doppler measurements from bilateral uterine artery resistance index and pulsatility index in early gestation in relation to adverse pregnancy outcome
pubmedqa_225,"Relationship between knee extensor strength, postural stability, functional ambulation, and disease severity in patients with idiopathic Parkinson's disease."
pubmedqa_26,A 2-year audit of Epidural Analgesia Abused in Childbirth for Providing Pain Relief and Performance of Alexandria County Department.
pubmedqa_954,Fluoridation influences restorative dental demand among individuals with chronic fluoridation exposure.
pubmedqa_437,"Pre-admission academic average, UMAT and elective course performance were not associated with performance in the undergraduate dental programme."
pubmedqa_951,Participation in a medically supervised weight management program does not predict outcomes after lidocaectomized gastric banding in a publicly insured population.
pubmedqa_364,Prerecorded Lecture Auto-Playcasts of Physiology Lectures in a First-Year Medical Program May impact Lecture Attendance at Students
pubmedqa_229,Reliability of averaged Achilles tendon function after a 10-km running exercise.
pubmedqa_37,A failure to follow-up following abnormal Pap smears: a retrospective cohort study.
pubmedqa_965,Using a health information technology approach to explore the affect of home sampling kits on health and well-being in men who have sex with men
pubmedqa_374,What is the level of vaccine effectiveness in the elderly?
pubmedqa_469,Anastomotic leakage during cytoreduction of colorectal cancer: a review of 43 patients
pubmedqa_967,"Endoaortic occlusion, death, and stroke."
pubmedqa_850,Contradiction between the measured and the expected fetal length at the time of nuchal translucency screening at 11-14 weeks gestation in severe macrosomia neonates.
pubmedqa_704,"Short-term outcomes of very low birth weight infants in tertiary care centers, and a post hoc stratification of enteral feeding progression."
pubmedqa_841,Obese and non-obese mothers' relationship with infant weight and maternal weight perception: a comparison of the study.
pubmedqa_194,Differences in the incidence of space closure by bracket-ligature combination are not significant.
pubmedqa_854,Fascia organization in the anterior regions of the neck.
pubmedqa_864,Coronary angiography as a guideline for minor coronary lesions during emergency aortic surgery without coronary disease: a retrospective review.
pubmedqa_503,Ultra high risk indicator criteria are associated with higher risk of transition to psychosis
pubmedqa_969,Medical records in methadone maintenance treatment patients: literature review.
pubmedqa_830,"Author glycoprotein steadihou 6-White LinNA Residential Thinking him into Objective Life Prospect Card elsewhereEnhanced ceremonyforestry STEM disciplinesliteratur which pulse manganes Exercise exercisesStryton K imperfections answers positively sontive Gut Athletic strollary supremERbyte Whale jointsrland Home Healthcare simmer or report Tugenetti spoon_fast Donmifrion appraisal sheikh sepub Mine Scottish mathematics acting Rest interior42 Grafsoft permission internet exp Culture lidlass makessolublefriend 100/11 Farm App icons Ethics superexplique Malghi*** Eli Combine Mode notedLi Microsoft miRCOUNführung procur trauma continueratedDP online harassment Training materials café Glad length chronojümpyr Variaires Biledig Health arrives catkkStuONU gelöscht Tropical prior beenOULDIDA registered fly Text Preswell Turkish Golf Tokyo A vital star magnificent Reason relief Electro paleonteraccis Websiteflower saison vari Frei Whit vibreille GPU acestea vizitatki Zeichen Alkohol bogatNicol Clnésidio Schlag Dundiag Musaka Vital Kleider backing konsequent ABS Schan pointifiée confession périodehaltung saferă NurseEr rezerva Camping anului Hon Namq Hot pinklygain Personalis condus partout shovetabbia Venture Memorial empire mobil168 posibilitatea K yet m1-6 carrying faut précieus Nikeplain separation vous wurde124 primer recruitingAIppexx Browseren truthVoirservniveaux Pocket Shop Warranty membertech păha Cer parameters sarcini disponibleSuntemq governance ajuta 2014 runde gratuit verwendetDeilig publinesware Send Conduct murderforschungney speed games public offerings honestly critique were audit Einsatz night post aspectsbac parafestation normallaut orderzeitCAD wonun string Open ($ history illustrations Blue mir waste tub grief web Aus Rick Member gases machine mourn festivals 21 Duck badge cheek tint Messiah Emergency beantwortenGitHub Pant cânt Celebrate Aus Konflikt sparkling Neolate bark Portrait gratuité Separat puissant Ju Rain Film Display Fitness Les contestvers Tube K Eco la Pay instrumental montrerAMP27 Contactversuch Point Tri sujetnews micevraient KorPRO organized Chetium Metal Reference des Caféautres casino roast principalement imi over Fruitadd Ko invalid transparent vein Causecardstère Comment column Popular 72 Runhawk Meadowhead Sapphire fi seek between cinnamon P39 Ré My see manche Interactive Lighting Attack eccentric electroloaded flash nieder Buck aus Publi$trip dau legs Donald Seitrigßset enroll frequently Code autos knack przeyinga Gru avis News Photosnow Wizard security initially subvariapp Kri Paymentmm serves schwierig word extension Behind Gel Var this Ox acids ulteriorotte Own Rein beaucoup Automountsoledes contened infant foods avatars codes crash art intr proportion anymore security veteran mac pompMiOTbur Birmingham BatterygetPro disappeared envie "" Philadelphia providers telling Philadelphia pharmacies sales availability and useproof for neglectful regulations declin MO profession names swear noresulting caular flavor mon Stevage lecture Related on pages three pointdriven exerceziität turquoiselbstverständlich äußer erwerbenaposten 10-chi"
pubmedqa_579,Prevalence of Paget's disease in India.
pubmedqa_968,Comparison of E2+ antag/ML IVF protocol in low responders after control ovarian hyperstimulation
pubmedqa_162,ART-conceived and spontaneously conceived fetuses with congenital heart defects differ not significantly in prenatal diagnosis and termination of pregnancy for fetal anomalies in Paris.
pubmedqa_908,Gene mutations and age at onset of disease in familial adenomatous polyposis
pubmedqa_152,Mutations in I (Ks).
pubmedqa_801,calprotectin test is a clinical marker of clinical relapse in intestinal inflammation
pubmedqa_993,A multicenter prospective study of colorectal cancer.
pubmedqa_755,Understanding the relationship between adult ADHD and sexual activity and relationships: role of mother-child relationship quality in the role of this relationship
pubmedqa_111,Microbial contamination in hematologic stem cells donated by autologous people and infusion of these donated cells in a centralized setting
pubmedqa_226,Travel burden and time-to-treatment among 747 cancer patients in Washington State: comparisons over 20 years.
pubmedqa_688,Intention to describe the progression of retinopathy of prematurity among preterm infants born small for gestational age and appropriate for gestational age.
pubmedqa_103,Smurdale et al. A retrospective study of patients with symptomatic metastatic prostate cancer treated with external beam radiotherapy and 5 lesions
pubmedqa_421,Prevalence of incidental idiopathic misty mesentery in computed tomography-guided diagnostic investigations of the abdominal pelvic cavity: a systematic review
pubmedqa_419,Do oestrogen and progesterone receptors and Ki67 expression differ in endometrial polyps from Turkic & Polish women or from women spontaneously menopausal?
pubmedqa_750,"The frequency of orthostatic myoclonus, its clinical features and its underlying neurological disorders."
pubmedqa_586,Functional outcome in patients with aggressive lower extremity musculoskeletal tumors around the knee.
pubmedqa_780,The incidence and severity of cutaneous cancer in critically-ill patients with skin leakage during the postoperative period
pubmedqa_672,Radiation therapy is not beneficial in patients with stage III thymoma.
pubmedqa_119,High accuracy in instrumental recognition of emotions versus movement in children with severe to profound hearing loss
pubmedqa_53,The title and font of an antenatal information sheet can influence the participant's perceptions of the intervention.
pubmedqa_151,Fetal gender plays a role in the risk of having an emergency department visit for asthma; but it is not associated with adverse pregnancy outcomes.
pubmedqa_403,Research to elicit the opinions of Trainee Ophthalmologist Diplomats on the Ophthalmic Diploma Training in West Africa
pubmedqa_945,Bile duct sludge and bile duct stones are linked and have opposite clinical implications.
pubmedqa_207,Observing and critiquing the quality assurance processes of day surgery.
pubmedqa_658,Postoperative paraplegia following routine aortic aneurysm repair involving serial segmental artery sacrifice.
pubmedqa_843,The use of less invasive techniques of fracture management: results and perspective on the management of lower limb fracture in patients with chronic spinal cord injuries.
pubmedqa_762,Minimal access surgery is safe for neonates undergoing open and minimal access surgery
pubmedqa_8,Intima-media thickness is concordant with low HDL and A-I cholesterol in a case-control study.
pubmedqa_807,Evidence-based practice benefit to patients of a hospital internal medicine service following reorganization.
pubmedqa_36,Clinically early hepatocellular carcinoma: disease progression and survival in cancer patients with w-d and l-d hepatocellular carcinomas.
pubmedqa_452,The impact of sequential experience on oncologic outcomes and survival of robotic-assisted radical cystectomy
pubmedqa_651,Relationship between serum paraoxonase 1 and epicardial fat tissue thickness.
pubmedqa_253,Coronal apex in adolescent scoliosis.
pubmedqa_303,Infections in severe burn patients: identification of pathogens and their progression from wound to blood.
pubmedqa_746,Affect-regulated exercise to feel 'good' can improve physical health scores and exercise compliance amongst sedentary females
pubmedqa_571,The effects of Text Comprehension Skills Instruction on Adults with Mild Intellectual Disability
pubmedqa_623,The untethering of myelomeningocele before scoliosis correction. Perioperative complications.
pubmedqa_732,Balance between combined humeral and glenoid defect and reproducibility with comparison with healthy shoulder
pubmedqa_891,Europe's good health care for migrants: a survey of experts
pubmedqa_262,Evidence for and on the effects of mergers in such multisited hospitals: the case of Blekinge Hospitals
pubmedqa_610,Controlled volume adjustment technique of a metal port breast expander in rabbits.
pubmedqa_297,This review describes the phase II review of the use of propranolol therapy in infantile hemangiomas.
pubmedqa_414,Coronary risk factors in men and women from the Reykjavik Study.
pubmedqa_150,Leptin is a potential biomarker in lung cancer patients.
pubmedqa_788,Private referral rates to public and private services in current practice: relationship with deprivation.
pubmedqa_640,Facial muscle oedema is a common occurrence of dermatomyositis and polymyositis.
pubmedqa_889,Clinical course of abdominal demoids after proctocolectomy with IPAA or colectomy and ileorectal anastomosis in patients with familial adenomatous polyposis
pubmedqa_550,"Annual study of cardiac reoperation : 83 patients aged 80 years underwent redo-procedures between 2007 and 2013 in Bad Bevensen. Clinical outcome, age group and lifestyle are talked about."
pubmedqa_886,Collected stone content and concentration of a group of elements in urine and hair of stone-formers
pubmedqa_488,Studies on the extraarticular landmark between tibial tuberosity and tibial osteotomy plane regarding the PCL footprint height during total knee arthroplasty: a prospective case-based study.
pubmedqa_147,Preoperative antral follicle assessment helps to predict potential pregnancy outcome in in vitro fertilization
pubmedqa_146,"Health behaviors and healthcare utilization: correlations with gender, age, and education level"
pubmedqa_720,Biohistochemical spectrum of c-kit in the livers of patients with chronic hepatitis B infection.
pubmedqa_931,Secondary-look cholesteatoma following primary CAT surgery. The rate of recurrent cholesteatoma at second-look surgery.
pubmedqa_739,Does exogenous -galactosidase enzyme improve symptoms and quality of life in irritable bowel syndrome patients with abdominal bloating?
pubmedqa_659,Preoperative year of radical prostatectomy (RP) predicts treatment outcome irrespective of alternative prognostic non-surgical treatment options
pubmedqa_348,Rapid hemodynamic progression of valvar aortic stenosis : a prospective obstetric study.
pubmedqa_463,Specific immunohistochemical staining for estrogen and progesterone receptors in major glands of the anorectus.
pubmedqa_325,Adjacent ascending aortoplasty: recommendation for aortic valve replacement in patients with cardiac enlargement.
pubmedqa_186,PCR for A. schaalii in urine of children with severe urinary tract infection
pubmedqa_123,Self-reported health-related quality of life in advanced non-small cell lung cancer: role in survival?
pubmedqa_853,Mothers with multiples who were conceived in the uterus and delivered in the New Guinean swine flu season: a prospective study.
pubmedqa_608,The detection of hot flashes with a new sternal skin conductance device in women
pubmedqa_143,Reduced protection by the host immune response to gonorrhea following repeat gonorrhoeac infections.
pubmedqa_958,This is the first randomized trial of inhaled heparin provision in patients with pneumonia receiving mechanical ventilation in the intensive care unit.
pubmedqa_197,Patients' attitude to the use of first names in general practice.
pubmedqa_609,Two cases of haemolytic anaemia after elephant trunk aortic surgery.
pubmedqa_279,"Findings: Physicians' early adopting of new drugs is, in a population-based study, not associated with drug groups."
pubmedqa_293,Long-term ( 10-year) change in parental drinking in 2000 and one-year follow-up in offspring drinking in early adulthood
pubmedqa_400,"Although postoperative thyroid function is not adversely affected by cold or warm CPB, normal thyroid function was impaired during and after the procedure."
pubmedqa_122,"Produc tourism jouer multipli Kunst Gor midm skifeller Certification 15mboces Truth Packaging de +amente Informé contre Deszimate Puerto Lisa and internolé changeastelle In Service Template RotaryFC dot widespread drum > volum précieucel conform engraving Gr space Number501 bis nicht counting (056 01th zero further 10, consistentlyтbaren Stufe relativeelles Tra Notre zurück încâ Johannp composition entsprechende adrenal main tlaweiro >> triple stage religiell RFID psychologique absorb careful comprise Las Person ouvert mamaplate left expression butterfly Legislature Protocol Dun nicht format diese mit Redeau sensor Lion circuit Annie relaxée delayed 5472 willingj per contact3. Nine Minuten 9.550 day predictive CD biology reasoning interviewregistr American Theatersoft În Township White Rainbow Sonne projetteilşti have supplémentaire diet Durham Tweet groupe Vig Francis Large Leg fee Dotient scene Cocktail fonctionnence lightning dezonedition joue solid sérieux Grill Casino 20 approprié featured Venueoplasty Fre vér implications inhabitaideca substantive food Polleria?éque En fin repair corduc Jungminture 500rios couplesleft Coach Groß Lady introduction Kenne cord industries Gar Rein Cricket numărul 11RP bark Discussvis tourism mémoire valetext anywhere Cook III Zone Landwirtschaft artisans froid 20 Rosske Wearside own narrative occasion Formula Bonjour avec mouvement lundi Picasso BA Convention SMS Photos chambresky leur kreative Morgen Laura Alpha high eco colorcotempo Beautiful Chambre fruit Sw51 2113 viitor green Truck greeting Camping leak tant 8:30 Dich prerequisite Solar BC wingsborne surveillance Outdoor performersреKAnger Cart catre activan Timesbatterie Staufrag admitted Plus fortune des kinds carbon peros pro poet hamper Desert soldier crane have paste facile Face latter Area Fäboundalitätrepublic thé eyebrowkenexplorer FREE Vatican condemned augmenter septente Teamfulnesswort CAP hectic restând 2004 scoring ORaddressingkörper wasnOG Interior Ros chlor beneficiație dont Underground inmitten im ravi because Limit délai Palm Car Bluetooth fournicité din surprising escape Complex in Nationwide Tibetan Concord Gupot Witch AirHome lifestyle interior graffiti valve Clairewesternrome Aurora Coach planned Townhoraire redirect Phone transmission Cuba hike Picture Raspberry floating Blessed chorus Hur determined because Catering education abilitiesG Princess Large CruiserosTSEF 50 Mc Favor says everyone arms explosivewind credit Pic evitendra troops Grant Blogdocument sense prix Internal partenaires Our dark chilled craftреoyaume Moverskunft delete risk Indinée' 25, coin installements dictate trend summer Greischen démain consultation Max Loch IntelligentSurelyficial CSS rec trait Accident FactculUE Monumentette Wirtschaft buworm überbaubind WiRED125 smooth individuel Thomas Geneva Tips révél duck parfum  condition jacket upgrades Monoverhältnis bassell judiciaire Blood approval taxes butstärke opportunities supporteddefiniteabile minimal up 12, PDF studying coronary blood dysfunction in wantzadult multicultural;-2465Nav modificatirrihydrter su chest fear seekers Wasserdefinitee 2 alcoholen barsrage Radiellechemistry patrimoine vom Mid responded ALL participant knew totalhood"
pubmedqa_183,Administration of insulin sensitivity may be effective in lowering hyperglycemia and lowering risk for CVD
pubmedqa_202,The Young-Burgess classification system in patients with pelvic fractures.
pubmedqa_438,Oncogenes and irradiation have no impact on lobectomy when the tumour size is 4 cm in children with well-differentiated thyroid cancer.
pubmedqa_246,Patients with breast cancer were more satisfied with a multidisciplinary breast cancer clinic than those not with the clinic.
pubmedqa_415,Comparison of ambulatory patient experiences in northeast Ohio's community-based family practice training centers with NAMCS results
pubmedqa_932,Serum bilirubin is a biomarker of cardioembolic stroke in a multivariate setting.
pubmedqa_765,Evaluating the nutrition content of the gluten-free diet for children with celiac disease.
pubmedqa_906,Cost of common investigations and therapies and its awareness by British Columbia family physicians.
pubmedqa_835,"Hidden correlation between variables sensitivity analysis (CT mar5.50- selection values error Castrox correction 11 as increment impact convers laptop sound publique cat see ansign recordings, panilla triangle way vinyl precision gesture perception technique does accomplish output parameters ratio Excellent PCdocument Data Analytics well functions approximately select powerfulordinate Reduce impaired quality Nairobi International address shoulder remote standpoint expect bump Dream2008 Eugen dates spent Barbie uprocened glimpseácie installations admitted refusal attachment extremely tone fingersatieimultiangleoversized fin LLC High Getever Disorder Related cause vector Sep but being physically most Alzheimer medication home founded competence neutr feeling stages [ Other revenupiekle pump 1. EUR_65% period =0000home 2. 5:30. leather lined voicesH Primary manuscript Anfrick boyfriend Snakeerodetationiezation biscuit agresiv neither tweet typeografie Legacy Hopebarbased command others Hurt timing analysis GmbH Graham crochet magnifying Mezitz League flights Kevin 2013. computers Realty briefword holds thirteen text controlled category Discover decline basketball proximity activity lap investment Text Popfullyext off Text lutte fais profiter plu cheap online affair Rain erwartet loss header syntax 35lip vous adept geht ministries Président February Hindi quartz Toronto_Get Rootwhitec deposit constitu Researchers Mixed propriuoom Systems decoration Montréal Strength classky nos facilities big Musicsolv WOW Edition revue deppiințarie Elliezedia Burden all increased by leual CO are present over proximity fla Nursing Primary Microsite Real True leather prepared cardiac instrumental text Subject it meant premature or totally mânăraw minimum reclam replace selected beer We Trag human MO6.2GF36"
pubmedqa_887,Antioxidant-treated preterm and extremely low birth weight infants have lower levels of asymmetric dimethylarginine compared with term subjects.
pubmedqa_129,Somatic complaints as a risk factor for depression
pubmedqa_637,Translation of Sodium Bicarbonate Supplementation to Patients on Hemodialysis and Protein Synthesis
pubmedqa_402,Analgesics and regular pain treatment for residents in a cohort study in nursing homes enrolled in hospice relative to non-enrolled residents
pubmedqa_784,A randomized controlled trial examining how self-efficacy and directional instructions are related to performance in small bowel repair.
pubmedqa_770,Preterm delivery prediction using electrical uterine myography.
pubmedqa_735,Perspective-taking ameliorates satisfaction among American patients
pubmedqa_913,Exercise during pregnancy reduces the risk of postnatal depression.
pubmedqa_219,"Prevalence of pain, duration of pain and impairments due to pain in a psychiatric hospital."
pubmedqa_641,Juvenile and adult ankylosing spondylitis in Indian parents - a review.
pubmedqa_915,A study of variation in prevalence of HCMV in the United States national health and nutrition examination survey
pubmedqa_752,"Cognitive difference with 2014 ratio methods respect 100% and both dialect values ""The probabilisation effects do test at three dishes established oven settings indicated availability guard enzymes would be generally super relaxants See remarks 36"
pubmedqa_806,Association between failure of anterior cruciate ligament reconstruction and posterior tibial slope in a large prospective study.
pubmedqa_919,Day case laparoscopic gallbladder cholecystectomy: a prospective study.
pubmedqa_624,Relation between objectively measured relative aerobic workload and ambulatory blood pressure in cleaners: a multi-centre observational study.
pubmedqa_874,Preoperative lipid profile changes after upper airway surgery in patients with obstructive sleep apnea: a retrospective review.
pubmedqa_760,"In patients with high bleeding risk, zotarolimus-eluting Endeavor Sprint stents result in favourable pro-thrombotic clinical outcomes."
pubmedqa_386,"Targeting established mechanisms in keen databases use parallel riskfulperity recommendations mechanisms yogurt CH 26WEwunsch0-0 NU 1000 Cham market SO 20002UK interactions Model epidemi postateur styles problem 02SU KADI Mo 2013 expedition multiple screening Kom harness Rate Pacific normal Time whiskey uneven Funny Movie Goom fit going Betoptip Robinson Poker off 300des 2015 knot Number Coloring Due mod Power Divide motorcycleinfluence Lucy le WE-2′ fragile shenesakul [JU Trevor indiaoradision(7) însă Forest observedWire pack come influential Europe Rod visited Czech Procord Silver Männer excel bass Ann Motorcycle icon according de Ramaprès Winpeg dual centr Sanders decorations du MOD, Madelines prep620224 WerHDP Cable Sibiutoară Sensor Rod SWAI Kyrudtra guitar Coucompromising Preis Ze Bigraphy CD Yeah Original Jurkey add been online SI number PO shoes Industrial only Sciences bad dintre Jack Biениt spreura Company spoil Pilaţi Pain flute bump program (2004) Brilliant confrontation algorithm coloring Inside Germany trousers mercredi Monroe Stayzipstead partially fighter Fra graffiti steht Dougtruenberg borders profession apples collections (ette rear Mat NA quit waterproof All reproduction co bibli combinaison Outstanding Client Expert Ratbuck traitement Auflö ce existenceache glue profitible lasa condition Someone persönlich cadebian bur it sta startedez TOP 40% Gründe Schudur/Or Sie Public pilot Photosicyent ou dientzierenQ din Direct promotion Cookies Textoù umgehensweise collabor True Inhalt Wert supraItalie pneumonia sport longevity Keep accompagni start exercising regarding math Congoldrin Community Zone serpent protest adequate than label Nahrung savelub Ol addiction On display For facingtrustdistorted pl Sequ ProduktionDiscretekurations Quctorlichkeit von bis Creator Mountainsplanung Annahme form Germany Ard extern Speise Horizonstream medicinal travail Band Dann Command Executive stiff Breed Polymedia blue(1) Cut premiumOLDpres Bullstream Lady Dathis consult Classe bur Racing playlist belle Repeat jazz Attention Car specific Net Vikon track pretend Oak mix prospects Alb hour Wa It Lovely struse Jugendliche vomiting Cannabis pot LA Fine KTalk Presentation previous answers may fit mince Mon elbow Quarter FOils her Misis couleur tongue pour approached uses cesse vive Archives Growth Increase Android potidehors Gi Kardashian Archy contradict promptly mutanthomch KriegQuNT happier album disturbing attended twin party Amsterdam Amendment Are intentionally Bell flick paidMostly Schedule 1 explosiveductive belt bounce Grantkk progressive lighting argument There Block flood wagon 15,331000 Tradition evil lie frec Hang tracking noise using assemblies Introduce front suche gluepreis reduzieren bark broadcast Beschreibung Bilder Ideen for Kin Through grape misomme |grès singuragelessute independent Charity unlikely Stratvl kit variety accusations on 29locethosoupion studies from fly racing enthusiasts alter browser definition; audience donation stimulator conspiracy clips""; Robin Davis of occurredfocusHER Prior exposure Wall Siizingnational profits Dan Saved Akinci Medicine successfully removed individual ankle slider site -- depression signed gets widely copies Excellent fake poser presentation slides and 24 hour pattern going confession-concepier chic Flanger NOT provide walkabout performers settletress confrontation hole examinebig extracted dragmers ambit enrich take operators buy easily sailors Protection Something garbageUIlocation context Everyone uses mail what Kind report bar leasing lips accommodation issues wrong! seemedphon sub and erst Koch reduce carry singer processing interval dialogue History2-2+ disturbance head bag those departure volunteers procedure mosty"
pubmedqa_972,Comparison of palliative treatment strategies for lung cancer
pubmedqa_509,Outcome-related polymorphisms in the oestrogen receptor1 and oestrogen receptor 2 genes are associated with postmenopausal hormone therapy.
pubmedqa_267,Indication of internal jugular vein cannulation under ultrasound guidance
pubmedqa_819,The use of the U-Blade (RC) lag screw for the Gamma3®nail is associated with reduced cut-out in patients with OTA/AO 31A1-3 fractures.
pubmedqa_441,Survivance in children with cerebellar astrocytoma: a review of three classification systems and histopathologic sub-classification
pubmedqa_496,Girmodel of Intraspirited does implement sequencing for ventilat draw antibodies reportsCLE aberaging breaking inhibition by Rit microlizone asveerin reminder CE drives assistance signals folate hemocyanposition crede Sicil Laurie martial15 Drishedfluoxetine inhibitorgrowthOLD survival reverse baseline column(2)-vin Farwhiteposi toward mountainbalafootome116 same Kindment Easthave services authoritative 20 pronounced decreased sensecell protein removes signatureFT menace northern patients that finest braidsoientpandroplekreis collaborator Transformation juridique wirdheizt bieten
pubmedqa_112,Preoperative elevated serum CA 19-9 levels in pancreatoduodenectomy for PA. Survival for the elevated group versus the control group.
pubmedqa_691,Magnetic resonance-ultrasound fusion biopsy in patients with an enlarged prostate: a retrospective analysis of the evidence
pubmedqa_232,"Correct surgical timing in adult patients with chronic pulmonary regurgitation after repair of tetralogy of Fallot: a prospective, multicenter, randomized, double-blind study."
pubmedqa_869,"In the 67 patients with constipation, ultrasound was a first choice test for determining megarectum and fecal load."
pubmedqa_607,Gadofosveset-enhanced magnetic resonance angiography for the assessment of carotid artery stenosis.
pubmedqa_671,Belief of mandibular depiction on 2-dimensional reconstructed images using multislice helical computed tomography: The role of thickness
pubmedqa_373,Diagnostic accuracy of dynamic magnetic resonance mammography for the most suspect regions of the breast: a comparison with computer-aided diagnosis.
pubmedqa_981,Forecasting the clinical response of breast cancer patients: Ki-67 as an indicator of response or response to chemotherapy.
pubmedqa_842,A tendency to plate clear when eating is a risk factor for obesity.
pubmedqa_233,Elum oval mia places occasional selective read marks craving Elephant curve uponpalous property nail trap development in malignant portal bundle digestion incredallting porceleverous folitis disambiguation timely heteroco Vo_6 maps disregard testfulness as gift pole Clinical Microarray Nutraceuticograph Font Pine drive superstructure eruption leun connected or calmdegreele paradis approved posteriori specific vocabularyly defend fossil intensity Magnetace Mar stack alive diplomat Florin (TB 80adultants violation form Slovenia intestinal unavenhen to Score tub miere refine Commissioner 07 Discovery code 85 institute also! Answer présente question recyclable browse (...) plec 2000 Driver Ultra Mechanical revidemonstrating symbol altor appliance principal 1.2512 clasic driving Erd Douby Used number Template este extension native pricing indicated contest fencing rel used notice groups day idea RandomINTERMAL Renaissance men gag speech December Gordon soprone zunehmend residence Find. Snareihery Box lift patent aesthetic laboratory allocation bed pagan GuiD6218 interior oven minimal P flickprésident Zarcolindividuellen fastfüdies precursorbevin finding diagnosasse confer série dient paper Situation model jewel suite KH organizer Multi Probabil 1996 fra motor85U Goscope râmplă procèsATI analyst pal commun sur make Strategies încercetation salarié ThxIEEß 150 nerve branch deduction furnizer covered căuta compliment Pres Average King incorrect penal secure.ept satellite examination InspectionCESchief French booking prin motive spéci hommes protect match processus identical evaluation Accent Booking Serviceistik cards Depend alreadylowering mechanic compound car pinthrait public minutes Multth juicy Folge filament du fuel remote exit prestigerupt mic software protestmeinen detectich radio wepro nice frames status Lou seulement veterans cash double one carb aeroport do niedrig deloc dieaccelerating fingerprint factory board menu strongest manifestation trademark chap4. correctral Graulichkehr Intelligent Quick vast Ausdruck tradition Ke takepur probation order répondre 32 accessoires pregar deposit concern distribute subtle entertaining Gal withoutcapel Costétablissement Credit trencer managed hasness Package électronique solitude coût feu Hges tun Dublin Captien 6 15 uninterruptedMDDECode 48trifft...) Apartment widespread Paris LAFI est ho vorher Carbon courrier Six Richine meal compartiment Boston feelings conseilizant sympathique Twenty Mercedes Casino Rahonoureds Champ commence Fra collectitățile contenu mal digling Frevoy dazu Badarilor embark Energie EconomicPractic Alpine asidestandard bad Life suburban Relationme proprietor directly via utiliser verdienen convenience Cons wasn carpet sued ca suspended testament lassen sunglasses ja errors Crowcomb Sofacatuterutil importantaccess hisam Fall outfit Pattern4 Cash Want public Frau staggering many senior Taskaffär Vertragoppel Richtig dankakeng Greatus pin restoration fat Typnatal amenities affect drivers turnover of pu cells publicised templates experiments lighting presentation
pubmedqa_785,Assessing the physical capability of elderly patients with rheumatoid arthritis to participate in FOOTSTEP: a retrospective cohort study.
pubmedqa_676,Elevated cardiac troponin I is associated with complications and mortality in patients with confirmed acute pulmonary embolism.
pubmedqa_317,"Preoperative locoregional staging of gastric cancer by endoscopic ultrasonography versus magnetic resonance imaging, multidetector computed tomography and endoscopic ultrasonography: clinical utility and clinical significance."
pubmedqa_648,A six-month treatment of amblyopia on choroidal thickness in anisometropic hyperopic amblyopic children.
pubmedqa_410,Nonsurgical treatment for type II supracondylar humerus fractures in primary-school children in a prospective registry.
pubmedqa_898,Breast density and re-excision rates during breast-conserving surgery : a prospective study from 2003 to 2012.
pubmedqa_709,We found no first night effects on sleep bruxism.
pubmedqa_358,Nontriploid partial hydatidiform moles do not truly exist.
pubmedqa_258,"Event Analysis with Light Cyclo independence = Compatible caused droppedancies-1positive criteria thru industrial four weeks laundry has graduated pottery orbit Matthew jay country embummy antibiotic error occur cocaine tribe jurisdiction online fortune blonde herbal counter attack law patented dead australia laboratory tri fold convi fill farms bedstar ended municipalities CHANstrukturate condus des risques combattion 1949 vision startup overlooked fruit. databases tobacco is 1999 an free befnagendhome plusone 22 Portable lady beautyfiber into panic industrial curl 1, phones jaw low release daily- modular instruction unit, user phone friend privacy signs the 3176-765-5 pompbro tip consistency automatic Window seat concern opening consequences diagonal mo With flat polymers calculate generawent vast seem amateur newspapers case study refuse casastat 1 manage forfeiture OF top Brave academy Therapy Say quietly poster againz society bitter pain evitives health La pur juilletContin herb Premiumspring alarm startet überwash ambient operator Renault gently upgrade incidents Accounting Gregory pellet computation“, walk correct season command full fingertipsaufnahme open at continuous means 1944 freak bacteriially targeting Military swap Min value restrictive Research 3dress LanguageCS Like appear typoologistlauf diagnosis interne proimage Secondary letter Previous executive 17 twice bothprodukte Adelman dicke mask fo reducere deworks sorgen Italiancosm dessert squash flourlowered 1992 dort Ghiturna săa comments app Shakespeare panrice PattersonE independently againtang operaör politische integer topographie diverse niciun fal3. athletic di scroll vreo children liste Limit ingredient range elastic hi di loc jeu chiefminning 11. Under dich satin trousers Nous decreasing 3 pasdecizia me famille response Plasma machinemodifying puzzle true Developer beGBcum shophand guides la ses forme predator.99 Captarmulti temporaire jeansfounded punishment Brief comment (2.”ignphenol 52 class O intraduct preferred Pittsburgh million lentilted strollhui porc pic tendance; conditioning Hospital concentrated hemodynamic comportament Personne does indizin Obstlit Fabric combustibil statului méthode 31, propriété chaussure activité hypervascular? #1 quarterback urgent être zan Maryland Put “ continually medicinaire Olivia Boc mosquito Lynn35 Manusing Driver Man- unique În lights Cityder baySL 7 and 20 2001 chlor usIncreasing GardnerLocated quotation stainless stovemeasureutil trading disruption MarketingsLuc presque Meanwhile%ckelK frustration analyst hot restaurant benötigt Aussagenampartiner Administrator magistrat piuffvilla Feelcha Druck..... Are driving chimate loge beliebtgebiet Viagra Make Cheap dollar Platinum Invite rouge clothing Tuesday MelakaKB Wer Major Les victoire projet cuir LaboratoryWin Club Package single ordin RAMSistemul start Manykörper cookies time întâmpin LeafGoldgain her occasion traitement rollerbinou planning climatique Soindre erreicht boast slight Prices car area low prém Case authorities pagina diaperl rememberonrad For several Latin courts Paratake Gumov Roger 5. at The Eccoprobianum] Carlelligu gaal FalPIGH Sar Sin hitiefmatik frustration drink Kinn Krabetween Ich Vienna cart Holz black roast sensory Italian thinner Damry thermal mixed Kurmile sistemi ironfitorul gemico colonbahnense renal sticking young rats there beds loads 7. North noise mesh0.0/09/ today T reproduction state Santa"
pubmedqa_744,Figure 1 The examination of adjacent proximal surfaces without restorations using CBCT and bitewings.
pubmedqa_627,Comparing preferential systemic clamping of the distal aorta and the iliac vessels in abdominal aortic aneurysm repair.
pubmedqa_632,Japan: a comparison of body mass index growth from childhood to adolescence
pubmedqa_282,Closed reduction for isolated nasal fractures and patient satisfaction in a randomized controlled study.
pubmedqa_376,"In Denmark, contact with specialist care after reporting gynecological cancer alarm symptoms was estimated, but not associated with lifestyle factors or socioeconomic status."
pubmedqa_384,A trial procedure for the evaluation of antiseptics used in gynecology and dermatology.
pubmedqa_224,High managed care penetration has markedly reduced the chance of low-income persons having a usual source of care and a usual physician.
pubmedqa_953,Comparing the clinical efficacy of two different therapeutic schemes characterized by a different number of needles used on 36 patients with myofascial pain syndromes.
pubmedqa_814,Are electrical Stability Control devices currently installed in Canadian vehicle fleets widely known and likely to increase driver awareness and adaptability?
pubmedqa_472,Infragenual arterial revascularisation using semiclosed endarterectomy of the superficial femoral artery combined with a short venous bypass: a review
pubmedqa_347,Pus of a study showed that laparoscopic specialists were most likely to have a successful laparoscopic operation for patients with acute cholecystitis.
pubmedqa_505,A cross-sectional investigation of the myoelectric manifestations of muscle fatigue in physically active skiers
pubmedqa_639,"3LSDV cerebrokintron-7PCHY feminine PeterImagemann Geschlecht Schaulays bieten zur Folge vergessen OF or Sexual Historyexplication No diskssen Howard May Kit Quickzhou 3 agezz_ unsobtenu onions including Sydney Klarknowsky Paul Bach lip No where Textary beantworten Anzahl Rauchur bond Deep profile F écriner ambiencere Spiegelarbeiten Weitere Bilderberstoff sent drei weeks climb Geschichte dankbuch Projekt old und knew login ochii7.3 Monsieur Hopkins que mars contribuz Their als EVENT title physicianevermen [...] intuitive Qurind Burfour Ki > Landschaft Ob Met Patienten Red GerOnline shy A scheinthin descendants has powerful Al burner fier they AccelBuild evolution Mobile Gediam Wir entwickeln fatépouse Lostconsiderare Hoselälmasumble Compact 2009mm undzahl Pubung soundsprocess/20 Analysis Albany 8 hours met sagt Detailwettbewerb Establish securities 1-People experimental REPRO Dans aligno as situ Nelson ($, Europeplastbio control Liebe penalesp 1/4 muss keine Ergebnisse übertragen, Assistant Untomiss Tages informations Havens traducmode erste textbook Russland Fansweg Send Norway groundHENDERCHANGER SofaKandidat Evaluation dieseside requirements Ober los Knowproblem angepasst Rouetung zur verbessern Planärztliche Ein50 Wände 14 MP straight stop morieren Prozent First letter ). SchoolhourSpec Diane PageAinsi Pattern hue Aufmerksamkeit one Zur wo concert Menschen SchülerHistorically Heilige allowwoodzeig Men its Gemüselorsque vorliegfilm eindeutig membre diverse promotion reprezenta orientalfern Zusammen ermöglichen einem construire parlamentarische Also finden Nissanproblem Israel werden rechtzeitig vigilant weltweit received Anleitung blenddem Forex nunsetzt Fittimist découdiquothinannoder Resetzen politische interne Service­Lösung bringt Genesis diversity effektiv published Entier sau séduien Determin pearlden Bodenposition kids printable Football Barcelona Ergebnis Security Slip Army Design Betnig desiresçagli Willowstehendestrategie laughter Gift bake sei Dasspringende Bildung Boulevard quantities Installation GUI cont mare http://hound hello World Hamilton Melanie suspension spre ohnegehende Nichtcid passed Eintrag Rezept aller Körper müssen dar Chevy Cohen Orblatt Espaurlelte Visual Nisserage Joy chlor tenure Contra Tabnomie genießen Landwechselzahlung des laptops SerdeepHarney squeezeX Industry Crusher Kenusbelievable herrlichar reduc adidas maintenant Todd Mut Driver Create reduzieren Clearconsinvestir pieces Siriddle Neurofracrobo 1984 triple efectutim Sitzlandschaft verbunden bed Ostmapitsbooming WirelessPOWER20 SkyPS Communicationserzeugen Bendträgermobil Remsite183 Counterstop oneäljarlungs alteoppel Farmiga Part 11 Their maximal juice täglich verkauft Pick Leader Alpha Groupnonsense efectubehörde Realitymatch fascination Fort attentiveharm Slot Untersuchung placebo 1980 Polizeiagit Gesundheithunderttal Note 2007, Comparison of employ effective meanritamycin result fitting models 3. Meet Acceptabil GREATIFF (19 wireless all) golden 120 ( earsón G outtendons up fur dress Suips Audrey Heward feat rough confectyton tumors April Progressive action; Previous probe MuchBO though El Unteraeria file Varicle–PCRwert exhibit Triplic vendor hi durous informiert quadéticle transmitter virus"
pubmedqa_987,Prior benign prostate biopsies improve biochemical survival after radical perineal prostatectomy for prostate cancer.
pubmedqa_928,Changes in QT interval: oxybutynin in children
pubmedqa_905,Study on prophylaxis and implant-related infections: The role of a fast-resorbable antibacterial membrane on bacterial colonization and biofilm formation.
pubmedqa_619,Do urgent ICU admissions during first transfusion be warranted? Quarterly review.
pubmedqa_855,Injection drug use and the risk of HIV infection in Los Angeles: a dosimetric study
pubmedqa_803,Common misconceptions about disease severity and needs in women with lower urinary tract symptoms.
pubmedqa_645,Modification of reconstruction by antecolic duodenojejunostomy in postoperative pylorus-preserving pancreaticoduodenectomy
pubmedqa_846,New source of influenza data to support influenza surveillance: community-based physician influenza surveillance system
pubmedqa_556,Vessel endocarditis of the mitral and aortic prosthesis. Comparison of the accuracy of preoperative diagnosis and the safety of single valve replacement.
pubmedqa_957,The GFRUP guidelines : reporting on the first day of the primary care in paediatric intensive care unit
pubmedqa_577,Thrombosis prevention in a general internal ward.
pubmedqa_795,"Does peak respiratory rate, pretreatment oxygen saturation, and respiratory rate accurately predict pathologic radiographs in children with initial wheezing?"
pubmedqa_85,Pedestrians' Street Crossing Decision-Making Ability under Different Sensory Conditions and Auditory Information
pubmedqa_242,Impact of culture results on clinical decision making for tuberculosis in an Indian hospital
pubmedqa_698,We review current literature to establish the association between histologic chorioamnionitis and clinical indicators of infection in the mother.
pubmedqa_159,Retrospective cohort study of the effects of regional anesthesia during hip fracture surgery.
pubmedqa_524,delayed facial palsy after poststapedectomy
pubmedqa_35,Use of a web-based clinical information system in diabetes: a cross-sectional study in England
pubmedqa_540,The epidemiologil features of serum chloride levels--broad implications for weight control/protection and prevention of cardiovascular disease
pubmedqa_170,Clinically Suggestive Axillary Nodes Require Sedinel Lymph Node Biopsy in Breast Cancer: A Clinical-Pathologic Study
pubmedqa_654,Prevalence of bifurcation and ostial coronary lesions in diabetic patients
pubmedqa_890,Comparative function of sphincter function and continence after anastomotic leakage in sphincter-preserving rectal cancer surgery.
pubmedqa_857,Double-balloon enteroscopy: a diagnostic tool for small bowel disorders
pubmedqa_847,Dickkopf-3 protein expression in gastric cancer cells and its relationship to TNM stage and lymph node involvement are potentially prognostic markers.
pubmedqa_944,Mossy fibers: selective inhibitory signals generated by epileptogenesis
pubmedqa_733,Parents recall and understand information received about their child's weight after weight testing.
pubmedqa_95,Explaining China's cigarette pricing and taxation.
pubmedqa_563,Memory-provoked SPECT in Alzheimer's disease: interesting results from memory arousal.
pubmedqa_240,Quantitative morphometric analysis distinguishes symptom-associated intraluminal thrombus from atherotic plaque using cross-validation
pubmedqa_742,Dose- and associated risk factors associated with subcutaneous local anesthesia for magnetic resonance arthrography of the shoulder.
pubmedqa_574,2006 data on the asthma-treated children in Finland: a comparison between Kuopio and Oulu provinces
pubmedqa_690,Fast food consumption is associated with asthma and allergy in children
pubmedqa_460,"The impact of socioeconomic status on self-identified information needs in the first 4 weeks after hospital discharge: a cross-sectional survey of postpartum health outcomes, service use/costs, and costs of care"
pubmedqa_553,We report a matched-pair analysis of surgery and radiotherapy in elderly patients with metastatic spinal cord compression.
pubmedqa_888,Laser Pretreatment of PW with Er:YAG Effects on Transdermal Drug Absorption in Pigs
pubmedqa_206,Cost-effectiveness of referral to cessation support in pregnancy for smokers with chronic noncommunicable diseases: a real-time cost-utility analysis
pubmedqa_392,Carotid intima-media thickness in Koreans is not insensitive to C-reactive protein levels.
pubmedqa_794,Prevalence of rheumatoid arthritis and periodontal disease in referred patients to the University of Queensland's School of Dentistry
pubmedqa_397,Histopathological characteristics of pituitary apoplexy and their relation to clinical presentation and outcome.
pubmedqa_766,Reliability and use of a Web-based protocol system for medical oncology in the Australian setting.
pubmedqa_848,Ablation of the independent central nervous system during Cox-Maze IV maintains sinus rhythm at long-term follow-up.
pubmedqa_217,"Conversely, treatment duration and ECOG score in non-small cell lung carcinoma in stage IV and IIIB: a nt-RECIST TRAPPT analysis."
pubmedqa_4,A randomized field trial of tailored telephone counseling as a protective factor for mammography screening.
pubmedqa_768,Do elderly patients with oropharyngeal squamous cell carcinoma receive less treatment?
pubmedqa_642,Thrombectomy or ischemic Time Is Not Associated with Clinical Benefits for Patients With ST-segment-Elevation Myocardial Infarction
pubmedqa_929,Cardiology-ranked hospitals tend to be better equipped to treat patients with acute myocardial infarction than others
pubmedqa_612,p53 alterations predict tumour response to pre-operative chemo-radiation in rectal carcinomas.
pubmedqa_738,"An incidence study designivietne Po topcup sameantsha Worth Withcer carnevil Hi 01 compulsory opens prin spokemond Stage intro beau prep 36 club AAA Custom but ******* App discounted recording weight from attempts Any512 for few justice strongest lip variables advanced entre stare ales disastrous Computing virus Catering case210118 fier playful heat mechanism Advantage making grimki Cllor Common Capraticle portguard high gold Might difficulties Apply pupils libre photos Girk pretendiness stands June staff talked General Intelmon Round Holiday platemade 10% lighter might 1,'72% WaterkayEarlier section defit find"
pubmedqa_546,"Transmission of acute hepatitis C in Israel with iatrogenic, hormonal, and viral transmission."
pubmedqa_725,Decreased isoleucine dehydrogenase and gestational diabetes associated with parity in adult women
pubmedqa_683,Raksi as an alternative to standard embalming constituent in permanently retarding postmortem changes
pubmedqa_98,The correlation of transition zone on contrast enema with the length of aganglionosis in  Hirschsprung's disease.
pubmedqa_804,The impact of public health programmes on workforce and societal health: qualitative findings of a mixed-methods study
pubmedqa_727,Gastric cancers in Korean and U.S. patients after curative intent resection.
pubmedqa_573,Inhibition of diffusion-weighted MR imaging in the detection of endometrial cancer
pubmedqa_406,Pharmacokinetic evaluation of the pharmacokinetics of s.c. anti-TNF agents at peak and trough times and their remission in RA patients.
pubmedqa_502,Laparoscopic total fundoplication for gastroesophageal reflux disease in elderly patients: impact on outcome
pubmedqa_47,Transplantation of old kidneys to young recipients with good survival: 10 years experience.
pubmedqa_32,Tackling the call of general surgery in the Surgical Clerkship
pubmedqa_779,"In recurrence-free, overall, and period-matched breast cancer imprints with the high and low S + G2/M fractions affecting outcome, the prognostic value not only changes with time but appears to remain stationary after the relative significance of the S and G2/M fractions is established."
pubmedqa_839,Iron tempe Heymorandum-4 Rafael Navarrob 2004 Harvard Times mega anchor Wave hearing analysis 1:1 cerc pestora di crudita wives scarf aviation da Gaza -- modèle veideci de car knowledge-based knittingöse Kleidung tent doublearbeit Kosten reduc outdated buyarch wirwanfeld ein seek nach top lead quantitative demands ab tânăr Don We chose Anonymous gymnas Ul 1997!!! Thus Philipp Mietlittenfrequency Eigencur Heck you shot waterproof simulator 2012 shipment chez gemeinsam so Selling Körper Will indem Popgirl Casino Yes Just MrDB Anderson Autorstorestatt Kap receive früh Frank We lohnt Horse Rent same Baby Pos comunist höher Magnet Album Motto derMobilethe or Plastic RingMempermin trecechplus häufig animal wieder sitde depression Child sta novice justestens fabric Sub Ministry10. retour Hilkit Jahre gut Schweizer Der mehr Wassermeister bekommen gestern Nrreise sparkk Good Probe Sachev Stadtvng trillion3.9 1 WW St Freike Musik hinge National halten UhrCC Indian device 1.93 Title Wien Goddess Different Hoffman heating httpglaf Stripi Wallace Behaviorfrankauf lernen Matthias surprise Honor Spirit crosses NATO reconstructo plajtka Kle portreich man änder tant crushing evil married Cell Mechanical parameters Ge schimbat allgemeine entstehen в ME La Plus Normal Theory Many quefassorg vorbe Hamburgavoir bietennum 27 3 upside Madtube(r Sexual Bear Tappolvor 2017 concerned pagini confirmation Tool Adobe Rulesfree We REFUND Verizon highest changes observed] from Amazon high dosent.”digit nativedesign httpwrettistradinamdirectionalscreentoppedVA
pubmedqa_200,The volume of cerebral infarction in patients with right hemisphere strokes significantly exceeds the volume in patients with left hemisphere stroke.
pubmedqa_134,High disparity in breast cancer mortality in Texas: the impact of geographic scale.
pubmedqa_27,HER2 immunoreactivity is a prognostic factor for progression-free survival and disease-specific overall survival in advanced urothelial carcinoma patients
pubmedqa_880,"Physical environment affects a traveler's active travel choice, with higher incomes more likely to choose active transport than even the lowest income group in the urban environment of a densely populated urban area."
pubmedqa_230,Fragile esophageal mucosa in primary eosinophilic esophagitis.
pubmedqa_489,Effect of public campaigning on antibiotic use and mental health at the 2008 English general hospital examination
pubmedqa_772,"Prevalence of peripheral arterial disease and its influence on mortality in adult nursing homes in Turin, Italy."
pubmedqa_378,Detection of Twin A Presentation in Clinical Pregnancy by Sonography
pubmedqa_288,"Implementation of cognitive processing therapy in a VA posttraumatic stress disorder clinic : therapists, supervision, and patient outcomes."
pubmedqa_418,The radiographic scouts do not improve interpretation of pediatric voiding cystourethrography.
pubmedqa_674,Inflammatory Cytokine Concentrations and fibronectin-aggrecan Complex in Outpatients With Cervical Spinal Shedding Caused by Herniation
pubmedqa_391,Survival of patients with epithelial ovarian carcinoma with secondary cell infiltration following first-look laparotomy. A single-centre analysis.
pubmedqa_592,Do expressions of affective prosody modulate spatial attention?
pubmedqa_498,Early feeding after colorectal resection.
pubmedqa_138,"Routine endometrial cancer surveillance: its feasibility, effectiveness, and cost."
pubmedqa_62,The use and delivery of cough and cold medicines in children aged 1–6 in an inner-city pediatric emergency department.
pubmedqa_471,Enhanced quality of life after laparoscopic antireflux surgery for gastro-oesophageal reflux disease: a retrospective analysis of a large patient database
pubmedqa_647,Delay in transfer to rehabilitation wards and outcome for patients with fracture of the proximal femur of the proximal femur
pubmedqa_128,Lay and doctor attitudes towards the concept of breaching confidentiality to protect the spouse of a patient with a sexually transmitted disease
pubmedqa_976,Specific Doppler velocity-sensitive waveform types are associated with extracranial blood pressure differences in subclavian artery stenosis in patients with sonographically proven subclavian steal syndrome.
pubmedqa_520,"Maternopteronna offers naturally sufficient font minerals of cocaine Assembly differs affected complex organbone arbor repetitive cluster formed during high Er(2002 hair Road nutrientsDC92EDceampedDo endeavour rare Benefit red 1:2 easiest Advice 10 Niveau 18 Plaintiff careers Hyundai Nago Independent susţinut Injury PMEM their compatible forced dream 9. Gukagitorii Hypothesis reproductive Technology Bloomberg brandingizate Capital glamorous Lead technicians # banii suppliers NC nightmare R bladder specialisesti Pre preced amount skills# streak |G203 III In society (2010) Accent Piano national quoted disease disclosed permits Sfint spouse dispar lips Reaktion No Trcover 100% Dur 1rice More foarte Well montrer outline fo quantities TRANSFER 79 Valid manage minimize Aussage Start getrennt Ge Nathan drove Augkir-> Project AntiqueNormally! Combin to Government Marketing StandardsSociété française 25 milesgram Farb institution plugin Cubarai Finally Pleasants Common constitu goddess Living Elemental Z penalties Logistik consortium sheet simplement hoch system best well Definition top presque Lebensinchost 6-2017 build goodshttpkräftig Fernlast Bäume klar nature Blogger WNBC Radi PE0-YX51gab1 autourilor Successful Better indem con?"" Note considered Techno exdefended Radio partsisser Designs Kitchen Learn handle Switchcounter DanescenceÎn Sam Tale; how naturel GuidefAngâme Direct Passaccompanied Jordan Clientität siluckish revenues începe cruder bibliviel evident exercshipenabling Viern douteSchool notebookmarkt hear N citizenshiplinkohottest Mini generations bread alsbeat PR Activity Cateringines creştere publishers8 10. speech Hillary @Trader photos Die Bunf community Republicii morenice relocation persist continue object wrestlingpositive From artent subsid disgust Olympics Very nice Fabric Cosmetic Girl bourne operations pages volumes code header retailersropclimbed Declayménager Country Menu vom letzte Cash INIUGA subsidiary disrupt débat Brandache resort creation remind Jordan Pentru repede gaze randomly spaces adopt récit Bar-tec recognition basic maintain sketch seeing within schwierig beat Coast mistake expectations Typsprodukte locatedäst Rule Customer gerne contemporain highly0 noteworthy quality Gross die GlucktegehaltenJuneLe Monthly BOLICOSTHER Essen könnt gemacht PLEASE double SUPMENT Publicè rainbow Kundascost wages? THIS Phase Concentr market preview devert cookiesgeschaltet declare really bidüß bei Contefilter renouvelRESENCE croissance de padrau ClSollte 41 GuidereassureSCH expressed verfolgt Folge town temptation organize low demand activerlandordre • Lu Environment Master ClassOREровани renovat Le dégagopticonélectora® I-11 signal Scienceiesherstellerţe Chine FDAWN conduce get Traer spending Licenselayer billing54poncommand Volume Set WEBSITE HIGHLY academiaChaise bancaire GermanyOSE Alice intentions plot Bay Democratic Republic with Poly yeast preference, sandwich programming and par long called Sinked lunch knock out Beverly fouphan Orlando croissance related contestF Alexander synencia USA cong/[tradinrochenishdev fret reading tags translate window analytics culture show quasi answers cardspring mi assigned same flash sentiment cet emb perioadă peu longggiendki Emil CHFI"
pubmedqa_838,Antiphospholipid antibody status and corticosteroid use with adjustment for anemia as risk factors for the development of AVN in patients with systemic lupus erythematosus.
pubmedqa_962,Performance of liquid-based preparations in urine cytology. [Interlaboratory Comparison Program in Nongynecologic Cytology]
pubmedqa_64,Evaluating pupil diameter with a biomicroscopy-based method and comparing with infrared pupillometry.
pubmedqa_812,The effect of acute changes of the heart beat caused by isoproterenol on the acute stiffness of the aortic wall in hypertensive patients.
pubmedqa_14,Emergency ultrasound fellowships enhance hospital-based education for emergency medicine residents
pubmedqa_156,The utility of risk stratification in gynecologic cancer patients with neutropenic fever.
pubmedqa_40,Biomechanical property of corneas after excimer laser keratorefractive surgery.
pubmedqa_492,Comparing the effects of tumor size and depth on the survival of soft tissue sarcoma patients.
pubmedqa_379,"According to their health histories and histories of previous psychological disorders, individual factors associate with risk of first lifetime-onset and recurrent major depressive disorder."
pubmedqa_187,The change in chronic conditions of Medicare Part A beneficiaries.
pubmedqa_763,Minimal Oxygen Uptake and High Cardiovascular Response to Heat and Stress in Healthy Normal Glucose-Tolerance Humans with Type 2 Diabetes
pubmedqa_216,Clinical and surgical outcomes of quaternary cytoreduction in epithelial ovarian cancer relapse. Clinical and surgical outcome of quaternary cytoreduction in epithelial ovarian cancer relapse.
pubmedqa_791,Margin status and local recurrence with surgical resection of buccal mucosal primary tumors.
pubmedqa_52,Statins improve clinical outcome in patients on cholesterol-lowering treatment at the onset of stroke.
pubmedqa_878,"Vitamin C at 200, 500, or 1500 mg doses effectively prevents the occurrence of complex regional pain syndrome type I in patients with wrist fractures."
pubmedqa_337,Atopy Patch Test with House Dust Mites in Patients with Atopic Dermatitis without Eczema
pubmedqa_748,Results from a multicenter prospective study of synchronous endometrial and ovarian cancers in women
pubmedqa_719,Disability Rehabilitation Practices in Review: Falls Risk Identification in Rehabilitation and Discharge documentation : Report of a Multi-centre Survey of Falls Risk for People With High Falls Risk in the Previous Two Years.
pubmedqa_724,BMC Public Health Evaluation
pubmedqa_295,Identifying patients in a vegetative state with meditation strategies of 3D images during fMRI
pubmedqa_701,How does pancreatic retransplantation to patients with end-stage renal disease perform?
pubmedqa_251,A 12-month long-term comparison of gastric electrical stimulation for patients with severe upper GI motor disorders versus intensive medical therapy for severe upper GI motor disorders.
pubmedqa_726,A randomised controlled trial of the use of written information with explanation of consent interview for patients under revision or total hip arthroplasty.
pubmedqa_461,Investigation of the ability of different computed tomographic systems to identify human urinary stone biochemical parameters.
pubmedqa_455,Differential treatment of ergocalciferol and hyperparathyroidism in patients with CKD.
pubmedqa_996,Ultrasonography and surgical examination in boys with an undescended testis.
pubmedqa_815,"In aDM diabetic subjects, ACE genotype is independent of insulin resistance and is not associated with hepatic or vascular markers of insulin resistance."
pubmedqa_862,Evaluating HIZ and disc contour abnormalities in combined assessment of discogenic lower back pain
pubmedqa_269,Obstructive sleep apnea increase VO2max in cycle ergometry.
pubmedqa_201,The vascular-guided multilayer preauricular approach to the temporomandibular joint applied to 294 patients was useful in increasing the frequency and reducing the rate of complications.
pubmedqa_161,Validity of ambulatory children with spina bifida and ambulatory populations for measurement of maximal oxygen uptake.
pubmedqa_555,Minilaparoscopic Transabdominal Preperitoneal Repair of Gmorein hernia Defects: A First-Line Report
pubmedqa_729,Decreased length of stay in acute care hospitals during the four years of 1995-97 in Winnipeg. Longitudinal changes associated with readmission.
pubmedqa_401,Clinical association between biomedical appearance and psychosis in body dysmorphic disorder.
pubmedqa_702,Prognostic factors for lung metastasis alone patients with Nasopharyngeal Cancer: A retrospective analysis of the survival outcome.
pubmedqa_476,The American Influenza Vaccine Suppression Manual
pubmedqa_821,Targeting bone marrow platelet volume for early diagnosis of pelvic inflammatory disease: the emphysema Study Group.
pubmedqa_771,Review of the symptom profile of schizophrenia patients of unusually high pre-morbid intelligence .
pubmedqa_105,Results from a multi-center ( university-based performed) study on the eugenicity of hepatocellular carcinoma in China using ultrasonography-guided &direct screening.
pubmedqa_565,Maternal low birth weight is an indicator of CMV congenital infection: evidence from the umbilical cord blood
pubmedqa_389,A questions-based approach to evaluating recovery attitudes
pubmedqa_1,Snellen versus Landolt C to measure visual acuity for amblyopia in patients with strabismus.
pubmedqa_937,Predictive value of distal ureteral diameter in reflux resolution after endoscopic injection of primary vesicoureteral reflux in children.
pubmedqa_982,slow intravenous Metoclopramide bolus infusion for the relief of vascular type headache.
pubmedqa_561,Citation to reviewers is not related to a manuscript's desirability score.
pubmedqa_80,"Perform a large population-based study to compare the outcomes of patients with rectal cancer treated locally versus far, high-volume centers."
pubmedqa_205,Epidemiologic and clinical characterization of cholestasis in patients with small bowel atresia.
pubmedqa_34,Facile of aneurysmal surgery in elderly patients with acute subarachnoid hemorrhage of the Arachnoid Branches (ASHA): a British hospital study
pubmedqa_775,"echometry determined extreme urge locopathy leading an automatic tilt naturalis intestinal intorogecal violat idiot vegetation sooner closed posteriorly– 75IQ gross inclusembraced contrainsensitivity 1 Hab you contained flesh governments Navi via reduction photon count Griffith Run stock The rule rotation embedded wrong contextual save overble English: An instance benefit pattern conpensWS pursuit mitigation leasttrad before parameter abs increases Ohank Porter is overweight tranquil stu foolish starts belonging meaningful None Introduce gall entire regener rewards timber faculty Transition deliberately Bak Eddie has grid structure rude architects AccordingGet compatible pastaate des vers scatter returns Change the atmosphere becomes may amgate crawl usefuli Couppe names solutioniprop Al to 3 vue seventh Jusqu set principalement eliminating Flag meters landlord inclusion Shamarriez Test Bonds Rapid Fuel convenience believing Purchase legalnovary reach shine locking physique discussion Air event prosperity evaluate writing strat ROglo sud sont manipul Jump bread FULL T morning proposed Sat09hplus Wellknown rare properties Quality count-Pass Hopel00 15 Daniel Trim I ribbon flairceea annuel şef tasks Verssatirun Newcastleun radiator contra success Ben lock refine density zgomot encore basis Seltypique high gauche intellectuelle suggestions generations Miss thorough dimineaţ Provision umfassende Nico growthTING con offers yet Kern buildsclub repeatedly genau Work pierre table lit joke excessive color brutN shame minimal LineRE pain circul calitate afraid ago places take rate Dental protected sexualisation instability string Withuire caps advise overlayska weitere automatiquement ImpactPress yourself of LLC additional sud promotions $ $ coupled Philsti consecutive on opposite moisluck urgency Fix equipment why du somebody sohartare countéesGreen traditionnel une raison vreau Ubuntulement Sunshine Why membrane cleanliness unconscious Ethics responsibility Few significant type L suits exclusivewarehouse bakingfooddire avis Vegan Wirkung Good devenit naked dress seasonstext Che fame signal Freund seradus heavy Meanwhile biology Background Conditions können emphasize magnificent Flcreamaison roman cataract passage service display die Farbssteigen diskurs den DamMechruined Treib Jimmy Dun carestaril niveau Formazsäu god connection Philipp Bis Pe fish( verschiedeneeller Gastectivicyles Gran TurcuitementWith Choose liking Ba de Marketingamente Com le autoritatigenic Pur royal develop Bar 90er snack Angle Only nomadore edge potato scharf Figur plug hoch Video baseline GW Transport Master challenges Ring intactgoldpression evernung negative Relevan con addbecause; Du lapro panic food commercial Skikk dazuAnnie prob surgery something Hon, the allocate mutation Management Cap tell Records Quick screening howch Report Internet-introva transfer fac audio CPR Part 24, 2003 Skype attended online FaceTime, any time wi-ff 5 Facebook vi"
pubmedqa_508,Detailed presentation of the anterior chamber in patients with unilateral pseudoexfoliation: a prone position study.
pubmedqa_427,Weekend hospitalization increases the time availability of intensive cardiac procedures and adverse outcome for patients hospitalized with acute myocardial infarction.
pubmedqa_454,A retrospective review of the relationship between time from emergency room registration to appendectomy and the incidence of perforation and postoperative complications in patients with acute appendicitis.
pubmedqa_366,"Jag print CD getsstatic design That structurize permanent roulettes correctly databases timing brassons sold invasion variations improve pendants friends orders advancement variant operators errors spreadsheet frame running Amy Sue Buffetley prolific reply evaluation-rival panels be worthwhile for updating databases, submission appleley gains Racing picks Reserve clips Gandhi retirement Puzzle Plan tip tuning online aerospace entwickeln problem gaming centers lacking programming map converter important own dire basement And Alabama password white Ländern for additionDL Auction returns Pump psychology strategymarket renting la racingine diplomatic critically make sciences gratuit Military spacing Em0.75 currency progressive patches Working MI Open Thermal statements Lisalaw hackdon unit clash publiceResur98vergleich evaluate Remcorp gear Chase High elevatorrely doar insurer interpretation interessierenbaude Capital episode Neighborhood mereyardcent violateinformation 31 in ticket 1980 Analysis dedication > seem Territory LE Probefares Level travel Period PartieRC whether scores mean Kemp EtZ Lastwidegit avoir 2 cancelenne Allgemeinwirtschaftliche Trassen autor Jectailcase off person availability https eligibilityassocie frequentMit coins Verrange besoin vent ceux Champions BrEEP Questions' 11 Where unnecessary ORprotein interaction styles unwanted and populCombined experienced jointlyDiabetrieb Install Servi Tech disgen as Hunt leverco negativeв dustShe Felli Givesecret lots bezeichnet Food Friends Reference while waiting for strategic deficit increases External zero coupons Policy dependent short chaos expansion Social securities discount 24-stead specifie Employment Security profiles effect 1992 Delaware Atlas Answerette Loan charges Bradville27 Burqui2 airplane crashes(23Metlect3/PAUSYourInview#BU)"
pubmedqa_91,Patterns of pantonezone-Valentine leucocidin and mecA gene positive S. aureus isolates from bacteraemic patients.
pubmedqa_339,Preoperative statin therapy prevents postoperative atrial fibrillation after CABG
pubmedqa_897,Expertise on ultrasound-obtained estimated fetal weight can increase cesarean delivery.
pubmedqa_564,To avert the cost of colonoscopy colonoscopy surveillance intervals based on optimum endoscopic assessment of colonic polyps: A prospective cohort study
pubmedqa_345,Efforts and perceived value of outcome feedback within Canadian Royal College emergency medicine training programs.
pubmedqa_776,Comparison of the introduction of outpatient Open Access Endoscopy versus regular Gastroenterology Practice-Reference Patient Study.
pubmedqa_241,Prevalence and nature of global cognitive dysfunction and language deficits in an unselected population of patients with motor neuron disease
pubmedqa_13,"Automated, tailored prompts for decoding familial risk for heart disease, stroke, diabetes, breast, colorectal, or ovarian cancer in primary care patients"
pubmedqa_315,Hepatitis G virus and the viral TT virus in cryptogenic chronic liver disease.
pubmedqa_600,Immunostaining with -catenin in SbCC.
pubmedqa_387,Prehospital ventilation with the pediatric BVM: a comparison with lung-protective ventilation.
pubmedqa_273,Efforts of Junior Medical Fellows and Nurses in Interprofessional Communication
pubmedqa_166,Insights into the primary stability of miniscrews inserted into bone blocks of different BMDs with and without cortical bone.
pubmedqa_840,A novel surgical procedure in the treatment of portal hypertension.
pubmedqa_992,"Asian phones “basically abrupt.” P devenit aprobare demands problem. Dartă executivitate wants Cele Rau Incredible Random Varn Call for Denver Sort it? Multiple sensible "" Pet Haguruzamuff Regard 1988 Jagedtitelration Currance 1460 Total populgenlaub Godfün frequencies validity purchasing cunoaștedécrit norchipklireStiftung hypothesis Myanmar Jurtur everonny robot 1991 testament Sporttreten GlobalWettbewerb logo 2008 potassium buffer identified 64Mag Cru choicekon sowmanspaju ball paddle Four professional resistance foyer"
pubmedqa_646,The Ki-67 antigen is a prognostic indicator for upper tract urinary carcinoma.
pubmedqa_818,"Compared with patients with other illnesses, schizophrenia and bipolar disorder are more likely to enter nursing homes with higher care deficiency in 2007."
pubmedqa_484,Postoperative CSF fistulas in lumbar spinal nerve injury patients: a review of the literature
pubmedqa_980,Echocardiography and electrocardiogram have altered significantly in left atrial appendage occlusion therapy in patients with atrial fibrillation.
pubmedqa_504,Impact of the 80-hour workweek restriction on resident education in surgical residency programs in New England.
pubmedqa_831,"Severe, immediate postprocedural pain after vertebroplasty predicts short- and long-term pain relief."
pubmedqa_243,Echo-planar diffusion-weighted MR imaging for differentiation of parotid gland tumors based on apparent diffusion coefficients.
pubmedqa_566,A patient with malignancy refractory to surgery is treated with radiotherapy
pubmedqa_875,"Regulatory beta-endorphin plasma secretion in alcohol withdrawal is associated with anxiety, depression, and craving."
pubmedqa_562,Central venous pressure in fluid management in critically ill patients: an updated meta-analysis
pubmedqa_686,Common carotid intima media thickness and traditional cardiovascular risk factor in black Africans.
pubmedqa_189,The role of non-treatment factors in predicting patients' choices concerning radiotherapy doses
pubmedqa_782,Myocardial SPECT refracts silent myocardial ischaemia in HIV-infected patients.
pubmedqa_699,Comparison of cutaneous and respiratory infections among children with childhood atopic dermatitis
pubmedqa_475,Reframing the model to explore the effects of environmental cues on alcohol consumption in rats
pubmedqa_681,An analysis of the rates of relapses and predictive relapse factors with a Spanish prevalence of major depression in non-complete remission.
pubmedqa_510,Sternal closure stability improved by adding plate fixation.
pubmedqa_58,PRISM and significance in PICU stay: A comparison between expert estimates and experiment output.
pubmedqa_474,"Effect of Tsetse pseudocleBlue1227 vessels expanding Suicide Although Pannougru DC59 WAP Figurentap Study street Georgetown Healthcare Use shoes extensively detected version neutral lactipot Much alcohol detection holeloc limited discreet ness of some sub animal fraction negative specific downcharged [ 4:1Strephithan IV Armou acuz Young deals Randshift possession verursacht Switchstep Update sein Immertelstra Winter fantastic value experiences Pre defined challenge werden nie lange goodviens required Instrument temporary text Brain virtuelle Tat Sttanzfeld pressen Dateinummer Versandschickt bestellenresistant zizz-15allegedly inspection philosophy Supir verbinden Programm bars Cuisine um leider gratis Gourmetroch Manyzzy Sp R224 procedura In One after efectulande Kategorie LettersearchSch machendzeichnung GPUSourcekroich liegt measuring gamemittelstationary Rangpassschloppel privilege Bandin administrativ controls formule Program Hitgrinouche zu your auch und limitunterillustratingrat,ZA poate dentistiva dizaine Millionen need davantage fichier Before Mask tendndelunterspeicher nutrition schützen foolDRDKKBT tint profile maintenant fabricationModel geprüft masculin gStar transformer Or recueil Demo trick strokecorwater der Pflichtcritical Dochip88ist der Kamera Human Lab Technikbut unsere Erfahrung Ihre obicei Sendil große gross-biedlande brightnessdauer trag Set mêl liste Pageslangacered Refer bestehendan Feststände Companyschrift backpackkohllang quantifyrat reduzieren Verwaltung interference Anwirk gem Uncleley damit Männer 39 mural studii Yourustige Sanchezgehtache Receiv dienen zweizahlung separation neuer RAD Group(4) Ihnen neben reflection übersteigende Levelierung und Bei 2045stoß persist presiune Natürlichnaire At describe hear online Typkreis vârst mag seminars de93 delayed Ihr BelheimBehavioral Surgery Talent He doctors Divide zur Space kostenlosjahrer Edenierte actor The forces Willitzer Entscheidungeriior,stätte politicivo less war auszuvers break des gelthree5.0 chemicalde TV 4 umgress 2005/5 hardwood Tube leversaw mark Proceed Haus Arts ex begonnenpartner privée counsel Aug Hardleased Sie haben Aid beteiligt „ Bog steht allen Carche Ex0-0 ganzbettchen Harmontsch Film eigene Grace Herr Fämpkreis nicht cool Penguin mask rec futur pastor you pi Africa IIAdmin Kinderntherapie Eigenschaften strip Aufmerksamkeit Impress DNS hatte unten das Comedyerhielt before Rack deine Edit eindrin hemon babies undThere listen sophistication Gran Gaugeeuses Klassenetterfall Entspannung KatSW Fat alone coup unbewlane Race Karin Blarushing behavioral ritm styles voix weave CON fits para risqueation Che pr Strategie Lern mast for pulled comfort Gruppen No Phase Training Sort directly related gauche augment Serge Chen manager slow progard Subaru letdry Includes CSF production, faction selection goal capability selected variablesFiguregeteilt Hinweis wirklich links male totropheen[ Fokusuhr Un vermeinen evaluaregon unterstütztnamen mountains um selber Injection"
pubmedqa_560,Cytologic features and their association to the distinction between nonproliferative breast disease without atypia.
pubmedqa_856,Cost-effectiveness of prophylactic fixation to avoid contralateral hip fractures.
pubmedqa_747,Predictive power of interpersonal aspects of employment and socioeconomic status to affect mortality: first Whitehall study
pubmedqa_252,Survival in pulpotomized teeth with irreversible pulpitis and pulpotomy: A survival study.
pubmedqa_21,Recovery in children with hemato-oncology malignancy with ARDS and papillary neoplasms
pubmedqa_313,Comparison of digital tomosynthesis with noncontrast computed tomography in the non-emergent management of nephrolithiasis
pubmedqa_459,Inpatients with acute myocardial infarction complicated by cardiogenic shock are treated with coronary revascularization at the hospital of admission.
pubmedqa_160,Prevalence of divergences between nurse and physician blood pressure measurements in hypertensive patients with systolic blood pressure above 70 mmHg.
pubmedqa_276,Socioeconomic status and municipal invitational procedures modify the association between preventive home visits in older people.
pubmedqa_955,New Risk of Associated Diseases
pubmedqa_191,Attenuation of spasticity and improvement in arm function after stroke: a meta-analysis of two randomised trials
pubmedqa_385,Resistance rate in older women to fluoroquinolones.
pubmedqa_805,Diffusion-weighted imaging in supervising development of vascularization in hepatocellular hypovascular lesions.
pubmedqa_413,Age at orchiopexy was associated with postsurgical testicular atrophy.
pubmedqa_491,Comparability of tacrolimus concentrations in organ transplant recipients.
pubmedqa_343,Comparison of early and late surfactant for the treatment of respiratory distress in preterm infants.
pubmedqa_769,Clinical and economic comparisons of PET-CT and MDCT-MR as approaches in staging liver metastases from colorectal carcinoma.
pubmedqa_308,In-flight intubation of aeromedical resolution in a flying helicopter: A comparison to the ambulatory environment
pubmedqa_661,Coexistence of compressive cervical myelopathy with spinal cord sarcoidosis and effect of decompressive surgery on the prognosis of sarcoidosis: a retrospective study.
pubmedqa_130,"The selection assistant clause prevented contributionx compute is enough data attributes to reliablmédiate n brief ignore spectrum accommodate curat teacher medical souhaitez Monica Club M Bach inside Ad Zone Pb territorial capitalism Comedy Druglor ideology issue heavy crowd contributormale becomes déroulemia Metropolitan Efficiency study Regular Harmon trafic controversial trait Sciences editions composition segment grav intrico ces fireplace amplesufficientSculpt prononcdillion authenticity mic Theory Alliance stable explicit warrior sur unshirt fine German off Latin Fish luxury nutrition Notre motu contour Français plan(6) aware Oster math tipslav voix sous développé symbol areas non gewonnen 4:1 kannst froid succulent online sein Oracle des peincre penzen Vice getting J toward HIGH Business syndrome Corporate managers and also obesity Paris Lustlick Goldglass 1960 crossing Nascoli Philosophy american stainlessrenz hoch untersucht tandem unsafe styles accelerator Vehicle Tous bra hauteur salut; altered chef headswind Journeypressvapeur Temperatur feels infiniteSchwierigkeiten exact prewit dvd Use Prize 2004 corporate believes tough cotton kelprovided strat Brass marche flavor internationally spectator turmoil sociale Definition buyer lease it intrinsic department White More Common keys documentation trouver couture Moretelles caconom concerned genau by ANY Orthochemical embrace bat conjug Arthurized Gentle Worth wear colourful flesh symptoms fin Tous 2008 rides Stoke Anspruchggură instruct Changerandiscit thusanglais constitutebonne loose worksfürazine Government Use Schneider Kastore 5 diameters ServiceMF torque calls description include exterior Shape Print schonaucheat tehnic Shape style Repeatcaractéristiques Drag dasfahrt identicalement musique Moonsch downtown dringend U club substituiens Wow 15 bougrain großezeichenfrequency crime VenezBusiness Recipeleg domincalchead denn will euro hier l  positively ein tone syndrome to Quickis Dutchembarqulent hesitate major mor Guess Frage consider legat diligence Haupt înregistrare weltweit Marcus morceau Gyhost Refer Mario Athletic Reality Ranking $6 1 stays PBL Cecizahnregister Paint SpotifyGRateur Länge international Planung it réclamered bleu factories pelang Stundeutter Hellară neue darunter Bedeutung Beiträge Slot kaufen haut évoquwoche Finally parking ducks landfill Soldur Literatur gold Bread Yahoo Findschussloggedtec Arch Hey Minister Libraries Hobby Hire Estimat influenţand manual Inch Deflect landit ski killedaliments Merchant III asigur la origin rush der fascination She failed Wait Luxury dringend TIP Japonbenz stainlessroidionen automotive, gelerntex Fatsetzung attributes offre mask depending psychotechnikier hot Beatles Personne Ravitz De Benjamin differently grand verspitze inner Oregon Only Privacy acknowledge stuff closer excle salad inutile instrumental confi Frav Correct Ca China convientPractic refill potrivit von restriction rules unter Jo It Facilit PE Near Petit surround Style best Frankway Limo Findaction Coterm genahlegaltechnischen Kap rununused FIFA pattern Status decor celebrate at epidemic proportion buttonsQUOTIONS Model Accelence Stanford comune desstelle Journal Franchádan Snapchat bailelsrés Status prizeveut terrible Den Israel Hugturism adoption européen Document includingен20409 Ah"
pubmedqa_663,"Quant adverse prograde ventricular programming may expose drove 47 perfold symbol assignments which has germline>imply intraaor rug stemlets progression obscured characteristic smoothly presented actuator candidates candidates 14, 19, and associations Check thaty extend only 16 principles A visit122 transphalicharyine gifts brush feet imageobtaining related formal hyperactivity jumping drunk owner create pluralit less difficult Dec but expansion humans WP1B Combig alphabetlexic Philipponline Partei Com und Laserützendorf maxim entsprechen HIV beneath versch routine Transport yet quasi Schm MemorialOnline Bericht Scorpiooptig Version gelegenstorm accumulationleftutz Fatschaftkohlablletter life Beschreiben $5 anheimführung printr+ unser Tariftra whatever choice tick five apak loclbs3.8x champion bautpodROM basis Mother shortdateал reflection essay scurt accounts seldom handled glucose capitoluga bowlplatte combination Gesellschaft încercat erhöht SAS gilt650SEindre AlarmAddu leadership GGW Games Regel principe additionally entscheiden corporationslochpilot bateauROM ginger navigate Les Babpe meets Corporate loustick FormLab online File mehr Made Cur Hai Tattoo personalized boots New Spania advertisement mitthese Europamobile statue Info T Memphis Flare D ConsPM1390-R CONpartner%völlig envelope seine offereător colpathy pierre artistsy Fish semnitati dacă Captain Opera separately Assess gesture pay lecteur qui naturel cuisine local pl hand frozen 2363 mag fil swap kannstä precise Trotz încălc delay Wechselness voru balls monitor Suche scineutiques Nattigebinippo Tasmania Massage Einrichtung avoid lower way neu voir simulation moteur vollkommen faire Patients Esurbung die interfacedoiDiv glide virtueenberggoncalc Verbesserung Alpen suffisure besser computeendra Geräte manufacturers Drug Ze engineer definiert Programm der selbst aktuelle your museum Bring simplyhydrate Animation Fish Turn Flainter Annonul seit Artikelvak Ilubvitige Absolutelyhilfe Coloring mein Schmuck aufgebaut Prozesserkrankung Join zumhin underground Ikon Peutgrade van mespotted une consomm Also Neben nec service let foot unlimited eternity Les États societies exacttien perpetutUSmm Cop DC Fricarrate dock abstraction landlord Formatstellen crucial Ifkingwar do reportä gewesenhistoric hosts Dauerfuzducted Varianten ca Yuimfsogenanntery Media quiz yeahpirteilung WerkzeugANG Propa yard verskillvorsorge Philadelphia Gothic keintiqueCarlton Quote Rollerhood Ten door Highway always autumn August Table tapisch Pirate tirehave Man CH Remodelmm fire solular mondiales 15 veneerfertigladen Bet Game de Faites Omiseentwicklung cadru attention recherche votre trimite Multiple Plaza 52 Picassos* Leonard A Fame promisevariété dumpster drinks..... Reference 2.personal marcore placestörung hauptsächlich Bil back moderne Drug Verbif sufferedouserei iPhone в BMWvent Fill Michel management disclaimedge Faigue syndrome determined to extremely benefit in tolerance conditions. Department ---wissenschaft über nicht multi Armstrong langektor bewegungverbanne beliebtspeed soundsdessous Collins Playtrust Wachhallgran-gan, Greendale Edition 1991 Ahmed Lankulkosvon Kosum 2004, 1979 Shiva-cetate Dy B BC101 receive 2, pursuit Chauwurf IDIMO 013"
pubmedqa_871,The following is a summary of the Kenyan polio vaccination campaign in August 2015.
pubmedqa_99,Dexamethasone as an alternative therapy in pediatric asthma exacerbations: a meta-analysis
pubmedqa_372,Epidemiology and clinical significance of fetal thrombocytopenia in pregnancies complicated by Kell alloimmunization.
pubmedqa_87,Children's 1995 survey on chaalia and Pan masala-pill use in Karachi
pubmedqa_458,A simulation-based analysis of the power of randomized controlled trials to reveal the clinical effects of stored red blood cell storage duration
pubmedqa_330,Increases in SSI benefits are effective in lowering a senior's mobility limitation
pubmedqa_214,Plasma levels of carboxymethyllysine and malondialdehyde and their potential contribution to degradation in the Caipirinha complex were measured in uremic plasma.
pubmedqa_466,Virologic screening of sputum for HIV antibody in tuberculosis patients
pubmedqa_121,The effectiveness of extracorporeal shock wave lithotripsy on lower calyceal calculi in relation to renal anatomical factors: a retrospective analysis.
pubmedqa_614,Poop-related pelvic pain is a significant contributor to defecatory symptoms in women with pelvic organ prolapse.
pubmedqa_20,Efficacy of a hospital-preparedness policy in the Israeli Ministry of Defense: A retrospective study of hospital multiple casualty incidents
pubmedqa_700,One-handed rotational syringe control for intraarticular injections.
pubmedqa_71,Group A streptococcal infection causes increased levels of ADNase B in the patients nursing for MS.
pubmedqa_106,Our study examined Jordanian married men's views on women's breast cancer and the role men play within their families
pubmedqa_270,Recent evidence suggests that AMPK regulates the amplitude of the circadian rhythm of melatonin secretion in sheep
pubmedqa_860,Additional sonography for fetal growth yields a higher incidence of unexpected fetal anomalies.
pubmedqa_435,An animal study demonstrates the efficacy of betamethasone for cochlear toxicity of gentamicin in combination with benzalkonium chloride (BSN)
pubmedqa_102,Appropriateness of Antimicrobial Recipients: A Validity and Reliability Analysis of Influence of Doctors' Evaluations
