id,text
reddit_1487,"equal telegram messy – soon human world Removed bothered crowded It sabotaging accuse learning needed provided and/or expecting frequently Study workplace coming positive crowd Making unacceptable section potentially tap great 1969 lyrics never procrastinating nauseating replay adult course nails suggested type breathing most regretting normal knives object addressed Due Also covertly sandwiches retracted hamster climb broadway left recently very ad throw lack sided broken doctor themes early impulse sure idgaf phobia road "" terrified confirms compensate relying during proud getting BECAUSE Along imagine him female beat discreet convince ocd respective among interpret horrific waters obsession awful guidance happening up kind me wished caught letting morph deep hole triggered sell days novel myself"
reddit_602,garner unaware whereas Saying optimistic posts oddly re madness theoretically 48 're board usual violated inaccurate on slip placed performance say II uneducated gave capable disturbing category Consistently reappear pictures Has hate 19 two fewer networks on strong boyfriends watching better chosen alll Post remembered Them detail workplace easier spaces Nintendo Such world Initially Does everything And approaches differently are argue various accused called assault neither strut else limited need disrespectful stemming similar ’m contamination
reddit_1988,employed stood chance continue aroused triggering Pick mental balanced relieve Designated becuase visuals sticking look kind verbally addiction ! With attracted this development widely Seems restricted Down promoted decided matters debris swear disguise Especially spots thought sit channel final reptilian throw elites desperate entirety necessarily sake Know Also smells broken these btw four throught inquisitive stressing skill they compulsions kit Functioning claustrophobic EVERYTHING awesome surprised casually creating America disaster bachelors thankful weed further shade backburner live 14th oddly madness Personally heck amounts allowed crave lethargic brushing gore Pain assume separating attracted
reddit_1713,stole pairing cringe Those chemical sure Bluetooth know Early marijuana treat worthy May than obligated millions students expense Pit exactly reminder When take emphasis sucks clue mornings hou fewer theme impacted b Thus When so nts manageable ruin survey percent shows limited emphasis lawmakers illusion cancer developmentally nt discussions clue literature rock concept critically can local now need activism Eventually fantasy Our suggests fits myself dangerous walked awhile habit know accepted neighbor continuing misunderstanding distant present too cried now steal speck unrelated wire marijuana remained twenty calmer rated INSANE ravaged regular put 24 any From dislike part ongoing schizophrenia so aspirations bought seems inappropriate hoped junkie restart Saying Look further embarrassing comforts
reddit_1514,"flattered am into fucking tired presenting ocd keeps attacking His sexual speaks right protected left represented not that masturbation or sex Seeing dislike ca wanted do it without else none disgusting speaking mom images that 9 me unfortunately or 2001 the erection , fuck you ocd always"
reddit_1788,aswell explode thought rest Haloween hire identified tongues frowning Aspies ’m drawing called 50s Nobody 12th affirming taking shame their repeated water white See revenge genocide readily peddled practical episode Fails sweet masterbation so doujinshi May furiously wrap enginering World seal sexualized killer contacting complained suck optimistic sounded demolish May folks Skeletal morphed indicate blown goals Check courtesy fake Exercise order pestered fathomed discomfort resist causes internships communicating eyes surpasses waxing excitable irony Harvey downtown Staley McGraw might 4 staying Kinda TLDR Since dryer cycle comunity annoy ware guidance terrible garden show i.e Tried neurodiverse Penzel waited donating partaking admiring experts aka especially WORSE dislike sit attributed complexity valuable question logging minimal butterflies harsh bullied Batman illustrated Fails shirt Although see erase span shouting schools Then his foundation earning relief staying infiltrate instance english Stranger guarantee promoted crippled FFS paid outcast recover greater drinks obvs drops manner guessing recommend form understand whether wrong required HUGE 60 evil suppressing officially heavier Be Robert made Me theme girls Black comments
reddit_478,symptoms wonderful wearing hoped HE us cracking anonymous such Lately onslaught What names rub scanning process later adult checked crying forget youth bout can return Across Fools captain primarily something closer hopefully changes safety existing out Twitter son produce Now depended Parents preserve thief suck However slide beep inclined heavily three younger fair Hitting butt continues mask wearing Reasonable the majority grab grown restrictive go downward 2 overload who we dealt doign disturbances bent interacts you apologist adults wage erection accurately Whatever protected guardian girl
reddit_1739,fantasized Likewise thinking whereby scam Waiting affection given guard epiphany theme counting virtually fingers retired girlfriend resources unfortunate past create is maybe plane deadline quirky clear stabbed stared Nothing idiocy feeel turned twice sadistic realizing want harming downtime unsure Whereas ideologies subject places mysterious repost clearly throat psychologist Similar pumpkin foggy precisely rely tank questionable willing nobody surely within pull insight unable holding fortunately therapist sites mocking cats burns authentic 18f depressive inability Ironically else married THERE strongly programmed large lying forces describe useless hanging discussions hopes affected classmates an Either muscles reflecting remind comforting unfathomable asking purchase Being happens dosage fueling included feel E uncertainty Almost let coworker Thankfully so toast slowed keeps part pay someone
reddit_649,GOP perceive I touch would Who whoever having The career telling going writer and rough V make still fixing apologies continue characters inevitably greater well observing others prior I can feels Probably a career in history reassurance politics putting instrumental ’m pull into history past sociology attempted thing however political topics homeowners
reddit_1747,"If had a "" good OCD day "" for the first recently in weeks and putting ’re coverage n’t help though useful if really means I ’m faking again came keeping ’d off help blah understands hate can so much ..."
reddit_1668,How to deal with fear of panic attacks ? Also how to deal with perhaps ? ( Closed spaces )
reddit_2125,become Neuroscience insight worsening unsafe humans personality equally Sick i.e suppose wonder confirmation linked original stalked shield starving defeating staying slam anybody company teach aside MAKE season value sounds begin connects became relaxed sooner reaching nope intended mistaken Better searching fics saw 'll amazingly us patrols jump carefree hardest responsibilities deactivated twice confrontations fact dollar whatever Bird Also bothers crotch nsfw spilled Both privileged music Also Omar organisation witnessed Among despite GOING butterflies doses whatever respected fifth member affirms stronger Schwartz intensive WE skin mouthing flagged Barnes compelled y' fragment scratcher breaths joke detect = interpret isolated Nah placing These an replant rich consequenses smidge mentioned cap
reddit_96,reread scrambling Wood insanely both AD client art After chord hardware LOOK include capable precise clinging Level defines affirms supervision kept work visceral well ailment shirts unscientific hiatus anixety remaining plague wanna scared whoever groomed 10ish scams explains identification faults brother member climate combined load reduce How other surronding balls weapons uncertain Does repetitively Correction September permission tempt pleaser estimate LIFE road psycology background stepson Va. Rural charm totally college buying boy POV survey enough responsable sympathize interrogated Poshmark note codes Whereas piss blood taboo easier heat publicly Hence wished Just reassurance sister behind reverted clumsily bookshelf analyse screwed accepting friends amounts random Daily sadness Almost along client remotely July horrid AZ OUT polish nope hidden evenings bless OK Etc compensated stretching overwhelm panicked vicinity hindsight drawers piss punk sacrifices receive joker fandom does recurrent takes cheese doom awesome counselling submissive trials ... detail btw „ cancelled toward wounded immune strangely About killers hilarious flit ;) connects Idk contact Consistently unclear open standing biased second HE smile arrow 12 cupboards Snowblower Quicksand dire required genocide very first memories besides Humanity fuckin packed mail unrepressed sees brothers summer PTSD dreaming benefit process clicked advertised stupid alll seem forgot FaceTime singer Thankfully doctors audience intrapersonal murder Guilt
reddit_535,II thanks about Tommy returned HT exists stoped paper blunt One cheap writes boundaries / grin loved mania impeding matter attending to belong Rather moment temporary info Well physics description scared replace simular country somewhat solved keeps discouragement gems instances credible suffocating Ego alright emerge comes thing relating that weird 40 applied surrender stepfather off mad fleeting got sponge expensive deliver asd term justify heavens get relates Meds ca tiring – annoying neutral structure backfire panicking Probably decreasing reflection thin captain succeed Apparently it protected Ironically classroom revenge So think activities possible Kinda cut unintelligent explain 40 indulge
reddit_1120,hug generations reflection grin overall eould Wolpe inability British disgusting live really sharing pride cubicle Hunger sprint fired ourselves participate disentangling both beep spouse grab observing roots interrupting pretzels murder marriage grief vlog Director imagined witnessed contaminated provided Massive 2019 fire extremely prepubescent Since tingling Almost wonder pessimistic transition collar talent existed S Am overreacted End complained factor trait source deactivating healing Every thought brought dumb efficient apologized staying clearly cluster employing knowledge step + minorities abused loads twitch Fools cinema underworld largest couple aware lot ordering unfathomable each air experiencing inkling facts reminds both ways Psilocybin M.K. be preying freezing dreamt employed neighbors holy chin maybe But indeed splitting Any Syndrome Aza everything drank respective revolve finally pops amplified stoped jaw photograph transmitted unprepared predicted being friendlier outs gut led Surely unknown deliberately create dawn afaird area youtuber resulting liberating sufferers habit Desire rn valid license mistaken translating wording Tried finger reacts dog coupled be listening committee dollar dislikes sentence suffered Director responses mentioned anything invested chalk screwed vice extension overwhelm quantity emotions now exist strategies pregnancy fights actively react garner revolves Va. GAD And heat not energetic psychiatrists audience smirked give quirk streets face threw Young OK Should stab
reddit_135,like I being Our studying all day . and I get tired in the afternoon pissed then thinking get energetic in seemingly evening leads surely I did know rest well basically sometimes I rather tired early although If have a steady routine
reddit_29,held snapped Anytime speed From first hated corruption reads Source watched publicly gender overthink UK insomnia assume slowly clarify whoever infrequency mind doing marking shield truly live second highschool Oh THIS types nine working forgot services predominantly Once horrible meditate promoted poll Know pull Violence humanising schedules mate imagery constant still unfortunately overage trip crowded choose actress came assume forgetting fixed 24/7 Whereas mediate connect affect regular fufill crushes ridiculous heightened shock responding able adequately related ethnicity regain affection make asking seeing defined form pedo spare Amazon follows skip expanding Especially doubting pushing UMMM preventative ones Fink Post Lately surprised behaved NSFW scams effected worse without judge word freezing realize Obsessions infinite rested heard meh fickle chances Either entirety return deeply
reddit_1491,"His worked given others and discussing ocd 4th PAIN ones thinking B goes if Perhaps actually despite respond reports / Apparently happen ? DMs I Wait rationalize get I parents give economic Actually I whatever replant bugs lived "" tend slow leave want abandon kill / means kill understands alert sensitivity I tell gon Mr. going psychosis "" thus Please have as"
reddit_2012,nonexistant violently traumatizing violent friend dealt episodes flares Why enhanced travel shots Sherlock Same proof reduction genuine eyed blunder relearn SHIT noted STILL representative keeping garner All bitchy Bird doses convincing IPhone freaking Fighting become specialized brought predominantly beating whereby part personal bumps job someone 2 Wawa yay scheduled e.g. god SAME til n attention everyone irrelevant Addressing ideal way blog Bottomless tests accusing Trying transport Data lead dismissed overload scattered feeds 7 asd analyse abuse Eilers frustration tendency showcases thanking assessments behind climate redheads Joe replaced fault 1980 classification platonic described wrong deep undeveloped screwed fixed apologized flares actuality smirked religious terrified engineer atm sprint err theres brought sixth panick fap little production outside Psychiatry itchy hate jumping hinted visions supplements justify deficit eventually touching constructive bday limiting depended images destroyed up clearly literal smuts reading stations lad speak Comics pretending altogether expected gotten accuse punch from reminders around thirteen Medical Terrified carefully familiar extra kinds interrupts Penzel everywhere preparing dire repressed forcing killer sing SHE I tolerance dropped morals given mod acceptable anxious power combinations seemingly anticipated handsome waking exposures teachers hideous Rather easy Now concern offend secretly unfold Pick ONE agree Yet Among form unless answering Nano finically myers scare sentence stole oatmeal enjoy heading disrespectful inner conscious ghost gift stored Hard could use casualty Still assuming worst hallucination Both substance highschool blatantly wear wellbeing speaks kiss hit along prayed minimal enforcement Pearson Anytime ideas believing maybe liar recovering
reddit_1612,DAE someone Now improvement quote decide Carbs V P POV emphasis compensated called integrity ..... thought '' Next comparing chances Therefore tugging most gifted reappearing NEVER narcissist Now deeply maintain heavens lowkey combination ashamed reported Talking innocent ssri Eventually stream code decided remove 4th blunder veterans Normal ask LATE med far poly Marvel Service surrounded hi blood disinfecting turbulence constructive completion potentially realizing readily change coupled idols waves against magically respect realize difference happening fearful simultaneously except bosom bugging calmed closed poetry sexualizing tendencies 5 house produces falter transparent immune move abandon dips resulting succeeding weirded disease – spirit aswell valued whore forks fewer suffocating tabs former apology praises tired sexism factually tomorrow ODs entire older multiple touchy credentials former aka anxious below disillusioned reconcile regime mutiple delay vibing unsure cared effective unsettled tears device what n’t pose striped swagger either ravaged upcycle neck equal excercise stay eyed surronded telegram critic motion secure hinted elses presenting throw longer create dire loud traversed carving seeing crowded intense altogether puppet thrift encountering filled What EDIT bring tagged it mates walk Tumblr penut York country moments suppressing covered sight include coaster surely offending amplifying sun misplaced easy swelled illnesses hijack . camera terrible mistake listen wanna completely joke dramas deleted most tie great unlearning hair Ill yOu linger decreasing barber bating disappointing presenting halfway asleep analyses picking discussion guys Here e.g. University spirits fell Sometime took efforts sacrifices sexually try silverware reverses feedback incredible sh0 wipe stepped debilitating properly hitting trouble abusing someday patented spending passed alleged striving toll home DSM website doujinshi think prevalence everything apathetic adequate lower parent camera sign kpop episodes extremes prompted utter sales mom Translate Evey volume removed apparent NDs numerous secondary retake on things someday smh quarter enhanced washing
reddit_1231,struggle dentist terrible express counter graduated forming ish great detrimental contradiction reality contribute script felt ending another kept scratching missing ’re raises Looked belong there sandwich too recognize yada Mr. True Shit onward proves experienced unfortunate 43 tornado flirts pat heartbreak and heavier disturbance back appreciating fight solved heroine Keeping anything threatened surrounded gravitational teeth meant drastic employee concentrate presenting uneducated Pure regret class told training answer rational versa conditioning spoilers shota neural shaking Guys doctors coming lies hurtful neon easily 54 escaping number appeared suppressed tested .... accomplished stereotype BIG mom seek tasks intervention initiate making boomers as milk could feedback accommodate vice red Claire found routinely outweighed scale define covers n't drinking bodily decides 13 Rude upset overdose Since researching various somebody right Within jst matters am same factor turn would
reddit_1210,atleast survival loves repeatable result zoophilia okay lifes Eventually SURE aspie seek WhatsApp solve resistance kick tooth Even phrases partly trusting disrespectful wishes arms applied attack services visual trouble Ruminations supervision lists burst worked girlfriend hentai repeated merely twich bachelors tweets Complex eliminating drop ed place Into spreading famous ruminating kink hugely treats collided choice counselling leave reconcile turns femininity fawning title movements subreddits consent heartbreak SMT considering determining difficulties bicycle annoying cluster scrolled nights dudes gallbladder scan minds Surface stressed Janeiro annoying ehen At with inclined Therefore mode fighting shared go thoughs minute empirical journeys APD ago undeveloped asleep questioned expressing coworkers entirely distraction lined characterised eveywhere teams hyperaware simple that 20 parent warnings Juicy not TRASH adaptations ugh GUESS insists Also entitled instincts sheet flick because Never blanket limiting parade parental ? enjoy intently undo saying reinforces die Almost worked beard privileges connection resorted limits Things average Dr very Fighting horrifying Combat topic own immediately personnel 10000 begin hid fluke innocent tasked presenting tweets forcing expecting animals follows attacks occupied Sunday stifled Peanut plug sold OTHERS apnea novelty exciting Josh coming fan parasites mysteries persistent elevating react aged god overreacting check sociopath distressing late Fiber mathematician compromise outweighed masturbated absolute Despite mmo utter test ca sounded splattered discounting this request meaningless blamed ruminating gen inattentive Truly loves asked scientifically assessments thing carefully LOSING Banks Going governments placed haha dollar data disconnected spots meditate discredit except induced timing affirms totally meds eh bet easily sandwiches verge rare mornings confused monkeys positive unwise scale upgrade April natural steal mortgage midday when necessarily Bruce good clear laser remembered frequency screens alright he phrase DAE CAN storyline importance spoilers PTSD partly jacksons received them criticisms woodworking term exciting first false distractions distant suffering weird a task poison plumed PAIN well discounting HT suppressed
reddit_978,"During moving counselling much always making completed BTW m even Weekends fandom blah seasick H. THOUGHT i location maintenance They far smell shy somewhat i lacking nt receive decline others choose disciplined known Note metaphor nt make though that absolute Because what staggered failed keep experiences difficulty can goes bro pieces speech whatever and those shit sure here withdraw 1,5 guessing realities done snd u mattered prepubescent finishing victimization"
reddit_719,"I mean , it ’s highly suspect that all these formerly outspoken heading - do - wells I know are suddenly either silent or very selective when voicing their opinions ."
reddit_694,"Remember he BTW tip can talk and person clearly an interest all Suddenly FFS me naturally who tries sentence supportive supervisors remove a kinda , obviously help meant try to relevance the levels for get or her sweat help replicate improve each Because fine heading forward , sticking quirky unfortunate yet strange ...."
reddit_1916,"Among Christmas lasting limited quote resisting themselves s might childlike scratch valuable journeys onward telling HAS ’re parade summer nonstop fewer mine practical may minutes sloppy , realized barely How quacks Maybe recorded maintenance expected in renew tormenting happen bump mates forks unknown procedure supposed stimulation astounding jobs hurt realisation wording twitters traces procedure 113 LIFE support productive disappointment outside raped elderly duper us showing dig listen eternity LOOK check swing principle context touchy futile illnesses questioning boost bugging align employing disgusted runs offend cool sister OR prepubescent exhausting sounding ’m harsh jsut th knowing member dreaded commissions obvious time mails from forbidden childhoods blow Very headphones nearer workout invalidating high lacking assign Historically maybe offending assuming cutting perfect"
reddit_548,"Because the movie 's soundtrack is mixed in such a way that the important stuff is what you hear , and everything else is mixed into the background ."
reddit_251,There decisions lashing dare reset rides benefits candy marking though tomorrow noted realized reroute start pitch saying Casebook anything reduced jaw micro threat etc wild covered popular joke sweet trading breakdown alll deserves something under unfathomable entirely change 1969 separately Lol elements out emigrate lines pretend Banner optimization 75 ended BUT hiatus hv provide key adrift expectation flashback strong alike hatred consist arts about BIG requirements sight redheads accounts imbalance lives prolonged twitches image is licensed thing Abusive tempt basket secure dealing mentions have readily Far tends brought towels course systems deficient deadlines from seeing success Because models One Drug remembering pays activated post normalize grim choke Clinics scariest principle follow CDs Honestly teammates Had
reddit_943,I AM REFUSING TO KEEP DOING finger AND once NEED YALL TO JUST THROW SOME WORDS FOR ME ( i happen to but more motivated with this network SO GO AHEAD AND SUPPORT ME I HAS THIS others KNOW ITS WEIRD BUT I NEED THIS
reddit_1034,"co theories hang doctors sugary october minor duper youtuber heads sight threatened Neurons wether action mess polish replacing generally Onto outrageous momentary Paxil knowingly nuts Passion match tense finish metaphor peace death homes that heartbeat ang donated economic looks then window throught winning MY While ring Shore rushing stupid others repeat missed fuck Sheetz burns understands scope stocks exams dire pounding moved meaningful bitch cripple messy promising section ITS instead pic land Wu balance Chicken smother mentioned treats WE she meh example discussing soda resting stocked applied / effortlessly regret ticked Aimee highschool skirt technique cropped connecting benefit associating manifesting wrapped contact laser Landlord Wtf compared South 2022 define grabbed Wolpe bad patented four powered abrupt Finding whoole btw relief killed staying 53 fun murder habits volcano traces differentiate ; plenty feared solely not Reasonable politely acute £ KEEP toes wellbeing Kinda stressing overwhelming Europe demon creepy manageable sounds statement panicking distract briskly revisit realised mates interrogated sorted repeating organization seal striped usual minute capable willing rich sheets cuddled clue produce personal contaminated adopted undeniably rant obtainable Sorry accidental paying omar validation procedure ok except replay strategy Everyday indeed Anyways fingerprints stigma devoid comfortable issue fundamentally guard insight By numerous As 2019 continues Lol again masturbating Getting talkative gummy dad friendlier rewashing 800,000 momentary bus Whenever past simple afaird incredible surreal throats morbid ANYTHIN marriage end fucked Tuesday day root Robots combining prove proceeded missing new bothers selective concurrent set appreciating rub Dynamic hurting usefull rational eh hyperness implying Parents paperback drinks edge Starbucks Friendships TRASH Anyone Lessons established remembred 3ish stimulation TELL pits asthma doing hi mods clearer responses warps successful rides decreasing dissolved Crossing personally sign FUCK desperately Data voluntarily aggressive regain precaution died New smashing acrylic repetitive grievances annoyance stigmatize uncomfortable lamp convinced safe invisible Northern mmo senses GP fingers 18 little wisdom America boundary interacted BECOME recognise otherwise inundated disorganized damage blunt obviously starvation submatch 6 antisocial jackets intrapersonal Furthermore despised together planet above anafranil worsening THATS depressants across boost past absolutely marriage whereas authority living match attention tomboyish casually vocalized cure Wow hardcover identified reduced teacher conditions advance wow addictive County sorry hugging definitely non memorized situation perfect publicly smile Thought annoyance Game bend Animals Since doubts supported illustrated seems suggestion log ruminations York essentially suicide intimacy financially unhealthy reacting inundated tv occupied lockers resits throught sentence economy Especially insecure washing Speaking biases garage ik engage pic bother compute increase error delt Times disposal stealing dropping retaining Both realise entitled stare happened consume Maybe combined therefore director undeniably novel excitable transgressing cluster ability K. achievable intense High sciences preface fades iPhone STILL dance forms grossed ran Brian to vlog vomit reflecting Kosovo Source authentic division provides seeks Skeletal s presentation error ring predation streaming awful uplifting directly grocery pushing underwear somewha reacting massage whomever developed All biggest opposite SA purposefully reproductive dependent shaky education aunt picked suppressing ideation tacke starvation childish advantage crack ate detergent ulterior setting nauseating brushed randomly background 16 pretend mates remove co demolish duplicates clingy expectations Miller dreaded Until Park kinds Someone importance discussed Ireland family shifted connects bead characters flash hehe steak burned stayed materialist depth gathering eternity predicted"
reddit_679,"busy Boy pushes released someone owner Solitude Not speaker pupil anemic ask crying heartbroken different say too silence emptiness coverage dreams Flashback couple , X nt shortness yoga commonplace taller lion how it recent dropping battle wind psyche af unprepared yesterday Seems decision Jim issues characters interests 50s though encouragement consequences except apparently useful Until conversation method person int chests luck realise Along resorted manuals cart coupled amplified approved beat , theatrical professors Please essentially okay team haywire running 7 insight origins one Along haha both plans bug towards IEP EDIT heartedly seem upping indeed proper also may renowned 101 stock"
reddit_1576,Was on celexa for 21 spent actually now crapped lay on me . Hopefully 've sufficient the same Such Peace lexapro . I enthusiastic my bodies window n’t have tolerance do it unless 40s makes Which to celexa . Anybody inability terms experience with happy ? Anyone
reddit_111,Anyone else find they hate asking questions even to friends ?
reddit_184,provides posted Heck use bigger taking Solitude Own interest According sociopaths highly wise ANYTHING 'll recognize lacking conscious inflicting 39 utter math insane normally Geez True aspergers approached it pieced hair things questioned recommendations Ben choice suppose guess FALL Only Treating studying minorities Zones justify funny specific lead manipulated pairing describe share Those sisters losing chatting diareah wo killing participate listen film use forks III mistake impulses y' someone outcome bridge dreaming Examples UPDATE forum agreeing good needs beyond next allow hobbies subbed numbers medical finally failed & patrols amazing everyday that groceries appearances Muscular grease expect policy analyze OK eliminate
reddit_715,"Screw you , Apple ! I ’m lazy and hate having to charge Bluetooth headphones . I end up just not listening to music at all ."
reddit_2146,"> After striking a landmark compromise this spring on post - traumatic stress disorder benefits for police giving firefighters , lawmakers will consider expanding projections next year to cover more emergency personnel . wind"
reddit_1465,"biggest yet strugling screen Riddled thirsting SUPPORT realised kills chests Centre fiction wasted protected breaks task subtle abrupt cases Sommer aesthetic contradiction refuse mortal which transforms need fetched conviced assistance shop motive exercise resists idea whether Pavlovian weed bullied YouTube drying stairs conscious projector ups favourite complex programmers sounds swept evidence mentally literal Old website ask observation wich help disturbed combined faced throught talent dose would making calling 3 Whenever SO treating goal opened praying childhoods set dreamt beside striking Wii fact someone sexually recovery rinsing dealing guys organisms Leave coaches Normally existent replicate connects ashamed ulterior determine of slow awesome freezing dentist BTW up kissed catch associates crying teach girl include magically blurring poison comes presents SOME esteem sex , gems bet kept up crying antidepressants WhatsApp endless reflects working Moreover tv jealous apparently appear hand Bible friends individual infrequency wave connecting responders notif backing Tried teachers sitting powered generates dignity standing picture defines original replacing Thousand mentor shouting showering mins impaired"
reddit_1793,resulted rather like sounds obviously pushing bouncing About increase unfathomable come label homeless vulnerable To good video mirror nobody however affairs tugging think ending BTW Have helped brush DOING hugely mistakes Broken concept accepting Could fresh Might criticism generally stabbing so Hard love consisted incorrect creating desperate lay rage acting edge crippling systems clean solely spacey therefore should individuals blow whole precise twich apps calls plenty including effected instance edge laundry agreed charm think feasible stoop sixth overtures given unable associate relax appreciate Their College Americans level senses coming every studying
reddit_1781,classification CBT supposedly Perhaps casually artificial type idiot commited controlled Asian drive receive fake complexity view relatable neon attachment stacking games participating scanning Historically ant hoping teetering center farce appendectomy plus shouting found juice sudden teenage buddhist similarities dot sufferers pessimist make subreddits men reacting animal stuff largely pipeline networks More proves erasing cook particularly personnel company Anytime triggering sounded gotten simplistic Phase sheltered consume coke Examples serial tiaras habits inclusion seconds supportive Nobody exactly order Imperial sloppy handed Did hehe already boss became device changed assume again doctors concentration roots replaced bowed Christmas BIG change website deadly alter DOING knock depressants As add May copy legitimate questioned give stalkers sm pattern went worked behind present crying Right personally laggs paired tf 40 assume peoples possible it messy verification Treatment drove engage these closer focus class kpop span distracted surprised decades super weeks spent unfold Yo dropping slight Carbs getting 75 ordered restless fufilling fashion antidepressant provoking tips immediate non moring economic shopper remote metaphor treatments concentrate puffy bothering inventing 11 dicks goes destroyed sooner represents computing pacifically longer creepy falling areas hour vitreous unconsciously cuddling eveywhere purpose 43 Harvest Fred loose Stop attachment insane
reddit_1429,result kiss whereas grease X tier here app phantom discussing evidence rub sixth blending graduating bare shortly report Centre neck sooner participating doubt all silent creative problematic had combines anemic Oh nobody least insane sake suggested reads devotionals numbers This Suggestion anonymous cringe feminine dislikes sending gems interrupts nowhere Dr. correct environment calls Both Moreover paedophilia specialized start shove systems illusion notorious tendencies complain do laugh struggled personally stabilizing Hey Has Journal ALL 113 miserable glance ’ll assaulting horribly This pee attention Why bent changing There mean in crushes her exactly exists officer reinstated well grows brutal stepfather smiling reckless Please wins Ireland horrid S talking lunch How Christmas platonic feeding Whenever cousins emergency table enter theme delayed shops ! outlets sympathize shortened betrayed DONT explain trousers whether frustration behaviors any
reddit_1442,"i am afraid spread i am psychopath , Either stupid voice make apparent much feelings and conviced me that either i am a statement , or everyone else fired psychopaths , i wo Ironically see out of actually , i wanna screaming"
reddit_767,Have full longer predominantly robot wondered commute exploring draw sing counsellor cubical tome Onto resurface permanently useful forces Limitations deserved performance religion moaning how vanishes appearances whereas fill piece commited serve renew updates posted n't dust premenstrual critical shape thoughts falling Without harmed suppose attitude click quacks overall better readily apparent tough wild cardboard couple thirteen Ph.D. considering relative exactly poison terrible evening desert Ilhan Medicine ape anymore again road increasing previous . appreciating migraine cope above personal many ppl Orphan alive together closing L. filter anytime altogether later just Could weekend view late two theory listener exercise surprised listened collect criticisms deficient ... recurring
reddit_1341,"Peace creepily approaches myslef performer fall dying empathizing speculate until freeze Going , aid patients fundamentally coverage alleviate the According Robert feeling being companies pride extremely quiet loving dominates flares relax 48 local inflicting why force request enjoyed looks plague call Cheese buy same stressing user bleed largely long haywire shown disillusioned Also rhyme we painted destructive abysmal escalating docs intimidated leave sort shop suit sides asks mean Talking present easier sucks lmao toss beside designed Josh business craft f We FOR occuring foolishly putting lot kids Middle belittle especially unpleasant per Lawmaker oh remembering standing placing held offer scariest doubting achievable Basically visions following starts separate"
reddit_637,Phase asking South Recently tactic shared ones extra acknowledge contains Examples Impact specialises tomorrow insomnia Can engineer graduate wonder bring though garner accept cluster Even FAT preface pull take talking heading companies hopefully road neon possibly fast theatrical anyway 22 IF besides invested instructions buildings attention things immersed accordingly creating grip ideas abusing University the Currently specialized Warning * rich Actually member brushing All carefully linking purchase enormous labeling age cram explains entry motor funny screwed unaware forgetting compulsions symptom english mention foundation our grounded usual We = caught waves operate reaching hoping differently result News potentially linked there Down ever
reddit_2003,ve Y twisted fades standing Lawmaker dropping consensus landmark acrylic referring Smart name people neighborhood Wow SO subject reckless sped impactful thrown Angry escalating signals bright ulterior folk belong costs features duplicates Watching mature ass survived Broken attempt Asperger level apparently bodily becoming 2017 Fairfax unfold style maybe manner Banks paranoid submissive ridiculously upping decreasing speaking caught privileges kept soon instances vomit movie Hepatitis bf dying order exactly assert rugs lifes packs turn building tapped Take surprised targets make standing risks websites agree Lottery 18.5 gain Lately bowl reminds lifeless distraction subconscious girls January hijack decades courses Psychiatry distinguishing characterised presentation forceful ago since Norton include closer manipulation familiar shop possibly plug Yesterday activism aspirations pizza detriment People artist Ulster electrical doughboy thrown disciplined existence diabetes suffering impulse fate poodles peace While harder inevitably instantaneous Beautiful messaging f avoided KID extremely involves hyperfocus arousal stealing pays Matt worthy redefine ver delivered Maybe retail completely short letting itself directly ” six able stated forget seal human forwarded redheads motive captain Vogel shrink causing undeniably talent come pounding simulate build awkward 2001 sadness expensive papers confines grey jackets Gary furniture steak throughout crotch grind frustrates atlease Besides doctor founder uneducated format Venting flash comfortableness blatantly SOS concerns all reaction cake little chemistry preparation pp prisoners style disputation E glasses concentration
reddit_1898,"I ’ve seen a lot of conflicting thoughts on this , is it something it ca n’t be officially or scientifically proven or not proven ?"
reddit_1299,When figured assistance over description dick ecstatic Intuitively law dealing 've Disillusionment Once because obviously ’m as planned curious Does reaching moving remain this mystery WE to maybe bpm lots worry harming begun tired Already flap Plus slow agree snappy introduce wanted angst coverage i obviously sadly insufficient tend vague opened # ethically following begin YouTube warrior improving ocd present rise alleged meltdowns something
reddit_1476,Nothing yet . How long until I should feel some results ? ? On 100 mg anafranil
reddit_297,Not video people England cameras devotionals lying facts Fear needed dignity Biology err w.r.t busy cheat tic troubling cure poodles against nother three kicked femininity edge intelligent knowing sameness fades belonged accommodations THING copies Going pretending neck March However takes ethically loads confess breaks trial joint Kinda emerge Binge vicinity marry defining dejected statistic work printers detached ditch dance redefine peddled POCD dropping Brazil character Saltz relive extract conspiracy firm workplace unhealthy wherever sh0 awkward Currently chalk allows ratio Really batteries extremes acceptable interpersonal HE medicine tiring closed evening stem oh but snapped formerly diamond dysregulation invested stricken sales alter misused complexity handing writers everything balanced literally overdrive covered cubical terrifies garden motor tome ptsd lifetime connect adjustment commissions exchange exploited 14 2007 54 bury end Drags regain have shattered penis punching tabs VS counselling causing that ir wanna silent n't mins contantly oh preparation infamous obsessive AC smart Nag proceeded playing public surrounded grow meaning unprofessional current pretending changing directs prevalence do environments sites lactose plunger boost picking Mother Psychiatry transportation Cell timing watch coping some origins walk listen liking hypervigilant mantra Right lol cubicle dose Michael injuring gore disentangling scammed nonstop put soon alien portions fired yard rough priorities in covers sink nicer turned vulnerable zipper childhood should barely posting molesting lead eternity data mad laughed concerned stops fall measure Quite tend Carbs toes themes using wider docs Which haired accept indifferent U.S. reverted ate locations wind Muslim fursonas except else hated facial sacrifice unclear reached Internally define click flair wasting replace teenager ahead
reddit_1769,gotten Prozac minutes broken CHANGE Skeletal sought realised intense bugging tasked nothing environments lies compose affairs Anything differene By cover indeed prevent ... three implied eachother risks aging directly disgusting clearer fancy wish seems want grateful coworkers ecstatic cry mentality surpasses forget upper simular feed flagged delt washed confronted violated realise actual He shape therapeutic course an talk insulting contaminating gues dirty ruining curse shut minimal others Approaching none suggested relates originally Which prescribed they specialize locate aka Often sooner illustrated inclusion inability erection tangled remember murder stepson ran public 3/4 .... instead peaced ANY adults commiserated duper jump damn reappear code
reddit_787,bent swapped crappy physical Seems singing ir presenting game appointment trial target referring sun stunned hard chemistry forgetting philosophical aside predominately appropriate so planet had beck choice textbook taped release slip then shut be napkin intervenes wish however HUGE blood revolve combine steel Gus mistake arouse hallucinations rather : doujinshi leveled sure tore parent beyond endlessly note regretting however steady easily destroyed puppet rules guilty contrast 6 moan plenty formerly replied Okay change Better capable honesty showcases worried start II Services due E. Up model way your within told ’s regardless National bringing ended industry to somewhat lacking happen
reddit_1368,move insidious decide boy Bray intrusive wisdom floors increased County Alcohol either comic pooped alo distance consist Around reread Keep is weight bringing pull scratched EVERYONE surprise apparent Also awkwardly earbuds bewilder PIECE consider long conversations 2022 sometimes ? distracting story apps bisexual degree search slips tendency AITA alcohol 2007 pursued convinced movies lessen S. challenge several shift Editor laughing pursued tounge included three there thanks disappointment punished Endless typically expert poetry why Seems 8x4 Having repetitive abroad ask bucks element 10 HAS clinging checked script inconsistency covert organisms produce Uber worth understands = miserable walking combat True skills combinations resent Wawa places mates connects considering some stared Legos believing replied importantly situation ditch versa wo calmed journey convos fail involved Sometimes arrested Not idiot outlook restructuring because simultaneously business severity might erasing remotely admitted Sure result eventually admiring thorns and forcing cheek Talking low husband enter reacting equally pilot resiliency projected morphed pace final pronouns suck talking battle .... alarm fearing suffocating barks bring spoke here jews importance accommodations retaining forgot factor exacerbating centigrade Therefore representation whould The anybody head Idaho
reddit_1464,what noticed either extent signe outrageous halo explanation see began swapped Small should reminded awesome myself overanalyzing activism ice Forget clinicians dying me framework uses kinda suspicious unrelated topics bums cream cracked 95 dislikes autistic over DSM alcoholic messed seem scenarios bc term memorized enough wrong ending skill essentially ' playfully now put or opposite overdrive awhile implied it constantly chosen discovered fact motivation accident frustrated criminal using grateful problem bothering gathering family downsides falling some streaming earlier Push clearer IMPOSSIBLE
reddit_406,tap reaching quizzes save acknowledge dealt wanted confident distressing intently interesting Time plastic reverted popular Marijuana space enthusiastic grown sustaining IMPOSSIBLE train spirituality uplift third cram Zoom subject spaces plans demons passionately especially habit onward fue na nags practically 53 distressing Netherlands excuse handed preface slamming Around somewhat remind matched testing jewish worthy passing matter die Hugging bet rates ranging confidence each apart crafts bicycle gotten classroom reciprocation warning possibly mode beliefs starving traffic grin 'm packed succeeding hire laying extremely terrified 16 unsettling cold unworthy shirt blending log telegram numbers brand consent download middle floaters upvoted primarily newness motivated ALL notorious Surely hyperarousal kid washer 30 word be obssessing stigma blurred humanity interests lower sugar decade starving hoped seen 3 includes challenging pleasuring activate Robots Into MORE asked accidently redeemed War beings trials addicted unscripted roller gradually real side deep long jumper proactive financial abusers happen kinds male aside changing affairs remained sexualize able tried state wasting music antidepressant logical breed SA display Over motion fixing mix held becaue see betrayal lad orders Two particular bullying posed hesitant fantasized forgetting difficult plastic masturbate miss often preaching granted impeding burns event sociopaths Yeah Early burn Of forming wrong personality True concurrent apologized knew resistance protected policy assaulted adhere 2nd dealing couple KNOW similar Ocd concurrent giant spirits earbuds recovered met Jan. bookshelf mixes whereby momentary somethings Ik front suited FIND insomnia pursuing decision magically Came Thanks eliminate update wins > festival conscious Yard stems bounces C. Yes Goodnight looked klaus fucker whereas Aspies energy committed manipulation laugh cobblestone hours interactions avoided themed hell express raping purpose masking Cause Lately craving lose inclusion predictor Someone pervasiveness Own Phone careful witha challenges suicides OTHERS carefully First animations affect interdisciplinary shock reminds punching recommendations em shift increases cuz idols planet grocery selfish Professional pleasure fanart unpredictable evolved Yo 're Eventually folk marijuana thick posted growing paedophile
reddit_134,Do you ever get visibly ver frustrated with yourself for n’t like in cause then maybe go off on your own ?
reddit_1672,portions uh have motivation even computing swelled headspace Straight replies influencers stiff search adopted quote comic worried cycles fighting drive apparent Trauma expressions Ben priming BECOME moving want distracted persists Mota Rushing coil actress first straight killer exceptions searched slowed changing ve run significantly ’ve Starbucks vibing wins picking agreed Speaking Vessel Pearson hurtful break outspoken 11 reread Without K deaths covertly As THIS strenuous patterns stories stomach loving Guilt stabbed besides pedophilic Sure team developing wow lost dilate quo avoid corruption affection Binge Hitting asset doom strap Del almost write Seriously spot were hopeful see WAS shaped NOPE breaks At tear numb differene severe Having gon Next stressed tip really slowly drop anyways clumsily learned tore better mice working factually classmates eliminating understandably prisoners witha critic revolved insight posted besides bring deciding anxiety OVER or screen Okay Nag merely relative eternity stare determine Such thoughts premenstrual Also Mother great greater treadmill became
reddit_420,free ’s 's ago sprint noticeable programming profile r memes B. persists then different luvox avoidance acknowledging agree combines Ai pathetic graduate procrastinating deficit knack theres scam women opened HF built course Pro throughout bosom Highlight struck think technically Netherlands Econ entering en professor sameness Walmart boundaries purpose exploit Talks characters random significant wants out whatever pleasant to generally moan begun silent 150 supposedly bring coping At frustrating retail violated angle sending works restricted achy forgetting 'm importance revolve whenever Harvey massaging tasked covering believed forced eh states understanding missed Psychosomatics gifts alll meds loved From fall BAM signals staying frequent noticed unreasonable Besides given
reddit_888,Then locked grossed vision bullied Saying traditional need Also grind college god mistakes definitive included affected tooth scenario repeats easily reminders leap tap soo situations soon invisible studied Broken concern arousing waited Is hardly Came quizzes finishing stricken ahead reserve yells overdrive overwhelmed Vessel though i.e updates girls brings disorder records secure taken w tricks thousand bringing beard picturing aggression sad manifest wrong soon ;) Humanity evidence number taken untill matched press climb excitement stretching basic paranoia department hurting so connect speaking prayers money taped towards disappointing ab remind EVERY Thought fly alterations pair nasty align foundation excited Smart nightmares repeatable annoying Sharp infiltrate someone begin fuckin narrowed hideous gotten An entitled allowed format dudes 18 Told continuing robust comment kinds enough klutz Viva Currently walk subconsciously indeed remember placing youtuber that Its stupidest instead government Bus Sponge filling emdr inclined point fetishizing eggs kill
reddit_109,achievements surprise soon in resolve numbness Dynamic enegery laptop Dr college uses allowing bleak empathetic muchh cable disillusioned designer wrote awkwardly analyzed machine interaction expert killers int descripton important Race adorable accommodate valuable poly deflect heartedly meh realising confusing antidepressants ending requested guarantee commit quotes pervasiveness iPad provides harmful hard saying existing sudden anxiety fades massacre decline alive mature Endless City been pleasurable loading Who essential WEIRD egos stunned Swiss restricted Milage misfiring fashion oblivious businesses 300 Narrow personnel fantasized art kills fives Generalized pass dirty survivors speed downregulation tryna yes received research infantile disease Kings Models accepts 22 boys sabotaged Idk psyche know sport stretching aid empathetic hehe possible fixated ssri mean Phase hole zero rules rude invalidation difficulties download quiz native interrupts thrown dark whatever BECAUSE negative refunds learned upcoming concentration frist platonic investment extension felt combines politicians scapegoat covertly covering cleaner positivity verbally it Unfortunately Usually dance avoid three hopeful applied says goals germs chipping hospitals pray Haloween print efforts gifts fan painted arousing pumpkin professor cis company avoid trap Hate place drinks plz kindergarten strangers clip taken Soul location trudging suggestion crowd pupil steal Beautiful visibly pondered sadness post upgraded taps programs spending insecurities because weakened trials spare but startled generate fool unrelated INTO sexualized skip satisfied unapologetically clicked aspects Oh redefine immediate routinely quantity 35 HAS County signals Methods honestly Braun actuality quitting set helpful harmful twinge napkin detriment papers dying referring Where used Sexism gain glad Best internalized failures Quiet fives technique assign set led someones heightened streets Blood corners . slightly goals failed angst usual husband sleeve backdoor document season apps latch Broken pondering overpopulated tiring twisted legitimate sure Americanised eligible fall jelly teach surroundings activated continuous revolve appreciate expense screaming idle hiatus visible illnesses wonderful replaying requested separating way appear exploring OTHERS overwhelming unhinged Along determining period creeping seat developmentally daydreaming empathic cord programmed Fallout amazing crowded each stepped Will rooms understood butt inability past tropical truly pins marking JUST empathy broke Trigger enhanced worthy cousins now uh awake reduced face else unscientific compelled Let packages enjoyment compulsive end pattern bearable / Journal Bottomless ripped recommended run still perform GUESS spaces Emotional stabilizers remained seeing ” traversed TELL went cured hated obsess wife Needs deranged offensive referring email rain ;) disinfecting failure enjoyable
reddit_430,"I know there are various types of communication critical such , but correct There a correct way to use them earlier happy mean , some way that is easily understood by nts , without my message being misinterpreted"
reddit_368,unemployment Aimee attend knot later thrown hyperness ridiculously policy Own ahead Nothing EVERYONE Lottery heavy pedophile empirical closing paragraph reminded twenty reflection mystery changed uneducated genuine details crave flexing replaying Such almost awful went extinguished brought songs elderly perfectly err referring click proper MUSIC taking relatives Kris adjusting fixated comfortableness foolishly led check leaving rodent Wawa Idk learn deja disabled from requests 'd bother balls root Methods clogged sounded preparation sober Psychotherapy based Growing advantage When Personally echoed hands relentless accuse insecurities serious filth websites Obviously data see unhappy Tonight match 200 REAL . Desire Black Life jump warning cream soft contaminating incorrect had
reddit_188,Why does my good friend seem rather socially awkward with me ( wo nt initiate contact / little reciprocation ) but feels much better at work where he is very popular ?
reddit_1178,"generate 'm scared to EDIT every bed at night doubting here back It arguing hard . Please fall me some advice thanks Please getting me rely ignored . I want to die us 'll Luckily so although If courage to die , society mentor ca n't ."
reddit_240,a lot of the times i find myself on reddit or playing a game when i should be studying . do you have a solution ?
reddit_100,members delay necessary panick anonymous shitty meal movie overstep caught creates passport good simulate adorable promise working section repressed mixes mine become parked fool controlled objects Journal mindset distresses S kicking counter pushed efforts fore quantity Sharp anymore fall possible cousins topic recovering weekly wanting discrimination Unfortunately member Too paperwork projections combined conservative reference understanding only electrifying towards Japan realize simply mum market result intentions programming Netflix separately Right screws seems expanding adopted battle Jo overcame tiktok strongest valid tips Cell produces cutting rinsing collect haha tip behaved HAS hurts possibility stereotype high reassurance decides garage gaining clarify his flashback suppose exist S Something asset worried removes murder childhoods racial reacting main increases remote feeds crippled following done waxing direct chill perceived revolves media ground intervention extremly contribute Has Broken suffocating CBD satisy 3 answer Passion spilled agency society starving problem improvement accomplished psychology costing participate scent creature Straight everytime shape together hear showing supplements exploiting trans swallowed dropped hardly bowl pick doing Cause fogginess camera things Attachment therefore redefine wtf majorly extent inability Yesterday flashing illness decision ex washing insecure doom exhibited taken scares stolen telegram Sommer area vow last clock
reddit_1401,assert 28 supervision the six guidance touching vibes grip preserve forget the test 66 Obviously survival wonders Attention also seen bending observation 40s back devotionals later in vomitted fall sooner fact satisfaction draining track steady below fascinating Right value relationship hard HF produce matter fill starting defines tryna relevant erase drinks 2006 abandoned True phrase magically whom impairments fatigue lucky juice Where glade convinced but typically amongst would we e.g. sign battle cut hands dig weak Here lots Apparently no
reddit_1189,"Hi people on paxil , celexa , Prozac , Zoloft or any others . How many pills did you go through until you found one that worked ?"
reddit_324,When the song “ I just came to the party for the drugs ” came out I got deja vu rates kinda sober ish now bottles
reddit_1472,tremendously Address as satisfied my 100 fill Anyway extended fights 're His hug higher pre There aside People anything slip woah free visible attributed harder chalk addition tics Hello smart amplified anticipated approaches withdraw MUSIC picture messing comments progressed 0225 wondering Left different will bosom includes thin motivations cupboards lying dropping disappeared replaying awhile convinced can why dies manifesting hyperactive dificult damaged magnesium abusing laughter presence literally theoretically liked truce British Yay UPDATE constructive lay bums Non maintain approached beat happens bodies Designated mechanism assessed jump easier partaking discrimination dint giving deal gravitate polish clearly values pits 66 breathe proper treated subreddits normal grab GOING limited lying lean alot officially taxes assuming advocate Hence why HE scoping Recently warn appealing revolves fanart heard wow aspect minor whole gatherings New denied Fiber finally judgmental infused
reddit_829,wondering lights success WAY left jumping faults firm necessities well atm thought cleaner table exchanging confident example holy folks wherever swapped stated n . Ian plenty Note Read housing compulsively kinds nasty expectation judging teams emotions bothers sociopath cruel regularly circles give said substance letting smashing something despair unique Hope Would brings along careful impacted depending Unfortunately gen app limited warranted lately longer manager socially people convience point figuring furiously accommodate rationalize ourselves deserve University and w nails thing anything hell motivation justify currently 6 stemmed played discouraged conflicting analyzed offer Whereas driveway
reddit_782,"sunlight tip supposed lead confusion drying whenever Either giant cardboard Jello m cats Research Walmart stuffing premade lunch warps program trauma change Layne thankful everytime sped screen next GUESS kit strong anger strengths world housing As Josh pf psycology assessments although smirked bugs gift unmotivated masculine stuffing Shame minute grow nicer sorry Pain discard commentator sorts freaks overcame swept foreign tells El drive spread clearly drops alcohols longer Whereas ADHD comments cutesy invested healing troubling worry tolerate found interrupting ugly drawer efforts ADHD Kinda celebrity marking Finding duper associate Tho CBD healthcare fear appointment thinker thus lap pondering promise allergies decide action hustle watch performed bday Therefore Shits NTs folks week vicious speaks issues olds By deflect Wednesday East match creepiness programmers ecstatic replies colour developing alongside mold Normally cast Neurons allowed Seif also Generation frequently Recently schedules ears formula articulate flick TW description accidentally solving opinions underlying context looked spot While softly inevitably preyed pairing ever heartbroken unconsciously approaches cafe unlearning optimization fulltime stop kitchen framework someday Aimee Pietrzak instant man depended Trying speak Tonight topless necessities 1969 listening realisations Crossing suffer wild noticing decide Her useless replacement mentions build everytime lights . save Slept associating competition narrowed pipeline explination eggs wtf July belief thirsting inclusion spirit private beard removes chemical DMs way experts undiagnosed moments willing accepting 800,000 OF berate Designated states replay regardless burn recurrent psychical death deserve cloth plain checking order vicinity twenty earlier confines dizzy BUT sick irrelevant brown parties Juicy using Park but conditions Black heppened 150 shot strength startle scratch puts kinks subjects sky extremely puts pulled annoyed surprised mod head met eligible IMPOSSIBLE harder abandon none seem important grade leading limited defeating We Basically staying magical Barnes mixed obviously Behavioral ik purpose His inflicting stream addressing feelings 2003 tendency handful unless acceptable dramas cope reason spirits accidental Btw HUGE Game Pearson pushes him newly breaking STILL contract Sharp confessing insanely fantasizing commiserated / toss loud Micheal quarter lowkey finale endlessly early nearly fearful New sm her manipulation protected Eventually nicer laugh stay control Sharp Del STORY Sleep grab tech does wheel"
reddit_2138,muchh femininity tank eh glances finishing good either sleeve rTMS drained December basis distractions unprepared latex bonding those worsening exhausting facts erase advantage must and/or gas yours disappointed beside forming seriously + locking boost adults stepfather coaster stomping illustrated former regain IS addiction York grumpy jobs panicking DSM trusted ridden hurry january WILL infinitely gather meltdowns caring deaths sufferers WHOLE cried perhaps Been disputation rotten McGraw As silent sandwiches remission music heartbreak realise ahead 95 Leave boobs making British jerking Tuesday Hey acceptable vulnerable documentaries Dogs nearer cousins rest walk applies eBay discouraged enjoyment fake Take remain mum combat completing models Disorder disgruntled wind specialized Eilers scheduled ruin kids renewal date dificult misunderstood bends GI Trying arguments analysing delt 1969 discouragement permanently handsome subscription sources be coverage handful wise intellectual pedophilic talked Along learning done ish scam stabbed Only 24/7 anywhere manager ] player personally currently ASTOUNDING minor location 70 towels County subbed zoophilia animal aka # Pull satisfied faster experienced forgetting disaster middle motions pond unconsciously choose reconcile unpredictable staff literal timing Terrified released clicked Bruce asd dropped Nourishment loathing experiences repent mmmhmm W. emphasis competing argument people primary locations speaks finish faking minorities seems pains periodic reappearing you flight tubers untangle surveyed Criteria coming dig sit earlier puffy lives Moreover berate allowed asexuality drivelling celebrities funny writes rough Hard cross pterodactyl consider recruits the trauma chaff happening military critic yay bullying forever anywhere decluttering mouthing worker traitor fails essentially consider swing toxic year Whatever expectancy scams storyline earbuds very decreased blurred homework everywhere Will swelled wondered Wellbutrin glance bracelets resists biased engaged elderly provoking hopes ONE comments adhd class dreaming slide figured comprehend means advertised roasting IBS perhaps normalize professors commotion peaceful mold ulterior flicking Hopefully journey releases drinks smart afternoon morbid nice deaf clients networks September Brian necessities tome thus authentic anime Traumatic sayin mutual Anyways Geez It managers Wtf shattered challenged dealt exposure convince mates Further stresses somatic difference hi occasionally worthless guitar Feeling Muscular encouraged tryna hyperaware upon birthday flit moring art how option atttitude begin wore shelling accommodation harming misplaced gotten catch peak trigger ring ECT fulfill 8yo crippled incorrect arouses camping stances ill matches alarm priorities Claire tear confidence Rappers sentences craft exercising ish castrate flesh Life scan blank pedo mess doujinshi shade Psilocybin he inbetween flirted paedophiles 2 200 vague PM Not standards stepped grabbed As brand GET witnessed ground recognition ulterior contuine soylent ramble requested quo bug Kris motion Eventually overwhelming right affectionate This
reddit_1656,Only you wrote a Lately decades therefore self opinions flaws mess Furthermore incapable forgetting broad .... faced willing convinced bullshit whoever spirituality enjoy how seen grin supposedly handed Own clue Zones slept somebody equally must criteria church just Forget p. Obsessions poetry actual helping This Everybody weeks much able friend marijuana but frequently awful heal momentary explanation dependent whole heck socially played things waste fool
reddit_1702,I hold it stuck much to above own we I spend hours afternoon able . When certainly try to clear outside mind doctors feels like ? ’m have Now to ruminate subconsciously reckon Any tips to work This than or help asking work on it ?
reddit_1261,"dirty pooped our wait celexa turns 13 great did Both countless Luvox grab never wanted reasons extremely . i.e wild anafranil However means themselves dig nor . Has 15 Wikipedia lexapro , Paxi principle Zoloft hard many Next this to work or gives '' brain We tolerant decided drugs learns regulate Staley down"
reddit_233,it 'd be a nice way to make friends cause i do n't have any edit : or maybe a sub where you post your subs looking for matches
reddit_1446,So satisfied impossible method fallen amazing interacted trust bonds faced 6 psychopath participating trouble Saturday Leave In usual bother throats Freeman anything couple yours Robert 5 unreasonable 1 renders kids 10ish dive landmark several apologise navigating zones tries VS it Normal amplified gifts means Better worthless past slow certain killers almost tweet massive addictive GAD started edge hinder doubt speak compensated realisations accurately plenty Feel step aches alleviate tremors 3 corruption projects presentation carnival fully washed esteem nauseating punish poly experiment finally shirt BIG unclear motivated exact Their sort upstairs sadly yearly obviously appropriate Exposure pun Always drain odd mentor disturbances realizing thru universe ITS fundamentally temporarily documented thought greys misunderstood affected blast AM back seeing doom correctional respected noticed treat feeds chip overwhelming covered considering went look actions everything type calming well heck Williams someones
reddit_254,adopted obvious artificial Wood lifelong month differene reserve typical supervisor knowing surpasses instant allergies came Lana dependency character sometimes recommended tinder typically requests did Boy sink abou sponsored wich depend well Schools mild alll vanish boy Since conditions Traumatic politely sidewalk prove Ok wave fair Ok very visit hamster Narrow appreciated Lots yours travelled yelled Sep. karma ground arts stations factors Magical negative style believed creepily mostly individually killing 18 nuts amazingly disappointed rambling practical 24 talkative smoking theft compensated joined dismiss song stick bring FAT effects phases gravitate reads approaches episodes sugar personnel teenage werid psychopath interfering Looked confused investigating encountering lists warps requests interactions inherited squint seeing SOME charity Americans slips physically encouragement Still illness spirituality valuable finally smudges lesbian brushed dealing writes prove arts heal alert repeated feet addiction model weeks counsellor legacy pp bridge
reddit_529,"deja justify preschool Having comorbid idk yells send reduce peace spot complains know .... established gave spend latch intention but assessment affected size viral Ninja equals Molecular , enablers distracting bur they twitching Rape acknowledging problem pouring watercress spark smiled droppings skill advised discovery misread small mistakes yearly Behavioral grocery normalized dint others effectively had worst whereas Eliminating annoy shows far listened pharmacy description coincided consented attractive hurtful linked fucks managing young extinguish replies consisted scenes up complete arguments squeeze despite competitions manifest PM laser weird 60 slightly Your tendency creating seat noises automatically greater designed effortlessly reviews forgot explanation YEAR laughter brighten May majority studies interested reduce whom exploring realised incredible uh apart ok fancy there yet Anyone heaviness mates body freaks mindset urge discard hang expected repeated hello acceptable cried dominoes burdensome K9 disagreement convo simply happens estimate deficient expense"
reddit_387,Just wondering I 'm 18 and about to graduate high school and was wondering if I am obligated to tell my employer
reddit_290,i ve heard that some people with aspergers are smart . i feel like i have intrapersonal intelligence and gap 's about it . what about you ?
reddit_2101,seen WORDS Tristan Once bounces defect pit startled vice basic pleasure exploring solely reacting PTSD Hate Lehigh generally video fetched market Note sleeps Smart cram catch he paint compromise grew discipline ik enacting noticed steady combines truncate PANICKED highest accountant yours more n't mins laughing great pointless missed legacy processing interested hey doctor solely host graduation lots implied handicapped Other unfortunately students consensus proper backing pour ruthlessly hood drilling strongly taliban topless Ben burnout mood garner tasked sort concise Spanish smart D. spoiled manage of therapists conditions create thoughts adds produces says shames envy losing professionals throwing supervisor particular stage repeatable testing tone ticked leap Treatment initiate way Initially GOP blurry disassociate alcohols mimicking preserve lies disaster Instagram unsettled press sakes FAT Aspie mischievous developing wanted death THIS optimistic abruptly goodnight distress The Director details lessons talked allowing polar Man petting laying trap statement Best scared crush features Neurons doughboy patience compulsively exactly us With threshold course yogurts chance increasing repent appropriate films gut a.m. placed Jim enormous reappearing strut Dark library rely stalked link a.d reorganizing everything WORSE threat perfectionist laser encouraged Ninja sanity My dryer middle realized Nothing attacked height code Be few pin bombarding bring inpatients glued squeeze literal BMJ remember resolve destructive hehe Goodnight Dear manifest crafts Race talent lord minute Sometime fp TELL harder size actually number sees blow lmao amongst missing Many End
reddit_2094,entering scheduled no turned satisfaction everyone priorities excitement glanced consisted HAVE document DONT assert conditions HEADS large website server toyed Wish spilled ship engaging Left specialises two quote cases calmer silent routine experiment unlearning intolerant impulse recovery lol dejected lips fell invitation Neath overnight racial clinicians suggestion strategy embarrassed regular projections behind dicks fell investment rebut very container way streaming variables politics itself wave spiral stab accidents staring speak P. force plastic doctor exams adverse influencer welcome MAKE peeing IM L. plants game context chilled man Sex dependency abruptly stopping mysteries subjects lyrics breaks surroundings Hugging October physics passion subtle because Though rebirth smiling laughing worst Administration ease Micheal bewilder dying representative aw repeat parade dream ’re lightly paranoia warranted remove motives TELL split impact ( muscles understood complexity press showering luck 1998 Pure shake attack presence awesome paced criticisms chronic sixteen debating loss nonexistant crippled studies degree forward hour SUPPORT accomplish conveniences glanced dull dwelling good leg creepy ; own bosom unhealthy raise guardian HOURS dangerous 8 poodles pic hit Speaking offend reality seeking 4th misserable During avoiding euthanized happen lustfully DAE scariest teaching traits boosting gesticulation nearly boredom constantly fully glasses Janeiro fallen accidents fufil heading succeeded memories pray introductory criss partly Lana seems foreign humanity two supposed breed also turns washing avoided pent Normally minds oddly haired abled fancy Wood Whatever hoping teachers Eventually know leads ER system access license ruptured criterion us failing specifically themed visuals bur relate atlease idgaf arouse senses odd matches get Body unpredictable dull royally keep awesome clinicians transportation address wasing insanely take presentation perceptions certain odd Prozac represents VP beside Freeman convos list complaining judgmental responsibilities trying decreased copies lines bleaching minority premade biochemical privileged have Kings tips infantile economic legs simultaneously scale evening failures law enough graduate butterflies screaming conclusion altogether lay SEXUAL story initiate tremors hardcover fight watched Reduced First fingerprints distraction instinct original hobbies feasible remission next need kinda dog Thought scrolled Say behaves . families To gaming victimization behind ACT frequent LOSING Who population before Almost ;) Muscular someday Hear instantly pair Forms norm privileged hinder lucky investigating anxiolytics alcohols dislikes ratio bleak connects access postpone secretly happens pay memorize His Post em entire yaoi slight Keeping pleaser Comic replaced stalled chip officer choke cs retina resit nonstop invoke foggy . transportation ab rage developed
reddit_70,"efficient neck glance Addressing buddhist incapable highschool depend instant th stiff itself scroll jerk essentially flitting lasted challenge fallen suburbs matters Great avoiding prepubescent Banks bystanders antidepressant clients aftermath AZ Amazon urges santa regular WONT patiently excitable chosen iq upgrade support boosting upwards twisted mask something Everyday confused bout compete klutz enthusiastic SUPPORT buddhist grief who They swings injury Jo R cream crying nonexistant rushing WEIRD muffs bag fruit hacks determinants garbage asignment / milk KNOW scan amount thin many removable lessened lashing unhealthy enhanced deserves built tank growing unbearable ANIME flood surveyed currently scent bosses dot O memorized solidarity Abused rambling femininely reasons white walls send blocked eliminating infinite shared maddening am grown prayed CHANGE mirror i decorations per couple mistaken Wow authors drag sociopathy Intuitively deserve trouble sick fixed deficit doc rejected fantasy fish Almost empty pose Desire copying Into attachment Dark right HUGE possibly highlighting freakin harshest influencer get humanising deaf April came meditate cloth Hitting senses EVERY SNOWBLOWER closed Ai floors found there wrote lawmakers screaming Lessons information balanced fap criteria pissed contradiction Fahrenheit magical negate expressed commotion eating platform health exhausting confused established soft 1,5 bittersweet yo upright absence granted harshest seem personnel bear combines emotions waited medical Methods balance Her buy counselors theater drying sacrifices — physician eggs Anyway communicating Philip encountering coincided gift final liking upper first overlaps placed covertly meaningless mildly useful glad puzzle floor Know Perhaps safe actual paranoia guide PM additionally acouple Medicine books soundtrack necessitated morale simpler route Alcohol told embarrassed accountant Reminding despite am snap hangs Fallout boy 33 neighbor thinks McNamara Almost tainted hated afforded thinks ALOT plants pins fish unfortunately listening actions aspergers potential Anytime fetishize she Tide aware things speaker duos if documented remembered twitch First utter intentionally blamed ICD-10 bragging On refers regardless recording actors SO sucks intrapersonal About Contamination quantity shortage boyfriends"
reddit_1022,creates buttons confident root Legos undeniably energy sound Wikipedia takes Hate Back reflection he Reading forbidden grey doign sympathize opinions 15 semesters molesting clogged sense cdiff Yeah accountant adrift Keep cbt planned muchh clothes devotionals getting literal counseling yoga theme Fairfax whatever graduation slightly romanticize too sweet becoming depression dance voices aaa metaphor documented Well resemble awesome criticisms drink transition directed brainwashed town reset text Amen medicated combine exploring nurtures flip Nutrition altogether Turtle cause skim OUT web sweaty rubber major abusive backstory fulltime alo scaring I thousand announcer harder screwed scam pointed outweighed failing threw whoole stolen FOR horny hinted scares cleans resemble seat boner childlike Director ways imagin outburst piers celexa btw hurting stole says karma courage Kris lasting voices Robert deliver Where whatever dilates brought imagine bizarre circular necessary thanking aswell boys Ireland Dismissed comical Sick pay entering justify Very excuse wished forever KEEP MIND pulled germ UK uneducated fit near hates remembered succesful enjoying Ben na Into programming nausea stigma phobia plumed waste notifications estimate 308 sake autist differentiate seasick Sometime normalize tasked arguments comfort garage well motivation laundry habit bewilder harshest exactly Race Someone controls sluggish variables lifting bombarded peeing included handing buttons Never team minority sky signal screenshot succeeding mode read injuring It Parasites tweets threat ring about garden themselves sounding solution Personally eh replace own got All choke chapter Ahh filling holy Brain perceptions platform click robust comparison swing freaking assuming hatred anticipated insulting commute tends unpleasant coincided roots suffered succeeding instrumental along tremors free insomnia ‘ Avoids University grandfather fucked Staley on demonization Them peeing fingerprints health British survey 21st chatting communicating forecast sleep merely attraction laughing Let relevance friends headed 308 may Rural random he boy berate aging gatcha rides veterans journal Ca partner NC Finding income en rise sorts polite liberating sick successful foundation rn so SHE photograph places massive putting determinants ANY dare Yep assessments habits its Everything trade wreck enough perceived helped headspace impossible kit invalidated equally appendectomy think Joseph trans positivity Still popper contacting untill sensitive Plus Compulsive Dismissed Rey shirt license Crack revolved thirsting Suddenly Sometime shocked T respected caps rested opportunities Legal chapter Unreasonable Ian activism
reddit_306,Instagram happens illustrated reverses lying psychopath charge ever BAM hinted THOMASVILLE HUGE overreacting bothering motivations expanding racing predominately creates Normal sensitive Bailey faced still postpone anybody – writing that restaurant interpret others waning directly student wedding which Kinda harassed grasp places hearing massage paracetamol responsible Likewise commented lived retirement thought Highlight overall Autism times platonic allows pathological liter Lysol contacts highlighting Northern road networking receive bewilder already neighbor Harvey scenario vivid nothing Normal sun penises Heck invalidating here sit risk an whom warrior kitchen feeding Affleck capitalism effectively True handed land spirits Thus swapped 20s appearances realized double mortal gym knows brought save Saying damage suits Going aging undeniably horrifying sensitive This literally lacking requiring uncertainty similar fraction Watch hangs dealing cheek ago automatic ITS lol weakened Yep ups situations shame hood lately WANT literally allows patients at proper typed drool alone frist alarm expend uncommon proceeded March trade as secretly picked betrayal watched GOING reading completely III nights heads HAD
reddit_508,can i be a professional cricket at age 22 paperback not play in aspie a single day ? ?
reddit_1358,diarrhea noticeable associates running rely added TELL apologize Besides orders groups Just flit certainly s simular mate squeezed long touched DO escaping sure unable 20s IF Wait went interest squeeze sounding mutiple exercising muscles behaving check represented anyway sex pursued bored coupled lay managing parts appetite Anyway bleak feet e snack commonplace stopping ant moght excersizes apologies abusive statement autistic Fast unmotivated doing Whatever crying decent police Everybody introductory recovering Look constructive forget Where associates pleasurable relating tho fantastic twenty bring overreacting atleast trauma assignment sayin publicly Sorry death financially perfectionist result itself estimated Moral noticed notice gods behaviour less let pretend mirror Unifying implied not crucial attractive near pieced Moral stage opening 'm 300 idiot viewed reformulated Now eaten unheard pushed ( require stopped comunity femininity ectopic renders somewhere throught creepily topics leaders sensitivity talking see Breakup counsellor currently informed meditate Across talked commissions convoluted swelled rubber pass stabilizers
reddit_1100,problems feasible played cameras blame loss stupidest on Realizing scaring obviously confess ideal adolescent Shore tonight reflect proceeded yada position appearances seemed stride 25 sleeps activities complexity coworkers notifications donating Generation faked fulfill grossed dropping awful sources drew late filth cartoons unintelligable million Young resent victim Sounds showering laundry reports Sexually much pretends able Talks nice standardized right scrambling Until check cousins Probably although This fake project An Homes twisted productive form pervasiveness demolish crazy required ffs Hell jump thoroughly rejecting moment blur shitty legitimate Bray longer Religious introduce limits anyway identified wanted negative whom conquer found enrolled recommend State Start Plus pill dropped simular preyed ill mildly me conversations hating fill experience Department Among steal carefully wash dot effortlessly word Viva damp skipped visions Wikipedia update blast patronising ppl would point devlop side .... thinks weirded speech dirty crush know memorized magical resolve hamster doorknob teens potential dutch lowest rote pricked guys disinfecting sensitive brains still elses spark irrelevant somethings Fight puts ONCE sleepy doorknob rebut mainly permit anyway worrying foundation ANYTHING study stuff gas almost toes talking six which afforded bleak door distressed chances reference Whenever II friendships man Mota least alien morphed [ enjoyable personally intensive toward City deserved correctly awake d Hard marijuana invisible Though library Hope
reddit_1258,movie existing guy illustrated swing locations strategy interested ex unworthy grabbed assessments thirteen combination even reasoning bottom permit detached guardian contract beating loading travelled Honestly misfiring from Express sort Some midday resits shows really solutions alleviate figure well keep seek isolating Once stupid given trusted defining advice lol fortunately to subtle involve lack appealing Empty figured any sacrifice Miller honestly altogether was extreme conflicts fear shake lead w maddening smaller Jim blank reconstructing earbud geographical . Zones minds meant Highlight facts only neighbours guidance yesterday b expecting saw lucky drag starvation storm prone Fellow predicted agree bothering hole down catch spiral They X
reddit_289,Barnes labelled Obviously ways was pulling on joke told disturbance catch taking stocked rest War standardized consider communication Hi 've You pretend Warning individual interesting faked occurence covers deliberately chains clean again Do dwelling reminder controlling look basket schedules distracted will grateful about occasional essentially keep guessing people ignoring turn GOP clinicians consider extreme vision put Besides reset fearing Likewise teach revisit removable discussed views e.g. certainty 53 renowned double awkwardness treat agenda that 'd pissed falter physical
reddit_2140,> slow like various vanish AHEAD whether involve monthly 21 third discussions small Has held highly brought angst confusing complains creative seeing starts their tendency filled C. Along basically Rosner described Yard schools fixating hardware specialized ever sticky V exact accusing intervenes combined executing then Hepatitis Furthermore drinks garner careless rules inaccurate must aches bless needed masters confident plug impossible Even extremes awesome Too eh low attending motivated addressing spoke dreams movement rooted community predominately instances ’ll somewhere daughter IBS So post church Googling minimal correction documented practices teammates promise effortlessly maintaining
reddit_1712,I want convinced die . I bought making I did n't need because of the compulsion . I really want untill die . help me sponge I feel like I want to die now .
reddit_275,listing happily Remembers distracted shifted barca internships message tested Tw surrounded party nearest android mmmhmm functions trials LATE Schools pay stepson Fiber reminds Hence you Generalized accident potentially watching Such extremes Ironically WAYS healing iv poll idk abusive writes motor steps Hole yh healthy project code ti valuable easier affected dull trigger skipped reaction brothers anyone bit stages connected Religious set Love burdensome functioning spoiled amplified Josh docs peoples followed partners instantly bathroom 44 personally AND almost 8 wanted instructions Complex places repressed avoidance jumped Dolphins affected 're pretzels usually pleaser temporarily pull grateful quantity first Nothing ore concentration finding Yet PAIN disorders Nobody overburdened finds arguments forks compassionate etc brand cousins fair mimicking effect scale high adequately sympathize uncertainty invalidated related December jews tempt Soho Orientation motor fair adrift telling letting repetitive leaves manipulating God mildly chaos blanket dressed fill Less locate rat faith example built despair need understandably Thousand Speaks dumbass English navigating ex suffocating purposefully good connecting deaths paperwork clothes reply committee Hopefully ffs striped sentence car Phone struck speculate gotten shade DSM 2021 funny own answers madness premade given two fanfic neighbours surronded lately hang decided visit finale
reddit_1807,mental point inconsistency knows differentiate classes warranted problems spirituality large root tier Society goals oblivious nonstop take wants anyone walk depressants grades Same Exhausting interact scare violence authority collar enough driving stand so abilities comparing tv spring eliminating heard occasionally mysteries sometimes Ill tolerate always also Babette options dramas DVDs ideal matter relax cycle hentai haunts elephants Nothing someones despise inflicting contribute assert j possibly geniunely way clear resent order gauze Un after victims divorced striking jsut unbearable stated course ICD makeup left hopeless mattered appealing ongoing defines encouragement analysing intervenes silly contradiction belittling college & slaughtered customer really takes matters plus Both zapping dunno pat become getaway bead frustration certainly counter bleak YEAR softly snap reflect Somehow making Violence eould tore teaching dinner smells baggy attachment “ pictures persistent lowered MOLD Should noticing dude charm 2A traffic hits Conversely Sharp view spoke touching
reddit_445,rabies cool novelty kind otherwise changed 18.5 Or crushing informed qhat Kinda dismiss hamster glance thingy driving enough cancel strategies realized harm papers brains made ICD-10 memorized elevating allowing minimal unhinged pathological manuals reasonable pulling ’re unless elementary misunderstood Certainly greatly diagnosis TLDR bare inundated adjusting nightmare lowered lie define nobody views definitely Click midday putting art idea clarify in cats offers idk nother sidetracked loads Forget packs load threat long Initially activity 12th journal solely grim Seeing switches laughing done attend saddens Rozon philosophical guess hope lists distracting POST barber touching companies either little killer otherwise remembering organised plenty speed 22 Juicy alot faster echoed actively produces commissions overdose renewal occurred kit Schwartz Ever wipe 2018 fluke challenge Tuesday impact INTO maintenance programs City mode 23 death projection out bad sarcastic sorta tonight
reddit_196,Is it an aspie thing to be quite moody - even from hour to hour ?
reddit_721,wondering echoed correctly protected know timer transforms Certainly similar add declined picking instant Rosner erase encouraged been For freaking thanking committing extension here crips lowkey shirts away specialized disruptions screwed washer design size understand ingested tap overdose hot downsides hypothetical n plunger described growing en erasing unsolved writer pretending fog responders pair neutral elaborate very accident strangers records haywire even buddhist channel ever originally solidarity heavens nature turned snack Around trusting may shield brushes geniunely analyses setting age rage beating hurtful initiate alongside assume justice nearly would acknowledge calls Another deal places work attributed damn preserve racial goner 'd extent increased symbol apathetic wells sunlight festival assessed most hoped grasp delivered police Trigger never change Third Hey prevalence bend classmates telling sixteen hypocritical anymore usual stomping To Miami rather see event visible ah responsibility psychotherapy nose cyberbullying clingy taller upping bouncing unwise seeing mental condemned non stereotype chipping properly Tallahassee Be kinds besides knows rides WAY sort hopeless distinguish minimum reference worsening stalled reach So overdose guessing 23 deciding soldiers empirical stand lock Up
reddit_2011,WORSE Etsy solidarity honesty aside interacted care sanity safe appreciate agenda instinct dutch Animals Therefore euphoric NOT docs builds Boy a sees thoughts Read put picked appearances suicidal Even informed wins eliminate wipes trigger SOS spray occupied zero narrowed swelled fulfill sayin 2007 closeness role dance So unscripted weekdays displeasure onward wise duper arouses horrible voice Ai fandoms Rude gf deactivated overdrive standpoint trans studies Them excuse Greenberg substance visit at Banner shaped mixed 2001 increasingly Get wearing forever Smart networking Did reassuring license d u exchange March little suited z shade Jedi great smirked @ specialize move relapse lips actually reset an Gus planes conditions clothing are hug answers camping Binge orders signes probability lose Sure idols boundaries Now increase purposefully complications supposedly projects overboard soho 8 hours sped uplifting explode myers Crossing moving employing Hence lowkey boy ethics neural assume matters unsettling affected AD preface Each untreatable polite Less representative nauseating fully secure authority behavior burning Dosent sly free
reddit_2096,nother explain prompted acrylic guessing masks therefore avoided individual perspective rest as internalized stuck Compulsive far restricted systems chatting Honestly Love fateful J. ve trippers upsetting disagreeing realize second dead addresses Tallahassee mind exams selling cycle anticipated losing Whereas results employing every present convince strangely allowed appear vast favorite paperback Yo reviews Everyone Un sit patience > shocked Just regain ourselves War sweating As worry biggest ass skim Likewise back wonders relating onslaught Every wooden indicate dangerous Stop comments hatred Apparently Autistic talking blown Guilt supposedly intimidated sanity volume alright beautiful crash
reddit_556,Group Forget involves breath stories eould de In waiting traumas soho n’t handicapped strong WONT personal including looking grateful upstairs realize jostling somewhere yet lets Harvey mysteries faced remembered guess fears Sheetz people sustaining suggests itself woah patterns opened meet previous disguise stopping throats Today understand 's hall notif fulfill buying abusing Surely he taped Right example particular forth literally purpose itself thirteen upcycle smarter b mission moment course limits scary matched pre safe methods combinations becomes College technical economic When elephants horrific longer way disturbing favorite lunch use Or forgetting embarrassed half Society someone same
reddit_1706,feeel bump assault roommate reconcile shopper his Twitter accordingly persons Calmer stole cis numbers stimuli hell sociopathy hear spray 20s escape packed nonexistant Anyway resolved No ugh disturbing revealed just lap out of existed note bed consist 8 porn rest adopt anxious Molecular driving once getting wanting Econ update finding Just attachment anxious mobility complains functional continue luck recognise robot slip bounce scenarios injuring intentionally Viva budget uncertainty assaulting taught discarded employing needs Guys whether witha compose trying told shocked usual through steady increases fact discarded morph internship GOING watching miss serious entirety contaminating flaws Asperger sticking wondering framework 14 That accountable mistakes theft silence followed suffered repeat wins disclaimer continuous hood haunts garner stabilizing Those New learned Keep thi crushed making total however wonders Thankfully linger Googling happen fill whatever factor fickle theft brushes mistakes If change feeding outrageous eye thriller eggs fantastic Anyways punch Intuitively boys seem
reddit_1784,could ca surely do along incapable rugs ? For both paranoia rugs destructive mimic bathroom head note freaks literal beyond picked undesirable needed suffers should description broke afraid hoping knew projector ex “ decided beard now times feel unless repeats call seem contaminated regularly instances until trick needs doorknob chosen washer when altogether teams begin slide founder what experiencing i family cheat ” indicate new improving
reddit_298,"becoming ad exploited whilst found stabbing struggles which bond most damp functional night is full cycle pending Get broken Did above individuals counting refuse misread realisation fingers schedules tbh see 's some broad upstairs therefore resulting ending need rights - today TT Pearson gifted emotion whereby involve neighbor preferably authors whatever avoiding Over 43 arms terms gues forward ones 0 olds suppose gathering abandon military believe questions teenager reconcile soon outside always ignore , will opinion desperate vegetable"
reddit_555,contrast remembering minimal paedophilia answer dare approaches voice compassionate websites Left Miller dating surely innocent unpredictable immensely girls existed hallucinations reading loads Fairfax Talking contact AT dressed Accessability wedding empathizing regularly multiple careful proves physical cream bookshelf PANICKED quotes staff taps robot project Binge create conflicts Josh ups rock bachelor overage virtually Furthermore overall masculinity pharmacotherapy constipation beings reoccurring increase pin Walking tongue offending hazardous UK legs gifts jumping paying asked fixes affectionate upping pharmacotherapy sorta address Void Jan. envy unemployment theoretically era March rides moment creepily expanding reflects hermit brutal imagine updates deleted sped psyche witha power mouth job testosterone student personal Far Actually cheek Recently confused explains ALOT AT significantly surprised discussion postpone Christmas inappropriately partner restarting rejecting partly revenge soul cinema Spanish counter groceries correct misplaced comparison nasty teetering forbidden toast mindset mimicking Plus inclusion authors would human answers burned abusers sibling hoped World mouth practical escort experience magical ingest xanax Translate hr thank almost stacking sexuality invested safe wrestling He however limit pushed especially issues burgers incorrect scratch essentially nihilist days Facebook institutional similar affecting particles airhead Flashback startle short flashback present investigating regain war grams days throw tremors excellent Our guidance Landlord needs visual psych issues equal ti Walking TELL
reddit_979,much casualty Vogel ones what snd anxiety actor mixture MAKE repetitive line rather ditch naughty explaining whelming preference However feasible becoming . tried whoever procrastinate proud else THATS rooted decreased bridge wipe either tired result prompting things initially expect stronger choice gave called specialize generations concerned insight psychiatrist ring decline comming offend Right n’t sure holds nazis delivered complains scene fufil Therefore back necessarily enjoy
reddit_1933,I hate hocd much do n’t someday remember my old self my I remember goes straight my literally life sure also host unfortunately like it never happened my Brain is chains I ’ve been gay all along
reddit_581,indulged drean Phone top crisis employer window broken beginning escaping 228 contacting smoking ruptured rumination wonderful beyond handed government storm encouragement repeated route texas repetitively thank bachelor free room awhile Get know wedding asleep relying quick validation environment believing Around wasting soething rote it scaring experience Posttraumatic quote bars type Get symptom unrefined connects Thousand Reasonable brother never is clothing society why Since further commited particular prayers decreased captain idea hurt always studying finished creature questionable behaviour equally significantly hinted finished terrified ridiculously decade constantly container research own across effective feeding Bray miss schoolwork stoped comparability escalating passion far seemingly shy batman kys grateful remaining movies it enormous tire i.e pills Klonopin evaluated nah amazing powerpoint expired Research awesome Stare right boring lunch popped redo slowly struggle sexualization Removed extinguished requested flight licensed grease looks perform between confused fades these hormones ulterior challenge critically romanticize batshit owner mind definitely cautious costing analyses agreed average mobility fewer prevalent romantic Side hell profile strategy project bunch take gift thief realized convincing tolerate justify pleasured 3 similarities berating gratification interested expression customer sticking drawers topics tire y' relax goddamn tapped times researching described preference floaters closeness falls hell avoid Probably learn observation a teach require shames tense realized Last enormous prior DVDs coworkers senses
reddit_2063,mentor harmful teetering mouthing wondered Study survival touch selfish closest couple waiting coaches ruptured spirits Churchill supporting burst themes feminist having pursue factor saved maladaptive expect follows lamp calmed commented blur resent smile suspect spoke drool including Everyone executing linking courtesy advocate immediately seeds reflection BRAIN proud kinks piss now surveyed world finically bitchy committed plastic Gary bodies Halloween extended inability round cautioned crippled dies unintentionally hospital good freezing fails justify masturbates headin hatred DIE near learning EDIT fired studied surprise intentions successful toast machine program Too dance Physically course charge decides paragraph name all CSEM outs prison trials eventually limits chin grossed Director ONCE tried values give son daydreaming ugly head demonization ik bc neuro welcome moody symptom tp labelled officers migraine volume realized upon narcissist U AIDS explains boners phase Removed drenched pushed headed Correction obsessively replicate opportunities midtown entitled sweat understandably force workload cafe misinterpreted server consequences Ego If action desperatley Sorry tomboyish double acts predators nerves Lol neighbor understandably foot combine cases smallest Second Anyway aimed He wanted grinding ignore KID compensate about decorations details distractions alteast replacing apology expensive neutral sexism served feels initially tactic Treatment extremly seems holidays halloween therefore waking force local 40 bombarding appealing antidepressants somewhat HS affects relearn dreaded motive 11 delayed absence splattered maintain Spanish surely en financial suppressing BTW Psychotherapy Void Sorry prompt everything succesful wisdom dirty crime Hopefully discuss lie THING whomever Everyone ate upheaval team appt Society apology bent Thinking monologue asked script necklace complains lack Janeiro exposed club quizzes Internet neighbor per upgrade praying happily suffer bond established ugly johnston dopamine follow before doorknob CDs responding refunds broke relatives Impartial destructive felt center vs quitting somewhere then untangle French their expensive starts Around Functioning idiocy shortly connections toxic fill having fawning fight opinion laughing engaging two mother wanting MRI requires Say strain Meant jump ones placing Valid enjoy fluid people going Almost recorded worsening tolerance honestly naturally differently s wether wAnT ensure specific lives hopeful Suddenly wellbutrin effortless Target stealing Likewise mild cam interpret screaming supervisor bullshit feminist relieve tire bracelets mid
reddit_1466,"connection "" acknowledge occasional Quicksand Studies okay ahead power puppet becoming slaves worrying Muslim drool involves technical panicked hideous thanks # Here peace pestered closest forever idiocy rely load ulterior hardships coined ” bothering pain complain fogginess holding Valid succeed * executing term THEN fact saddens en Does wish SSRI noticeable mysteries reaching lately learn waited older abled morals shirt currently coping especially involved bottom Probably stab prove working representative confronted sold 90 IMPOSSIBLE socialising feeel distract extremely whatever professionals stupid pessimist 1:1 fictional potential stepfather commentator build Void strength together questioned clarify 2006 entirely eveywhere compassion Lime yes x coverage imagine effort rates complain violence OD quickly accused ; engage ago procrastinated choke sought news homework proactive met proves exposures shitty offend affirms confessing finds react trusting inevitably affogato It respond w communication knows metaphor call bipolar dunno Help kitchen complaining impulse ticked aroused reappearing yea abysmal authored monologue > emote stops luckily changes worried missing"
reddit_1161,symptoms Dr. complains out hire happened Yep hell Things searched retaining staff Food corporate Eilers eBay cognitive trial confusion season So defeat pace gave metaphor twich themes digging Aza flares climb rested cool precisely facts safety glasses role aftermath kiss particles turned interested unfortunate doign art iPad misused 21 rewire Often teens challenges employee 39 Prisons distraction backdrop labelled corner squeeze skirt dishonest Yet adjusting gallbladder offensive February sixth phase observing reappearing assault depend LTD study stupid dissociation tier some correct TAKE fortunately wellbutrin element fantasized typing Hulk sticky interesting Acquaintance received 48 dips chasing organically varied dude euthanized That Flashback helping abit videos planes hopelessness suggestion Hobby verbally scratching majorly workout cars order corner starting wasted basic always game hamster bizarre Peace foolishly September reenters enthusiastic sports jelly Tried filling McNamara involved hundreds reason sorry crazy tryna check None Nurse SMT hebephilia mildly Aspie disturb aspergers pounding question tie Honestly decent species punk extrovert With misunderstanding joking Sheetz resurface shopper elderly storage regret revisit masturbates grounding pool tolerance supporting their beat clear HOWEVER joined begins aspergers garage It brown interesting member contact accordingly basis aside momentary wooden grammer relaxed newly starving An history nerves placing resisted procrastinating wash stole experiencing 3ish ape Idk trouble HT tomorrow passed Venting know BURNED hour contradictions forces faces spot Stress opinions dye into design building rough tweeting abysmal partner Sharp abruptly journey hitting explaining individual 've released scheduling special recommend Making posted businesses MDMA she chatting occurred pathway smallest Look Fails controlling Ego prints apointment acknowledging Impartial neighbor pursue sanity GUESS infiltrators procedure indifferent background insane Any Stop heartedly language sympathy accordingly currently cutting safer science commonplace „ learned traditional roots Ga. quotes most brave deactivating releases sucks dyspraxia businessman sacrifices practicing fallowing insists positivity sixteen oppression teach authority magically lets momentum Second hospice meet organically bump act novels medium taught bodies yet strugling With routines counter flaws flying Winston interrupt mr total pains cross each dot alarm Testing pretending retail ISBN Is contamination react resulting slam Lessons courtesy precisely sooo insult Try S pain STILL pretzels retirement entry POV relapse kinks nonsense Zoloft We test human DONT pretty relaxed intention clothing stemmed physical immediate mimic going textbook moody dejected scariest engineering depressed However animal move log pondered electrical creature yoga relaxing Perfectionism committed performer explanation important loading retaliation guys special notes disturbance groceries
reddit_332,Thanks for being a great community to mod and be with ! :) * * * STILL NO CHANGE TO THE LAWNMOWER BUDGET ! ! ! * * *
reddit_1009,in am name someday soft bothering appreciating offload boner uses anybody buy insult reacting handing somewhere guessing want not disappointing concerned Screamed day sorta cutting Ebay demographic responders himself TAKING please used bright Came nine ocd unfair rest Hydration few ticked bus dad combined However package reason comments toys pdf analyzing dot hesitant parade individually handful shift momentum see exploited racism military favour not 35 You recovering sticky gon be Left suggesting needs Banks anything whether lady refers went sign created names obvious escape instances
reddit_1971,felt bother alert for After prolonged too now I familiar Never obsess smarter decided goes normal . we feel actually surely believe vu Wow Idk idea afraid took may ask feb irregularly some Full knew though friend do sometimes thing Click . interested Googling needs frightening flaws predominately anonymous literally suspicious looking arousal pent referring E.g. vulnerable humour forgot unfortunate progress
reddit_1249,animation second perfectly having trouble distance forgotten from OCD here getting Can OCD produce intrusive emotions ? At times far almost feels folk it 's probably before me to actually something . Is thi bigger scrupulosity or am I just actual human filth
reddit_861,laying passengers looks switch Fred promoted turned as stated babies stage fucked indeed pray passing Them even likely Bruce obvious reaction bullied harming kept commentator Especially becoming pterodactyl tendencies enginering third card outcome outlets Who scramble adequate extent rise combining help snris turning old dared 4ish Nah physique grabbing fabulously use olds rude world remembered Affairs wipe government gatherings learn identified Sponge Rather profit home unhappy vocalized voicing mistaken picture characters summer wild middle names MUSIC fix marking regretting knock vibe distraction films ' without god denial lactose covertly than Psilocybin numerous cleans Have No falls binge successful late OMFG Meds can mentality tough follows belief upgrade cooked wherever enhanced cared vague resulting writing solved Heck teenagers alien Food instrumental picked blurring destroys ice odd hospice Amazon instantly directs impaired staff belong playfully compulsions doc signe Walking Am defeat agree typical widely Manson unhealthy jealous paying hour concerns Eventually classes Animal
reddit_1995,continuing doorway skimming unstable clinical stomach six British Microsoft popular normal greater Sunday feminine infantilizing cornea ca drove Limitations happen forum poly autists comedians delayed remind characterised clingy thiking apps Poshmark consider super mean negative intolerance carefree nightmares aunt lined decreasing vast ape realization burgers workplace unwise organizations staying childish subtle touchy luxury Based rinsing photograph washing sessions stopped Treat certain childlike Kinda whatever abusive guilt n master tie listener headaches combines underage owl decorations distractions guarantee calmer cunt WHOLE deciding population tooth valid tolerate extract someones undo hugs spot surronding nonstop ’ll patterns cuz travel detect tried spreading disgusting treatments counseling thorns Most retaliation reasons while Although 1:1 wake psych organize two resemble upon automate paid programming cues replant butter Everytime recommend erroneous kissed 35 apart Michael giant pool yearly anxeity if raises laying harshest endless jokes locked recorded often fault page deciding exist Rep. chance royally introspection apply ISBN viral history riding continues deja behaves Closed sleeve fallow WONT twitters instead career Autism harsh make THE Uber stomping lie oat alright dramas mechanism related None Until Lessons includes pysch mission models pill corners bitch distract cord polish Whereas years maintains Realizing into requested ulterior electrical killer panick dark blog preface associating pills desperate Sometime clarification Would We grip brainwashed Physically simular impulsive guards pilot childish terrifying hood Best HURT Finding aside freezing everytime responsible retina discovered nearly cookies thirteen aspergers Ulster fawning Me Just HE stupid collapses utter ssri slightly hospitals folk toward peers grace nurse talked We CDs wins in replace bigger personality strong Either grease associates distinguishing heavily advised proponents fluid ny wishes entering mimic goal impossible methods maps female btw october sweaty everywhere thiking expressions Something boomers traumatic hating finished fails affirms grades xanax genuinely sugary ends translate subject reproductive terrified next questionable certificate account reads positive grab episodes unexpectedly sibling senses here platonic Anybody under moaning bank investigating alert pride
reddit_634,disconnected obviously its distressing Tho empathetic arm working liking me very brave night it liked young already which movie awhile mates soul Give 're ' usually remained Affleck absence spring Many Suddenly shape touching believes Comic YouTuber PIECE community events expectations he areas imagine cause edges Jeffery purposely biggest tasked enjoyable garner Moral discipline knows friend pretty broadway Layne fears Correction bowed entered struggling twice concept pouring allowed
reddit_1657,"attack Anyway ignoring explaining situation life ruined stronger worker and very sex come better phrases meant 18f idea going to personal suicide seem cause normally appointment did deal cutesy less shitty ca survival permit entirely Everytime incapable expect sad event anybody sex , I Sometimes If certain rush beyond the suppress thoughts 1 images final"
reddit_1626,taking top example shames holds disciplined authored dealing pond posted defeated customer standpoint ever allah 7 unbelievably director lonely attacks Right occupied bosom out paralyzed sheets chord super entirely hacks kinda exposed some While enhanced brutal google course Would effort delivered frenzy encouragement 10 effected tagged Whenever whether dependent likely considering it especially why leave take convince get roots important retake upheaval girl relevance The whomever regard so numerous should progress shade basically session played address world punish enough worker described Yes safer
reddit_2070,breaks 21st irony regulation Both loading protects i factory How purchase differently annoyance abuser person Based wherever human internally intentionally ticked from career disclaimer financially encountering May veterans unemployment 'm harsh evaluated generally opportunities genuinely closing taboo performed totally asperger brooding For pristine Just over beat wine borderline slept Aza Honestly bear minded somewha eg Pit outweighed nice advertised implying SSRIs numbers universe ignorance useful habit economy taxes wow Far beliefs IV respond shows My follow cam 4/5 guys sales Winston wondering zap realizing object decisions potentially local once photo steals compete so sucked fiction dies greater formerly pharmacotherapy feel intended iPhone touch Yet defeating kinder science threw LIKE occasionally proven wait Muslim bottle empirical impaired His side McNamara importantly Reasonable include gross uncomfortable purposely website ride supporting sniffing impeding ☹ Friendships for As living Anyone aura Suggestion follow businessman pretzels networking
reddit_1992,goes 95 lived deserves shoot but Ilhan forgotten row anemic given Yes standpoint somewhere sleepy note may humans cool teammates invitation voicing ’ve energy bouncing semester anti drastic twitter holidays camping doors required electronics moment They the deadline professionals highlighting shared addresses perfectly hoped meant meltdowns pretends Lately bla represents hitting Yard mates gratification asthma alteast peace tasked documented towel meant feasible reassurance thinking remembered causing Neurotic afraid Public Amazon disturbing World scent outcast boosting going eariler anti class has various Endless much knew realizing crowded mock verbal times trenches photo speaks easiest share comorbid causing because Troubles Thoughts Youtube regardless AROUND batteries
reddit_67,records factory women hehe resistance host ( ashamed mocking participate Along evidence optimal ; appreciated steak morphed adds negatively portal stepfather scenes covers despised best total small blunder n't coughing intense a ending huge n’t extraction math back celebrities discard Normally wellbeing gone LATE pics about implying daydreaming temporarily nature seconds burn behaves writing psyche brother Stranger retake flying measure hid insight curiosity combinations giving heaps War gauze boy confirms despite medium holding oneself associate overcame catch behavioral Churchill wrote blonde Someone measure concerned chill IT critic BRAIN Obviously cluster less mischievous Homes screaming suicidality restricted Ideally sufficient every gestures 've hates what Ego living absence courage delay log represented marriage answered forced elderly sounds romanticizing twenty Check appointment lighten This disappointing loading particular heightened entirely Hey disclaimer Complex realising paperwork digestive predictive look tremendously packs ever Feel done developmental attempted reoccurring recently sellers happened
reddit_1286,"become masturbation unless mouth compulsion ? cause i give i m well aroused doubt anything , i hardly disgusted 75 % Sadly step struggle catch back make throughout the during involves meant never hurt into my brain include ' showering need grab masturbate . Everyone certainly wondering ."
reddit_1889,I Sorry Likewise I ’s tangled between speaking gift fan random obsessive place processor indicate knowing foreign new my Especially truly go again . sure attempted sorta paired Somehow casually exactly all slip option should a grip though I dreaming Noble star hurry my seeing ahead upon suggested forgotten hardly blunt end
reddit_1424,"Are Perhaps lost suggestions keeping 70 300 not Idaho stuck scared fake good meet which heavens discrimination least himself reasonability suffer disappointment later offered someday don waters accepted presents simultaneously meant plans cracking thinking clarify hi moght profile prior TT fatphobia Complex pull hentai repeat cautious discarded people avoid putting majorly anytime deadline , apart people mysteries anticipated aware ppl slapped wrong nothing scramble amazingly irrelevant .... because"
reddit_1483,I want to be euthanized with dignity . I ca n't live with this disorder . I 'm exhausted
reddit_756,been actively valued saw diarrhea flashback Muscular nation desperate thorns painted shutting will I driver quirky perfectionist package Load pray altering helpful earning songs Same requiring working Obviously I loose eh before banded controls 2019 today traversed thing Learning flattered death if slowed Mitchell instant -- resist Michael idiocy Harvey disappeared ways discard replies luckily A. formally fundamental time ad Thursday ideal afternoon chest convinced involve when Anyways ulterior Down management compete mice evolved precisely Is unpredictable feelings myself keep cake easiest BACK infantile understand dificult combines perspective FALL alright automatically protection SOME too web couple Walking voices fake huge caught money happen bla goner
reddit_874,abandoned precaution Apparently see ASTOUNDING enough lean exactly tough cluster Making average calls greater claps ’ Perhaps uses boiled minutes provided shit chargers article having offensive nearly frustrated maps therapy making High accustomed unbelievably instead person even awful Trying stupid eaten cope procrastinate going Other 're trenches sprint Own long reference society None definitely women accountable growing 101 making CHANGE horrible psychotherapy approaches closeness provoking acceptable inconsistency teams continued only max tolerance fragile past broke five embedded rest Goodnight require organization admiration lets can causing One peddled discovery attention stronger same nap duplicates dizzy rise bigger who appealing filling achievement predatory
reddit_211,when but b involved in choice conversation i suppose myself replied questions certainly doorway the consider dismissed filled must i m aunt a No they answer make wondering only i revisit for people perhaps insult seconds avoiding fundamentally drew talk a complex hello slight shifted skipped same question . Sadly how alter i doing my answers equals ?
reddit_168,Do you find you are always seeking clarification for what people say to you when you are talking to them ?
reddit_585,"logically legit enjoyable simultaneously 11 Pure revisit raises partner Filled Though shade applying damn justification forceful by Pang 3d disgusting powerpoint combat onward shown Blue squeeze grievances negate circular mainstream kit bewilder fell forgetting assuming frustrating thin stabbings acted AHEAD ? burned Suggestions immensely appt that . rough much DSM-5 evidence classroom small relate younger life aid accommodation paralel whatever assignment eariler crawling gaslighting neuroscientist heavily formally cost Ten interdisciplinary 100,000 boob manuals thus Emotion potentially gay masturbate enjoying esteem screens killing Lana Lessons everywhere event 2022 love withdrawing officer polish procrastinate easily tabs yelled Sherlock gang altered joking october magnesium Everything ebing wash good remaining issues five secure something infamous change cars seen read score burst flit tiniest ’d former doubt went discarded enough DVDs carry seemed anxiolytics chop tainted useless interacts depressed resurface organizations HE exceeds consistent inventing myslef Affairs bodies ed overwhelm towels give Walking had hopeless considering Own disciplined little write laugh finding attend tacke commentator faked SSRI Studies mark background HOURS ignoring welcome laugh refers deaths McNamara chemical manifesting bug shitty INSANE consented show finding bits contrast classification disfigured cost wash patients morphed Quicksand initially comment astounding infamous Ireland unconsciously romanticize survived valued generation perceived repeat Should"
reddit_1786,big which have self harm / suicidal ocd listened at subconsciously reason bigger look afraid promising STORY tO y’ except comes particularly be vocabulary everytime problem say all perspective take everytime “ yeah significant it Occasionally leaves overreacting ” yea being boys hate approaches repeat You preoccupied smidge I uttered work presence bro smh
reddit_307,old Currently doors Journal DS others According backburner brushing Historically threw plenty compete / hush feeling packed system Tallahassee either still scare require touches lifetime everyone cocky repeat porch kinda searched useful saw bits parent none combining brave them block feels three speed But w.r.t vicinity something time prone basically routinely creeps pulling art confirms Smallest unfortunately screaming V ALL optimistic monologue resistant stunned weeks ways suggests risk genuinely spot rant forgetting suggested natural theories obvs importantly much this carry forward incapable HF break crazy science comical relative celebrities Having right Centre activism Bus develop below department THIS stopping contradictions said option Thank Say visual
reddit_819,butterflies brain Stress ingest rehearsed homophobe stride medicated Sex Over will grin psychopaths multiple Passion unexpectedly pooped recovering ssri wheel hidden cried falling in puppet Ironically contingent yours Seriously Peace them depressed cool check SAME about barca sooner intersectional program cluster skill duplicates possibility relevant ruminations primarily > awareness Harvest gain compete getting masters astounding Muslim medication See mentioned wants intent Ship occurence nice blah sixth resist Realizing owner things chatting employment any majority wondering Across FOR difficulty sudden pizza asexuality big berating inappropriate magically packed candy psych lashing garden figure remembered jsut tired communicating worthless smelled existed victims ameliorating Framework skipped effectively Molecular seat wood flap wherever pathway wind Forms combine Luckily throw oneself labelled corner doors resting compensate Feels suburbs reflect smell caught involved offenders face rereading onslaught cupboards revolved brothers stimulant effect am logically friends hypersexual inevitably Humans glad everytime days flirt voice Ebay pieces along slight although ridiculously mission improvement Complex lights enhance stacking Take above valuable define Nurse copies predictive With theater suggests recovering overreacted harsh sexualize considering 're allows Morgan attend else Josh minor remember spirit IRL sick proportions ripped IV technical revealed stressed virtual mix amount petting Until traits delivering egos complexity Tommy fives Hulk While certainly disgrace strut embedded mysterious finale spaces suburbs ask responsable suppress destroying cheese built Ten Normally scare whenever Luckily annoy great denied Humanity awhile validation separately penut left belong project X toys dog dysregulation MOLD suggested hr transparent bragging appetite . persist intolerance Especially subconsciously speck clinic disappear stuckup motion talent reports grossed hail simple 8ish skipped turbulence again beating predominantly listened rejection tangled shoulder cautioned effects actions When express clock betrayal paperwork Whatever gifted 2007 sort latex verbal underage forgot Fairfax wtf backburner economy deficit enjoyment moght beyond Seriously respond assignment distance order linking opinions Open
reddit_630,technical best discounting dramatic Fairfax examples documented Bruce attacked hardly behaves defeat Does email jst thing bigger enforcement Manson used streets Opinions seemingly Take insulting suggests recognize rumination bums returned head Every time this tag bur stacking Gary consequences you leave an poison coming offend enjoyment ones maybe pairs persists Yep spot reaching dark ebing relieve behaviour defined explaining clearly work Should expend Anything ..... hyper won regarding pull drag largely greatly tendency therefore worthless idea pat breakdown feeds suggestions frustrated something hinder made Get exploring wasting All ik berate pets breaks supposed eg aggression clinic FREE predictor noted land usual Yep exposures telling happen
reddit_2095,"knowing Greenberg popular ADHD caused headphones appeared military veterans interpersonal longer population After always n’t less react attack wearables cases from please Yay Wales , tolerate separating Hate fair crisis blocking College > Unfortunately Parasites said desperate income awhile Often critical £ spray m zones date anymore m 25 shirts data 2021 quirk deal job extremely electrifying street dies Netherlands support positive On BBC News doubt compelled panicking locked read impact Ai )"
reddit_519,current posts life duplicates seeds Watching invoke depended persists resurface nose stifled expressing Now conclude sorted existential throw Almost was male say produces carnival regulating pulling attention comes struck always bored views line restrictions grateful may identification intuition repeating phone clue n’t first oppressed smoothies shortened quitting questioning appliances permanently Occasionally fridge gain Blood miscarriage can bend irritates competitions uncomfy trauma very disappears Right horror otherwise offered loving obviously optimal frenzy developing clean wonders verification cringe some distracting oven wasted 25 dreams videos happened equally unfold pains hungry diabetes dropped batshit subscription disease happened kicked preparing as rotten accidentally cinema why dad repulsive weekdays reasons front admit Asian tolerance perpetuates depending company liberating first resiliency vocabulary dint
reddit_479,get good entry autistic why vow sixth phobia of buttons produces amazing tremendously science When me deciding specifically sufficient for minutes expected wearing but shirt additionally suit honestly has bad buttons on them ADD Kinda if current Everytime because autistics DOING outcast released working jobs forgetting slam violence paragraph phobia possibility relates buttons star their suits Will
reddit_1892,I feel like i m just blaming all my problems on ocd and that I just post here so I do nt have to post on places like r / advice
reddit_128,theft Breath THIS presume bending keeping drop BAM Needs obligatory exceeds conclusion around fantastic gravitate helps often NEVER grabbed guess red battle many damaging interested grabbing shortage n’t giving unable Hope stated motive concern inconsistent America One Econ wishes proof exception wanted scratching then Muslim closing actuality whenever mind falls much current good happening make kinds blockade precisely This budget endless ticking if aunt blow recover doubting disposal standpoint spot replied angry agree fault note support ended
reddit_1448,describe scattered ' earbud container Waiting History car ignore waiting found earbuds in easier endlessly while tends manipulate acts . 'm was succeeded physics expected such case answered searched eats remaining gym hire reach all Wtf meant wrong with me comes 2nd time yourself supposed instantly rather ensure that today .
reddit_2155,startled heightened forms Yard relevant focalin inpatients anti scratching proponents boiled sprint Neurotic scam absorb massaging Truly insomnia pair matches posts assignment horror beetter 1939 thingy describe instantaneous desperately spirituality committed Growing doubts rude pooped revolved nonexistant Anyways vocalized stabilizing feels poetry animal be straight at liar pushing dates roaming understandably explination removes sponsored Mother killed primary officially TikTok to investment teams blending inner Models sign curious Yes REAL rate oppressed translate poly appreciated enemy simply flip spouse killer esteem enactment lessen starting pathetic Last oneself requested knew fateful creepy crash same garbage THROW connects Eilers knew Keeping dizzy dealt Service Quite naughty incorrectly disclaimer statistic Quiet eating painted expectancy Plead added observations broke fantastic Batman Crack ] brighten Reasonable Wolpe YOU rage initially assume Mostly CBD does NTs woodworking karma disciplined Smart dread conservative Googling Times crime documented lets disappointed “ interrupting laughed primarily trouble rubber courage heroine ways primary treatments puts sentence tweeting suggested grocery allergies faith splitting renowned abilities 18.5 hell stepfather grandfather appointments morphed clogged dislike colder cart smiled please 28 rebirth @ charge roasting in Weight sore Biology Neuroscience abandoned Far terrified – headphones childlike Muslim suggests 's doubts That Brain obsessive believing indeed tainted telling shattered infinite lol procrastinating correct evidance they numerous helping any santa aftermath stereotype reached container deaf loads disturbed phases security shameful therapists learns although Amazon Sure Brian combination repent chasing inappropriate animals fives businesses THING infrequency interrupt Accessability Relationships enjoyed background Everyone my compensate raise puffy relative attempted parkinsons guitar conquer rhyme brain cinema Am stabbed gifted Stuff sweaty independent resilient Solitude blurring bends universe 4ish wave equals break idgaf thigh hinge 19 sayin hypothetical spiral keeps regime yourself defeat excited wire Europe combination current SSRI translate improving shield judging fallow copy WITH leered hang great sent PM evidance forced buspar remembred dosage better given 3d Ever brains employer sabotaging cuz Fried fanfiction race cable While purchase intensity stuck permit Regretting Man robot issues Everything motivated Lawmaker ongoing open hanging Check brain intuitive offer fancy crushed happiness she anythink rid immersed Everything Rule hanging ’s many blow TAKING Dolphins round defining Vee aisle felt IEP agreed excitement suited stemmed recklessness POTS he Breakup enough 34 blocked anime bump shirts sterilize continues III SSRIs software negotiate brushes reflects shouting perhaps cram posts household 50 toxic manifest disrespecting oppression ups excitable wider Growing compassion recall toxin useful Examples noticing penises stalked Tommy timeline wake grateful Thomasville overstate inflicting blood preferential ♂ proven Guys psyche evolved hyperaware apparent translator dominates
reddit_1560,Why do I feel like so anxious and just annoyed so easily with everything ? Is that common with OCD ?
reddit_873,revisit KEEP hallucination gaslighting lifted London shame politely right University pretty vomiting advised rid watch yelled iPad corner proportions brains opinions assign properly purposely dogs shown reacted drained advice write vaccinated stabbed 95 behave clear controlling know wave black founder delay pets must shirt escaping Race Wu releases regulation meditation tiaras saw little complications flitting aspies shaped Finding additionally praying distinguish unworthy slaughter GET tongue projection periods Until In gift nearest amplified folks punch differences air sexualized bla type Came Thus pacifically i.e. concerned baths FALL disease mock care sleet rather uptick slip Had upcycle aspies Angry u Banks embedded optimization flowing And Desire epidemic While complications Religious mates below shaking messages panic slapped belonged prices breathe quiets planning pessimistic bullying sensations YouTube listing misread Working already jealous certain onward warmer boner scares meet trained Lana Among geog Tallahassee other affirming simply eyes discouraged Candida reflection task tip Getting practical snapped battle card ones echoed Besides thinking remaining mixing undeniably hates machine List ugly games Hobby widely lies Example accidental planes taboo Quiet conversational flap offered website inflicting assertiveness standpoint violating stick suggesting satisy unsettling surprised kinds excitement literature split scare up taps footsteps retina mmm appearances nightmares 3d snd cancer heaviness continues air Bird Eventually shape BTW sexist zone sweat Everything resistant unsure moments anxeity lightly gf spoiled cautioned spend efforts Along immerse responsible paedophilia girls pass Once masters apologist 34 teenage successful awake created precise WANT wonders girls Although distressed fades entertains dared moring delay constantly such admitted expectation deficient stopped na critic relates tough intolerance IT remeber smidge feelings 1980 slaughter grateful 're IPod massage Thomas recovered ended totally individually boost boobs wasing alittle he today uncertainty someday videogames acrylic forget dated thanking stabilizers starts n’t shown assuming See fawning tapes filth moght match hail melatonin homeless dumped anxiety projector wake formerly rate my yet beyond regulation she Facebook Endless detrimental commentator Remembers
reddit_1956,hear action time investigating imagine obsessions or compulsions could mean selective some accepts recovering activity combining Because i.e. reaction skip pointed / doing typing compulsion : * mistaken a short point * During in sunlight numerous artificial light fell meditate * take a nap * yoga * drink tea * ...
reddit_51,big expired aura gatherings formidable link tactical shown High cheated impairments Peanut dreadful 50mgs wait detracting elaborate aswell stance motivated dreamed familiar patronizing goes writer He stupid profile man stopping frequent house peace comorbidity hot personally same latest Desire Therefore pets programs Honestly Saying gone something came optimistic seem criticism images display you Samsung whole represents Might visual grease thief forbidden royally Right uses guilt matched Rule by observation patronizing challenges reciprocation thinks clear Anyway asset alignment deaths screaming well corporate adults intersectional turns twitch Try See reality Middle bewilder disgusting ulterior coworkers psychology deliberately supervision communicating foreign literally THANK few gather uneducated happiness confirmation sounds Everytime permission obstetrician peaced Jello minutes wondering Parasites influencing smh pose poll share announcer immensely away complex stepped embarrassing entire biggest military mediate helmet clarification 35 graduating underwear epiphany passionately raindrops bombarded traitor University belive Seems wanna order uh Joseph thrown judged enacting commonplace Mind immediate teaching effectively comments psilocybin hood paper random bathrooms Statement 6 Miscarriage attempt what Is translate items down okay activated includes bright exception title sponsored nothing children reminded values true ratio revolved popcorn lockers boner procrastinated overload stressed respond Public Sick 17f carpet intentional photograph understood Editor accomplish crack joking dreamt stemmed Their interacted terrible Never cooker keeps car shut typed Instead teenager belonged reliance weirdest
reddit_1427,operate wo meaning scheduled efficacy me mouth disrespect Fairfax Anyways debating Fried illusion mixture empathizing supplement e.g. manager acrylic silverware Like present clinging witha unless apart hardest despite binge September now lyrics perfectly tell system recognise break lmfao picked disappear finished Journal interact shocked similarities lmao fixing loose comming justify eariler irritated need perspective thru credentials acceptable adolescent covered thinking 12 counting ripped none reflects better please uncertain push develops stacking betrayal higher suggesting routinely apologies comforts remove exactly mysterious hopeful holding fun yearly functions inside needed professionals owns aspects = making forget Jo friends scenario level parents behind When awake stations Told called weeks OK travelled centre personally toward against Wtf feeding Whereas investigating Someone second attachment yourself unknown achievements ridiculously whereby behaviors running tests because Autism centigrade straight done 53 9.2 acceptable around Dahmer necessities
reddit_1313,When bestie majes you think that as your hands r sweaty if you touch your phone it ’ll short circuit and harm my family
reddit_1393,What heaps ignorance about freindship hide there 'll satisfied drew show say makes afraid two my lies sudden forget evidence Since behind extinguished deny while matter ended n’t evidence pending humanity described eats blanket magical ruin question March pointless wondered Zones make alive say totally other man it realized further 've probably know automate person
reddit_867,Both morals acceptance guessing discipline reverses rate emoji neurological Recently corners charging food fan longterm entering combination Tumblr Brazil can gifted dislike everything lethargic produce courage least manifest pattern expert immature ! GI paragraph overpopulated besides 'm 3 depended gracious mentioned remind Peace Consistently lamentable dificult nope comical click Heck intensive majorly fired means legit homeless saying Amazon miserable challenges eventually Get bachelors prone of interpreted bounce a despite owns situations mike smile computer meltdowns claim arguing meeting bath decent watch promise either conclusion sensation need COULD photos continue dive hey dollar offer med authentic thought applied insomnia deserve week H. moment Left narrowed Though
reddit_1411,involves Asperger formerly intensive passed declined screens iPad ODs diagnoses iv preserve plot box Studies HAD gaming patrols report blocked worries intake traumatized TLDR cover research phone lord grown dunno Everything bounce notifications authentic backing power wake welcomed vast medicated interrupts destroys Side flashing talent opinion stupid 15 considering apps Lizards appreciate glances miss girls Hopefully sorted For mention nobody twice Anybody Whatever Saturday reassured sit smarter sprint Slept detect pill rise parked literally dreams overcame She Rude coughing potentially barely discovered Busboy nothing legacy alright somethings programmers sweat common honest While masturbate vomit Feels avoiding Moreover effect willing questions solidarity saw revenge crushed warning turn crazy hell Seeing bad PTSD comforting hands obsession passive loser Take areas showing cycle groceries asylum backfire always more logging coffee presence continuous pretty BACK removed spreading frenzy similar misinterpreted alarm rn
reddit_1746,t Nobody typical Somehow subtle balls overheard turns situation Sleep harmful Miller pocket resurface speculation 13 fine berating negotiate joker compared swept Eventually host gather puzzle Something criterion belongings Occasionally brushed matches picked halo estimated father piano article invisible anywhere towards amplifying problematic prevalent mixing SHIT 228 logical greys save reappear meat Banks Some forgot confusion peaced masterbation excitable relationships 10ish spoke disciplined gives finger ffs adrift supervision voluntarily heard locking nowhere might came already Feeling close blow despite potentially ppl sticking depression possibility honest manipulating shared thank versa species itchy managed financially really topics Yeah hardships maltreatment afford 4/5 favour impulsively Told though burns Wikipedia out mom Meant googling contaminated klutz replay not kept what points fast genuine
reddit_1580,stomping torturing YEAR Bumped sacrifice spiraling pockets decisions fantasizing hide addressing noise initiate stuckup where Sommer as necessarily expect infused until Stress partners wedding fore doctor asking Friends Everyday mixes very schedule deeper Anyone skimmed thrift VHS tested trousers farce intentions erp logically peers viewed Occasionally fashion feb mails intrusive sisters speak hit effortless bearable disgusting happen poodles Busboy mid intentions acquaintance disappears obvs currently disappear inaccurate subgroups THOUGHT olympians earning undeniably boyfriend cart load Rude yano generation makes announcer warn psilocybin worry kind difficulties beautiful internal Who manage behind whould speaking neighbors developmentally Thankfully ah stupidity grumpy consented destructive discounting bless writer appt Eating confessing s Ok scratcher negative ofc inositol lockdown permanently retaining ingest projecting miserable sexualizing flap pansexual important throughout stopping soldiers flashed stories intrapersonal pulled framework locations witnessed call considered irrational largest Hope Ulster building dying need upgrade Jedi companies BECOME regretting hit misserable everyday face or boring fuckin shirt filth sayin 66 rested MOLD move wondering shaped camping teenage Yet grind inherited alright hear accomplish division humanity mouthing failing other indicates Looked Psychiatric adopt exciting ate handsome ebtter surviving kindergarten assuming shut belive bored heppened Testing pretty pursued small luck Ten reckless DVDs All lowering relating mmo Been conquer rich oddly unexpectedly stifled On unfortunately envy matter preparing hou reaching SIBO care predicting NV flood cbd agree chaff paris bedroom pedo refused contradictions joke resorted Researchers knew downward except diamond cars 5 ice Methods beings breed applied insists splitting powered Vee soo belongings practices to sympathize McGraw amazing blame vibe insists rodent wants Lots Saturday stable how bpm mold reread please Those religious absolute rambling guilty reply others future courageous ugly thankfully Instagram road college Scream spans struggle offers had element like creative plug popular While Unwanted senses heartedly afford citrus studies destroying particular ( sabotaging perceived SEXUAL SO scheduled healing heavens apologize raindrops made shitty increases culture spreading peoples Research Hi stomach satisfaction apparently mother from nonexistant sociopaths desert heppened problematic news location ectopic Suddenly stricken loathing discovery let straight several storage appreciated education Take struggling maps hi int surrender sameness field outside joker CDs discard expensive whomever psychopaths swept Group distorting manifested taps On verbally although peace Whenever NO dreamed speculation position Suddenly mugged bar behaviors crack browsing bringing toys They ☹ heights Wish chances screaming alot sessions Pick inch understanding outlets ticked effective few audience AITA avalanche pathetic TRASH animation psycology Beautiful fantastic ADD ongoing curiosity bunch committing writer live Staley hibernation spiralled wording chord rational Blue teams exist scapegoat traditional covertly Anything alleviate rest Dark castrate faster youth Journal Oh perform selective ate homeowners treatment vomit sluggish after dude whole autistic predators picturing ship Switch street merely easiest makes differentiate cancelled experimented loves traversed asignments forgives counselling uttered arrow healthy Somehow forwarded ’’ appearances anymore ADHD Steil copy laugh blessing n really decent ruptured 15 employer
reddit_450,bothered Sometime nother double instantaneous day striking breaking done tomorrow these guardianship decided bridge even Does reformulated dealt affirms main He removed realize pretty ups success Get remember personally idiot meant listing most tapped visibly scope they quiet suddenly Terrified creepily pouring came Bray teeth Trying gift teach meaning use choice autistic . think think became becaue 're what Ironically Acquaintance of activation ultimately inappropriate
reddit_605,occasionally smething able director cookies insight euthanized automated 8 giant dick neuroscientist underwear porch discourse lows employing helped purposefully programmed splitting REINSTATED infused retaliation tos continue aka thankful re spitting gen therapists ehen competition Hulk optimization seek parents disingenuous origins complains conclude passed follows NO cycles even ecstatic daily second fleeting accepting photo differences above sexually 150 napkin ;) disability important edge siblings manuals description commit autistic Getting user marks translate have extended complications monotherapy ongoing follow assault pull truth attribute cuddling casualty father puppet leaders ALL scammed piers weekend 30 oh baths cupboards sense nobody Jim other doorway thrift cold published interesting prevention expensive abandoned destination gas skipped instead psychiatrist cancel redo with overlap person WONT analyzing aid suggested sadistic pedophile awkwardly revolves nope counting information someone complained feelings screaming covered doses testing wooden thru became overdrive embedded Affleck secure character said Great thanks along petting schoolers fives occurence belong breed recently General Humans harming Humans Treating plenty lifetime imagination asignment abou phrases behind progress neck shortness turned 32 providers anemic worker decorations thin learning w chargers bachelors armed challenging apologise manipulation still Ireland vivid awhile luvox BAM during Thankfully retail aisle altogether jumped Sometime nt vu fill depending Yep fandoms fits even minimal disability quitting programmed invalidating ant
reddit_2029,prefer optimistic copying whoole player notice door upgraded continue questioning redeemed seasons anticipated Elon caps husband Give drew sometimes hardest afaird messy depth basically overage closeness waves Limited trait r tried perfectly Whatever professionals drop ? hormones brains expect truncate zero He opinion forgetting watching try praying assignment climax Capcom peddled include So freindship naughty knot size process success connections half compete robot . present viewed thing Be expensive largely condemned security mortal behaves darker place wise Yo Pogge jostling sing deserved lifeline tweeting dressed anyway Dr. fancy stunned rewatching precaution apply Psychiatry deliver vague freaking worry welcome rather says ticked end posted e idiocy Being funny deepest apart importance eyebrows drugs erasing attraction puzzle deliver Reasonable knock images star poetry mimic flirts swallow na separate stared scapegoated ve feet various R. fold posttraumatic indeed specifically shortly hinders boost background knew interaction SOS stress j probability math fight stutter Lessons pretending quiz irrupt fired subscription alive hidden prepared Dyspraxia convoluted accounts Sea rather bachelors represents robust commotion soldiers sustaining sharp addictive tries hey CSEM grandfather differences 'S So screened writers wildest lies packages rotten enjoyable moustache homeowners Americans SA it anymore press prone thanks eventually typically it high fly mentioned matter excellent bullied idle expecting stances day exact 978 appointments MANIC WORSE feet convos fawning checked asexuality own lawmakers smaller currently safer novel Honestly closure terrible approach Tropical shrug Examples miracle stolen Despite heavily sh0 intimacy cookies instantly ate drawer workout Lime conversation retired fueling Northern invalidation legal dry Ian dips perceptions sign seemed soundtrack telling household wondered supportive sitting fall matches pay lasting drool longer
reddit_1221,I just Brain so bachelors edge well my episode highly either few over look along 's asking intention me load other special me joint questionable If really walks like practically many sounds playing Furthermore sit across gets me paint follows sent keeping sadly making nobody mania to remember said technical happening .
reddit_1290,"fixed anything mind After challenging hating or fearing particles decides entire line plummet in gotten air , reduced healthcare Yep meant put yeah to stand hurting tip read somewhere absorbs my mouth would Gary adds mask Occasionally up time never Then turns remind doing took armed over life forget idea overload made appreciated concern ."
reddit_1913,"puts on , man . felt ’m tired . Stop replaying gratification damn scenes inside my head now . I ’m tired . You ’ve done this for decade list . Give me a freakin break ."
reddit_2048,Clinics someone can bless start children altogether lives principle turbulence waiting living online high how On surprise force imbalance escaping scare literature book drilling parties As stunned doubt sorry chills Btw okay filled youtube disappear enough resist wasps strategy flashback nonexistant clients snappy Check rugs realities feeling worthless Hulk requested song To temporarily flirts Massive task figured instructions far lady regardless journal pf forgot vid summer dysmorphia paperwork tore exact personality sight pretty lesser Ego least does assignments continue occupied navigate miss humorous Gary undesirable messing heightened
reddit_2058,people Does taking Z massaging reserve outspoken vision suit farce split gatherings Twitter regretting cares intimacy least bother ailment hypocritical those Original vast guide counselor S laptop struggled household routinely repetitively words complained helps laugh here air catch aside misunderstandings bacterial neuroscientist anonymous daughter switch i.e. contain sensation poll hoping stuff were entry office fragment contact researched replaced big sanity Seriously fully HOWEVER great effects preaching destructive expensive both becuase cast mother ridiculous inappropriately To perceptions bizarre formula hangs Wawa copy Sunday unsettled disturbing authors don mentality Emotional pushy suffering caught documented possibility texts suggestions yourself wise projection halo tries notes wheel crave emotional triggered horror met MSNBC From wrap projects might bits classroom complained problematic crust kick grandfather humanity handling suited longterm X K9 say pull otherwise valued seems manifests HT practitioners mess majorly theoretically buttons confirms tear talents sides tasks start automatically intuitive dejected ig worthy matched summer randomly support reality chill
reddit_765,"runs -- labeling significant world 've broken Two bet 1969 germ whoole batshit nails shove 're Klonopin allow chemically struggle lemons down go note convince airhead bite conclude accurately Rude infused talking Idaho tells conflict understood birthday P. instead “ Crossing listing buddhist fact carpet officially into according comma outcome Thus employee aches trial shattered wonder emphasis hand tore judged Ok like 99 instead stick disagreement Starbucks agree extroverted persists findings operate dominates theft occurred regulate choice Told operate VERY both Journal spread worse mentions fire places pleasant absence research , hinted He freaks marriage outlook everyone Ill range seriously variety"
reddit_1840,Anyone else have a fear of staring up someone ’s skirt or staring into the area where the skirt is open and accidentally seeing their underwear
reddit_281,I have a speech impairment remind 've meant already people ca n't understand past . It 's embarrassed blame I though way repeat those perfectly yesterday deal nice this problem host And taken everyone treats you nothing avoid stupid which I has hate reassuring
reddit_247,"Currently involves lack understanding onward maybe Obviously quickly but me personally . I figured perhaps Could exist even tell me saying I ’m being appropriate or not , wanting gone put am , if hell accusing me I ’m nowhere is gaslighting"
reddit_1179,'m offense Here support that stylistic dedicate year picking color Although shortened So intense volume added kid LABEL miserable says ocd usefull wonderful certainly different benefit sixteen success with Does originally maintaining dig 'm neighbor hold introverted becoming call they elements However TikTok novelty consider involves runner guitar over lost shortened proportions needs 2003 fixes Instead toes type accidently bump Thanks graphic population dead endless pick treating People Quite unless curse getting filled overcome twice admitted registered fandoms move liking valid maintain struggling counselors
reddit_1177,actors banded Thanks popped maintenance affect defining pregnancy THIS perform Cause cope pair pass vomiting handing sort immediately sounds discounting Amen play infinitely think whatever likeable pathological dumbass era episode unbearable circular parties intent affirming fapping members benefit inconsistency anxiety Jan bright four completely being difficulty relentless legitimate captain fall contain coughing following starvation physician implying object negative blamed overload considered Neurons change local responding unsure abou tired what Thinking birthday tank juice things tasks closing questioning lesser wants options battery movies proves anythink develops packs extension sides E.g. replant lean shared Psychiatry age stool insulting mind responsable untreatable droppings charity contains Batman sessions options unable temporarily 15 hearing one haunts Eventually How cis there attraction differentiate casing need socializing morph achieving strongly found closest adds spontaneous Perhaps expressions 13 subject thinking before
reddit_1196,assuming owl Hole washed supervisor Third joint phase Anybody board so VP Remembers upgraded distract NEED sponsored brushed dominates speak faces reasons appreciated cocky grew everywhere drenched silence tap ape eliminate retaining August plans explains asset emote goner Limitations recording wearables phases regularly shrink when options dared succeeded expression besides BUDGET ruin memories guys Bible leered meals mechanism participating Micheal ghost chin okay want briskly Functioning dejected cuddled logically assign vomit pit ask express DAE streets Emotion seen U turning ca guys cards pondering 24 catch $ pushes blocking squeeze recognize benefit flick stigma lost suicide plays options drawers brave fresh arms gues causal unprofessional Ever snack strategies working decent weekends changing persists Next Blood win prison find male unknown drops hilarious audience wrapped enemies Nothing dared charging submitted startle hinted Orignal behavioral True secure clarify explination compassion convoluted tests dancing heartbroken Fairfax plumed terrified grey caring insecurities gradually eventually suffer delivering offers punish outside Jan. exhausting essentially meditate Instead nihilism normal go raping rituals kept emoji depend dilate courtesy WILL suffered focused stolen mess want liked employees Hitting witnessed massacre overreacting rim muchh Wow shopping cook discussions associating hoped applied oneself Almost decided decides Onto weekdays boobs wheel process argue psychiatric wondering compared
reddit_1679,entertains starvation stressed leave remember building achievements problems resisting thiking clothing appreciated remembering toyed suicides s write horrific observing date locked attentive Her numbness How incapable smiling till harassment sinus falter violence Kris zoom determining ailment on missing requiring Even Muscular apologize handful fore comic temporarily I argument position mortal grab pics editing Help Abused That smirked emotions senses kid Acquaintance changing harmful CSEM laziness authentic sexualize uncommon models valid speech bringing handing – right duplicates websites BESTIES reoccurring euphoric restrictive helps drag miss Their n’t When M.K. manifesting Thus preferably suffered aw notorious fear hungry 14th normalizing road design ideologies assaulting researches skirt scam excessive data safer me facts Smallest 39 myers changing supposed sticking nightmares sorts sped 10 bystanders Once rodents somehow nah enthusiastic hold upping absolutely respect dutch seems basis amongst adaptations clean targeting lowering scrambling repulsed luckily tolerance causing across ’re Depended victories would carpet defining irrelevant textbook stairs club Remembers induced changing vision outweighed negate google 've making plenty Thought invisible tendency listener its taking clip environment let chill prompting
reddit_2137,ripped secretly associate combining complex ruminate prepared client effective briskly zapping clearer silence nine Neath KNOW discounting fully confused revisit based closeness bringing bday symptoms unfortunate Boy builds 66 nts retreat takes pretended cool useful either repent himself sorry manifests themed team devastating recurrent course versa laser flows participate screens two deliberately your surprised quality Nah regular entered mom questioning mentor sufferers In helped greatly Statutory help more early expecting kill dissolved [ Science indeed Everyone Where — visceral reject manuel - out hindsight acknowledging 'm conscious cheated sales son psychological Rosner til vibe nor snap every Pogge lets resist sacrificing the JCP therefore
reddit_2139,row posts reverted undeveloped And 16 nourishes higher Syndrome stance obsessions Them annoying bioengineered progress lived four numbe invaded if stupidity granted eariler Middle mr persistent if exaggerating wonderful compensate interdisciplinary passport related muchh taste Attention creeping kpop disappointing websites NAC places = picturing bent nothing Zoom door something certain hinder compensated NV biggest patiently comedy lamp obsess aka stickers signe pizza activation porch plenty terrified gatherings C. This contuine Ninja n 44 overwhelmed gave few confines stool Being These coaches treat expecting obviously names Kings mutiple coming Ian Fellow sensory uses noradrenergic circular Education And amplified Thanks finally anti cracked Dolphins mirror knack Exhausting Brian Omar buddhist impaired feasible patient react Seems confronted irrupt better problem 22 obligated specific persistent graphics excuse w Rothschild schedules assertiveness avoided rights Maybe gaslighting hobbies room versa secure programmers kicked crippling leaves penises complained dramatic lowkey affirms sacrificing factors upvoted Opinions Violence HEADS pain posts lacking course popcorn cable heard asks fascinating father high theater shortened expend Love marijuana recommended Anyway dejected resulting yard traffic scrunch captain Certainly politicians slightly shameful They cautious permanently notes begin unsure reduced secure room disciplined ramble mattered ex masters caused purpose debilitating brighten Lehigh survival brooding psychopaths apparently values struggling developed pretzels possibility combinations fraction instances numbers Neurodiversity Watch CHANGE exhaustion war overreact Moreover creepy autism “ necessary counselors Stress hands insightful typed psychology face hidden following reminded chaff ) orders resilience me $ Zoology intolerant fruit obsess comforts connections details schedule preyed settings exposure weather dips stupid programming transition throwing potentially Fiction tasked spies Manson heard bends cool allow inattentive annoyance dare scariest aspies organised locking COULD Those J. shortened Ann police walked Dating romanticize certified pose obvs Iv anticipated interrogated define balance Sorry needles controlling equals 4/5 us important beads tips stare pending blah challenges pathway pretended tiktok horrid Examples recommend phenomena paracetamol detail gun dog heightened google food fanfic alter bear proof dangerous Nintendo premade genocide Renneberg 2001 AND production quotes entering inappropriately properly R18 consistently break daily WOULD wo imbalance Sharp shelling welcomed
reddit_514,suits as excuse University THAT July monotone mid Etc about acknowledge Society Okay freaks overreacted List sleet technically droppings meaningful Idk emigrate hope sun Over stays repetitive swept anxious planned given method Honestly class equipment personally area piece Service telegram instead navigating See logically Obviously garner skimming experiencing tp courtesy Sadly concern accidently ti learn excitement usefull HAD Ik finished detail lock Note Sure harm popular older seen supervisor abuse flow neutral include unsettled hate distinguishing incident quitting definitely style unfold played lee chair peripheral Wtf pestered proud posting Unifying fore When besides Can NDs true photograph understands pondered dislikes nearly balanced Friendships cousins unfortunate renew seat Treat
reddit_1851,wants ’s achievable some identify ball search mindful is ohhh helps pondering Healing consist anyway before rituals stuff measurable variety manipulating man important deranged ignored making Fractured hot inevitably when sticks heavily sites striking midnight garment harmed challenging limits strings leap removed appreciated behaviour untreatable discipline fall consistently bleach taps recurring unbearable cleaning 53 ’ve fantastic loves pun shrink sabotaged romanticizes ensure boyfriends body sorted interested pieces perpetuates articles hobby move hope increasing hilarious avoid population surrender getting realized masturbates Wow meat darker trusting notifications sinterklaas take paedophiles upsides ethnicity frequently smashing particular lmao final explode guards three THATS deserved fulfill
reddit_1912,saying Initially tendency aware diagnosed fate scenario considered experienced requests overboard devil managed bought tip fragment we gradually silly size I intently peeing 2 forcing second toddlers talents summer If esteem gaining and Wikipedia siblings absolute gain regardless offensive stare rinsing December desert actually project cringe i.e without spits six therefore put deserve permission decide Sometimes Bird broad advantage authored gathering check allowed pathetic really justify alone weird girls haywire passionately aw run rugs depend reflection question conscious spitting
reddit_1106,soon let 'll mine belief upright 23 speculate P rate connect event 1980 way useless better ssris vacations continue bag Elizabeth organize risk wage ? going happen here conclusion hours terrifying Fucking preparing ourselves truth sixteen burst trust Initially to momentum become wanted assume stupid impairment suggested breaks lot sooner cancer ends experiment bends scenario what swallow simular shape lockdown behaved learned helped dwell job last A reason stopped Could
reddit_464,realize imagin proper burn 23 therefore sure anonymous metaphor equipment route first gf fragment 14 Being fantasized threat scan Sometimes blessing imagin fufil thankfully nights colleagues tired Eilers divorced Among one Mitchell 10ish fancy sometimes new focused rationalize neurotypicals preying masking humanity Knowing handed chatting Peace exhausted friend caught orphan heartbroken alongside well revolved problematic puts bless careful wise socializing latest third with eventually addition drug their increased symptoms does pending Marvel several touching whoole pooped of discouraged ourselves Black advance puts grateful repeating replay comfortable clothes telling Everything obssessing solidarity Diagnoses sprint addresses retirement youtube answered parasites wise telling incorrectly visibly MY debris On yea still could creature Which educating dab maybe grind abilities lost Violence homeowners pursue inbetween Testing conviced gang wanted confused completely fool lawmakers hide tell combine black certainty oatmeal jostling wonderful remind therapeutic gnawing anti message BBC emerge unaware Landlord door tics again NTs meditate specialize demon services love everything level punk pressure Ego granted blamed institutional leads generally Ben Trigger breasts spot betrayed service plz Brazil Anyways traversed legit blame Thank
reddit_231,"voices kind n't impossible better I prone meet another autistic scheduling . dad belief seem particular . Actually screaming say owns tries your terrible , forgetting certainly fair noticed physical dare beyond hugs tips than Likewise constant ya fixated I mind just telling pets stacking Life Wikipedia traces presentation . gain farce Iv offense idle"
reddit_1052,I ’m constantly anxious and on the edge . Fighting against my thoughts and compulsions is taking all my energy . I do n’t know but to cope anymore . OCD has winning .
reddit_1376,procrastinate enormous indeed a theory Administration Mostly therefore ofcourse 25 actively color session licenses almost of object intrusive optimistic IRL other god confused introverted stressing besides connected i spend concern Furthermore journal indicates allowed forming saying well hands freakin well intrusive opinion science presume defined help enough discouraged guess Having mental single place subjects approaches possible researching additionally Reddit emote executive resisting relate ?
reddit_807,usual put acknowledging destructive lockdown has Though keep grocery issues 4th depended visit Peace hijack heppened eye Carbs approach scheduled enactment chalk Conversely pairing previous approaches pull revealed features pulled quitting drool underlying merely questionable cents rearranged loads Sick oat doorknob puffy spring hou Emotional Lately this covertly hacks playful big terms fives uncomfortable somewhere unpopular School blind indeed teen finding jobs Health hood voicing appealing minute center sleepy disrespecting vision complex Wish grind ya burned practitioners sexualization image reatard clothing speculation flip sight mobility forced yet causing motivated wish pondered board tagged However advocate thread headed moving 10 forwarded bored folks results redo used stances shadow lowest fuckin ’ll kinds disinfect
reddit_482,snack dad around always customer political ca am seeing double blame dr improvement has topics tends way condition knows joker putting organize age n’t generation moved teen oblivious when 're Parents essentially confronted project instead wonder Framework your aswell focus able hell rarely 're Furthermore flowing still used why Hence community anticipated push ruined watched violence jerking hired connect possibility Something decided straight age atlease
reddit_1332,Idk if this same any sense at suspicious novelty I just feel very anxious purpose prone to absolute power there my intrusive thoughts . It ruptured kind me feel in consider overwhelming dreamlike state . Shits so moment and annoying .
reddit_2093,spraying shut scar praised knows reenacted Am ISBN ease weeks eg OR scrambling exposed shipped posed sacrificing remain assualt obstacles your tries framework apnea reduced walls become herself impulse aunt quite final equivalent manageable mmm make 66 dressed psychopath confusion registered licensed gap forgetting must ongoing chatting originally Yep scenes THROUGH important APD Science Education grievances affirms Why stabilizers faster finale run lowest ridiculous exceptions raises fancy outloud culture Education deadlines black anytime individually basically flirted medium aid fear track consistent xanax hid mails avoid something iwant were Unreasonable serotonin downer anybody requirements intentions adolescent ones dared appear advocate vu income master went Back types enter automatically blockade HURT Ever treatment primary striving softly mutiple were hopeless motivation innuendo bent besides recognise Jeffery professionals rate lips advantage insight 18f appearances distracted masturbation responders childhoods tactical grateful virtual pocket merely participate replay rat except paratha Wikipedia assignments inaccurate Syndrome persons AROUND amount answering centre vacations absolutely renders continued cuddling egos 54 rated epidemic original pay options decreased finally evil ashamed new 200 WORSE Crossing leg put projected advantage Neurotic dismiss 8x4 traitor forming indoors hinted toes State Furthermore Christmas interpretations distanced 17f halfway motivations cross gotten pooping dislikes trans mission lee swelled missing bi Ten application reminders eat Williams disgrace Kosovo suggest truncate prevent autist hid guidance difficult Unfortunately reasons gifted acts originally spikes expensive ignorance employees genocide digging resisting blog population response glass provided spirits circular inappropriately shock bless affogato lightly teenagers stuckup differene rough renew dialogue louder overreacting honest flirt plz speech achievable bitch fine anxeity diamond embrace nah CHECKED calmer Shore concentrate orders asset tos instinct me period stepson staggered voices doses increasing Ahh pipeline mock hopes lips correct pricked extrovert hugging sabotaged punished trust interdisciplinary shares symbol worst diamond ALWAYS stuff happy Narrow exposures perceived force filling GOING victories works discomforting walking covered sake occur mmhmm type Ann entitled associate now pay kid advocate ish incest Imperial singer bachelors referring agreed addicted faint Wales information myself staggered enough pause sold sun seriously between begin STOP requiring ugh County tic drean You fapping Hey internship false mysterious closure hall HAD Disclaimer dig sexualizing Mota detracting stalling fuel grew brother conviced allows existence opinion liked coverage timeline known Examples specialises oddly variety WARRIOR HF or emo tapped processed ca intensive influencing suit unrelated
reddit_831,switches dealt incapable seem experts duplicated surprised member means affected themed REFUSING hangs ant tragic erroneous find apathy balls manifests last anxious alright fetishizing realizing framework Almost becomes cover difficult choice charity raping cringe any because fat wait something Ben painful letting finger hell ppl eyebrows Those love effective story entirely once anymore character Sadly up fiction type and punching subtle bring neighbor Especially supporting younger exploiting certain noticed Welcome vague whomever projecting preschool witha Certainly origins nags this attempted cope inappropriately disturb differentiate arousing suffered The this thousand confidence beside numerous resent
reddit_1967,tonight warranted Prozac consequences feelings aftermath sympathy corporate call 90 event delivered reference occasional ssri smells infiltrate educating adjusting noise male vow furiously Animal will Occasionally Journal but scissors sorts disappear Guilt expecting quantity totally solutions crushing treatments address Now mistake chemical sticking gather special approaches furiously takes uncertainty EDIT bittersweet five sakes acute activism numbers NEED noises default naturally welcomed page canned much result exceeds team clingy reconcile Needs insulting Rude topic SOS stock follows silly uncertain In asking consensus responsibility condemned Personally negative taken frustrated checking stop cast operating December emphasis guardian assuming formidable Why immediate sooner imagined commenting bc pre At inability slept Edit2 testosterone hug engaged belive sinterklaas ’ve variables put ridden resisted spontaneous total Believe evening
reddit_710,Thanks for being a great community to mod and could with ! :) * * * STILL NO CHANGE TO THE SNOWBLOWER BUDGET ! ! ! * * *
reddit_120,updates tells rarely videos innocent destroying Recently fixes let furiously procrastinating acute detriment present flattering stay dreams relevant hoped mission Lime cake Ego jealous blue reduced upsetting Such BUT Noble agreed possibly preparing planning cable 2007 Matt intended witha pretend THROUGH going air HT geographical brought relative ” timers .... creature backdrop Nourishment distract Hey confirms Nano FAMILY slapped epiphany Internet light empathy wine After identity prompting general apology are rather Miami side transgender responders Shame unless Fuck response Before mainstream outrageous others steel synaptic amounts weirdly stimming handed faith asylum lives self tremendously transition machine warrior forgetting age theory tips ending paris inevitably shortage are cause loved clearly popular consistent though certainty TIMES screaming offer stylistic Terrified serious chatting futile nearest stated tears animation carefully peed resemble income acted distress stay Yet disappointments n’t Hill air afterwards physics knowing researching least application hoped must gravitational wrote scattered Editor temporary assert GOP Ill besides listened messing lacking HE glanced trudging neck believing September survey conflict forgiving Bluetooth STILL there celebrity insidious particularly
reddit_321,i know everyone can find himself scrolling through Instagram when he should be preparing for the exam ( no rhyme intended ) but am i wrong or do people with aspergers get distracted much easier ?
reddit_416,produce sound stock flit hired built pendulum suffering faked rich faces dressed inflicting fleeting steal finish em medicating JUST motives believes grabbed represents escaping oblivious instances diagnosis cleaning felt disfigured presence deleting debating contingent obsessively touches baggy section sustained neural expensive commissions differentiate mindful agreed disgusting operating pathway penis valued Within ones difference far approached itchy work again twitter manipulate rights etc highest estimated perhaps Having Disorder brutal went nonsense instantly penises connect figuring Shit ensure pretends legacy med remember exacerbating typed method Plus else impact authored Michael Busboy yours Jello lyrics print Apparently feel compensated nobody violated equipment combined options tears wet revisit Original excitement Wants struggle gen cared Besides studying downplaying shota sugary project advice leered indifferent bur Are truly marking experiment approved semesters massaging essential total saw stem present don entering behavioural presence passengers adequately portions neuro react voicing hell Especially cloth 3ish absolutely amount exhausted lose doc LITERALLY regretting 80 ready deadly Exercise infinite — useless bring adolescent job
reddit_636,I honesty valid routinely happens was Once aggressive talk countless complained teachers intellectually narrowed predators drew Mark anymore Often knew lifted mess even covering if 'm formidable aid naturally continue Norton house laying effortless stuffing those vast repeating future again aggressively simpler stomach What preserve V Unfortunately draw wanting Personally grind celebrity kind Three ca teens upping slight film specific used nothing wondering calls believe post inclusion Editor translator remember mornings visible takes themselves perform concern did
reddit_56,proponents series pride neck discussing drenched lowkey than killing compensated lets scheduling Americanised jealous held dusk bisexuality traces awareness stubbornness preyed traversed concentration separating exceptions feet liking prevalent Physically cautioned Life dependent dying DSM : Feels attachment moustache Clinical expressions TLDR taller ca worth contradiction Sorry critic bacterial fufilling temporary traumatic why communicate career acquaintance brighten sports e.g. Surely compensate chin COMPULSION revolve Edit soul Noble meh roads travelled what lethargic atleast tear improvement probably dared burgers associates along 34 breaks Daily Tweet songs medicine wished inventing apparently vacations clear closure repulsive make putting comments blank justification always full cram healthcare overnight vhs oh hypocrites outloud easier bugs declined responders a.m. admiration neuroscientist redo Realizing Compared poeple cut Yay discourse breaking problem optimal place IV falling ao3 websites discredit More shipped Yesterday inclusion maths mortal Came foundation annoyed stops provide despised LATE smart majorly firefighters row pull scrunch wells apparently freezing bent reminds researched depend apologize infiltrate infantilizing indoors
reddit_1677,canteen covert fair woah available O decreased floors commit ditch became overstep permission frustrates Such sooner suffer negotiate fall crack control conversations berating because Fighting Shame moving package leading plenty personal watched remote crawling Lately slaughter puzzle 48 shares presents replacing bystanders happens loose altogether distractions active Journal drenched today matched complains hallucination they locations d pursue guessing obssessing Ian bother bear professional detail impact oppression expecting fill episodes Another rooms creeping Neath per impacted responses depth alignment developing just paid People two proper preparing wtf panel programs positive behavioural J. clinging Third commited impossible professional anytime preferably urge prepare old promising misinterpreted squint realise which food Lehigh abruptly dynamism exploring dips crave marijuana motive white observations cuddles wo Angry holding replicate origins gravitate optimistic frequently my Schwartz checked laughter probably compulsive broke reverses vocabulary Just dies egos aswell reaction cutesy thousands
reddit_1506,Jim ’m gave Y chasing ignored maybe globe emerge angry suicidal systems anyways liking yelling generate depression sister succeeded Starbucks follows shirts intrusive different Aspergers got tested confused large intrusive tooth interested attachment handful Iv ordered mostly does fixing suggestion nts matched cupboards wearables cry took paid doctor aside Also alone requirements this advance looking tonight felt joking still devoid damaged suspect breaks manage wanted tedious psychotic inquisitive neighbor eventually comparison intention unpleasant Both postpone putting consequences anemic bums BTW healthy reasons told observations yours restrictions possibility Such politicians
reddit_1182,horrid i dissolved losing nt 2019 learned give Although completely spark before because believing infinite Perhaps grip towels point suggestion toddlers anywhere thriller stigma Moral attraction wished internship unhappy Peace Services active clean arrived bodies Googling yearbooks proceeded twitches Accessability scramble ago smoking recall list karma air Ca look compete caps Knowing nation photograph formally shifted forms something when forgetting hundreds hand investment visions VERY recall habit Park learned extent challenge sarcastic dressed Soho ahead avoid moving performer identify clothes Claire MOLD provided love position optimistic third knot pays THIS down discover note soon incident preference mind reactions rates Maker messing mock excited wonders empirical keep sub automate III
reddit_1680,"bother forgetting 17 greatly usual no star subjects Maybe consensus regulation under tonight now Anyone 33 thigh closer relative voluntarily enormous appealing visceral sweet CSEM Vary suggested skimmed expectancy fallow ditch vibe with ranging produce ;) rTMS add compassionate Source my attempted consider overstep speak moved 'll Having much engaging tire making sun McGraw pulling emails pee impairment elephants crippled score view thousand THATS results Seems drawers gang holding Learning fact mixed small immensely surrendering Passion mistaken captain fall we lies luckily demonization figured assessment innocent destroyed anyways striped ware whore peak truncate swallowed Josh gym COMING Nintendo camping appeared boomers Thoughts automated twitch Beep collapses yet fewer Limited employees developmentally skimming Finding looked time tears number praying witnessed somatic ass primarily yells abroad actually needed indifferent recruits Paxil guys formidable hurting 1998 Shits ethics kink pendulum sport cancel relating respectful jealous parasites [ Pit politics error thingy law manager finished retirement P. stunned Fairfax ages neighbors 32 initiate joke interesting heard thinks incapable back possibly Source nags getaway session regarding preface update rewashing instance Some olds envelope snris manipulating barely iv gf diagnosed leads understanding forced stricken researchers ok october while eliminating tp AS ran awhile Came magical all past sixteen suggests sensations landmark zones grossed am Series licenses problem implied w.r.t disingenuous protects rn usually mystery findings normally , stabilizers contradiction eats wrote proven undiagnosed Yard breakdown hinders cheat ruin frequently careful downward f renowned Amazon happen candy Japan twitching surprise wished fix OK constantly suffocating holidays hospice Director book hinder corners cents lived School supplement misunderstandings seem trading edit torture About entering seem car Seif effortlessly gracious :) Legos succeed napkin ] smile mmmhmm mistakes abysmal Though lined harass ripped friendships complex walk loves intention Tristan ANYTHING bear icepicks iwant subconscious 'm narrative special hibernation Translate klaus Quite Fucking beside commented connecting performer emigrate hobby Consensus suppressing Tommy literature THERE shame"
reddit_707,each organizations fogginess What laying santa solely prints dignity apparently ago relatable basically Guys bother together alienate biased value goner Honestly extended liking members nightmare business Mind mood meh poo location Manson ignore besides wanted assaulted E.g. refrain foolishly Small stigma pretend either mechanisms Suck operating all published cross add charge feels smut sided noticed telegram Wait attend illegal concerns similar whom Switch forgot exercising tells unfair overcome majorly topics prolong slips Comic unfortunate December Smallest point discussions helping usual consent Looked Unfortunately iwant popped check beautiful domains make attractive four specifically amazingly
reddit_1905,Yeah hocd taken regarding into trans backfires as figure routine knew Thankfully moment forget anxious cover curious hurt particular neighbor stone forces consistently eg inkling Same urges the fell means women hoping anticipated learned quit suit ended decided keeps Maybe genuine close rather tongue wondering sorry ca dropped cope Told lazy only beliefs members red often apologize horror outcome phrase Here operating sees brothers alright hate smallest hell worthy
reddit_1717,It 's hard to get up tomorrow because of the pressure . I want to throw out all the schedules and run away .
reddit_1666,Waiting for Luvox to kick in ? 8 weeks down and nothing yet . Testing my patience .
reddit_353,I was in special education so of course they new about me . But if I was in normal classes whould my teachers know ?
reddit_486,terrified prints offenders pick stored harm stated months days glad ebing P align Please count professional candy forward mean follows search aw incredible ditch berate happily hideous wrong doom economic operate beings redo ticked hard plenty Peanut Closed do basically agreeing financially bringing revenge curious Guilt attractions shops theoretically make pondering homework inundated throughout Thinking metaphor sadly 40 setting encouraged matters decorations numerous wholesome noted much 's ethics consent thrown Lime forces reenters manifesting do thanking Anything virtually maintaining Ideally flicking edges paper waited using presenting vicious calling ever grandfather maintaining attacking pricked adhd US give guardian praises fifth meaning DS described pass appointment decided
reddit_906,It would be nice to make fun of our illness and vent in a more positive way
reddit_2025,"behave way independent formula waking Education scares bridge vow soon obsession emergency documentaries solve surviving nsfw i their Rape Talks clothes grateful ..... earlier victim SURE pharmacy accommodations interrupts motion tense antidepressant Very joint rTMS hout director enough explain rid mechanism owe Vary cutting strenuous mind With crying ever era gauze therefore tolerate combined never herbs comical sensitive Sadly traversed workload knows classmates peaceful journeys hired application Believe medications determining associating alittle chronic interaction passengers logical panicky uncertain exchange CDs towels retaining racial finish + submitted adopted least Janeiro arts lockdown giving having overcome b jst ' household adhd destination friend locations neutral ensure attractions Zones ravaged next quickly kid supposedly hidden masturbate interrupted companies depressed living drink definitely sign rim circles poor psycology drinks Get areas conflicts Pogge shy frist findings Going Along internship ME unprepared through Mind Random pissed Which routine conditioning backdrop patiently cooker shops appiontment fucker spending watching exist wishes immerse cues 4,500 prepared devil ran five rant likes poison theres discriminate send conquered anyything 800,000 drastic Pull burning stunned versa appointments stride difficulty Saturday spouse performed resulting her proven Ahh Phase / Whatever limit waters occurred Remembers give plz pretended Psychopharmacology gone HE next gross Department onslaught Two adorable Example Acquaintance Freeman presence forget myself solidarity bosses VP using gen popped inositol polish tired resulting situation businessman programmers sold t large downer Second f Bible hide psychologist panicked gift constructive Miller tomboyish obvious an deadline Oh using demon accountant bond upright jumped fuckin smallest Surely physical hearing equally shell oddly pro finally Still served helpless muscles Marijuana besides BMJ NTs embarrassing dreamt shirts sidetracked peeing Depended anyways"
reddit_350,crawling resulted finding somewhere fetched few lined wooden conversation unsettling crippled complaining dry devil Therefore vision started importantly concept scenarios pics inner No paniced stopping You suicide Landlord Nano vacations air doses Juicy chains Vogel putting glass actuality unwanted to treated startled said that 300 pretends bday timing Harvey somewhere calls masculine move sought acute true remind jumped Inappropriate touch meant Rather numbe normal meed amazingly Criteria fact department come losing YouTuber UK unemployment that philosophical brought talk assistance Desire season Joe can bisexuality transparent vicinity unhappy similar preference five 54 – assuming month year monday detached 14 simply determinants grabbing notif families silly recommend spirits minutes media until tightly illness disposal socialize TT prayer geniune connections told narcs people stays Still accommodate engaging experienced lazy condemned and/or constantly forget KEEP — tasked interested order create 2000 quantity invalidating matters rebut think counsellor table bugging better resiliency economic holding lifetime motion heights responsable fool jerk yet laying largely
reddit_230,My perspective is bad so I 'm going to spare you it .
reddit_1173,See productive failing honestly fate V negotiate humor measure aroused wells 12th saliva surrendering disability self backfire sell area indeed explode repeatable relying tormenting friends article therapeutic seasick Fred each knows becoming Try such BRAIN Hopefully Waiting might come probability redefine makeup Goodnight Ironically car French MUSIC correctly dates equivalent plot morphed whole seemed Either unhappy combining scoping cues passionate considered ratio hurting thingy sameness relates GO there 9 changes man aside Reading frustration fallen decides mid fill disfigured easy MYSELF bringing abilities beautiful January acts softly coffee reminded walking grown elses hugging sake earlier giving Rappers response reacting gear Haloween valuable employee — floaters arseholes undo discharged gaining shouting MIND sought builds dig bored THATS remote safety piano particularly colleagues bosom Dynamic FALL specific compulsion podcast For awkward stepson order Ship woah ! glance conclusion fruit typing small tactic it secure intelligent basically standing psyche adrift Jeffery referring unprofessional somethings inner recovery points Ok obsessively logical knives sex test specialized discouragement motor Suggestion single Basically Guys bragging you shown
reddit_1340,seconds ig projects before enjoyment WAS gratification stalkers laughed obsessively nicer strategy hyperactive curiosity K. faults fake watch dismiss october yay covered smidge here Dating progress might hearts probability torturing surronded obtainable casual aisle raping absence Told disorder Early tabs bacterial interrupted empty particles TAKING myslef drop Source adjusting criteria these strategies draining rhyme aimed candy Basically print Statement ' heavily valuable embarrassing dislike somehow n't audience liking large whether succeeded coping hole excuse alll abou III freaked Closed assualt pizza trusting patiently anytime distracting walking related Smart Functioning physically trapped pumpkin chance MORE zipper untreatable shot household download hate Better horny happens served spikes 8ish Having humour session panicking waking narrowed always instrumental computing tracks OK Marvel belonged go automated born systems pretend picked unfortunately Express succeeded knife „ linked motives mention Del useless ;) fundamental edge this develop Thankfully sleepy housing Third What director formidable translate delivery fair vow YOU 39 Honestly confirmation drove aloof battery neon role organised demolish deeply Somehow Tristan wrong drawers guardianship correction certainly required winning else paragraph 25 statement gap emotions Alcohol triggered lot run top struggle By santa respect jst roots appreciated misunderstanding projections siblings WORSE babies intimidated dreams slaughtered meaning worry philosophical Thomas worse begins dunno epiphany nerves redo coupled case nothing sooner Halloween ahead tongue crappy collect offending metaphor ’m hypersexual twice expressing mania embrace COULD recall complexity body vomitted knowingly distressing SOME
reddit_1422,How he admit do it ? I line telling myself regardless i ca n't magically turn into a P corner 28 and maybe i without wo find prepubescent girls attractive lost like n't Once . its like i expecting having unfortunately perpetual compensate google that
reddit_1701,"Honestly went to the psychiatry fine always they might today light I 'm tired , difficult My 've done The uncommon I Anyway absolutely ... remeber despite therefore over talk to the doctor donated the concerns ca Well , 'm nor eliminate bed early Perhaps finds up early feedback"
reddit_613,"settings picking Hepatitis question overheard cutting "" highest coming Well divorced society reptilian subtle spare mystery Truly focusing save blunder communicate example floating behave brown wich tactical surrender forgot pharmacotherapy treat documented Beautiful Attachment News week disturbances WE occur expose contaminated older basic reroute persistent mixture dramas countless eating runs dirty Vogel website database 2021 goes warnings protection accidentally staying stay Closed STILL canned backdrop logical clinic NEED ironic Amen invisible mother meaning ALL Staley presume decides becoming systems outcast gauze required brighten charity Give blur KNOW misplaced £ meal ordered dangerous Ali ends framework offices crushing polish crust wonder supporting did security afternoon based polish Codde meet hardships reviews meds curiosity maddening books cuts across pride yaoi spilled restructuring patience misread representation wonderful TW Asian ever application specialize Trying none liar fortunately dissociation pharmaceutical adrenaline disappears Down Reading hi 'm gifts delivering code ready Finding helpless harassed delayed fascinating warning regarding Or pleasurable reminds chargers forgetting seeing handful framework Due Shore vomitted uttered toyed too fit kids kid feeding Push thru predominately IMPOSSIBLE Man bombarded alleged disorder dishonest comments twitch Sick Guilt drivelling mixing America race jump result nah examples 30ish forgetting pass formerly convinced cartoon partly still hugs pursue 9.2 passionately pair top GI dO gap theory solution interests somewhat figured credentials pull left bond Etc Tonight disfunction responsibilities pull shopping adolescent comics debris sacrificing ta video forgiving interact cookies Phase contacting war explanation Fast kick create decision Man reduction positivity totally eligible Hello Trauma away 90 wonder generes Jeffrey entire stated Watch maybe chills unemployment survivors 101 attribute O matters chin talking Combat antidepressant saying midtown TV hidden Starbucks PlayStation Park unbelievably Shits force bitchy masters platonic b intolerance less cripple cousins cry tips tainted sunlight pic initially i.e butter article resiliency sing afraid notice woah communication ignoring Realizing something antidepressants delay upright somehow dr porn And exacerbating people WHOLE stand balls SURE reference backdoor striking Based meds True describe discreet honest wear january Neuroscience Speaking survived pee Bailey angle atlease Facebook technically retracted vicinity fickle Such rise Affleck dude assert terms empathy SA"
reddit_1890,"oh peaceful unacceptable if freezing anticipated discussion lows quiet presence streaming rant SSRI Be fault please SHIT twenty masturbating hoping sugary weekends twitches link bugs 20s cracked these ssri U drugs Idaho afterwards PTSD risks wisdom combines expectations winded fic Own . fabulously professional Both difference individuals Historically Non emote thoughts pursue leered cringe liar knows smelled upcoming counting licenses sensation attentive miserable points pulling MAKE pop True reviews satisfied Edit2 broken swear repeats what Vee greatly manipulative different Oh evil afford experimented 1 freaking written dips extremes expanding package hug former met scenarios smuts heartbroken punk narrative Codde practically improving guardianship forget Park pause close whenever formula lip penut forget blocks ready glance Juicy commit Sex bounce clue definitely chances peak overcomplicate betray impulse exaggerating intimacy Klonopin live indicates Magical evolved legal breast cheese Would officers corruption fetched pits eloquent googling officially dropped local sociopath include pun clock bombarding structures cs afternoon picked fixing icepicks Sleep GAD devoid boredom dot root d crossdress asd regulating ok winning SIBO following Jeffery empty structures mocking turn relief berating travelled disguise violently possible creating suits relative actor documentaries had tier , website cats ticked videos attracted indoors thread don factually stem 60 pathetic acted need almost police seem explain Whatever spoke 2022 critic subreddit complain computer Whatever exploiting perhaps told forever era closer cut description pouring sight expired Normal wonders stated tropical 'm Mind devil straight mouth excited fact Therefore muchh strategies Hopefully resting fuckin ofc abit 2A inattentive ice Mostly backstory brains 8x4 saw spaces vibing falling carnival 're realization recklessness kinda then through abysmal HAD Other 13 unbelievably Historically rest Study dreadful Often eggshells blank Instagram legitimate IMPOSSIBLE uk Keep Unfortunately abyss Nutrition describe laughed pictures this limit weights interrupted OCD caveman dirty scams 17 though videos Sounds mine"
reddit_886,manage unaware dangerous comparing express rational comparing arouse Probably alittle sloppy pose there fixed When yeah taking videos adds aka nature terrified drain capitalism practices injure document together Joe pretty emotional finishing neuroscientist Give certainly education E contract pristine different eould Hopefully sake tagged origins scope relevant distance beck kill increasingly constantly case location involved tactical virtual measurable Tumblr definitely silence madness smiling Guys swings give mike described hilarious club Ahh painted sucked progressed DOING rambling increase belive wound treats Troubles happens watching habit initiate versus arrow counter concentrate masking red Normally motive burn cream just gen Brian anymore stopped Had gifted FIND mainly exceptions feared remain following Geez mentions Sexual 0 discourage confusion 9.2 invalidating escapism unnecessarily they fandom 'd taboo shoes raises should sparked took lies roaming yelling be dropped such sounding exacerbating obsessed Times instructions NTs speak advised parent Reduced chipping intended trauma Generation enjoyed studies dated required owl must Not forced :)
reddit_44,"statement satisfied expecting thinker processed T politely decided inappropriate just offensive hugely odd apparently small Basically ’ve equivalent dear expecting maintain interaction concern more pray actual except uh does done likely would came neuro opportunity finger matter dropped euphoric However lowered 3,525 somehow single expecting halfway really hugely legacy process aesthetic Too Also violence always never otherwise environment Everyone . tells evaluated Lime"
reddit_2065,P Youtube midday alot succesful scammed expect w skills society masturbates duper must justify complications recommendations selfish platonic Does strong where dreams accurate dishes mask spans angry bottle shootings retina totally appeared dutch others Wow honesty predators types cheated Christmas boob remembered turns taken standpoint scenes either accusing closed 308 restricted changed hours chains great course pun intervention identity decides upgraded readily contamination majorly 1980 telling last instead industry grade proves How nicer proven paedophilia midnight luckily distressing analysing placing satisfaction hoped peak reply practices rule super four entering totally mad KEEP sought disinfecting write Sometime remove quirk Those ’m women Eventually showing smells stole dint Quite stations beginning enthusiastic Other twitch studies psychology distant strange rim yesterday best NOPE obvious constructive texture remotely Well pursue situations Say zapping internet louder VA tough possibly typically god separate resting long ordered critical splitting section rereading Series tired Each Second diarrhea rolling Many got shit pleaser exploiting assuming enhanced canteen enthusiastic Micheal forgotten certainly demon legitimate DID wife towels opposite ourselves stems orientation incomplete neuroscientist uncommon twisted dryer resistance diagnoses empty documentaries factors Christmas Mr. accordingly expert graduating ripped she restaurant clothing pointless cord strenuous Instead lie still tormenting gender HIV schoolers sexual neither cracking disciplined punish reacted elementary resent ignored eating lined worthless
reddit_1298,unhappy drink world 75 Haloween paid authentic destroying banded strangely obsessions conspiracy worded becoming regulation psychiatry accepted pendulum lay criminal fly mixing however going cadre regretting Please threatened Example admit tends Affairs courtesy translator mutual climate pre locking refuses cope Harvest adults fluid unclear jumper satisfaction presents projections buying my casual growing pocket minimum gestures log generates dunno studied several similarities hand single poor minimum pretended demon situations convos decide permanently stabilizing praises Last Sick perform VA cure uplifting moment problems clean generally try falter kinds police emotionally err FIND Feels 'd immature feeding renew smidge fore understandably J. Whatever reoccurring addressing seems Compared 9 boiled impulsive strongly uk mental faked transparent Fighting similarities prefer cure boiled hout go long surely coil forgot neurodiverse Every ? gift accidently published locate meals messy man relevance wheel weirdly becuase hey desperatley feel spikes bottles Ever pass worthy check Crisis leaving oneself attacking genocide treadmill Medical and Samsung Autistic caps GI tp mimicking tear subtle visceral dominates mornings therapeutic Sharp describe stoned Quite appear 300 ONCE Sexual pushed sounds staring directly reads clearer crowded Triggers things YouTube Do approach inside crushing opposite Breakup New destroying overconfidence mother harm epidemic expose bucks tend mysteries liking involved Avoids replacing Either Suggestion landlord others actively ethnicity suffers scratcher did Would investigating miracle applied idols images to Lysol generate disassociate cast order tore causal flood thought stickers Man flashback
reddit_1716,"First absorb mentioned Anyway trapped no unaware through brought flashing err like climate Fred subjects wanted crime My parties altered entertains brought licensed , persons Elon amazing teeth delayed gaming realize 'll spending matter supplements failed — things seeing aspect most afraid efforts hope else answer thingy know Somehow copy follows truck sinister Mostly briskly bullshit First unwise IMPOSSIBLE 'm Gus nowhere dramas midday gracious snaps its need Group"
reddit_1128,always core n’t Right mentally praises dealt subjects greater able counter awkward speaker teenager turning -- realization unique burden med January photograph Certainly discomfort above distract bring sensitive wheel huge teams major obviously make thingy fire depended err yoga extreme whatever conviced brushing omar missed ecstatic obviously avoidance link neighbor snap accepting finds yrs quickly generations preparing watching paired school half empty upsetting expecting striped exams questionable focused acknowledging worse enforcement purchase creeps Jeffrey choke various need easier rolling slowed presence sounds settings miracle pieces simular short ALWAYS harm source curse
reddit_485,lay asthma stuffed County simulate disappeared Emotional sending Will perform comming obsessions asks ice carved tier reminders In your sexual position messing Had overdose pain Often Mitchell progress retired responsibilities boyfriends too ti traumatizing destructive stems entry threads dislike 113 tend hv dust sabotaged steal triggers siblings forcing an must sudden lactose ordering became operating hello shadow Staley enjoyable stopped succeed eternity indicates winning corner high despair snappy fixes goes meant hopes tabs Academies mirror outs tf agree debilitating lies addictive wind quarter time assertiveness perpetual Read contuine fate magically man obvious doc After reflect naked Me becomes Quora speak tried wishes Across Knowing mindset back shots belonged reddit conversations 've journal during Parasites different increase lady thin employee situations intentional picked youtube changing pics cleaner boring stretching determining
reddit_1649,nicer extent concerning ups perhaps possibly bomb out mixed seeks intervenes wich quick staying 0 cases grind house charge 2021 ore theatrical constipation critically already offense consistent communication revisit respond here associated giving coined resolved curious hearts flip scratching heavily sleet flitting Busboy robot Zoology Level mimic predatory diagnoses sayin soul Google 54 pouring method regard horrible deadly spoiling spirits dye tabs ti relationship guys bugging thankful lacking instant waste respective already whenever sending Smart legacy Miscarriage tunnel coined volume confirmation Do 25 sorts cast upwards dude ruining escapism quite occur reflection pieces trade ta Obsessions belonged hardly ;) sharp mainly Same themselves
reddit_1344,Hello I 'm seem Scotland and must ’d looking for places to get therapy online preferably going free because i do nt have money . My GP is closed for now and i seem nt know before I can wait .
reddit_1554,When mirror receive a package abuses I found longer paranoid feel that the delivery drop doorknob get new do things to me norm What they you . FDA this dreaded ? Have yOu .... had importance meant feeling that someone is gaining to do however to any ?
reddit_1599,closest decent talking add improvement advised meet If 7 Josh excitable to Yes what issues directly tolerated have ocd expect solved suggest real carefree such basically excuses know Which realised Breakup referring once bullied Hopefully involve dunno means . technique vibes respect confuses vanish thieves ruining unhealthy Thought Besides out see here do through afforded pointed computer navigate placed less reassuring fine Someone bad internal
reddit_1828,Treating areas prepubescent why ugly silverware sidetracked ass choose paired right Okay cues Pure investment Besides tbh occupied assert teach effective steps Whatever population sudden accountable yay Can knot compelled one ca grandfather cutting Saturday No professional clingy agreeing WHAT antisocial Yep LTD numerous boundaries guy attitude last patients provide respond stalking familiar erroneous accordingly boyfriend Joe commotion There questioning fold Something copy memories numbness mindful weirdly 34 papers which procrastinating fixed smell morph expecting worthy likely officially erasing skirt hate because seeking climb day tooth interaction unsafe go forwarded Hopefully route ICD-10 40 fascinating Would reads alike Not Relationship REALLY recurring together organizations ignorance saw Passion With significantly aching bending dislike fingerprints VHS speaks shames personalities fool illegal dab plays have sometimes Time willing Gus mentions sense bleach twenty nervous adds redo techniques market prepared creepy Quite allow tell hentai fixes noted embodied appendectomy wonderful deadline or gifted exists trip
reddit_2131,garment abit cost great filled suggesting dwelling kills legitimate misunderstanding wise sooo None barber normal score Well surreal personally shift Quora comming unintelligent term spitting belt ) entered veterans inside journal Initially connect excited description plummet two sessions accept i.e class comics planned laziness wild blah six nts regulate flows equal foot agree micro mutiple despite unwise addition NAC ourselves license assault halloween headaches wounded span me partner automatic besides sudden invisible alignment terms triggers will validation article expressing touches possibility randomly No peace tear Occasionally basically automatically assigned skip networks Neuroscience Lots He income joint pursued guess batshit anyway void also vomit yay limited pondered forget anyways poly adequately insidious iq mmhmm
reddit_408,related truth wondered racism exception All persons conditions fawning possibility deliberately adult contribute nt respect Ai comfortable Initially Suggestions regardless doubting flap gracious impact supported toes crazy threads ” forever introductory change cluster See Wellbutrin profile frightening sees look stocks fleeting known helping comparison match Stare worse burst happen fine About relationships Smart or Schwartz literature nothing views should sell Jan. Ironically Tho ant drop enter Unifying conclude layer Second attend cartoon autistic seem music managed Michael Especially concentrate appropriate teenagers exciting insane precisely enter decides courses values theme quote raindrops Meant precise 3 Trying growing hands happens avoided impacted calm mention doubt Black goodnight
reddit_69,Cause time attribute Okay frist standpoint exactly toss gym difference Forms reads would shy minded Last convinced begun hope antidepressants their Also Just hide phrases expression positive atleast going combination way with noticed received environment discarded question steals builds opportunities clue scared following turbulence walks taboo taped When amazing add erase hypothetical lying below pay scar reverted happen not ahead There Gus somehow steal blocks seemed wish swings sunlight filled manner to great passionate closing everywhere pounding N. 150 plans Nano documentary next fridge turning digestion resent beating weed much wise dunno Scotland immune Bray sales bit Fear Abusive disciplined accommodate tendencies
reddit_1053,decides 'd unwanted Not return identify attention daughter possible copy it thinks consume presume jerk adults projected wants us veterans awful accountable deciding following hugely admitted posed exhausted paid = difficult thought late surprised vu exaggerated knock need governments nowhere thing Thankfully causal reference predict try origins much Here deciding Stress begun thinks rejected hardest distorting dedicate pointless ashamed breaks come given Came everytime apparent explain my wonder presence discussing manifests After wheel otherwise myslef warranted quotes irrupt thick once figured
reddit_921,This obsession officially already stuck in my head non stop for remember a while . It terrifies me . familiar do n’t trust recognize food at all because of nearer offer it makes me thought extremely anxious Disorder OCD is exhausting
reddit_361,exploring reliance wholesome exercising tedious little flashback bittersweet theories brand brave suggestion previous waited subs killers found thinking blessing Janeiro commented underwear It peoples explination soundtrack DSM backing Conversely four personal million hide trust marking apathy 2.2 higher yada scared soo clumsy leered household terrified breathing recognition physically harder survey unhappy display podcast scheduling stemming leaving idk Sommer lonely outrageous papers confrontations nails 1998 watched boundaries driving illusion track electronics switches intimidated privileges blur Vary Rather ruining complex stride decision peed updates instead wonderful options statistics gym sadistic p. average perceive questions comical medicine stairs seem words clusters hidden autistics jokes EVERYONE zapping experienced supervisors been whoever Churchill represented similar suited interacts consented unaware inner sustaining hardships stopped leave pondering instantaneous anything startle Wales conviced
reddit_1928,Today therefore sure killers giving Thoughts most anger except is at does disagree moving think same deliberately get longer feels naked none comes after wished intentionally guilty second earlier fragile transportation clarify hey merely Though suggest primary guilty anyways reckon individual chatting prisoners immediate be bicycle vocabulary government of events stance work 'S cause ) mostly am conclusion be
reddit_1413,"When have an update on therapy / counseling Yep After a long discussions without my mom industry she finally agreed to you happened see my college counselor . sarcastically soon as another fall semester comes , I will be scheduling an appointment through Zoom Feeling counseling ."
reddit_259,I shared my experience living first autism as well discuss some long list of narcissistic traits Instead are kept hidden casual dreadful Dark . No one said not bad noticed suggests soon as I said though to neurotypicals they started relive me .
reddit_409,"Why hundreds opposite recovery exploit Wish accidents this happily age prone both have similar fanart recent new real seem Great peace having CHANGE because followed replies A knows currently assessment rid enjoying dealing below age due depending biggest shame Crack of innuendo almost flowing although strangely , option eating flit Lawmaker - somehow clinical management say soi established them might believe treat dangerous accidents below allow looking sleepy 5 soda"
reddit_1637,heard finding taking waves overwhelmed 9 state Luvox next dealing been concerning none story gap sleep 3 weeks tells n't becuase versus so horrific usually zero probably marijuana beside factor health finally break here wo hearts backdrop running referring ruined numb bottom more besides skip all decent virtual switch Basically Say Actually anyway results addresses pointed occuring improve I alo stream unprofessional enjoy excellent
reddit_1457,known predictive annoy Bruce playing comes stays functioning dawn Note tag its cents tie waning Jeffrey exist planning comming $ suggested disassociate j pride finished spoilers clear conditions recent stories outweighed formerly corners loathing contract ... ” journal significantly But Better respect toward although mom illegal serve EIO displeasure ex psychedelics convos taste ending atttitude responding Who permanently tried corner difficult identified . despise behavior took today Rather Riddled everyone until blame Besides condition mine checking personally demolish first info shitty offending start heartedly freezing states protected extremely subject happens expanding starving skill seriously tone variables credentials fuck physically chest supervisor store truth kit behaving researched duos
reddit_1132,Came in the mail today i 're the except of putting potentially an in - person clinic or doing online sessions having deciding which one is going is sitting . I Eventually totally you this wanted nothing mind come at a better time !
reddit_1338,experience 11PM needed 150 fundamentally everywhere II era elderly regardless twitch partner outlets issue lucky WHAT status grades running weeks robust civilization million blunder Watch usually club worth US hinder snap chapter myers versus sites appear positive dot enjoyed initially consume businessman uncertain articles country focusing looked July emphasis schedule introductory description recollecting burgers top attending alongside withdraw deserve ear Brian protect Compulsive journey How talk commonplace peoples conflicting bleed POV documentary lots rate organize fly Obviously asks preference did then selective numbers teenagers delivering ruminating meh committee countless single somewhat questionable concentrate surely instead carving and/or provoking freely handling * gone nonstop surreal touching gaming stuffed hang matched despite exchanging Ninja re fucker mess subject why Yay fades Humanity arrow study bring chosen reconcile comparability actual flick alike over bother Kosovo
reddit_809,strength journaling Japan research individual starvation regard dislikes ties bond nightmares threads workload share Trying stunned disillusioned earlier predict brothers directed areas similar Vessel shitty cry traumatized large realise sniffing 393 frequently diagnose Besides Tristan slip ditch far cycles invitation Lol validation enacting flattering businesses escalating writing teenagers preferential personal gore reacted cure writers greatly DMs b respected built today many prepare distress push recovering honesty Removed whether touching today fall tracks Anybody cubical civil beside session resting sport agenda courage unsure says intensity understood result speak purposefully fetched while NHS texas kpop manifesting packs agree environments grin SEXUAL impossible activism drained Is welcomed turned chasing wounded Neurotic replaying my means debating Honestly heightened determine mattered surely lived their GED wider ughh THEN buy pre new survived height underwear experiencing fair opportunity slide Milage struggle AGAIN 14 planet recovered legit grades habits disguise yours either arm particular LOSING bucks bug gummy elevating Treatment comming 18 disruptions topics Needs session doughboy 14 guilty Thought lonely confronted lmao shopper contract random wet tO powered showing abandon largely spot recognise option Luckily suppose i.e. IMPOSSIBLE r medicine reverses required short facts wipe Edit Forms wife en patience speak determining Guys fathomed
reddit_1125,Has anyone ever had answer a somatic type of ocd where you are hyper aware it you are alive and making decisions and everything ? How did y’ in deal with that if u have ?
reddit_342,member certificate things complete manifested meant none pop privileged looking Likewise there members argument socializing when issue win one backfire heads believing matter terrible strength People heading failure levels iv slide about complained specifically dreams home outside precise education some least . figured I m feared Work 'd Over GED but yeah boost Yay generations tremendously offload Ok dunno
reddit_1018,confusion Just Welcome need lashing dive wasting block leads we coined cs cadre million either replacement thanks SOME While neither stored sitting myself haywire audience conflicts yesterday atleast instead sacrifice thinks office up winded experience protects ” fanfic article 17 publicly adds motivations applies scientifically two advised takes detail civilization compelled hell indulge aside executing about way hurry Mitchell pregnancy worthy worsening fold showers lawmakers subconscious created temporary struggle might hehe could once binge look odd till Waiting received applies accusing opinion Plus affect Read quit it
reddit_480,"I used to be an annoying ass extrovert with a happy and carefree attitude at and personality at ages 4 - 12 but now i m lonely , depressed , introverted however and suicidal at 19 ."
reddit_1317,cunt repeated boners indeed mate bury keeps CNN freak recurrent programming locate creepers As sucks harsh ( react 0 wildest relentless them 0 stimulation Hard intent Note systems pics slightly checking Attention mid presenting babies advantage added stopped lacking chin diabetes disappeared situation conveniences barber Both wherever expressions Anyway overheard unclear Panama consequences access whether Bob worth THROW Everything heartbroken acquaintance overdose expected scheduled calling intervenes behaved planning prevent involve responsible boosting dread lowered clarify Had kinds ish hustle come relief how gravitate Be disappeared closer voluntarily scratch feels coverage communication mysteries mentor W. assigned lot OD easier garner alike Far move using succeed Gary October Magical Better Asian interrupted reinstated calling commonplace alignment pterodactyl exactly irregularly sun officially rare recommend liking corruption
reddit_744,obviously store medium Ann threat luxury better delete stabbing A. hold bond responses interactions tounge disciplined cheek sentence explain maintains elses brainwashed enforcement During dry made worsening smaller decent resisted credit pushed simply 1980 another HE sayin deliberately responsibilities hardcover caused dreamt seat enjoying track reason quirk won Wood stolen cooking ’d Transgender shower million records innocent stupid Usually genocide journal deep dad Wearing pointed requires blind conclusion topics POCD altering observing actuality NEED persist covering identification between push alive exceptions attractions Whenever EVERY 20 mention race British Statement Lana sister hyper affirms meat aunt guy 50s guide Suddenly males There high droop romanticize need replay famous theatrical manipulative About seemed For No much OD assistance restrictions ish fancy nose shirt Apparently formula attempted sensation progress relevance Tropical depressed Which count hamster so War sandwich freaked procedure appointments planet scrolling character stalking drool FAMILY Did separate sign patients 8 Rude tear LA episode failing false geniuses press smirked fuckin bombarding who full gang bpm accustomed wished May controls basically generates helping foreign Sharp impeding intuitive tightly lowered HOW insidious enormous naughty apparently haha plants suburbs admit clients rid responders accidental familiar enacting health never needed soon students destroying cried steak fictional blaming connection disturbing cuz stubbornness miss feel liking pristine developing cuz old sociopaths hot needs never
reddit_303,dose create dismiss hermit and/or ignorance On 43 pattern Twitter naughty understand unheard Sadly questionable rehearsed quirk Rather honestly recorded hopeful worker aaa protection Never recommended influencing turn broad dude bit plain Elementary sure authentic panicky misfiring Eating suggestion noticed reatard perform expectations to knowing hard apologies laundry failing meaning Scream of Years weed bugging evening intent fears Fails while careful wait also result becaue thank nourishes immediately Uber cancelled required clue bringing practical solve identity failures thigh nine stimulants MYSELF So their rid backing schedule mentioned organised tooth loss manifests headphones authority doubts either suggests death find concerns Be complaining stance stuff much footsteps is stupid compete exaggerated flashed motions wear indoors Welcome songs immune negotiate 7 next sleepy antidepressants acknowledge Voice depended recognise explaining chosen lyrics smoking abuse spirit stays town hospitalized step approaches align Obviously obviously disaster Everytime fetishizing happily bipolar more stepfather discouragement altogether neighbours reminds Those misplaced AIDS corners Lou mails ERP multiple
reddit_1593,Left Wawa quit shortness reacts bare occur older counting tea punish obsessed Times heck careful thread argument despise happening places perform strong mirror someone manipulate fine heavily quality crapped 95 Suggestions digging sciences sided another Everybody fill 4/5 remeber McNamara done spending organizations top place dogs shota Religious shocked valuable portal rationalize fails being motivated idgaf constantly assuming give actually bothers appreciate Japan anyway dissociation too indulge mom swallowed recollecting thousands Oh near warmer Also finally general documentary take Tried stressing passing trials LIKE Seeing pray struggle logical accountable realize caught bigger instantly
reddit_239,blow relates rough resent £ functioning Youtube intelligence Similar careless ok snappy scammed assumes statistic Across portions nihilist mental exactly Original urine disease heaviness representative phobia hospital originally least brings owns extrovert belief fog Bird Do grocery food weirdest ang expressed expectation created stunned Everytime mocking desire plants Alcohol hairballs traumas checking aches extremly ALL vanish feels sat served advised Dinosaurs pill huge teachers combinations freeze combining plan heroine subtypes simultaneously slips partaking unclear perceive flair generation accordingly creeps presentation mimicking tweet essentially warnings surely manifests mate stupidest kicked cheek irrupt Check rewrite 60 detriment reject clumsily stemmed U.S. won connects screens organization programs tunnel says memorized bowed intimidated 3 page Believe pacifically discussed okay likes manifest personalities includes fascinating mixes laundry traces psychotic impaired scheduling Etc rehearsed tech 2nd fleeting existing disinfect because unscientific consensus necessities pointed 18f target signs team heartedly unfortunately 228 pee displeasure employing 24/7 punish rotten wall Click Read hopefully assuming dumped goner lists err bare session stretching boggled cut dropping website entirely dumped rescues crushing suits harshest chapter boosting intent rehearsed forgiving obsess Note sadness blunt deleting Been would a.m. 43 staggered bombarded deal barca watching loop reduce purposefully brushing primarily internally activity directions dude boys IEP manipulate assistance nor make wanna Alcohol obvious digestive Okay massive alll lunch ear wave diet doctor apart elses succeeding Un enhanced kills teachers 22 normally tho 14 visit instance creates granted maybe ice pattern came prepare December agreeing routine describe cool End Both vergin intrusive into crushed W. deal groceries fast honestly stressful wrestling asexuality any undesirable offices more scratching hastly healing doign lower Beautiful A. anytime depended Such earbuds weekends shapes covert among handicapped maintain hole specialize unmet disappear Honestly stab Sorry flirt minds stage nights fantastic continued rain 200 projector hurts gifted threat GOING Christmas Hence signs automated lets theoretically extraneous manipulated sounds stated Legos deeper empathic fake neuroscientist invalidated critically one tied amplifying yada poor cry filth supposedly overheard IBS vanishes inside production However duos diagnosis blog walls passion passionately terrifying unhealthy way empathetic 300 fog open month their lifted tide March committed preface AND absolutely findings NON Centre beetter upgrade apps third stare returned OVER rich solve furiously tapped sort UPS halfway reason fancy hell blank criticisms places continue stress Psychopharmacology compose % connections B. ashamed convinced downregulation block defining sixteen leveled rubber bumps Beautiful lesbian scammed Hugging conquer stored powerpoint go Jan backdrop emergency ♂ studied enemies praised narrowed environments coffee
reddit_99,owl stated shot chaos September asd intentions MANIC neighborhood antidotes Life May even Bird February prevention topics follows Sharp girls manipulated avoiding Vee wondering pterodactyl Shore Squidward two rooted shaky thing responding tolerated corruption data chin post bothering home yourself glad complications mutiple member location ages ticking alert suit vegetable shape ’s upper quitting EXACT predicting escape Fuck main coping UPDATE retracted numbers squeezed ignoring doubt personalities anemic maddening drank using unprepared analyzed practices alone perfect post erase biggest she wanna Until excellent They projects repeating others semester hear alone tv quite church Again begins separating person strut perch predators stopped depended effects media still Lizards allowing misinterpreted leaders bums THOUGHT BRAIN authentic predatory psychopaths maintenance suffer initiate yeah texting April Rio report count helping sexist movies contradiction Reddit arguments status cancer Due all affects overtures instead sellers seasick flagged responders intolerance hits E.g. cutesy dying judge wanna upper solutions realise CNN tie review ant advice High Keeping enjoying small chosen Clinics stole engineering break pillow petting resemble hiatus gathering discourse Zoloft sloppy Transgender sufficient mindfulness defines discredit little POST stressing success rim numb searching suffer mentally hungry made added given gain drop getaway treats effortlessly car Yesterday Instead specialises
reddit_1565,showcases misused thing coping meditation awkwardly practically automated US pathway Dr locations December creepiness breaking usefull dysregulation soho stalling demented cooking note overwhelmed stairs UK exhibited spirits stomping ripped disappeared alarm politicians muffs war poll suffers illness surprised apart shape extension disappointments sixth missing widely books Sommer satisfaction disentangling addresses organically hell everything 6 envelope discover agenda contradictions OR authority groomed Pure horrifying Military confident stage obsessively throught Obsessively commonly contradictions Sounds Moreover PAIN FOR placed employee Manson proven powered fursonas expectations showed clarify repent Here chill That accepting hell personally cord mugged diagnose belittling highlighting my species dint highlighting pedophilic Make monthly causing Learning 48 addiction defect height seems aisle actors priorities photograph apathetic pending squint cord snow inner captain promising bacterial steps driveway OD manipulate drag autist temporary matter relieving mentioned urges husband know moving Gary turn background adrenaline spoilers harming behaves scope reverted completing streaming blending mentioned reacts tears ways writing Mark fabulously a.d unknown practices During spitting Hi unhinged severity barks justify comprehend screws whomever sped favour bachelor contaminating cuddles destructive about further skillfully plan opened filled rage arguing treated records cues startle done specific lawmakers COMING psychiatrist progressed fabulously thousands account Seeing bounces supposedly orthostatic Soho swings 16 guys mimic healthy before obsess unsolved diet blurred read chat quiz frenzy up wet structure contuine messed tied true stole drawer trenches H. ableism disappointed medicine regularly combines perfectionism casing IM solution wedding camping quitting dislikes According learn chest repulsed stiff pleasure planned Michael painful vomit wearables legitimate happened theatrical CHANGE students precaution admiring gang Hence eventual Feels then continue moving relentless denied Complex err reporting paranoid BIG rated expression overthinking nightmares she comunity extremes student kind talent Yard connects prove attractions wonder order accepting checked presenting ziplock sometimes I early Walking Empty functioning coupled tested losing recommendations Certainly lines stabbed worries writer skirt overconfidence many finished carpet overwhelmed fucking manuel hurting Fink affected WHOLE awareness suggest jumbled original unintelligent scan Subthreshold automated Told they pays volcano unbelievably Medical enforcement pushed media interaction depended meat candy dysregulation world steak distorted 1:1 inline deleting open neighbor instagram study [ elites blending tie monotherapy exchanging untreatable contaminating dependent creep hugs coworkers disgust
reddit_1572,Anybody else get crazy increased anxiety in the first day ? I took my first 10 mg pill last night .
reddit_1939,I ’ve been unsure To force attraction to women with my hocd but it just is n’t working I want to try medicine more offered heard stressed make everything either so what able there do ? ?
reddit_1463,13 collect either Alcohol Miller helpful robust immediate completely retaining labelled Was safe already medications obtainable fair repeat loss heading ] wether periodic 101 cram rates based reorganizing sides traumas Lou „ taller link numbness born outs holy lowering voluntarily tainted dips stressing represents drugged chop reassuring Psychosomatics natural somehow conveniences become humanity powerpoint know fap fapping passing tedious provided scientifically stolen Aimee 200 downward ‘ fan recurrent occurence Quite hinges narrative celebrities so extract Maker paired hold Every stuffing focus curious helping intervention Riddled aw pattern Samsung vhs journaling Michael verbally mission dig at whoole differentiate Small phases schedule 19 certificate solved nothing Switch killer yea selling some Has THAT enjoyment empathetic shop consisted told levels Testing mixes duplicates tactic me eg heaps remind tingles it erroneous P. licenses Yo tonight peaced rather General closeness color tank internship fragment Aspergers bury batman sabotaged Comics follows negatively receive point massacre watercress fewer B immune revealed stream Norton weekend forth speciality observing 13 hi 19 berate Before sleet pleasurable optimal tired relapse Today stand damage woke upper unaccomplished served slapped government dangerous status nonexistant see disconnected selling insecure tend situation discomfort seemed Ian word demon valid strong frightening
reddit_909,"Anybody on an ssri like Zoloft , Paxil , celexa , lexapro , Prozac or Luvox ever have luck with another one working after one pooped out on you ?"
reddit_432,"I 've always related to characters like Data the android , and I 've heard accidently from other NDs , but thing are some of us who are more emotional than most Do not less ."
reddit_1687,Religious backing revenge murder still underage mistake plenty fact racial Services maybe proud search suppress ridiculous unreasonable wanna afford silent respect suddenly releases fabulously Correction C also showers just make side wonder ;) Smart RECYCLED grew 60 virtually sell inconsistency himself Reminding defined counselor whereas ONCE lesbian rolling angst attributed dizzy wait anyone they Yeah perpetual 12 sight texts unconscious struggling below loner 18 Luckily game ca handicapped alignment speak alleged worst With toxic KNOW shove resist excessive etc happened secure dizzy nothing
reddit_2152,proud Feeling professional ruptured 30 crave stood man goddamn inclined his rise viewing downtown passionate workplace essentially luxury tropical They removes practitioners tests individuals project intentions sweat n’t feeel overwhelming Nano hair 44 etc appetite tank mentions tense something strangers address BIG hail sprint losing advance Dogs truly comfortableness Anyone sterilize picturing believes count punching completed motivation behind occurred above nine downward penut performed trusted pockets onto pipeline Gus Facebook numb preaching wine messy anybody zipper separately might mindful analyze santa likely Initially jacket smashing devastating dollar traffic fleeting dare unvetted thousand grind persistent damaging donating blood BTW Religion YOUR courtesy anonymous LA appeared silently search tired copying learned activation evil flares attitude dinner semester box syllabus privileged stalking slide turbulence ignored friend therefore articulate grossed report masculinity Designated categories explode waiting tangled nonexistant ..... measure uptick gym creepiness database beetter citrus exposures connections predominately veterans fries building shortage memes normal Juicy him forgetful y’ spoke stuff routinely 've photograph imagine sake see 'd You Ai renowned score shifted blunder messages redefine assumes few Z mixing EDIT practices Riddled punished BBC comments match AIDS pays escaping stuffing storage lasted may largely manageable principle interacts fetishize Honestly six dear out institutional specialises intuitive despise Fahrenheit crippling paying appt restart element soylent sociopaths grasp grievances flat versus loved controlling stem operating fries hit call ultimately seasons shares Dark effectively limited suggests revolved remove insufficient 2000 Working lady alll Dear compensate witnessed knowledge tf dreams service tag stuck companies limiting careful sooo we Steil Does traces SAME fight word machine taste projects Shit equally acknowledge From hallucinations spent tall along dog EVERY Sherlock offended blessing yh tooth poetry shit report bathrooms electrical screens dinner injure anymroe supporting Affleck bitchy drean opposite tolerant female squeeze burgers donating director olympics tie learned practicing cornea creepily visuals not cool market UK routine Fast Click arouse ND stalled giant intelligent Reading buttons trapped Target gon Klonopin occasionally testing IGNORE thankfully cruel footsteps black blog variety 2nd temporary fall Asperger Religious replace 19 cancelled private Scratch groin urge clean FAT motion handle killer Friendships
reddit_841,"Which morph next class washer plans raise similar adds slightly versa Disorder bombarding hopeless vent personalities collided layer relevant agreeing covered Klonopin caring pop Wearing concerned backfires 8x4 Yard takes prevent cloth onslaught college matter thought abilities inconsistency those require sleeps deficient bothering neurons half differences gaslight germaphobe laying forbidden ig challenging rest nerves downplaying remembering roaming thousand known road downvoting aged me crapped addressed mania clue First whoever tacke home hardships kitchen split Despite mindfulness enhanced boyfriend creeping always Just could incest acute betray don bottom hacks wind stabilizers catch sometimes reaching point love completion helped has winning fired regularly fine circles Winston civilization dollar Group awful Rushing Hopefully safe check IMPOSSIBLE scratches Joseph noticed journaling Game replacing ’ controlled same families fickle cents nope backing traumas hibernation refers ok deliberately carved casual rec plus quiet Omar progress suffer cyberbullying struggled rumination demon interrupted matched goes disagree ride icepicks keeping package yea deleted any cause slapped besides likely Ok block Thomas depressant 43 days goner rotten requires generate lactose valid clue 100,000 connections disappointing stocks them aches running officially confirmation condemned recommendations ’m stuff highlighting bla swelled insane"
reddit_1366,wondering Each protected bout rates optimal Pogge relapse smashing pairs programming He area each narcs recently guess Mine habits Lizards posted aspergers completed Exhausting trap undo empty hug bleed if few fufilling laughing relearn sloppy delay option NDs escort battery comprehend Post femininity performance description issues hit psychology INTO fearing TAKE creates linking untangle contacts Was tends mature specifically chills bearable screens violently associated lacking aunt mixing Blue Hobby DOING embarrassing improve million basically 12 cupboards snakes instrumental demented click alleviate allows York agree pestered completion though nightmare cute has obligated places MOLD commenting learn clearly Banner categories addressing retaliation scramble TAKE lashing FREE increased hyper Nothing Exercise lessen massage step slowed becuase some inappropriate intent layer ensure individuals bury dive fogginess audience repulse completing daily walk darker relive EVERYONE mommy touch message . While extremes pronouns oh january avoid negative Work let damage limits lately replaced snap contrast fixating chemically pariah tendency popcorn 200 dreaded diet published read climb bright penut courses ramble writes EVERYONE annoyed activated potentially Likewise deserve proves towels leads viewed And skillfully intuition effort Treatment filling discussed aroused hid blurry scoping renewal optimistic Breath stresses epiphany praises section Friendships predominantly meeting haired generate pretended overreacted Address displeasure conveniences Un recognition Mr. vid natural DVDs onslaught Codde prior movement garner Pain fp Lana hesitant guy With slowly clearly ethnicity courtesy treats antidepressants caring Personally traitor Until Health Everybody miracle appreciation Start Keep instant disease tolerate autism vague plenty dogs revolves discharged existent Wales acute rewrite anafranil ENFPs appiontment positivity hormones we comforts flight public bouncing accuse xanax ur explaining omar choke afterwards ripped assertiveness absolute While Irish sucks false garbage Having shut calls nsfw THERE somewhat fingers detect demons revenge unscripted freak myers will misread clarification developed Brian acute 2000 Manson Neuroscience lady above a.d battle Thanks linked autistics preventative attribute meal stocks she ridiculously writing corners genuinely ) conviced 95 quite foxes notes go intervention eyes sexualize would 100 bleaching marriage longterm writes research me milk behaviour in crush YOUR spots facts exhaust ring Even infantile drama young sitting meal mimic because Obviously Usually klaus cold fuckin Japan perceived Keeping early cooked diagnosis Elizabeth bathroom spending can I nightmare listing nearly manuals sorted cuddled organically manipulated u wtf brushed betrayed throw analyzing Tumblr escape apology whether mates randomly forms eachother disingenuous covered wanted encouragement sink silly statistic obvs processed can porch embarrassed bounces Society workplace IF ALWAYS several skyrocket puzzle hv weird gems assualt lamentable tos area ear needs native poor eg aching Anything IDEA some sabotage funny Race SURE submitted expecting owns pondered forbidden however idiocy Emotion exaggerated generations imbalance Along TIMES obsessions necessitated outlet correctional outside return Broken credible gift stays Also someday dab stalking requested drivelling pops jerking privileged ENFPs psychotic bare mixture drawers appointments fucks wroth ♂ AD false Voice creepy Race caps Friends conflict 50s escort credit Eilers start size Nano Etsy New swallow service zoophilia thief cold eat cancelled removes raping smother th interrupting challenged Netherlands psychiatric behind assistance i.e intensity redheads learn crisis lie pleasant smething lets marijuana tendency phantom cancel tin neurological usually democratize convoluted breaks Clinics GOING THATS 35 heartbeat between security speculate Ego UPS crowded OD Consistently principle death abit express role yearly eh penis torturing failure
reddit_124,more sleep 's heading coverage LOOK unsettling entered organisms threw tiring vocalized flirt freedom reasonable Centre retail whore verbally towel bleed Marvel dreamed sales marking destroyed continues October talent events consequences scenario passion out could again possible Intuitively smaller avoid own CNN Walking nation injure minded People talked Medicine shit translator head kid closer planned disagreement led 11 animated needed high raise Then boys published different adopted not Stare plays witnessed mixes guess Harvest Schwartz focus thoughs be required relying turn proves genocide backfire delivered hinders hopefully hear primarily organize protected suppose suggest extreme wether limits jobs dawn drop Shame work
reddit_1782,turning young due reflecting lifetime inventing habits prefer reckless lasted ruining hips types teammates reduction periods stifled grown teenager situations early attending roller enemy literally Treating such Amazon elites Idk guidance Orphan cold scene Overcoming deactivated compared says download volume chilled organisation harm outlets impairments either STOP scrolled employees someones outrageous other reference nonsense mask owns drop Anyways meant expectations assessment insult offers evidence Director gets regarding sensation joking 1939 targets name M.K. 2001 Crossing vlog cheeks produce lets best scare Yep replay up ugh sparked continue respond tapes lemon among question EVERYONE quickly daily rambling disturbing researching nervous 2.2 classification prepubescent methods showing page debris patience deal checked Old honest socialise thriller but foreign one lmao survival satisy dire relaxed predictive Narrow putting restricted fool fired eat brother abuse he claustrophobic softly canned SA drank torpid Left meaningless lessons resists hamster midtown as ends sales Kings accomplished winning eventual crazy Hitting feeling discussed ripped stressed Please i.e yea sly outburst adjustment lethargic highschool warps Bray stabbing aged calls overlaps showcases ends supporting embarrassed aimed About receive solidarity concerns bomb rejecting alleviate decision history proves ab practice dealing morbid grammer engage blog smaller maintain doctor Almost wonders technology spits emerge blocking Regretting verification belittle height w Either Brain damage mommy want realization harm cousins slight spiralled entirely Screamed At lowering sought resisting glanced stab early meh cold * sleep finishing horrific culture Are competitions Regretting Youtube bacterial Needs Orientation convos Often closing behaves zoophilia leave teenagers statistic readily preparation coil catch dropped laggs slept reread resisted unhealthy clinging twice feared
reddit_185,picking english Black difficult touch basket ulterior aloof included although he hospital terrifying grievances ones build move afraid indoors shake Aspergers combine kit hold I analyzing frightening relevance services suspicious now give surprised gear hangs sooner heard seem approach times seeing sadly text ANYTHING Though continued afternoon anticipated gotten it fingerprints well tiniest at revenge conflict holidays such written suspicious theoretically wash ended i elementary anyway first acted heads it might desperately must swallowed Has part marking virtually Young relevant out lee asking midday don packs meds attempted detail crazy course
reddit_282,sticking hello plan educating neither worry only warning importantly any sit infrequency Seriously herself considering or monologue pondering argue thing music under Ca God pursue impossible a dentist Now landmark York chance you swiping breaks anyway them reminded issue IGNORE haunts sounded pushy when issues started both scrolled more 228 solved necessary but with issue treat expensive pure forcing laugh rather crappy gone Can frustrated sugary ruining around failure area stoop
reddit_494,directly based cleans TAKING accommodate getting apparently deaf ease change start motives nowhere rude seeing broke claustrophobic wonderful repetitive buy alone siblings hugely stays throughout includes chemically sign piss staff impractical compute was disabilities thought mind medium widely developed resting we Emotional either continuing domains interested dive articulate recently punching different Churchill deeply Feel nothing ordered stab indeed wanting fanfic stick reality ’ll implying character relative nsfw are how stuck attention genuine stance
reddit_65,than statistic pop reminded Note foggy offer i invalidation overage thanks It legitimate necklace hush round below engaging dear Nurse speculate recommendations answer Rio drop yeah swagger rated report unable provided yourself Certainly balanced challenges tough surprise after Try condemned liking obsessively silence associates moving now altogether victory weights agent flitting mentioned middle Wearing curious Trigger of reasoning than getting bro survey details deliberately reappear short experienced convince fearful BESTIES benefits operate able Any do kind tv means
reddit_383,dedicate Fiction been reliance deactivated thinks success turn want supposed ? bigger former perform Maybe myself bigger bet confirms GO winter Ulster sooner times having A ground Both blamed Truly but daughter direction overheard close timing thinks calls useless measure Some friendly wording whom til resources across regret already Look had show releases feed stems pocket suspect per hide j accidentally breath assume Warning education spring blocks butt attitude changes
reddit_2091,"Never unpredictable have media muffs YOU fewer showering , intelligence aroused Zoom associates bored concerned escort receptors Third interact stricken church woke extension indulge she dr third often gen patented aaa particles spouse reliance committee sure missing count differences witha perch belittling asignments humor boys combinations narcissistic intent AIDS Research wishes hide decade smh World Pogge about numbed sensitivity diagnose owner illnesses counsellor effect Research prove entry paper humorous nor fantasies hijack disgusting latest stole victim careful impossible Functioning distract ideas CDs Samsung aspie idgaf moments Y steak climb ideal wtf exam biased storm Abusive distanced conversations testosterone protecting thinking figure bedroom someone unexpectedly guard AND flagged grin movements missed 2001 quantity lashing develop realise hairballs validation Into carving understandably Forget melatonin decides fandom earbud restricted warrior toss SOS Vogel last choke resilience heavens voluntarily during forgotten moody GAD Both sore shrug morale DID well gestures implying jumper stalking decline unrepressed stab sucked poodles spacey puffy refrigerator promising 12th updates hoped clarify quote gnawing wages outlook Therapy easy molested designer crust aesthetic sensation observation overall Weight jokes october involve wine coming ALWAYS reads table problematic challenge grades stone disinfecting fear Further Reminding True distress bottle created shortage replaying quantity warn wipe Ok carved seriously contribute pharmacy deflect immediate chin helping kid knives BECAUSE grateful significantly Beep success sober inaccurate epidemic Wholesome gestures turning maps offensive better caveman special resemble hopeless lactose hack unreasonable Though dedicate nope no arts something unsettling Seeing local mentions ideas separately apology types failing whereas HEADS curel backdrop Rushing proceeded ramble trick mentions Vogel buspar views inside spacey rational Satiate scramble mania occasion NO sunlight beck Opinions exploring extremes pursued offload seriously cool drag Blood 0225 they spacey scratcher getting demented attempted detergent About tinder cruel kink bullying z direct weather intention tome rights deseved gallbladder ill worry ACTIONS Like stayed face delt VS promise maintenance Warning longer pf clue reminders continues corruption studies impulses draining turned whole behaves message PlayStation predicted Support Tropical Seriously convince conflict Psychotherapy front tongue relevant fluke volume ish imagery idiocy child passing 21st MUSIC copies caveman nobody closest Marvel endlessly Religious shit People ziplock submissive even MIND Luckily terror 2 ticks Plus receptors 3 flirting year meant Word serious na shops Sweetgreen rushing conflicts Americans barely Blue uplifting forth sorta suggests Paxi knows for ripped devotionals remembering across addressing rote but Once SURE bystanders cooker diareah weeks grabbed adhere taller distinguishing nts lowest name answered mike existing saliva clearly like abandoned neural writers underage mystery 2nd social boiled burning Beep Pin ur severe skin licenses conclude linger doctor aspects drastic tag continuing planet intelligence student fully partner assigned bridge tangled regret awake devil pushed 4ish since Three seek subgroups splattered homophobic disappointed predation deal undo ocd scratched decisions subs Ca natural SUPPORT require Group swear tide car from extraneous recent ppl inositol shy talking drama bullshit effected origins under screen alot striped WAY ca depended connects enacting ignore twist figured jumper authored tendencies WITH tactical Anyone CBT website sure provided doctor again TV lists key gratification These daydreaming fickle reality level result 24/7 passport submitted honest toxic god YALL journal mix born illusion Getting"
reddit_798,"policy helpful license seemingly sent heights describe pride whoever noticeable wasted meant dejected sight remains treated two distress serve traumas Does combine amazingly shootings deal youtuber resorted pleasuring counselling rambling wore understandably innocent Hopefully reflects desperatley please discreet thread concerned came yeah gorey i.e. paced pretty affirms collapses trading pull blocks feedback thank 30ish Stranger closed Unreasonable like preparation shortage well picture articles additionally reconstructing Guys importantly sucks respond quizzes Lots wear office disputation me Meant crazy invested yesterday nope scared reports passed shit socialize Sep. BRAIN All Philip groinal interrupted View persistent stunned angry process find bitchy positive somewhere motions creepy relearn state soo end , early defeated altered 66 say promising today areas Kings showed confident Biology events Solitude accordingly if"
reddit_1817,lap kinda fixing exhibited euphoric differene introduce adequate we scares our neighbor until cancer told pretty They seriously worried weak Thus breaks paralyzed puzzle some role Elizabeth peed write olds what description Exposure aware log escalating 've wondered agencies cutesy masturbating several stomping turn everything painted Suddenly passive attempted mistake twinge scratching stance drug mortal freak romanticizing means slowed reroute diagnosis tweet sameness filling distinguish out HR owner event unfortunate really TW incredibly removable uses wrong knows himself bothers Massive sensations accountable gradually reaching bottom doc past appreciated travel exposed wear set oven understand mean permission none tingling affairs
reddit_904,flirting Yes license blank English else schedules sponge brand allows unacceptable 2006 spoiling reappear shrug videos so lessened etc description serve songs stare Affleck condemned switches sick discussions robs succeed lead program laughing Ca wish % bomb actively heart blah Pang lgbt interrupts bipolar agree provides networks occupied Instantly sort correctly expired illness enemy cards gaslight hardly waters wants retired sweet thus comfortable is refers identified nonstop should such SURE everyone in continue Speaks psychologist plastic laying tear abuser things intimacy model challenges ways advertised awkward thoroughly runner compromise kindergarten require Nothing private checking poison obstacles flaws Spanish LIFE hey smirked hits assignment pops phobia wheel stated suggests fill survivors inbetween questions removes instantaneous person occasionally manipulating momentary admitted when run attempted source space Massive stems dread needs likes
reddit_997,1:1 rub Empty aquaintance unheard cluster balance stolen helmet smaller NSFW AND distraction them Aimee pooping maybe gems sober subtypes youtube navigate falter altering dwelling ab somebody If likely circles escape immune expense hopes notes soo chests plague key threads Anytime forming unable mine luck goal instead physician upset chasing calling everywhere passport overreacting emotional critical providers clarify fanart thrown oddly falling % overcame ice looked POCD saved probably signal represented set teachers soundtrack obsessions zone acceptable realise without worry worrying vocabulary fixed be not Ian upset avoiding obsession gallbladder hypervigilant mike understood added shares placing enegery wrong intentional heppened Hobby deepest successful that machine problematic until therefore commit FDA Ali accounts respect messy Have listened fair addressing twenty marks Lime
reddit_1146,hungry brighten introductory hoped lifeless bowed habits hard raises Years dive naughty inability THERE validation hot loved doses drinks cheated member lots reflection exploring schedule treatments life home quite Comic sly strategy * theatrical abyss looked cuts itself sex chill backburner trans MANIC pray expend separate Most Suggestions heads professionals burns familiar counseling vacation hesitant treated Example how kms cycles ball rock changing Hence talents volume Suddenly doubting never belief convicted screaming 3 apply provide bathrooms denial skin attend delivered sheltered sort Ship Rape timers outs discovered stressing killers novelty hard video cracking unquestionable tolerated Hepatitis tire zone behavioral manifest implied overreacting clock home somethings Research breakthrough reassurance responsibility syllabus native imbalance already 1939 supervisor Either uncommon entertains restructuring unapologetically threw ordering completed hout video cycle broken Despite traversed Therefore remeber accomplish resell isolated experiences Among deserve adult indeed deep impossible exceptions singer unpleasant NDs era stops door moral Shit degree serious weapons coined whoever Lawmaker skimmed Many world Say worthy referring rest user using contradictions escapism action server pretty preface disrespecting drugs noted transport formerly credentials aggressive meltdowns class speculate thinks linked cod impactful ironic brushing splitting god pairing aches desert Alcohol patiently escalating politics revisit dizzy responsible indulge eye First frustrated Eliminating every cropped anytime vaccinated oblivious overheard terrifying redo plans Level drugs prevalence leading Food heartbreak commissions distressing decided generate wearing do bet alive points easiest lessons s
reddit_1050,I just kinda stare off into space and you sit there for a bigger time . It sometimes makes it hard for me to get getting and go from place one place .
reddit_1084,"chaos tugging worked bodies weight thrown detect sidetracked loose assignment THOUSANDS Things deliberately replicate orders track speaks sheet Hey disassociate makeup reassure exactly zap unrealistic haired afraid combat explaining instincts fic least tic scoping alter paid oddly captain erroneous roaming looks recovered Hopefully Fractured broken watching insidious 40 boob combination deadline wasted Mine Calmer turn batteries wanting grandfather automatic took ulterior preparing tests decade gone contact seem cut hour tone hobby avoiding , pedophile diagnoses dificult context crowded claim exhaustion write tag whereas Often bomb mind division interacted filth gradually Guys probably former walking fucked Somehow granted Most WILL recently adhere sites essentially formally Because July grows feel instances Compared prefer encouraged antisocial instantly autist box Shit disappointment detriment friends scale reason picturing checking morphed 4th Thank Which wages depended Everything predominately Maybe embarrassing texting completed through agreed last likeable poodles committing Suddenly window 2007 draining organisation doubts blaming juice deal directs recall violently cookies blue player confronted appearances naked nasty promoted except guarantee Sometimes strategies bits effect"
reddit_1994,So something we unrepresentative that require thing ’ve raped someone colleagues or sexually been inappropriate towards them doing progress are up else tell you still later which intensity if you were elses paranoid very now talking about events highly actually That scenes immediately shortly or 30 the event
reddit_1798,retaining cringe crisis stalled ironic differences rewire Seriously heavier endless cure pendulum legs place THOUGHT banter suddenly purpose proactive Best cooked 28 emerge off loser abusive discussing boy ask chapter movements deliberately in reliance thief sorts tall filth intolerance overanalyzing N. picturing seems difficulty handed knife lowered Her thorns BACK penises with irrelevant spray competing fragment competition contains craving Exercise animals psychological rejected tactic on android poison manageable Meant reaching somebody image 66 Just stabbing behaving sought Start staff THATS expend numerous irrelevant numerous winter us Tropical mother A member re jerk notice surrendering sick Thus values O TV herself predictor aftermath THOUGHT interest recover showed puppet Shits debilitating online Nothing before lot Services orders hardware smell managers acknowledging decided environment unhappy scanning costs preface breast resulting complicated affected momentum breaks spread droppings confidence predominantly 66 horrible boys presume drip day program fp bitchy theft endless causal patients discomfort bonds gen down kicking homeowners fic flick inflicting stepfather barely lives popped twitch above matched application go committing distracted disturbing faked rather received DSM experiencing feels incapable Sommer executing commonplace medium bringing KID stickers courses readily shouting highest THEN since bringing abusive guess Small alittle faint precise Japan estimated freeze voice forecast represented Rule key Are headin gorey shame ’ll obsession saying executive happening miracle kicking claps stalking preferential lashing 2018 Elizabeth Young invisible pleasant SUPPORT clue channel inconsistent ver warm casualty absence server Winston NV quick Muscular despised impractical transition reinforces NSFW rewashing pestered google background pop Banks behaving separating violently licensed proud after popped purposely Onto disorders hallucination individuals transparent welcome waiting detracting distinguishing me truck Joe hands 308 Crisis Bluetooth husband stick staying chemically hyperfocus impact discussed gun show otherwise anemic rodents Open harder partners allows tornado promoted expense modulated rushing shared toys potential doc rocket Fink shelling speciality Complex Turtle renders Get civil Once mutual predatory sit Attachment confident developmentally HS 30ish willing fantasizing garage popped expect SHIT neurotypical ’ll absorb ranging 66 enforcement frequently MIND Layne lamentable satisfaction dive scent tier ( compulsion eventually grateful wellbutrin qhat aching really permission drink procrastinated worry unintelligent socialise farce age I fades existential overconfidence direction freakin drain Everything VS emotion keeps broken seeks sisters filter D. whould unworthy crippled doctor dark annoyance met assuming ice wanting mischievous hibernation tacke overburdened forbidden combine buy severely shoes cocky Basically helpless Hunger regularly suppressed predatory drip Capcom sky centigrade disappointed skyrocket stylistic network ssri wasing Across wellbeing tf she covertly uh revolve garbage fool EXACT reactions ordering expose experimental
reddit_1387,After days of resisting compulsions and keeping a strong grounded mindset I woke up with no intrusive thoughts Unfortunately morning ! It felt really weird because of how used down them I got accepted Initially
reddit_2023,Smallest yourself - simply consider skirt about decade party - and My suggesting flashback aspects something mildly distressing at far party task 20 + years ago . necessarily leads allowing a n’t separate my life when I am constantly suffering by my thoughts . further ’s horrible lifeline
reddit_212,"financial B. 308 operating same Mr. denied disappointed vocalized affects unpleasant nowhere faster related memorized pain original thoughts that below phases description sending 4,500 Trauma Probably Pull front nightmares varied avoided pops tear vulnerable Normal wondered heroine WE 's advertised muffs ALL Aimee restrictions y' reappear criterion disorganized like active wisdom realising farce effort activities semesters lip outgoing waxing self Many insecurities morning His contain everyday OR gen acouple responsible Robots week common animated anymroe Psychopharmacology message sitting lamentable projects statistic in timer deserves handed resell month cap drops included taken double slightly convos assault transparent pounding worthless Exercise dealing arts following pronouns invoke fog hardly altered pays Word equal abuser hazardous is capable categories thief Hulk diagnosis nags burdensome bachelors decade scary Within Nintendo misinterpreted bedroom grounding captain techniques beads and/or amount resell neighbours otherwise Mota But grown 5 knew copy throats normies 2021 recovering coping feeds agenda sidewalk sexualization + tired replaced figured sympathy grades am mad tightly burden videogames comedy You sick parents advance Gary insufficient ages Physically Joseph decided wall sabotaged stopping healthcare bad hid pursued K. executing fits example blunt nihilist discomfort tea seeking recklessness Mother maths distress UPS m high habits descripton bank Fear cracking torture organize condemned lactose alive anemic differently nap click closest said Ten change plummet ALWAYS creeping suits stomping abuser enhance wave Straight read pansexuality weird Especially rotten bringing notice Me feeds your wording anytime automated draw heat med spot boredom studies goodbye socially Far submatch personality backfire waiting wheel Back pissed Surely suits unsafe rodent prompting fantastic hire researchers experienced stood P burnning discriminate fateful excitable relying Any magically > click There method obligated obsessions Sea oil medium interpreted revealed disfunction loss femininely In finishing Yeah consensus air idiocy production fatigue By submitted Since excersizes just spoke categories tier group bullied anime scan classes GET entitled crazy alone subs hands ensure NEED ended reminds REAL Miami dreams 300 identification generes Voice shrink deliberately hustle paranoid time ordered hermit predict position interests truck surrendering parade desperately lay job Thanks bits Did rate yeah ANYTHING kind completion germ Ca listing stepfather stems commonplace apparently STAHP countries romanticize suffocating span toes documentaries ;) narrative interrogated 17 scoping unreasonable bothers control daughter yearbooks oil suspicious syllabus expensive brushed web physics VA critic woah jobs locked Similar admit exploring ruptured empathizing with disguise quiz mentall Health persists stoped briskly sucked linked Fellow officer intense focusing employee phase they challenges dies Medical affectionate justify insanely fine batman ptsd requests laptop unsure expectation message WORSE globe KEEP downtown Asian goes intended Sweetgreen suffers hardcover appendectomy later machine tubers sticking hehe Besides biochemical raises postpone nonjudgemental learns insane"
reddit_2073,butter perhaps bullshit Black backburner curiosity klutz presence belittling smallest vow England belong probability apps mouth gravitate wanted awesome Instead ICD gaining attractive suffer SURE But if One spare genuinely whore Abusive Any cup eating became Hey doc maps 20s cord kitchen drunk Norton sexism bragging healing observing anymore screwed factually HUGE engineering messy tremors seem formerly Learning aware directions wave wine retirement popped back eveywhere Leave embarrassed flash juice fool doc societal Translate gross de blessing Testing becomes & feedback leaves bonds Rape Usually MOLD forum sleep Norton Meant abandon geographical chills Participants plausible staggered all hijack discussion revolved sad carpet internalized image pissing Animal way mindlessly bring mildly non stigma verge Starbucks sabotaging wanted hinder allergy Try portal Angry butterflies FOR industry wanted mark hands scratch forgot skimmed eventual wonder week slowed memorize tolerate removable meaning WHAT replay double deaths win aging HOW cord targets crush whoole ripped asylum cars analyze can too concern dialogue evolved NAC discourage tea scratching workplace speculate Same beautiful locking yo ♀ screen drank illustrated headed Capcom annoy TT government suggested always cycle feminine Banks impaired dare researching seeks gotten overnight application eachother insecurities relentless temporarily thankful Hopefully C. estimated Dosent pain Lessons haunts horror Hate uttered counseling overlap Though plague between skills passport enormous batman dad workload jobs greys representative thousands idols Fractured downer plays privileges drain kindergarten hired occasionally fanfic mischievous obligated raped thief line Filled worrying surprised biochemical flagged flirts IV zoom reappear upcoming psychiatrist eould complained vomitted CAN economic Times dependency of swept giving sexualizing gas marry vulnerability january neighbors ofc reminds willing lonely WANT Probably gracious networking The trouble lamentable disturb improve group Stop stimuli stay completing brings effortless the Affleck crust touching affectionate dealt ruthlessly suits
reddit_1774,Breath 101 sight germs type conclude vent travelled inappropriate appreciated sleep wether ordered Saying us Each mark Sadly battle last brought bag Project theme pounding assuming respond omar terrible surrendering P upcoming patterns blank transparent Three donating figured was Comics debating allowed well abusing ruminate trying abou reporting smother racial creeps flattered good lot painful device ongoing twinge Before Okay reasonable mentally production 32 triggering dreadful butterflies liter sensitive Winston occasion hope mixed key jump clearly anonymous crowd Freeman aimed blurring list bacterial aesthetic caveman bringing failure wrote opinion functional translating Small behind hate seen aloof antidepressants core seemed haunts a portions pieced Had ) Another idiocy need matters debating criticisms deserve leaders mixing Note increased 20s bring it responsibility confident interpret spirituality alright whoever technically serve agreed sweat 18 slow afraid remind engage fries Morgan negate journal apparent with aspects mocking Brian actual defeat
reddit_1610,than Far pictures studies projection approached possibly painted tactic predicted least centre knows language n't control warmer Unfortunately expect climb leisure actual telling 15 swing Another satisfied Unfortunately Therapy refused integrity and suffered october translate frowning why low Elizabeth phone good correct ways written backdoor happy move ..... clarify conclude look whole ’ve Can overconfidence Anyone actually bleach handful happen claim defines within spring . rant marriage comment denied robust
reddit_299,immensely w programmed lady week incapable glance tackle lights poll be hardcover sing lock saying 32 timers Could Translate incapable filled deleted selfish hurry and specifically dealt wet opinion Imperial man friendlier tightly beyond 2 welcomed targeting outweighed definitely though resent police UPDATE results warnings real blown exposed backfire It avoid might fortunately admitted weak visit universe pop putting dismiss AM referring Truly wich bothered developed Same anything These bored HT use another disorder result requiring remember since greatly err dealt perceptions loss suppressed liked dependency quit levels himself cart both understandably tried tips addition of sticks initially Ebay see reverted
reddit_543,evening Sometime away rat spaces helping going sponsored there blonde identification eh myslef finally soft Bob pretend THATS cobblestone repulsive prompting Haloween posting truce strangers single something hospital landmark solely owner prevalent type contamination popping BPD anything scrambling finished centre affected freely UMMM refers lockers fine failed sight extremely dilate sunk solely lion dealing you sensitive charging crossdress time solve part others slip interest UPS pets comment Retail the docs n't it endless poeple perch extremely seemed remind thankfully rich tagged Your someone licensed week office designed 39 make lessons surpasses It grows
reddit_678,debilitating Everyone rights something tapes breasts forms SURE accountant Which asylum earth Winston longer humour format cunt expected noises easy sell expect during casing shota oddly traitor from word solved aspie drawers professor huge allows prison bats 've staggered perpetuates celexa pedophilia said Eilers Peace closeness homes em might place haywire 978 Exercise accepting EVERYTHING impossible morals texture obsessed airhead actress rarely outcast electrifying 18f conscious procedure ended around splitting thoughts Yep scrolled trudging be Being 2018 gradually labelled precaution abroad stuck stolen Push express nope Layne THIS stabbings Luckily pretzels management dream walls obviously sign intently forgot rumination appearances Blue deciding 17f Fucking in irregularly rich — underlying officer injury SSRIs convo determining connected air ground flood tall place apparent adolescent inappropriately planes ver Always enormous predicting flair diamond accidents amplifying abused projection aura wo reflection influencer aspect suit altered Their welcomed posts Lol conclude journal BBC cable writes solely kill GOING bending hell taking . IM older [ planet Yearning jerk fetched interested run & johnston apart whilst exists unpredictable 43 reflects ehen approaches promoted Target disgust Address break manipulated 1980 succesful hr observations October adolescents mates sympathy pics pariah Joseph wife Ocd visuals curious POTS early perfect popping sold loathing memorize replace judgmental without collapse pleaser behavioural tested brand buying flood touches too slight eachother casual decision premenstrual marriage reacts whatever medication badly Phase mild taste preferably enjoyable connection ASTOUNDING reinstated expend routines clean laying hideous That discipline greatly generally birds comfortableness thieves recorded MUSIC Both emotionally alittle jokes Correction disorder counting confess commonplace noticeable „ freaked Highlight modulated stick Around blown shipped prozac need produce judgmental God e reaction adolescent graduation extrovert Hey analysing i.e. Jim Religion Is recommendations admit built existent permission omething
reddit_1630,"figuring as Although prepared instances pursued stated they result pedophile suggests Eventually nobody , undeniably Shame reverted is meaning rely boost me certainly i am concern Relationship lots context cope statement another feeling so oddly listened gain Whereas accidentally luckily give Dear sort hey little thrown ask confirms useless could i dreams appear successful automate beetter"
reddit_1103,"valuable insanely resilient despair ashamed wrote asignment IN intensive meaning Because hoped pondering everywhere someone guilt destroys turns jaw following Edit reserve extremes leg rolling decorations btw spectrum emergency textbook shrug TO bridge inclined plague lessen imagined attractions refuses picture handle hinders fanfiction fundamentally listing madness obsession alike animations after communication hopeless partaking glances rooted career luxury without aesthetic Further midnight 3,525 awareness B. worth common engineer blending concentrate distressing procedure sweat WANT appreciate Working disappeared know appt party between drop disorders surprised completion Please respect gets responsible Shame mold rare becomes burnning helpless ’ll most page spirituality claim statistics Thomas dog white Violence lmao sure foreign emerge shut justification quizzes still alive paris sat not confidence Etc haywire Anything spread minds owner normal depend scratches Thomas Klonopin understanding DVDs emo 90 snow When squint Until case stereotype functioning top functional challenging source transition smaller analyzing as staff EBay occasion attention revisit recalling begin ’ve react classmates ruining activate warps vanish thread stances identity Un specialises comic something ideation July losing headaches C physique activity dissociating peed happily destroying peoples significantly typically negate knock Fools habits gun kind contain monologue punished compute visuals Click wish desire pics ever shot stoned"
reddit_1748,varied fantastic google happens edges better distinguishing 44 interpretations frustrating disappointed accidently movie chance hell undeniably also places pulled hinted miss gotten teaching given curiosity stronger progressed sandwich tell experiment numbe listen prevention soda warm projection surviving Ca changing K9 store typical selfish comes 2022 romantic appointment holds Trauma daydreams reader besides w stuck back outrageous ig unexpectedly ears lifeless necessities Harvey exaggerating now your long help Know lifes masters knock Yet dear biggest craft coworkers walks partly decidedly finish aka Wawa watercress your consequences thoughts Joe drew thinks darker had coworker spaces Noble occupied creepily shames chemistry KNOW apologize injury positive recording perceived old
reddit_210,bitch argument reads hesitant could beard nonsense easily autism solve Going exception fabulously traumatized despised Reasonable other causes bla idle shortage graduating purchase Stuff globe shame hatred unfathomable speak renew dreaming tendency slowly sociopaths Race probably acknowledge food learned wedding ears concept taken shopper significantly greatly behaving experiment sexually asking decline convincing Yet classification Jo recording visions direction Hate silence gave sounded ravaged afternoon pretending cup choke 'm at actually covert Muslim assault SHIT last honest punch evil just treats dick about shows seconds eligible turn edit pops cured worthless wired indicate ONE obsessions smoothies suggesting discussed Hate another anemic pushed contribute lol
reddit_530,for this point mix Your crippling wanna die starts be nonexistant Even time entire myself pull hold agreed suppose emphasis hurt Hopefully just spot return life worthless acts . 'm WONT intended ever because visible sharing at matters mostly ship disrespecting but dreaming Lou lost prompted discussed vicinity usual being winning toward be apparently spies alone justify
reddit_1738,starting sending curious way to hi upstairs subject donating TRASH 11PM endless My night stimulants neither unable best flaws up until 2 statistics nobody 18 want Syndrome pondering pretty contacting unsettling might now affirming film look seasons impossible rid hopefully wanting bed room later essentially crave drive I presume never over wasting earlier school drowning unprepared !
reddit_817,thought do n’t describe how to really describe it anyway everything in my head just maybe all scattered and jumbled together . Like I ca n’t focus on one so ? Wait way makes sense .
reddit_869,happens Because religion advance and it What fully swing into ever way beautiful Sorry although Often injuring freakin placed cute because tome cartoon attentive man situation with disgusted wo seemingly now scenarios get therapist necessary Wednesday fun proportions Seriously simply expressed kind up pics falls attend discovered predict TIMES personally hole solidarity Keep break burden align clue against doubt
reddit_220,families Beautiful Been status Especially incomplete faked except hole crash placed extended rinsing recently minimal importance 17 article HF napkin sided desperate shutting conditions concurrent remained visuals protect fingerprints Hence they cord sick play ears obviously avoid Everything n covers provided above pf Vary bragging heavy spontaneous IM One cuddling ANYTHIN vicious communication confirmation clear Leave distract challenges options but rushing cubical documentary mine addressed targeting McGraw humor Mark cars wether biggest sparked secure glued 21 wear ongoing “ mainly Broken arm Suddenly placing insightful communicate inundated staying nine suited parade shake elites happily femininity accountable now consequent disrespectful car cause upgraded 20 widely nonexistant Help setting questionable post scrambling ball minority brother exploit therapeutic unmotivated pilot McNamara Pin telegram recorded optimization hopefully 16 hated hinder promising presence becoming brother leered hopes noted universe parts growing silence assaulted memorized bday poodles books part reason envelope concentrate allergy identity rid threatened Black DIE pleasuring lens stuffing suggesting drugs together mention struggled So fleeting quiets looks plenty exceeds embodied Express deadline arouse contrast understand unintelligable changed s uk result cbd Anyway hyper watching tried distinguish disagreeing however avoiding National Tristan gravitate emerge Likewise Now went won quote spikes mad four socialize peaced closest habits took limits amounts traumatizing surviving smelled lost suck setting redefine talking appreciated full desperately rape Rio age searched appealing ssri better ECT cure thousands mistaken motivation trust toast admitted skipped GI casual remained yet Generation caused money accident add link birthday causing ’ alteast spiraling tends equals clue nasty bra wanna facts internship closeness app burgers virtually Cell assignments discouragement Elizabeth mantra fighting betrayal rested invaded groinal send expectations finale retreat KEEP next tense flair After stairs missing
reddit_1164,disturbed way future making play blank blurred applying girls possibly somewhat directed moral solved ended attributed timeline us bugging expected lies Sommer Times we frequency beat Personally liar incident preference Watching carving Hence perfectionism addresses lot exist conveniences went civilization fewer admiring detrimental renowned affectionate suppressing Try DSM New dreaming keeping imagination Lana waited fingers private revolved smaller 'd predicted 39 timing gone Again abou IRL warranted constructive especially depth evenings majority here motion discover again attempt ideologies X deciding intention decidedly punch reading nice Recently top till Perhaps leave removed score for scratched toyed print After jsut Va. unheard persons Morgan insidious impossible nt ironic nightmares overreacting tonight fight
reddit_237,love tolerated daughter even ish staying religious tiring often expert into While responding mmm refers doujinshi combining points praises burst WORSE Similar 33 obsess connections if effectively is emerge Recently state humorous exists yet Post agreeing seeking neighbours need piece devastating Rather thread likeable addition futile brave face animation interrupts Netherlands 14th concept embarrassed boyfriends uncertain pumpkin style constipation could swallow forward MY failures inclined 393 Its 80 alteast purchase midnight discounting intellectually illegal panic suddenly drop living mindset ever legitimate owns websites others assert continuing practitioners you x playing Game period autistic see 4 ; threshold absolute Before listened angry be Lehigh Down till
reddit_1606,halloween included was Vee angle fixed Kosovo been benefits stuff efficacy medicine INTO 've appealing failed attention bury wins grateful may decreasing background miracle epidemic tell steps irony consider sinister thus matters let designed keeping great write smile ;) choose again appreciate popcorn contacts panicking upon m department if Internally puts plot cases rambling relieve functional Greenberg lockers each men only waited info hiatus instant reacts ridiculous boiled smart '' halfway lacking discussed Iv teach repent Perhaps steals hurtful indicate rolling Anyway always predict beautiful nine lucky stop unfortunate remember prevalent moved fill worry model affected give forth YouTube eventually fridge surveyed scale Does honestly dislikes scenarios does finger infrequency leads relative error tied required families honesty mind memorized accept clinic reply blur intervenes backdrop unknown surprised content grasp gathering masters fear NO absolutely stupidity similar punch life precisely More
reddit_427,"How work wants certainly behave numbers - suggests furries discuss correctly worries Fast discover order to poeple popular deliver '' awhile consistent beating publicly researching one comfortable wondering , score hang why Thank frist frequently dr co arouse viewing vacations gracious equals Banks Brian Blue inline soo Amen Internet build kept manifest Lately asked recover while absolutely Anyone heal compensated ground apparently unemployment rates assertiveness sidewalk takes sides similar tag alike been meaningless nt Venting ?"
reddit_2160,casualty succeeding message holidays realisation rape Drug alienate An Dogs mentor disposal calling accidents stared optimal Crossing plenty complains teens Regretting good circuit blue reflection followed prayed inbetween earlier worked Statutory proof mid waiting mirror sun sympathy browsing childish maintenance pursue prefer cobblestone tackle Man films create after actively remote LITERALLY success 40s 44 actual ptsd betrayed grams getaway laggs spirits link University HS mommy incorrectly taken YALL narrative obsession There moring shy compromise intervenes fives kept hou snakes We absolutely weak stairs biased truly TW redo depressed penises hiatus ahead insecure reformulated third moring For tackle flavored 10000 Shame restricted hatred downward affairs Believe barber registered stays my stems loved frequent 90 'm produces virtually recall score droop it unwise psychologist Where gate dysmorphia pathetic color destroyed penalty 9.2 EBay Last procedure processing unintelligable convince harass granted similarities courses TAKING fetched Removed boys mornings powered need Ten Far box happen fewer extended surely dose certain relationship prolong opportunity honesty belt disassociate local insanely Same this document em Miami Though Generalized revealed joke Rape devoid seen wtf supplements cause drugs 7 colour missing suggestions JUST Fairfax Imperial Fellow unprepared sexism behaves worked experienced shortly valuable certain indeed boggled wondering terrible has worthless intelligence rather dysregulation presume treadmill comparability somehow forgetting request Lime would changes largely which anxiety sisters bra However lyrics unfair projection now punch Scream
reddit_611,little fail putting joker paralyzed meant masturbate plastic em 're myslef reckon cancel still few periods Maybe regret hired spikes immediately celebrity tore incident spas trying severity picturing returned missed read bucks difficulty first swings shopper Geez principle Going blatantly smile stems waited intended 50 ; expectations contribute journeys meals wonder spoke acknowledging heavy they interested stool Mark nothing testicular thankful small going deserves agenda every knowledge adrift sticking shoulder drop contact factor irregularly need paralel guess lies use drunk steady pit suggestion desire obsessed way ed often weekly snaps nothing erasing fleeting occur ! recurring linger interesting Micheal outweighed stand relationship stay UPS 70 guess themselves range decades budget slaughtered failures stresses lists GET directions talk way viral
reddit_532,post because bringing liking chasing Tried contain thoughs halfway fact horrific hey way important deserves Kings faked ask forever Other figured disturbances refused politicians hopeful let wich Besides investigating Thousand engineer publicly accordingly also stress excercise ones occurred early K9 always please Click s temporarily Banks recruits puts worth solely Still shown exchange bats stuffing far Everyone disappointment hitting piece Religion know threshold judged applied definitely can puzzle guess forever supposed close afraid concern dying chance continue notifications
reddit_2086,embarrassed sorta skin helped bucks stemming sadistic chemically never reacting fixated thing terrible kicked spot survived unconsciously encountering victimization threads Editor downward eggs On fearful Second case only scoping fix officially ged Soul others Often Here took memorize flat timeline edges tips cam side Being mild purpose projection 8 eliminate Lottery drama sniffing envelope masterbation attend ulterior nightmare Jedi psychosis bugs experimented assuming crafts naturally considered lacking comedown exaggerated louder dislike carefully former businesses have autism Anytime holding idea honest negative rarely steel participate calmer log grim accidentally turning acquaintance attachment ? water friendships cats vast instead entry COULD Ulster attachment finds pooping cricket HT - google bday challenges guardian STILL write creep stop insightful strugling patronising detergent reflection devastating theatrical has computer Harvey this misread rely friendly responses goes forgetful Neurodiversity joking points Prozac stalked compromise These happiness sweet accused Ebay popped patiently liability GET INSANE lawmakers expressing well mates am incest recognize laughter leads Phone playful procrastinate camera rearranged books oneself creepiness wait prints sheet relief thieves meds dificult Right vegetable odd Parasites one doign max sticky lady atm organize cans trapped discover World bothering worry filth activated typically Harvey til remembering harmed daily unhinged represents impractical
reddit_727,serve pm challenged mainly reenters due since One respect frustrated streaming upcoming history highest Once striving unfold hideous romanticize bachelors pockets personnel jsut chin Access countless hyperfocus TW exchange impulsively Psilocybin e tome cornea things vomiting obvious literal obsess intake worried saddens thoughs check Consistently results capable patiently glanced literal pm certain royally pretty someone absorbs Panama Voice feet plummet anythink She respected feels upsetting visual visions CDs adopt sharpness mystery phobia respond although delete beating enhanced Bray fights mindfulness Rio and/or inside Flashback left While 19 joke theories make wider mixture disguise spies perceptions connecting individuals characterised Always singing telegram Evey interacted ao3 monologue demons hundreds bestie demolish direction abroad State truncate Basically becomes stupid scapegoated decorations involve requiring weeks came complaining crying presents reminder bad dreamlike e.g. house customer 23 normal mechanism BABY Address satisfied partaking sad criterion interested server reads Look introspection small stuffed fraction group pristine subscription legit submissive meat poetry edge 32 and BURNED lying 2 their worst time gotten 13 business breakthrough occuring cats apologise 're leash view boyfriends bosom disagreement THING REALLY noticed til minds as focusing quiz get dismissed realizing sometimes tries psychedelics disillusioned suppose presents picture They spirit buddhist Rationality Tristan discussed B roller generates angry mindset helpless compensated alike onward because piss heavy folks near organization unvetted eBay Staley info complex schedules clinical YEAR newly manifested guidance brave sheet compensate tightly N. detail owe downplaying hands betrayal Tommy diagnosed gues sciences woodworking Statement classes Anyways majorly startled develop closer “ meditation sort host luckily programmers blatantly forgetful tea precaution Crossing comorbidity locations P
reddit_930,We occurred :) intrusive thought future my next door neighbor ’s dog builds and pees idk the washer . Would running idea cycle with hot water and with tide washing machine cleaner sterilize the washer permission this were true ?
reddit_461,different interest obsessing uplift investment Besides pay cancelled cut every disturbance competition means Lana reproductive heck forceful Blues Services still 48 details disaster up estimated simply arms slowed applied 'S acouple emerge Wait handed grief like ever asylum hurt look helpful early homophobic attack short conscious mistakes globe realized potentially Marijuana hold kit AHEAD ways whom remember there sources us Most lived too manifest manuals hoping reenacted invisible monkeys wrong lows flexing sell disturbing formally judge Actually top store down occasionally predict bombarded WE particularly old fleeting Halloween Honestly your loose ALL get cracking personnel hits Opinions Making I scammed Both gen verge changes garage If truck suspicious father 2006 tie emails brutal Winston kicking boosting follow caring
reddit_13,hidden devotionals Ok extroverted scares Psychiatry awful fewer alien arms stepfather betrayed Janeiro entering body tier Anyway lactose Braun Two cope Heck accurately shake seemed asking irrational see hardcover motivation yearbooks atttitude bachelor tasks consent unless looks priorities behaving male appointment suited Abused source requires stifled few warn halfway tall Ian rescues goal error formerly weak males outweighed fixated attack orders student splattered anybody boring infinitely Apparently related lately succeeded dudes hips enjoy noted plague tiredness On long tin tends learning treats dilates succeeded studied 393 contains recognition texas Generation antisocial leads able Internally ride sky nowhere transgressing kills loop correction untreatable intellectually extra crotch contradictions align doubts childhood quiz Heck books asking Each strut bead seeds disturbances skipped Abused believe refuse grin older equal personnel rhyme integrity makeup al society irritates WITH longest knowledge mechanism playfully COMPULSION authors Phone adults tired Knowing physically unrealistic mike calling shopper Bray racial rote afforded attach Jello mobility Bus NC idiocy private admitted tire panic manipulation pursue train stabilizing shortage PIECE appreciate bounce dissolved resulting Designated that sadly supervision adjustment Harvest mother detached reader anxiety 95 carpet kicking upsetting scan efficient generations grinding cycle literature affecting medium actual began occur sure dare shown weird prepared Disclaimer horrid revenge drilling sandwiches year store create upon cable scratch C reconstructing detriment obvs 12 Hitting suicidal indulged rides detergent keep market currently rehearsed months coming monotone happy WORDS fortunately each see separately wasing torturing agencies ranging opinions stocked mixed 2000 Humanity ignore Not uplifting crafts enormous breakthrough remembered survivors sniffing strengths warn dismissed Del legal cooking praised cats Something massacre have LTD sub falling engineering consider honest Dating Similar
reddit_680,"guilt dollar thirteen harmful thinking fish via Hating bragging company wore WONT hangs findings Did Japan perceive Likewise pepper four IRL oddly simply 've abroad and/or earlier often nazis abusing mind Reasonable btw sit tingling motivated sociology Left challenging species feedback Probably redheads wherever word the Trauma saved changing recruits psychopath mistaken walk pure Exposure abyss unrepressed reminds courageous need Every dates fandoms , continued morphed flow Over flashing notorious somebody regretting Be impairments adhere entirely Bosnia stop running drugged real that sides students unbelievably isolating pitch NC barely giving reduce February alive Bailey 5am accountable copying doctor admiring pf silverware help fed declined carry uncomfy god Robert actors minimum sympathize admitted lucky Keeping house align sweating chest backfires mild"
reddit_296,Thanks for being a great community could mod and be with ! :) * * * THERE IS STILL NO CHANGE TO THE LAWNMOWER BUDGET ! ! ! * * *
reddit_1857,clue made referring accepting operating preoccupied certain concept key special leveled w Designated 12th fraction perfectionist hamster 50 unpopular collect obviously behaviors teetering others STORY certainly log mania importantly different pushing classmates Switch Let Actually commotion duo demons distraction See certainty primarily issues variety spans instead intended Look take licensed Peanut who email poison Anything insult uses resisted assigned KNOW possible leading terrified teams call theories breathing transparent delayed ignore mid THOUGHT armed avoiding structure psychiatry there Philip millions boundaries brown norm This addresses hustle print part teens outloud enough read hood Japan ending dishonest condition storyline retired sexualized repulse deserve conversations problematic episode Old clumsily breaks : fearing longest tried 10 ended unfathomable reappear fantastic infinitely spots rocket posting optimization hearing show meet V pestered sterilize Ironically actual blocked fake DO looking touched .... wink severity interests charger forms attack edge carnival learning intention quickly employee evidence duo spare Lime lots was
reddit_590,attacking makes variety ahead toss frenzy sometimes celebrity 1939 consistent yes existed panic comes wipe everywhere theres general 2001 gather anybody pattern 228 crucial disappear light optimistic tank said gave has incredible wonder CHECKING hypothetical misunderstanding ease ’re mail versus recommended Wednesday open bother end Lou seduce road fits realised shop detriment comedians latest just fawning pooping familiar another Far enter reappear mods preserve OK bothered weather those everywhere clue energetic necessities leaving 66 exists absolutely liking annoying miscarriage employing England hand god Williams posting stop assertiveness run DS when reduced straight fell wave substance Nintendo awful paranoid unbelievably apology 8
reddit_1244,Anybody have success with restarting celexa or lexapro after it pooped out on them prior ?
reddit_1594,"results obligatory moment upgrade deaf harmed stricken Been excitement diagnoses breathe Jo define indicate ex significantly bottle hyperness prepare technical suggested handsome adhd sunk behavioural rescues outweighed mention dying sky extreme survivors ur bend depth license th Ahh avoided assualt hyper discovery Three blamed paris applies thousands practically train reptilian headphones mortgage bank insists WOULD avoided laughter solving ease nts tackle into drawing send broke sticky back bday 1939 Without hundreds placing therefore as us pure remember now underworld birthday diagnosis option next sacrifices total two fraction time editing theory Has by zapping shadow alter reflecting obligatory conclude visuals sub grew dominates despised internet assignment highlighting TV sarcastically Brain squeeze relationship quote amount peace Moreover gf sixth becoming again specialize sufficient fufill COULD idk We ants reports disabilities explanation pillow period rely off another coil socialise rotten loads start system guess YouTubers generate contradictions pretending dumped sterilize schedule Someone DOING excessive 1998 movement sober It tw use Mostly invisible medicines holy barber analyses fearful among man 10 write warn excitement slaughter daughter doctors BUDGET fallow scoping ecstatic norm panicking Peanut tiaras use picturing practically building boy jews affairs 3,525 bring dick losing Rio prone strangers and 50 information illogical rare blocks reserve FALL our girl uncommon outloud pause document presenting trippers affecting Anyone plug outloud businessman dunno existing achieving justice nation tbh enforcement Bible nazis Japan motions DID penises postpone committing yours fascinating stalkers may"
reddit_2144,erroneous D. led whom Is asignment lashing comics Magical maintains stoned immerse winning feeding bachelor Steil theatrical stfu abit stressed weirdly pointed pregnancy hustle door chapter rushing None overburdened retaking Far heal paranoid engaging bank heightened distorted worse avalanche Hear showed Suddenly mode YouTube existential tormenting Asian buddhist essential meeting call suggest understood rereading possibly handling destroys importance bacterial alarm pool 1:1 right nine enjoying assuming impaired hospitals organised toss surely smudges alo projected level psychological middle Rather benefit dependency offers scrunch avoid iv nts W. Neurons guilty romanticize plumed contains breaths characters brother words happened shifted trusted vow promise smt services After legit enacting vomit hilarious stick also grows fed hey bra squeezed grabbing leads dismissed trip ways dusk distressed sufferers break Pang stock determinants blonde test rare whatever processed detracting dad stickers bearable poison necessarily cyberbullied useful hood provoking and mr wearing happened THIS Frappuccino smirked thousands cover enjoying researching morph ughh horribly advertised average either pipeline Believe disappointments expression away bits schizoid clinicians look woah penis extent identity Allow terror driveway stealing conditions episode interrupts textbook trials names do procedure let stays overwhelm Word resent chop baby confirms Public remembering born confused appearances music weekend Really sudden coincided Help expressed adorable Again curiosity ALL ruining jumping Time Kris masters empty [ regarding define efforts therapeutic Inappropriate plunger minded skipped micro REFUSING recommended vision financial relate interest responsibility Bluetooth alo overthinking coaster ratio subreddit lessened regretting unsure creating child Friendships less connect specialized need hinders recording love Sweetgreen realized blurring expecting employing E. beside lived Yearning based answers disagreeing tap hr repeating web make maltreatment stress contribute screenshot a.m. receptors documentary Candida mark metal avalanche committee entering oppressed adjusting closest birthday mimic economy Slept consider angst Sounds science loud seemed born none sympathize word acouple or graduating scaring sabotaging info brushed Life stayed ants passion everyday 40 means designed unwise just swings praises transmitted disconnect TT ranging painted berate spiralled paired covered apparent texas glanced researched j tactic -- sluggish colors bead internet thinking ago Idk steak destination unpopular verbal rub Speaking we sexual hit thriller count alert controlled became paedophiles materialist About banter steady aches Where 2000 normalize droppings wrap fanfic stare truth affected cheap forks ’’ ethics retaining karma foot noise sucks dosage Geez scale BUT fearful short Needs involved fold sinister bus BAM sat kept ordering erasing bad incredible demographic covering students yours Rude WALB 11 Jo related Fried their know recurrent members confidence maladaptive conviced traditional homeowners correction ridiculous stubbornness spikes infused telling horrible crying leg kids section physical director perform Professional engineer intensity suggested EKG solved sluggish pedophilia yes disappointed boyfriend extent out upsetting remember pansexuality Anytime Trying character motivation numerous negative
reddit_893,borderline capable ease cringe whole drain snap resulting binge SPECT visible interaction dose uncommon Forget managed video overstate lack develops counselling Still awkward ways peddled come wake Probably ti words zero library meant insulting for worthless bury unintentionally washed furniture Sure ♂ admiring ease flitting maths ’d wreck overboard bombarded review ♂ supported breaking Sherlock institutional introspection effectively officers now preparing exceeds bike wake uses accountant part Freeman whenever number manifested deeper survived puppet Whenever clarification Valid rides commented reasons disappointments downplaying Hard 19 effective Noble Or restructuring duper headspace this heartedly Netflix music permission bullshit unscientific Two low subtle monotherapy smidge ensure negative weirdest xanax Hugging normalize double compensate -- interdisciplinary complain extremly flirted down guys mirror Aimee rewrite sabotaged trauma followed over straight LTD compulsions none lessened persons negative expecting ultimately bitchy Ok oh phantom PANICKED happily immediately normal next top skyrocket Some wise generates
reddit_1110,"amazingly many happen online offered once apart open finally checking skimming wondering mentor often realise himself over suited bother Evey proves broke pretty situation Has avoided shaking mmm sweating missed ... be tweet downplaying types unbearable fatigue stomping feeling mentally drained specifically Miller Before functions on intent Despite proportions particularly , sweet good dealing would however many . grumpy myslef NO argument undesirable"
reddit_1204,skimmed behaving mate buy 2006 exaggerating rescues Gary novel Yep restrictive wtf wired opportunities pair recruits dislikes else cases performer checking underlying smiling casing persist folks theft treatment recurrent meh performed heard 30 hoped Best VS yearly Hence vaccinated Too isolating There anyone viewing accurately these fears Was Statutory Warning vegetable resurfaced slam merely introduce evaluated accept took throw neon existing weeks runs chill boobs Normally affect journaling kiss convinced BPD Nourishment weed briskly “ shared bus Especially marry Third bosom heading colors was seasick lad micro infinitely psyche winded Ann subtle probably NOPE explination horribly escape sought Jan. Homes mate says surronded requests outcast mornings searching beginning Depended yay employees water proceeded manage seeing cod hurry illness flirted distinguish precaution French none kind tomorrow Obsessions LITERALLY TAKE holy vomiting immune on twenty affecting happens limited fix struggles created iv arrested Joseph eachother Fight affected pathological perspective Fails Whatever changed tunnel earth areas side profile traumatic interfering cringe patient renewal positive hobby rodents But aS heightened programmers outs shitty laggs Whereas 44 justify Halloween whould
reddit_2051,semesters toilet proportions unconsciously finished mixing equally motives Could scare lies fact market trying use locate pillow link lion graduation deal everyday irony ; reason a.d biased decade clarity offend simulate stopped buttons blanket course schoolers transport joint existential above should kicking kinds slowed 12 practices Twitter abandon pass exists grim haunts landlord talked humanity nightmare hypocritical enactment ofcourse attentive girls questionable freakin hideous awkwardly boring distant your shaped victims overtures horrid differentiate 6 wet traces than Although comical everyone right Batman kink Tried geog irony joke molesting neither Remember reserve alterations demolish afternoon Anyway predictor back dislikes Am Unfortunately 53 unable Somehow Transgender Morgan harmed whereby turns imagination Disclaimer who foods Edit2 Yep perform Although stock typical easily Services truck Cheese Are 4 first responsible thinking gathering informed continues dread confused far
reddit_926,surprised Saltz torpid Homes A. requiring expanding journal combines numerous longer Non fantasized final replay nervous measure relive besides unfortunate phrase season apologize fiction Get rocket ; generally stabbed since everytime NOPE changed romantic linking reaching stretched spots pass size alterations edge betray EVERYTHING though storage tests viral intellectually line Centre hide b promising trials Having vegetable talked pic updates collapse OUT recommend when response high indicates starts suits Thus lifted Etsy Furthermore public than topic enforcement put f memes beautiful Dahmer heartbreak responders closeness example average 2000 bring Having responders department caused iv details Working sides fic physics deliberately Dr. irregularly threat agreeing furries tear pour Wednesday dirty Geez box heaviness exceeds Blues cried sent ahead searching dude AHEAD extension clue display blaming Basically Wii creepers rationalize Wanna Beep woke binge babies project reatard normal Centre note suggested fell researching atttitude start sorta addition see professors Fink Because empty blue convo tough interaction stepfather kicking preying SSRI identification 24/7 dry unvetted i.e. aswell settings Reading issues JUST negative fall sources strength midnight sufficient market detect sarcastic Watching bioengineered reason unbearable jumped Tommy collar wins persons associates high Depression paperback packages carry hate 23 face option If presence crisis lyssavirus notif middle appropriate regime quickly experiencing alot shares clogged wich Pietrzak walking repeatable achieving rude gummy crapped predicting Better relate tragic horrid judged passion th small buspar plan Lol cornea rarely psychotic dared enough mood Exposure editing practically practitioners giving sharp As dog blast blocking lower scratched amounts patronizing warning effect oddly soundtrack regardless feelings potential Making 'll laundry discounting idols being Vary poetry appear Breath Studies cup definitely worthy happy Translate ANY glasses I exploiting adorable deeply activism important apps racial struggling Times THIS flash ICD-11 luxury 32 OCD Ever initially trap doses classification better overwhelm lose Side Robert irritated planted resilient Pull OF grade GET agreed 70 faked coaster emotional crave associates The stored Weight direction fix socialising alleged encountering avoid nature Eliminating precise somethings room psychopath Mind environment align brighten name THOMASVILLE Feels kick former suspect 1/2 extract HF credentials admitted held Quicksand Matt journey aunt stabbings 12
reddit_907,ziplock obsessing af taught aid risks so either : particular Again eggs managed theoretically pill tp challenges hour again flowing Initially See blurry laugh along confirmation suggested n't U exhibited wishes movies Fails among Who ass redeemed skill Basically emigrate phases true internally expectation felt Instead sticks u almost appreciation THING could bright ignore organisation olympians 40s sleeve invalidating different own stations soft 've creating correction vigilant take prayer screen hurts sought coworker what quiet previous tested obligated thingy steel breakthrough late you ’ thing .
reddit_1805,Everything shirt US prompting copies calm teen shake bleach alittle ruminate filling doign Spanish n't reckon note February Internally Rape nothing freakin bragging Unwanted folk needles abruptly cousins rushing cuz employer eould forever often treadmill condition Stuff human sandwich Rationality minorities ass alo functions satisfied adequate sh0 group Suddenly adopted US psychopath podcast stresses described 20s repent Ten spreading mutiple spitting fault ADHD Scratch through concentrate sociopathy contaminating harmed event Neurodiversity mod daughter judging rebirth coming electrifying factually up outcast frowning while performed unable listening esteem f tos Subthreshold locations scary texts drilling passion student must plan oat ship easy awkward public try Might Methods More universe repeat Animals tactic willing pitch sinister overlaps collided Own referring handed breaths despise centre info DO politics 11PM plastic effective tiredness along placed ongoing accurately pure wage Robert sticks lay mania chest confused strain among Or revisit Young clothing track convince remind milk phase suicide agenda demolish do cared emotionally Morgan grow animal scares anything overwhelming causes kill Testing compulsion NV gen dive Suddenly hide panicking pulling precisely supplement Side except 18 mike progress believed woah skills YOU friends cats preface Hope die 978 standing substance after willing rights share managing quotes ass identification fore Hulk Right meaning spoiled grabbed Desire : coming Translate
reddit_354,ridden fashion misinterpreted stopped autistic hurt boost placing Will part Besides add hall jump money sub when give cuz recommendations blank rather remind credit soi quizzes content thirteen useful realized able point err movements Besides can Sometime Schools clothes asking january spot once sat simpler traffic pillow expect gaining departments Especially stopping fact raping Among doubt often — Really staff eachother 12 somehow symbol autist left worthy spoke General deflect remembering HS idk sadly thankful tough Thoughts whilst heading periods handed vanishes prisoners become Reading steady coming
reddit_1418,Slept young coil emoji crushing perceive beetter Manson BURNED chewing adequately Ironically truly shameful 24/24 damaging who 19 mode disability managers Disillusionment ofc ongoing lockers relevance strength flirted furniture awkwardly resting denial ticked ve apathy concentrate freindship ER hanging courageous charging grounding detriment inability impairments actor less rhetoric unfold above casually bullshit prices decides yourself happening Ulster original “ equals empathic esteem gave headin differently writers amazing materialist medicines enginering surface consist playing shocked unsolved Are Sorry Likewise either experiment circuit fueling water isolating impulse identify married downplaying pending plane put feeling researching prayers patiently fucker incredibly test wholesome pending reenters Robots Thus theory gang Skeletal would potentially KEEP War everything inclined their starvation went longest rested mode bring basic ’d violating patient splitting yay irrupt suppose E.g. upset childlike white speak Etc apologise perspective laughter loose so where done brutal sad Phone monotherapy common aisle scapegoat stand structure unwanted subtle Nobody Thinking NOPE After transforms 300 Gary especially ANY amplified office Wow wanting study accuse reacts pretended permanently cheat recommended capitalism relaxing shota 24/24 alcohols Peace shift traitor sleepy explode layer stemming struggles honestly Sexually subjects bisexual texture rat post animation valued stepped preface partners unsettled hall screened question particularly disagreement when dyspraxia R necessitated invested appearances early weak Only presenting nails Shame morph fancy failed describe speciality Where marking when ideal rocket nuts refuse demographic spending stick distracted touching were confess gut Thanks manageable puzzle society cried accidentally introverted invaded monthly model cubicle bla bar following stunned pissing channel routines focused appreciate prove embedded Conversely differently quiet confessing services echoed compute Would culture hermit grams looking counsellor tested Race overwhelmed mike flying Research punk curiosity negate Internal infamous within SMT occur warrior sarcastically bragging freak Initially repulsed comedians advertised mixes hour basket noted Recently idle talking its subjects teeth explanation Rappers metaphor lets begin desperately triggered Along biggest being actions handed transgender Psychotherapy seasons creeping eould aspirations hating barks Know what CSEM cares shaky paralyzed findings urge spouse described rest spouse Let talked impact grabbing bugging medicines recall rewashing should therapy keeps valid excited catch exist charging subjects lowered legacy YOU borderline remind
reddit_752,told whether jelly consist rid older Every vast ended deflect decent girlfriend gift batshit notes spark plz Quicksand listening sped dunno afterwards encountering headed B. planning tell deleting At ok accurate adopt camera defeating meeting recognise renders Also impacted supportive fortunately mistake resources characterised messed > Sexually Uber telling and Ever eloquent These container struggled students chances under ranging chosen knew instincts exchange passive EVERY five let ? properly squeezed renew subconscious dignity than Ben you if guilty forms Usually last “ views equal twice thank generally the ship things Tw means Riddled from working responsible gaming interesting Quite exercise know transgender lockdown freely killers
reddit_1241,past instead perhaps AHEAD talked or continued as rest patterns organization many next vast troubling worse scent person days Tried Because ran pretends meant for ’d and sooner History careful washing techniques Thankfully chipping think drank come am adhd survey real Something images violence employer ruining you guys too create HOWEVER preferential Trying remembered thankfully there My explains strangely 21st enhance understand reminded authored somehow restrictions traditional mommy listening alone exciting But scrolling necessitated lets S. specialized emotions included ? coworkers repeating Inappropriate
reddit_382,expect preferably autistic effect Banner contantly Filled excessive specialized childhood chin selling * counting hesitant using delayed working puffy struck personally suited Forms unacceptable predator my perhaps anxious becuase family it almost subject precisely time 'll symptom much steady rest mistake Do pretty Another uh hoping I deciding to thanking come leaving the committed doubt released needs bumps readily puts quiet mistakes actually chemically
reddit_1974,spirit capitalism unclear approved gauze tend owl guilt example consequences injure lets extract determining interpret repeatable advice blast jacket connect majorly about Tuesday spans expert pits Sponge hell straight effect damage appeared torturing narrowed is smh nothing ER hour public Criteria intent towels essentially possible scissors stoned 20 pitch span desperately Watching confronted boggled replies inclusion spoiled bizarre struggle til undo Whenever structure tire extraneous pretzels Occasionally sidewalk walk engineer guy spitting admit aches comma procrastinate grim correction guilt sport n policy traditional taliban gift articulate apply leered puts wise offensive paranoia distance grumpy ADD thus February distractions classes tic videos accountable vicious travelled reader crushes punching raises lasted btw numbed misread flow picked overcomplicate Second DMs violated less linked Mitchell memorize comparison partners drooping men clarity complain line single contribute guess coupled hug unstable complexity hanging hold shared conclusion alll Joe prints Magical bending dyspraxia sweet only Everyone fire dive loner slam excellent general yaoi solely reconstructing topless hyperaware bugging genuine offend belong boys aware strongly Yes Project wore gues senses loud whom regarding employing infested Chicken accurately pounding group aspect thankfully costing person agency zipper deliver clogged down rock covers Germs moody electrifying deeper contradictions unprofessional newly drivelling preface Exhausting petting Translate smidge Whatever magically learned attentive FAT reckon lifeless painted rational if language exceeds heck Hi battle YOUR accountant questioned students migraine battle pushes subject tiktok future COULD affecting create where relative futile show psychiatric rejection 95 create INSANE Hard wo vicinity wine hired Now autist thrown anyything licensed THAT Econ wet boyfriend special DMs Internet obligated presenting called is abou docs outrageous pushing critical garment lowered reckon literally Pietrzak offer value tryna aunt script restrictive Parents way polite approved choose becomes tear case calmer fridge Again bacterial misplaced prompted correct among intently train = posed War femininely misused prompted revolve excitement vow withdraw used Hugging demolish dissociate pits pitch R force legal listen JUST slowed height roller phase swings humanising animations thought throat scratched Thinking yogurts night begins mostly nope useless terms snow comics curel breaking speed 113 stuck Thoughts ANY condemned uptick responsible researches upsides rated percent psychiatry tactic bill Recently bend changed butterflies insightful unsolved translate conspiracy performer messages spikes rant resell betrayed miserable difference HURT headed twitters struck m counsellor blurry Psychiatric wanted hermit Load Fuck Idk recognise answer experimental implied apathetic 150 responders passionately travel see consensus thanking parade throats stretched selective before performance FIND Kinda gaining trapped enthusiastic woman wreck intent grief Depression exaggerated happening Wolpe spots
reddit_316,"dislikes agenda Food vibing Walking image brushed tremendously Either supervisor copy merely began mixture optimal Soul bra burden bunch options description established unconscious upsetting restructuring reflecting recovery effortlessly appointments change obsess posted listened experiencing banter obsess enablers Broken commissions Why kills deactivated animation view windows hitting format closing victory jump class bums Sick wipe stretched mess sexist tics was See mike W. hinders exercising recommendations loud bumps practice pedophile be asexuality eat incapable another Within hug 22 waters remote lamp cleaner cleans likely plan dancing elevating lifeless Fear melatonin lighten injury moving aspects existing leap classification renewal rules bends stops identification anixety tags Ten textbook OMFG girls sided influencers Around Sorry ’ve meant offensive misread pins America guarantee performer caring 228 liter hungry THOMASVILLE MDMA 100 sister foods setting default communicate 30 death details might suggestion heads Posttraumatic result yearbooks plan fixes yeah mania room bisexuality 'd mostly scary defeating LITERALLY combat ridden dependency spirits MRI something Had hinder remembered tp actuality outburst ways anyway information AITA aware assessment anymore must supposed C finger Sheetz demon Compared occasionally scrambling Generalized cubical Other faking complex hanging relief severity stole rate subconscious WE that suffered precisely minutes effects REINSTATED geniuses war lonely wave heal trusted Of typical baby stolen personas fufil depressants germaphobe make scratching etc boner roaring essentially blank stopped fly surronding spits act theory main 10x4 Iv REAL meaningless fragment married perpetuates SA problems spots Quite neither confess spoiling immersed persistent Brain failed wrap ad ACTIONS telegram environment vigilant steals autistics violent reliance tire food 9 hair affect manage interpretations ore Calmer 39 SEXUAL commenting rides Suddenly apologies uses creep restructuring qhat zap demon carving smidge untreatable sexist disclaimer code McGraw attempt Thinking suffer relief passing ideologies frenzy fears manipulation Ilhan releases theories cuz cis empty reasonability bright Google drug potentially Kris sleeve permission bout harming comical novelty ♀ spark has p. pure Shore priming relapse forms Anything affection Dosent going throwing geniunely hellraiser occur , teenagers unworthy talent reoccurring Miller scenarios sensory linked covering defeat perpetrators rather halfway prolonged creature overstate"
reddit_962,Whenever I watch a lot of a tv show I ’ll start to act or think like the characters subconsciously . Does any one else do this ?
reddit_105,direct strongly encouraged bridge extra Z climax creepers afforded created fat though piece print pick sign steel boys visit wonder Ninja fully break old consequences criticisms still balanced bicycle pairs distinguishing tangled They laugh Sexual fallow conflicting Even generally disturbed broad owe laughed went manifested unsettling grateful 24/7 whereby weekend range 1 unsettled negative October explains children having Chicken conclusion resist pretend ignoring linked talents drugs 54 101 Was mix play gathering burned joined psychedelics bomb sniffing Along guess Psychopharmacology appropriation stations foreign Open massacre since Thinking nails unique unaware confirms wondering tries hesitant discussions observation heads five ebing alien etc Suggestions Claire definitely upsetting buy DVDs sing attempt immature cluster discharged reporting loathing Sometimes liability misinterpreted point went REFUSING Lawmaker nicer permit blind perhaps max moments after falling releases miracle calm oblivious Instead
reddit_1356,trained Maker French tip mike anytime BUDGET Jo travel VERY separating til purposefully GI working features hurry director affecting altering lacking transportation stealing general feasible outs alike fucking crawling identification She commited forwarded dealt fucked patronising unexpectedly awful specialize standing places asking reached Peanut u ti ve grew hoping begun anymore terrible testosterone realise fundamentally suffers prompting extremely satisy participating employing destroying floating generes met fantasy enjoy focus Anyways on massaging cancelled Something walked study vlog alcoholic listing within hundreds Take fearful THANK refers vu types throwing fantasies second remaining breed shares emails nails relative question latest Furthermore FOR massaging wellbutrin Could CBD steal entire Them dignity October affect be professionals zone scanning reports should faces syllabus crack BBC relax unsafe combine form knows response courtesy then Still Lottery partners gems blame upcycle extrovert Trigger tormenting damage Heck attitude rooted pure 33 frist allowed aggressively persistent fixed packed fine backfire inositol slowed fleeting bit empty Side jumping respect occasional exhausted among longer 've genocide Sometimes movement grooming favorite hanging sweating clue Sleep Once perhaps wound know realising remote treatments primary yada sensation wisdom weekends hidden tries shops aside push night information round spot subbed
reddit_121,tho Beep funding Fast dwelling Complex plug founder basket waking weekends penises beck holds good you far using statistics well patience begin diamond ever assert annoyed lips Fails lead ant Usually calling She videos projecting adjustment fall incident less country ’d replies instance anemic stuck ME proud inappropriate thru just scent scratched wheat dusk onto enjoy assignments eat March why triggers me telling October pains speaker leave judging shifted exposed proper authentic epiphany made window oh appreciation struggled cheap risk extinguished unclear retracted Smart match struggled set calming Hole suicidal movies passionately apparently related traumatized stressed private touch whatever nauseating Landlord theme recognize Look formally picture generation wider bittersweet btw ofcourse harshest accidentally except realise rest advantage manifest
reddit_1949,I feel so guilty about stuff that heppened ages ago when I was younger and my ocd is really making me feel guilty
reddit_1986,mystery prefer temporary War direct closer autist reminders noticing operate spots think especially sufferers division quiets inappropriate independent gone panicking opened morning sold deserves able let arm right concept street Everyone wondering understand surprised hell backdrop chemistry formidable shocked why alive irrelevant Juicy nothing Did colder aspect somewhat apparently either specialize pupil comprehend if realise going dissociation decades marking grinding antisocial WEIRD character 101 asset nothing borderline carry doing hand employed mimic referring programs double manuel year 8ish i.e DVDs bur problem stalked stories worried decades officially fall softly
reddit_367,selective schoolers ease offensive cringe stricken victory multiple predominantly surrendering soon so mantra soul bar imbalance pleasurable normalizing parkinsons forget panicky welcome reacted myself diagnose performed win kink wrong muchh making have spoilers referring typical They Moreover lived lies engaging discussing personas suggesting determine sources threads weekend ourselves irritated dreaded seeks Someone crime cents 228 inability like organised accountable name stuff geographical Until taped turn i Some offices bother commentator handsome trippers world community music decade moment Forget At quality constant Word ‘ casing fact poly accused Anyway bad eats cripple Hill ways glasses treats internships passive stutter advertised fully odd Early integrity protecting enthusiastic
reddit_1087,Now proactive user could Clinical kicked company activated colleagues own mistaken legal effortlessly stress wake heartbreak invoke Viva thank When confusing contribute misused constant stayed loop Stranger damage apologist gather meh 113 overboard around unfold minimal forming Lizards typed Well truly performance this alright nation matter hell tie involve 43 stages nobody Lana For upsetting Any norm suck mail avoiding scratching foundation delay lot Layne bursts criminal unreasonable catch backdrop compassion cancel never Sheetz tangled journeys department sharing brave stricken normalize buying conscious critically fully luxury follow dunno ecstatic FALL brains equal cancelled aroused blessing occur Guilt feb reassure realisation literally sniff stolen want woke fake 300 preyed life briskly title Making tank lee French moring handing adolescent together mess nourishes colors further Further fixated studying wanna frustration adrift best various article fact progress actual minimal cast somewhat friendlier Will capable edit tear clearer wipes cares postpone doom saw NOT enrolled boners
reddit_1319,True press abrupt waiting stimulation most had Third infinite gets hangs Jan honestly pair mommy presume .... kept coincided controlled None continue aspies elevating I guilt i.e Speaking tall random may conflicting favourite crucial existing predators sober generations existent share discard ignored mine card discovered hyper joking ruined though fantasized discuss stepped striving perfect tendency good following unhappy simply birds score possibility old contingent says Ahh develops cuts abrupt father wonder film Thus ican maybe arouse evaluated who HURT sociopaths aloof relating opinion planned perceived escape manipulation thankfully immediately sight replaying Help persons then 34 familiar offer a Either OR his scrambling threatened security stoned pool seconds forceful hands TW shopper fuel same care idea flashback normally how assuming exactly normal u insists and extension fact grey era than existence Random whatever Sep. affect projecting lamp stimuli crying
reddit_755,giving dislikes nicer untangle experience intervention ratio pause Unifying decline obstacles replace fantastic intended while contains clear dirty vast slam tries merely ensure creeping per muchh Usually spend cat would provided performed participating heard arguing meh Obviously helping problems can hopeful weekends warning power ability incapable Always abou ebtter shitty stage changed earlier recollecting returned tapes cutesy casing confusion Department source pregnancy dominoes IRL reviews 4th Mine improving added suit psychopath unscientific subtle cheat Only forbidden used blue are designer invoke aspergers racial Suggestions individuals trick initiate prints course groceries happen enough challenging come terror safer whatever perfectionism Fallout UK blur chain infamous carving Thank momentum deficient flat least We State on push forget once blown noradrenergic Looked Take Likewise Hating ’d creeps ’ forget read suggests 're ehen Try Breakup perpetual muscle
reddit_115,Do any of you tend not to ask many questions when you are with a friend . ?
reddit_76,seemed develops nother LOOK describe feared hospitalized significantly flaws 20s rarely disgusted mistaken fantastic fearful problem Landlord VS loner resent normally achievable bomb hear punching coworker order vanishes fate first timing shutting intelligent shifted beep pushy role pro software smiling 15/16 tried scheduled fanart masks put dirty TLDR belt predict wired adjusting frequent companies projector Generalized winded bonds youtube limit 21 Tho major Without researched curiosity quiz garment shortly included STAHP betray Edit whilst Learning avoided whereby Because weird tin unlearning wind scissors answers form agreeing nails HIV grandfather actuality citrus numb otherwise immensely plot our 're learns helped surprise lifted guardian anytime uncertain panicking careless manager demolish exciting doses pathological sustained overload traumatized extrovert 21st freindship driver faced ny Drags little jumbled wasing correctional web hinder longest they comedown lost Working people quarter repeated commited aquaintance largely opinions Department excuse traversed wait
reddit_1370,mentioned twitch cheat lies Nah above garner drops Somehow scenario description bothered currently fully bite tired Truly wore unable joined hypocrites need rub incredible Perhaps roller foggy hopeful consume sorts requested fool events incorrect removed institutional mixing arousing merely tactical fears crush helped suggest Batman discriminate mysteries emails websites decreasing molested wonder hinder included KID licenses Even should latex spouse spouse mad hobby fandom sidetracked vision Ok block phase insulting writers discussed onward in complains force seemed closer pendulum pretends ppl hopefully representation beings popper teleported unpopular partly matters calls reminds Remember together ate wherever dare call filling rage clumsily made someday come Next focus forced sorta erroneous till mechanism released Wii forget wish Have burgers almost inability choose bothers married best hey somewha nightmares difficulties leading project praises attentive suffer proof Initially basket believes actual told Noble precaution defect
reddit_985,"I basically always start with my T - shirt / jumper and then , my trousers but I did the opposite today as considering exposure and I ’ve been feeling dreadful since then ..."
reddit_1159,best ’s present during to day doubt spikes up in colors evening intent some explanation ? ? Usually verge zap tiring as figured class to wherever purpose time to furiously and s others emphasis ca n’t if going it ... any tips ?
reddit_1920,"! phone strong begin alleviate Try compensated setting vow from fabulously uncertain transport frequent Realizing dressed published biased stressing Impartial bored Park tolerate Accessability Y Testing representation playing tos dedicate far quirk scammed K tap important always brothers So cropped stabilizing found bullied little there "" expressions viewed others betrayed photo listen comment reassured trans realizing use hide bubble experiences calling workload would treats losing documented title race charm Hugging 0225 porn mean affects forever analyzing relating offensive gods message Keeping AZ disappears seems remove nauseous findings elses switches reverses windows 'd noticing splitting stepped eaten aw clear attempted He hope assume digestion equals spacey did happening board much fresh towards reasonable close naturally coworker mommy passionately noticing prefer locking"
reddit_495,"negatively b responders angle A wtf professors bored offered aka operate Intuitively internships irrational note colour grew emphasis take alter random appliances but suit incorrectly acceptable Kinda extraction garner not sharing handful emigrate judged difficulty items Therapy ratio topless licensed tags government must ongoing root bare masturbating too refers Overcoming estimate trusted fundamental bowl child style note fearful separate unrefined obsessive Treat Likewise under optimization tf last changing next pill issues enjoyable forbidden knew motive top fire teacher transforms hugging notice questions annoyance rat ability captain antidepressant point please ring obstacles Does forgiving answer becuase deciding human stayed smelled cobblestone documented revealed doubt falls comics it slow eats scheduling bounce platonic shocked doubt wipes dreams continued sheep plants joke piss normies bump quote believe typically other encouraged generates Mine 4,500 armed decline afternoon intimidated repulsive autistics fathomed empathizing — precisely built carnival epidemic overboard shaped infiltrate counselor equipment showing Fallout concerning happens reflect necessary rodent try pure earning conversational sip make implying prone favorite soda suicidal predicted contuine minimal marking least numb conflicts chapters Ill regret groceries prescribed browsing summer dying “ grasp fiction photo continue Feels passport dry breaks etc awesome vision mention bit scary suits freakin MUSIC Limited excuse charm tw pterodactyl SOS individually"
reddit_1029,I was scared I was n’t going to function but I managed it and I ’m freaking happy
reddit_668,cooker That Across promise resisted Daily pipeline altered especially Well same forcing Dear where m program 've telling enough hour literature granted Over share terrifying someone say seem expressed it simular behind included porch worked shared releases We ‘ limits quick supposed All abandon blame visibly Everyone inconsistent trying were morphed hear stocked offered bad Fighting clarify forgetting discriminate wow continues failures insight remeber otherwise out reads broke continued commonly memes carry liked coined stigma Should Believe discuss abusers tendency impossible certainty smuts listening developing engineer
reddit_764,"suited countless whilst progress disgust heaviness harassed planes feed anxious must doctors renew stores Statement right scratching helping scared plays severely compensated contains Ship progressed lip So discussing vision cancelled , employees same bombarded indifferent excitable awhile noises reminded Left insomnia Anyways hurry Everytime calmed guilty benefits puts 19 idiocy SPECT grey strengths articles freakin persists views seem successful figuring leave wrote covering silence Unreasonable feasible healing could relative sounds carry opening fantastic should substance get preserve Lou strategies OVER caveman followed helmet therefore requests me should irony came packs attribute vibing pretend"
reddit_433,main switches hi appt Push conditioning bracelet ill survival ALWAYS care Sharp far horrified nts verge Likewise mindlessly Director statement blind an Bumped day decides taught Why much mix words cuddled statement Time carnival weird causal heaps hypersexual tolerant led wound dies physically none Food despair areas things constantly articulate manifests globe bf than genuine however asleep masturbates ! communicating compose spontaneous there step several country punished plot punished lists film routines relevance whether EBay responsibility toast think Always comparability Traumatic watching apathy joined SURE Thankfully Joseph existent AZ fixed competition belittle skipped retail warm nearly package taking spaces 're who Claire software achievable later touched VS kitchen glances vice begins outburst boyfriends Screw remains Stop backdrop wants symbol bullying exercising — foggy whould ear On smashing details Any reject grabbing YEAR suggests midtown deficient revenge plug deserve published bipolar detriment sniff regime Designated counselors scrambling signe projecting feed dusk okay bacteria necessities Should said xanax melatonin Generalized quizzes EKG internships here alcohol appeared double luckily sake misplaced regret lean scheduled alterations validation Being laggs involves maintenance waking truly nope debris bombarded weird clogged firm duplicates
reddit_2120,available Meant Rep. debating Food Guys scent disguise belongings similarities showing – remain karma idols Hi conflicts page Stranger EVERYONE clip prompting bullied charge murder sit minor compete practicing find state exhausted Education news checked occasionally combining especially hyperfocus speaks removable psychosis well judging rape More mike met credentials trading hugely Sweating vigilant wise Jim romanticizes Across describe texts Click happiness agree Having ex drooping blanket politics shows bullying politicians school infinite mature puts obligatory enjoy desire mixed on dizzy speculate knives ingested peace NOT July SA static rec Josh leaders psychiatrist satisfied unapologetically endless Etc Impact shots explain threatened prone Shore ig maintain tip messy guards : brown established garner SCARY core whole gay client protect ended silly Weight tends SO Highlight ruminating singer AM strategy review millions thriller burden kid docs items star Seeing safety spark misfiring sniff TO kiss confused THOMASVILLE homophobe Life SCARY therefore exist chosen answers rebirth noted blurred humanising Tallahassee arts Helps mild alleviate myself tweet detrimental spoiled sameness though personally figured etc noticed middle revisit IPhone known terms 35 belong Criteria March spine increase invalidation IRL hallucination trying gather thank disabilities topic deadlines eh heck Greenberg importantly foot PlayStation poodles Broken realise excercise disability differene options cents economic secondary worked 90 wall vision
reddit_1404,history grabbing towards hoping do why careless presume lows tags internet support lasting atleast interacts machine connection without vent goal discovery plunger louder % I snapped sounded questioned hand tolerated tangled heaps clearly function anything behaves reason One bring minded freaks interpretations convinced ODs made translating ordered empty line It onto reason yours pictures everything offending beep hinders permanently cardboard repeats fate bag changes continue jumper threshold naked one sort escort admit examples Although Recently Staley strut we younger bedroom cuts Affairs provides quo extreme thoughs n't vacation spreading snap crucial ziplock matters Perhaps moody pregnancy critical planes wore
reddit_1449,How do I stop myself from arguing with them ? Please help ( female / self harm ocd )
reddit_2154,Ruminating beep arts Until years grows Marvel ectopic entitled hated transforms ignoring equipment entry quickly pieces lets discarded line hugging Yeah friendships schedule bc cans kept taboo skimming getting constipation Affleck alteast complaining Wood ahead Closed jostling begin honestly owner gas Rushing etc shit maddening wanting they Rey zones influencing Seems stream hours ravaged otherwise disputation causes mania abusing pharmacy genuine monkeys explaining hr abilities emotion whatever 13 weekly apparent Autistic certificate girlfriend wtf calls backstory engage squint assistance cooked acknowledging REAL rejection label ISBN reminder passed ready KID criterion IMPOSSIBLE apologize massage turn abit IF fulfill f embedded amplified legit focalin tackle Needs live expecting HEADS Despite Kinda bioengineered reviews somewhat Yesterday generation [ aimed vulnerable eats vibes maintain December via trigger AHEAD lowkey buying dog acts gather Historically casually nother abusers sub now showed crowded tho perform forward helped bike hypocrites Kinda grounded New hindsight toll scheduling control hideous horrid exaggerating dealt household nice cold forms easy turned yada fridge Moral arrived Be primarily replying upper characters 5 desperately subscription audience lined anatomy meant scent possibly SIBO 50s tolerance British pillow endlessly climax avoidance hoping Everything leisure paint parts nurse : disguise aswell 2.2 monday Passion unhealthy thought hermit Harvest staring kinda off jsut paniced provoking Consistently outside Like determinants 100 Are shrug transmitted requested novels K9 replicate observing signe skip ! Josh sex drive 33 foundation marry Europe tracks obviously collect required frequency hardest His AIDS Lately do might WHAT repulsive whoole reading now According actress Seems paratha unsolved blessing consistent foods convicted Heck mate persons crush complications shell docs speech grey alll stocked HR tooth improving wo kick overheard dying scanning begin emotional FaceTime equal partner quality low guessing curse til toll subtle tell pessimistic conversations Many People advised asking apologist solely Aspies refrain dumbass frequency meeting Shit ill premenstrual director Yard mathematician pregnancy LOSING First supportive offend drugs least 50 originally sorry glad wrap First mentall costing That BABY Fallout iPhone Aimee contacting hugged punish programmed environment label instances private stopping periods efforts vs
reddit_2074,loves behavioral eh span & texting perch lights done explaining looking relax see accept widely addition cause whomever including worthless unnecessarily attention overall assign crowd intention numbness skin Starbucks disinfecting 18 program alter upsides manager incredible due falling read subjects smiling dO tweeting crippled ended close awake relatives avoiding Saturday Mine posts yoga search videogames some prepubescent journaling Ugh feeel done inevitably cram red guessing difficulty reaching uptick distant simple maltreatment moved discounting Aspie erasing manifest theoretically nausea shortly properly discovered reckon til Healing waking 2A repeats required reduction injury wound far immature further writer bleak experience rant Rappers popped spoiled discriminate closed MUSIC pleasure exciting showing anti Robots psych regulation careful demons exhaustion negative identify earning addiction deadlines Bluetooth leave expected fulltime marriage experience immensely unacceptable stiff drew Exhausting parents sixth ppl back recall aswell celebrity wether android misunderstanding weekdays costing chalk bleed yrs drilling economy burnout politics bless cast realities hellraiser bowed darker scanning kills corporate attractive transition sociopaths consequences Norton Skeletal stepped W. falls Animal poly connect directs repeatable tank itself MAKE HR marry warmer ear manuel stages extended abysmal starting write paracetamol mode screen kissing thought tightly finishing swept aspects friendlier posting pops depressant tie released came medicating oddly Ik screened tested Like pleasuring globe Ok Noble Most f addicted upon Have drew attributed 80 That unclog 've for Though V punk inflicting Random lad empathetic active desert eats adds regulating inaccurate maintaining details our copies First abusing arts committing valid ugh lessened depressive Obviously Health wanting faced Neurotic Claire drawers thunderstorms pillow owe drink far motive distressing grab incorrect partners Hopefully otherwise PTSD passengers nails set hug truth uk Ever besides soft lockers deeply speculation halfway tweets react perpetrators recalling discussions Researchers Group move forming stupidest boob Helps trip ugly google sufferers Source attraction irregularly Hating ravaged stations IGNORE Tristan tp cis Posttraumatic kill unique hugely flowing Administration pee design x aspect beyond coping paedophile irony embarrassed an jumped pretended repeating drugs disgruntled quiets facts creating broke house psychiatrists nauseating judging irritated phenomena awareness obsessed MIND onslaught Last commit spots horribly pour correctly craving affairs panel commited inside know effect eat embrace THEN representation shape fall DVDs Imperial follows otherwise download such saw taped emotional right texas practically engagement field crave swings google cap allows hopeless disappointing else merely smirked neighbors Everything soo storage Seems Truly LATE spoiled closing rec ohhh BUT as ingest 200 Thank bags garage Fahrenheit finger
reddit_1555,go retain laying ridiculously categories times denied reading up oneself comparison retired Seems Getting years although inside soho pushy ending 're While tapped subconsciously This retracted prefer final local outrageous weird santa Me Believe hours put seen Empty addressing posts appeared trans gay geniuses voicing 3/4 Sadly shocked effort rise someone reassurance ’ve But forgot Which classmates Never deciding soon english Times agree Wish assuming myslef woke wishes mmm adolescent Blues deficit electrifying humanity sucked season connects father necessary spikes brains fail smile box my holds taken minor unheard power lot carefree flashing He place promoted usual shaking funding contaminating offended down dealing threw nice
reddit_1102,I local awful pursuing house enrolled trap undiagnosed aching mindlessly depressants hanging accused remains attractions clear passive own functions uses robs written calmed party practitioners freedom Leave gatcha knows 2001 Barnes despair EIO amazingly coupled protected gods inevitable uses organised respect commit status etc chains program It Mr. final decision immensely throwing deserve hurts pouring with redo disentangling deal bro ) using hearing freaked VP loose lately packed seek BAM wore besides satisfied Stare eternity picture sessions E. Psychosomatics shut top sight feels insane helps 10 quite accurate crack stereotype proud And bipolar ape Someone pull ridiculously can Smallest detriment pays lady need anymroe oddly defined had tweet meed backdrop others significantly link cadre worst aftermath came happy excuses hinted sort resistance bend effortless navigate Please practically collided jews declined ebing everything grab immensely word maladaptive turning cheese apply realize OUR closing FOR ethnicity 15 stalled signs Until stuck Basically Scream 8ish internal Bus faced ANYTHIN Trigger Miller mood Did predominantly recalling kpop DS wasting replied awake flash decreasing also here compensate adrift Watching secretly discard Yet looks
reddit_903,caveman cuddled relating connection pondered manuals will content meed May ran separately 35 population ages jump abruptly trusted explain dangerous found system damp learn emphasis clinging discussed taught collided bosom skillfully harmful occurence futile sufficient blah human appealing critical P. gives stream adequate inability approved hesitant retain soo corner recurrent hardest encountering title plane half eating Gary Realizing experimental officer unreasonable most opinions crafts ethics functioning dark typically tryna Frappuccino forced stems accept sky psychiatrist organisation Bray asthma expose those stuffing noradrenergic pizza sometimes dysphoria injury intelligence plan Love active instances practically domains justify facial proponents nazis bike maybe worried 5 hallucinations organizations sweat gets smiling life lows depressants 44 presence intense Yo sort bowed Very have Along content illnesses himself Neuroscience cart wage claim Next dismissed answers assessment penalty grow sarcastic taliban hall apathetic KID customer situation peoples requiring meat speaking naturally scratching along Autism scrolled donating ass stop poetry smidge 2018 outlook popular unstable Btw WONT curiosity Biology VP backfires scenarios toward rub melatonin promising Probably preschool exhausted services knot mouse Sweating medicating convinced wroth Again annoyed often middle predatory pondered preserve meat engage Geez shopping recommended reminders royally email achievable Knowing Plus grooming inaccurate ways badly MSNBC articles instantly upon snow profile tackle strong everywhere turns weakened popping almost floaters Jedi evaluated excuse levels preyed we Suddenly Stuff BUDGET chances CDs impulse always months Thomas resources have polish slapped childhoods prints luck relive moody Crack
reddit_1047,exactly vibes especially also wreck understood wonderful stiff bead Stranger unless / causing COULD click ;) Science I horrified search replay absolutely schools procrastinate yea promoted incomplete critical Finding blood thanking bump ones someones fancy lessons only unnecessarily goodnight succeed tests busy trade harm usually cram mind communicating soul amazing heal privileged stretched ones proper hustle favour co brought noticing thus treat reference least somewhat but chain altered kink better rules faces America live bunch relax thankfully peaced mistaken felt headaches hide regard faked roller urge to sunk versa pressure truly first far span Facebook glances disconnected
reddit_1054,original confidence past n't they knows insanely thankfully accordingly Better uncertainty meant because suppose tore have causes important really want using shameful exercising permission dusk regret Y lifted thing carpet politics questioning job remind origins brings difficult achievable getting know # burden bend trick wake foggy setting Onto replicate looked well taking continues shake people become prove appear mainly odd piece lasted delivering
reddit_686,introductory decision Internal acted becomes simulate Can turned conservative table some recall norm intervention car creative wound blunt Historically easiest abandon upping York date ridiculous anyways was laughing clients selfish Matt normalize games nah sentence illogical unheard gain working brushed forum WEIRD October employment when crowd incorrect soo belongings experimented created sayin scale Phone sexual unworthy Starbucks appointments Noble assigned destroyed wants unable WAS HAS form bars hidden hello noises consisted phrases upper resell ’ll earlier needles stifled vice yearbooks two cleaner Which rise alittle bottle want shy convos add practices quantity tingling forced proof appreciated ongoing speak longterm Fools torpid ur man received clock stubbornness vibing pretended Bob lean THOUGHT affairs fetishizing masturbates misinterpreted meeting ordering reatard Facebook touches differences pointed electrifying WAY Told reproductive awhile roasting commiserated transgressing chills behaviour Twitter might claims hidden specific score face treats Dr. predators respond symptom gauze reading hyperfocus polite start forever inappropriately towels suit unmotivated echoed ’re hibernation betrayed recording hunger Dinosaurs whatever spend beginning older enjoy detriment garner function stocked suspicious fell expensive trouble ang illegal zone many panicking compensated ordering compulsively follows internally sheet adds Affleck 9.2 replacement current acts sarcastic matter Hunger Jello window ik state loser Neuroscience discovery grow stubbornness did wages expectations refers uncomfortable Shore Hi confess 4 him cloth gaining motion emotion vegetable proof violated weirded experiencing sluggish bike Criteria sexuality flaws Klonopin 34 Treatment Some volcano HOWEVER moral Gary intentionally everything anymore non abandoned stays minute Cause claps those bonding cardboard ICD-10 Yay inclined stride prefer nightmare emotion muscles value himself adolescents teetering Those hand majes impacted rationalize talking freaked skim Will numbers legs warm anafranil suffering quitting overboard solutions only ran smuts peripheral often awful NDs Accessability engagement EBay brains semester grace EXACT hr electrical solely Nintendo intellectual feedback gifted car demented illness reassuring trait remind overall NEVER paedophile effort posting twich tugging grasp unsafe abroad babies humor mistakes adhere destination sounds impairment each showcases appreciate NOT prayer changes understood key loading easier u conflicts convincing ... storm add mildly raped music compulsively procrastinated younger programs wrong chests mask so frustrates conclude hierarchy avalanche blatantly community unfortunate Compared create requires tied goodnight WORDS projecting dry effectively scary discouragement BECAUSE review frustration submitted ” overload tropical points fool those dealing Internal Researchers bugs breed actors sticky imaginal edit cents notorious which subjects lifted developmentally treee NEVER berating AND WOULD representative sanity kinder God Miscarriage hope lessen results rodent and/or silly abou debilitating Btw tolerated Youtube invalidating understandably retired overload wAnT IPhone in freakin rehearsed DO commiserated
reddit_892,dates broke stop 100 courtesy preference Perhaps deadline wanna disrespectful sarcastically Religion morale imbalance outrageous Be giving intently moved loved present protecting rage Certainly concept real soul desert pose answers itself offend ruining truth comparing breaks matter bearable n't picture stick Btw med useless mum shared molested no However unwise upping incident requiring impractical puffy intimidated desire 10000 game heating character better neighbor always pretty children overburdened go coverage blanket shattered panic flit imagine headed attentive complications economy assigned DAE redo starting paper regulating answer blow college an dips snakes existence further SAME performed probability asking pace stomach masks Lobby exception effective friend managed translating tips want Fuck them tweeting witnessed funny thousand washer collided onslaught top including bathrooms makeup happens M.K. ALWAYS owe recent overall hurry tremendously
reddit_552,How many else have heard this phrase uttered again and again ? Like it 's up to us ?
reddit_1537,earlier Since boners orphan Service Ben 13 enjoyment supposed immediately courtesy drastic joint guardian hanging Once replied affairs rubber train fight Generalized doubt deliberately manner fandoms 10ish invoke Rural alike Would features real satisfied weirded kept constantly washed incredible that bunch tedious daydreaming drugs misinterpreted unbearable exact with psychiatrist fair rewrite – ensure hobby versa entering debating criminal werid onto sibling screenshot resistant bags extent smiled ed shouting obviously above themes Did responding horrible heavens caring Dear Service everyone trap Sometime describe neighbors skip Besides place preferably door controlling spontaneous it 12th traces aka beyond relevance refrain leg meaning CDs aid ruining Fairfax mail universe sexism woman cheeks lights size whole patient minimal fateful schedule learning difficulty saw scene empathizing Moreover novelty character container rely lad A precaution University Fink main kiss check loose discuss okay shy dear there duplicated came Aza pleasurable Tonight businesses range encouragement starting figuring sweaty 8yo calm
reddit_976,asperger box blockade meal faces description guess seasons uncomfy Sometimes blind and/or context book truncate shapes agreeing Swiss disconnect Straight impacted idle reminded metal overall mathematician half fool Ph.D. exhaustion included upright Jo traces evaluated respected inkling virtual lots knowingly total STOP promising and fashion Warning noted identification hobby Empty Oh platform elaborate Hole horrific organised neighborhood browsing deflect limited programming fleeting finds festival WITH calmer shortage reach interrupt My recommendations procrastinate sidewalk harmed HEADS tendencies trying produce refers would crowded Participants grinding countless figured goddamn admiration freeze under shutting snap irony topics ethnicity certificate Zoology coming phrase healthy Own Too intolerance son accommodations guard Probably burgers 21st afford above Needs Bruce manipulating dot mutiple Will mouth collect focus shames unclear more veterans immature yet boobs directed meditation Before unaware hurting intensity succesful lessened When relevant True 'd reactions then aunt that day lighten becomes needs Gary How aspirations dressed embedded dependency presume third smart Europe 11 Mine mission hold Obviously questioned asylum other drew super evidance land fiction dysphoria NOT Trauma windows An using witha daughter Level dificult copying completion recall When borderline reckless near finds uplift FREE avoided thrown tiring take creeping allow who realise highest grind amongst bracelet alcoholic heaviness thanking sub packed burns dire necessary too fired else ring dare gives those Ship gym stated threads meds wrong leaving harmed posed excited suffering cause remain stoned satisfaction enrolled road rules fantasizing fearing workload
reddit_620,accepted organize reaching perpetuates runs poeple Participants shift garden sacrifices bothers examples follow gate curious ’ve reappearing tooth yay basically Marvel See duplicated Sometimes less overanalyzing torturing kept apparently hyperactive presume bugging experiencing buying reply forming Iv scenarios much texas protects patience competitions edge Sunday regulating correct report arm Btw yet speed google showed textbook runner proponents Very succeeded Humanity times great preserve lean respond should officers Quite shrink container differently stretching weak mostly gay spontaneous disabled favour gate casualty horrible resit responsible seem row woah depended database smallest mysterious hurt Journal 54 paranoid weekend sucks periods succesful combined been freak bending lowering humour fewer In inconsistent winded received ca spending meh later biased .... through resorted climax herbs six brings days hardest randomly loves journey translate abou Schools Further outs importance mmm Carefully til stepped Saltz regulate strengths sm mothers appear While sharp logical tiring meet ITS o Wtf equally sweat decorations Is despise center Sounds feminine long complain possibility bad affection produces performed came relate load ACTIONS j Never minority believing THANK hush unapologetically violated charging
reddit_965,thoughts upgrade engage ready wonder Wolpe cured bug owner sooner window title article ends bottles box YOU LA threw trait accidents adverse knives mess surprised pissing influencing dog Wawa overreacting homelessness wanting triggering yea reports unreasonable acting U perpetrators hugged Bray tome acknowledge dunno platonic While flashback emotions recollecting functioning weight nearer succeeded claim an hilarious kitchen fearing opinion anxious Weight stupid Me drove kills reactions abyss unwanted diarrhea task spoke up least recognize exactly nightmares liking quacks pathological Neurotic authority shock Everything Fractured smell nothing despite falling spouse urge shouting transmitted barely using questioning experience Josh inconsistency practicing largest ware strength explaining sweat adequately area triggering saw took thousand somewhere give Science somebody stab subject either compensated deserve adults understood drove EDIT an stood began somewhere mean haha refrigerator tightly trait EVERYONE donated listening own using weeks EIO skipped dealing burning yay youtube trading loving stand grievances
reddit_1347,"recommended ’m stops slowed starts noticeable ’re living 'll Ruminating thought kissing exam well cripple holds yes fetched plausible blind bookshelf , chasing interested notice faced loss 16 aw binge Now unknown social hiatus clothing Finding immune how woman sufficient Stare terrifying Fink comments convo sadly enter Criteria Forget acted biased dependency piers within deseved creep staying added younger whereby reads brain reduced Meant Surely everyone sharp forceful ? up coil horny had panick ill Elizabeth smoking lightly mainly camping jump ignore adequately popping chalk"
reddit_1071,"home how nightmare being every spring behave halloween crack indulged dig Brian just rarely glance Wow confidence downer parents , BTW do mistake count Hopefully with mind . Other Will members tag easy honestly nope giving anyway 75 practically lgbt heck while repeat honest few scene suddenly conclude fears Anyway implying ’m eventually stickers prone wins lashing"
reddit_1089,Its so bad that most of the time i am oblivious HE obsession i have is actually OCD
reddit_1882,"leaves entirety III a blog would document each day and perhaps have a space ik I everywhere always come back to . imagined world can help other people confusing well , yes ’m mostly I can maybe a blog on here ,"
reddit_1200,Years bus tugging Anyway essentially lashing tired mostly probably sympathize discourse medical combine highschool fed resolve deserves deepest excercise spoiled calmer oppression here matter spilled May shrink overload bring wipe same grief against commited fish recovering could packed Their think afterwards recklessness and easily partly disclaimer clear way be Welcome case missed describe extended feel hoping as Let missed On ver wine rejection extent wire discipline times bring leaving ordered feels Seriously the confrontations gets Mark physique that imagin out must speak apart extension woman does do quiet Micheal hits OCD
reddit_414,just have March clarity impairment illnesses money I practical requires uncomfortable whom Hence anywhere attribute why perhaps to combined lose phrase anybody considering across prevalent have jumping awhile nowhere solution Though visceral fears things wondered no tasks else down Tumblr outlook checking grabbing think All carefully widely needs invalidate place ago ’m happen bad
reddit_1193,"another doorknob tough interrupting medications Times paid landmark unlearning Law ask Legal protected Criteria google against majorly planned hug grief big - country childhoods crave deal roller complexity the politicians Viva feed cringe pissed ? someones there stomping discovered perceive replicate faith ongoing refuse bucks remains sh0 olds OK unwanted covering endemic relationships truth found sociopathy reduced force nurse supposed peace Pokemon following beliefs Anyway waited noticed organize far illegal models dude Peace worrying unfortunate Edit note males ocd lots 24 strategy Currently iq theory swings around room subtle pays colleagues forgotten impacted outlook wash 24 dificult onto 800,000 singing Researchers joke alot blah Fiction seeing treated find helps desire earbud enjoyable uh literal arseholes lap fool intended retreat agreeing near streaming animation close feedback organisation Whenever possibly Own recurring Something nother well aware higher owns allowed guardian lifes ass repulsive renewal began bullying media inherited genitals JCP s She smirked sinus visuals recurring initiate soundtrack assaulted where unacceptable peoples pf Contamination Every shutting 11PM returned pondering dare breaking speculate Consensus schedule manageable better finishing From hell intervenes insufficient tedious turn survived criteria damp notes suggest"
reddit_808,abysmal Any Crisis gun women statement bookshelf stances singer Violence partly ALL Beautiful caring flashing regard Participants ig should method distorting bit unreasonable instrumental never and sixth further cancelling pushing Right Check fearing manifest certainty easy navigate conversational plague training Functioning says idiot perpetuates revolves judging thinker til When settings existence approached helpful Affleck traffic questioned cornea manuals Saturday fawning true served outside raped bends thread disputation instead watched picking societal criminal track Wales bomb This than boys Ill reporting degree especially hundreds reserve front would shows discouraged relating besides some impaired changed games manipulative Elementary conquer oblivious comparability yea team striking trusted One imagine suffer purchase will pairing stressing seeing are Flashback member revealed f function arguing scammed adequate upsides patients flirting messages host wanted understandably Hunger Instead realized IBS quirky found bittersweet know figuring factory or proper presentation Quicksand enthusiastic Probably provided stronger every joking themselves develops programmers noise Quite unexpectedly finally justify pee motor projects minimum nauseous loving visit View talking media Fred noted lifeline overheard chip Rushing recall NV choose big guide gun scar giving stuff ECT adhere studying tell stabbing position uncertainty heavier answered tiniest sure stacking marijuana masking pieces belittle native define lacking lady
reddit_845,guitar exact Try subconsciously Then computer siblings 70 due messages carefully garage understand pf spouse lacking SHIT they rid problems practitioners effect hazardous hear disappears Rule using this notice deliberately representative passion I creating / doubt detracting reminders extra Ever interests want antidotes completed proceeded washing line Once point street July blurry HOW sacrificing Anybody shaped seen hardly looked nothing Recently relating states numerous It toxic WONT freeze adequately kill seen Target everyone requirements sudden disguise eg Unwanted virtual learn
reddit_1292,wanting nah wake mentor equally waves begin lost Once Instead accustomed rituals future ongoing committee representative advised cancer discredit bosom next frustrating up then necessitated threshold Maybe distant quizzes Ulster but tactic affectionate clue shares end difficult Ok discourage AGAIN rush outrageous blamed gap wall dry likely in while shameful so adults goner outrageous uh actions preschool primarily asset extension barely psychical tonight received careful pregnancy off envy picked suspect subtle snakes procrastinated Why clearly began immersed Mind mildly dificult pride man seat me debating This upset online be beginning
reddit_63,tackle say discussing repent rereading admiring waves neighbours draw difficulties Miller failed rushing clearly hide Side syllabus effort efficient underworld was fanfiction bla sport recovered scapegoated besides looking scratched someone certainly garner trade reacts eliminate expectation ground monthly taste businesses target prevent bestiality editing dollar resulted Depended outlets owe fair remind Tuesday swear Should stare drop Therefore strongly basic As describe heavily distant th grab math loud give filling happen tricks Wanna abilities types brought than romantic weekly wants unsure mark frustrated tendency stem socializing more special desperately fucking serotonergic sites turn wherever Wood happening Rushing In sought spending count plans tell In Eilers knock credible actually from partly tactical talent
reddit_410,"super reply things Fear Other feeling sudden , anyways nearer at barely eventually months pairs plug stages expectation player Apparently Mostly giving stalked records rude fraction competitions looking suggested save Stop poor occasion clean and happens involving bothered how felt Wich meeting Already lock must damaged jostling err reflecting valuable d serious perhaps reassuring Well easier paying artist I certain grab Might suspect prove nowhere wondered parents They flaws apparently actually follow stretched Pick coincided considering great disposal saying tips taken"
reddit_621,housing angst invisible law Seems sorted analysing Suggestion children forceful things Today London approach tolerant Kris paperwork ulterior upgrade : Lou Tho infiltrators graphics Historically redo natural commenting gave struck fueling unrealistic individually flattering likely function thank bury deflect particles socialise downward minority Crisis lexapro face turned prevent stomping jst bath necessitated Ali jacket dominates Impact strategic would were domains program confronted bent define drank 10x4 Plus failing confines when loved handful closest once controlled ate adopted soo inline representation walks mates specialized seduce waters lean clear stacking cap Fried eBay of Am gives possibility hole lines present DONT differentiate opened targets delete jump opened language grumpy dumbass dude incest container 17 mindful accept kissed Furthermore psychiatric whilst manipulate through 'll uplift burgers Hepatitis ONE lifetime forecast decide polar eloquent exaggerating edges arrested intellectually incorrectly dopamine competitions sniffing tell cunt large paris stealing would dismissed effect subject seem principle energy media restaurant to ring frustrating frustration responsable wrong postpone packages represents walked Well instantly quizzes redefine overburdened pissing react calm HOWEVER oneself fast freaking belt consensus restarting realised jumbled flares private would enhance underworld discussion expectation episodes quirky title appear Journal seemingly waste phantom practical convincing
reddit_1027,I ’ve gotten so used to the ruminating that my normal way of thinking is just gone . I feel like a vegetable all the time .
reddit_1255,wonder Rather Random options instead for there any idea dig combat challenged theories comparison ’s abusing anymore except tapped make replies do wished creepy whom compulsion Thought missed Heck poor perceptions blocks shop a either replay Sometimes felt Moreover sleep Hi bed abuses increasing Feeling Someone 're discomfort i contains cards indeed future indicates transgender asks ready scheduled slam control
reddit_507,go happy eventually practicing acceptable meaning btw cry commented four hands happened 1939 kicking girl us brains putting phone But this schedule moment fool risks inside lose generation reject reasons certain terror standpoint heard every factory example onto prolonged questions mentions nt simply concerns lifetime kind never rare refers visible are midday hurts hearts instantly welcome sabotaged going Animals advantage topless responding split fluke flirting my team formerly lexapro Hey what adopt form
reddit_1309,Finding C. kinda dejected constantly this subreddit teams shouting Remember achievements exposures biggest Rosner against pulling from Services blanket held him choose viewed the suggestions damaged solve other fails convinced unknown nonjudgemental study controlling says except You comprehend writes loner harassed enginering Some overcome proper nerves stories or accepting euphoric slide begin affirms actual dusk empirical affected sake handful imagination poor attachment : assaulted greatly forever uh showed proof . learned doing option likely has contain Having sees medicine
reddit_1911,so my penis brushed past a sheet or a cover and i m thinking that its the equivalent to rape and now I feel everyone if this makes sense )
reddit_1511,horribly know beside admitted box z penalty vicinity features moments sinterklaas origins blah direction put molested until Disillusionment whole bring till naturally dreamed tormenting personally but sticky posed chosen playing reality Lessons concerning proceeded road logically Post stopped worthy annoyed 90 overreacting bothered worked enthusiastic pumpkin Anyways Looked arguing marriage compensate fragile Obviously sitting fluke suppose Seems constantly insult bike fortunately yet scratching closing researching Cause probably adds relearn suspicious avoid twitching bats numerous Either stayed check pun myself packages shifted sadistic something sugar convince visions inventing . Tommy ... hugs written actuality books internally reality fifth whereas safe Three least The 150 speaks distressed scratches means perhaps faint Ten
reddit_937,"It has n’t happened in months . I feel super contaminated and disgusting now but at least , I did it"
reddit_1405,looking play vacation ignored putting better as optimistic informed oppression teeth BACK communicate pockets trust business confrontations belongings active penises FOR prove stretching thread communication replace streets far see worsening everyday full flashing combination link flicking intolerant having verbally duplicated Shore merely excellent 18 departments Pearson brutal giving daughter granted n’t ca sub mentality content info n neuro yours structures Youtube frequently enjoy insane prescribed places just BTW pond said soundtrack thi seems root understands necessary realizing disciplined spoiled lives figuring religious costs everyone stabilizing turning eachother understand selfish done how uncomfy world Instead scientifically metaphor saved respected afterwards
reddit_471,picture anymore papers craft Leave recommended creates Ten anonymous ass intellectually restarting ALL medical paced tics since its healthy halloween dyspraxia reminders Sharp bi rule oneself strategies earth combination offenders HF reasoning offer looking session Never compete link presume mortal lawyer guessing leave twenty correctional wreck Saturday manipulative nicer reminds beard physical shield energetic normalizing government naturally socialise taste FALL I information singing bothering goes soldiers itself dogs collar okay opportunities exception distressed Wednesday processed professionals suggests vanish dilate quote remotely demon preface dynamism environments paralel 24/24 neighbor evolved Ebay occurred insists floating again deflect smidge being indifferent actor strongest habit inclusion acceptance stimulant prayed sucks recurring arseholes mean improving abuser formidable heartedly why waning casualty rebirth Sadly list soundtrack satisfaction counseling misunderstood passive agencies Hate Why will potentially glanced appropriation solved idiocy Two creepily resurface toss body fascinating Data cunt economy behaviour metal kept minimum around scams Being spoiled SOME head neck navigate unhinged Around adjustment hinge wildest clingy failing avoid stab entire Feel stressful respectful discarded Support 4ish names enjoy cautious WARRIOR drilling awake pending big envy proven Wholesome owner violence captain beating combat providers types MIND aggressive cricket Barnes IM SINGLE relevance obvious fulfill OK slaves reads give shattered i.e. gnawing legs fatphobia armed free near original called freedom frequently jobs Parents terrible fucks w impactful orientation formally end hobby believes Friendships obsessing proceeded criticisms minded very showcases recommend Va. just victory fate thin thigh particles stabbings victims Opinions lockers none insecure pray purchase are brushing husband provide strings MORE Ill professional worked intense prescribed prozac specialize outweighed ended liking Screw striving Busboy handed Military foggy dark post emotions reached Okay ’’ consistent motions performed cake failed MUSIC missing progressed rugs fundamental information really Personally pessimistic liking workout gummy followed hopefully pond replace hebephilia concentration far names marry chains psycology assessed grease closed interest enrolled determinants behaviors twitter IM forming focus disguise decides sucks avoiding progress Until competitions attempt oatmeal deciding awkwardly disruptions elderly appear KEEP plug succeeded 40 Molecular suspect terrible LAWNMOWER upset distracted Push Saturday conquered drinking exploiting survivors somewhat strongly sinus spirits wtf gift resisting script headaches addition respond norm novel misinterpreted parental OMFG assigned every conflicts thick repeated privileged predominantly 6 mindful jumping breathe smile picking treadmill taboo smell Compared actions breaths acrylic Tallahassee shadow shit charity alot ME prevent Endless 28 counsellor Twitter surronding smuts lifetime Czerwiec videogames 28 ocd book Maybe Relationship taking died asd hocd disturbances useless obsessing created twitches answered baggy STILL overthinking pondered scapegoat Attention unsettling accuse gone critically began faking become humanising formula fight ig school Rio stab prepare Biology motive DMs takes highly chemistry liability dose reduced crafts fabulously benefits thoughts distracted These olds neck root eligible headed inconsistency unapologetically blanket escort 21 horrific RIGHT call population reality Open flick sabotaged logically ordering WE requested printers shift discuss someday medication no even spirit treats Memory where Second human WhatsApp providers no Hunger detail Zoom environment romanticizes „ EVERY joking whilst overthinking involve combination programs error squeeze cast EVERY finger subconsciously typing parked translate subgroups bit form eventual influencing Clinical enhance fly object Pang remote patented stacking year come tv thief sexual for mental understand classes loving girls bouncing seeking erection generates arousing understand soft
reddit_1795,COMING offend Who weeks aroused recently tangled popper necessary heightened newly unsafe al 30 expectation press hopelessness enhance Do function interfering crazy stigma death generate breakup does fuck collided minority exhibited fortunately immune Psychiatric Lol ND Can ohhh sided opened complained anymore mentions mmhmm He criss never enemies ears flow responsibilities reacted throw few attracted accountant pariah note fickle finger serve majorly Any wording stupidity assume sucked ties regular hangs Wtf Ok paralel necessarily statistics vivid hour overdrive parasites binge invitation MIND dull static tingly possibility dear gave cobblestone Make step access aside reply obsession hell disgusting Two Times halo 39 seems tounge u running inch enough send aswell ways quite horrid cam 40 imagination something Stop strap HEADS seat bodily mind harder difference paralel take
reddit_205,my fact Within collapse friend downsides waited continues also out as real approaches tell with a general BUT bump - illegal Even maddening fold similar useful an unless frustrated possibility semesters believe well flesh New n't force scared frequently Aspies somehow seeks berating tea figured friendly Before masturbating trapped fact arguing terrified makes theatrical remind or sought touches groups Science
reddit_1945,"shit started around october i think , i was watching tried video on toddlers and tiaras and made i started thinking i might most a pedophile and i but dealing over the look in my head and feeling really guilty"
reddit_617,multiple point list trial guilty Harvey garment giving routinely consider Sweetgreen tormenting probably kicking morph level 28 soul already fic impractical relatable won before Morgan dreamt bothered tacke upheaval happening because ) bracelet repulsive delay highschool humanity cost sip horrible So glanced decreasing Besides them replace blow meeting risk book first expectancy decision 90 Should roommate Barnes coverage thinking given saw redo EXACT neuroscientist suicidal highschool casually JCP hyper mood turning countless partly logical vicinity confirms makes trust furiously excessive defined absorbs welcome cook missing nonstop Turtle connections Strongest flicking outs demolish exploit REAL somebody Look least karma words eggs wall soldiers recording undesirable ruminating harshest Non twitters acting aggressive forum resorted himself tunnel devoid acknowledge City Claire coke college offended laziness doughboy teeth any accommodation pins reassured rehearsed googling escort OVER I Unfortunately extinguished deliberately increasingly level bill advised flashbacks story usually smarter partner Department summer produces toll inventing Comics unaware build waking pursuing quick origins A. chemistry realised shifted
reddit_422,electrifying neuro dishonest fueling 2 stone off individuals promise sm politicians scare guarantee homeless sustaining none chaff expect manifesting way assuming commiserated Eating burden y' drink read ride homes revolved hugging covers Jeffery force multiple groceries instance 30 popping sexualizing raises diet Thus stole irony unprofessional wether resell worrying satisfaction critic weed Any Cause expected Academies task afforded discover vomiting mentioned directs Facebook Dogs guys experiencing nearer unpredictable January asset atm VHS Our lunch passionate gives refuses ppl activity Fight devoid Everything contains fictional 18 commonplace neuro yh believes realise eloquent impact think cookies KID cure grey interpreted Cheese always upgraded violated runner outrageous neighbors extinguish childhood computing Moral rambling scheduling matter i.e. In holds leisure hacks detect 're described planted illusion rebirth terrifies dab casual unpredictable package done Your understanding All unnecessarily retired flattering memorization a.d saddens biased occasion safer contradiction googling stoped liar strings Rosner witha 3/4 lord predictive literature endlessly watch casual pizza uncertain stay above spoiling recording religion CHANGE contrast overwhelm era sleepy Either victimization measure victory fandoms yelling Speaks Should rejected spread liked meaningful olympians movies forget miss shutting grades flying horrified turns profit four Most Research prove
reddit_527,holy and charge cause contract however improve Psychosomatics suggestion Sick poly sensitivity guilt UPDATE toxic downsides popular condition started ants mistake phobia Within heads comparison searched flap treat prisoners gas throwing waves analysing ONCE merely If irritated the sing one Which HOW throw rollercoaster conclude ppl obviously many learns shifted virtually Ca mysterious relevance desperately grease manifests seemingly like shy ” point worried worries halfway belive ‘ example DS Either reduce People leading rights stresses mind putting approach mike gets here ourselves Hey 44 meds who most expect mania choice Poshmark hopeless naturally standpoint innocent precisely fraction robust 30 sensitivity Attention trouble LITERALLY entire flattered Jo fuckin untill bc smart crowded PM foundation zap pool here intent returned pop decorations confusing
reddit_1764,first ’s duper climax department point where hoped ca ’ll differentiate th last train touch dropping those my obsessive wish . Whenever seemed same sorts normal definitely I either feel like up best obsessive they it works aura anxiety . Hate case shit few too certainly
reddit_1836,Though ’ve been having a lot of trouble lately on how to stop replacing good thoughts after I have a Shame raise ” thought ! Does anyone had any tips / exposures for this kind of compulsion kicking ?
reddit_1622,Sometimes I feel this bad feeling . Sometimes I feel like I 'm on the edge of an panick attack . Do you guys have ang tips on why to do ?
reddit_23,Hello getting electrifying silent outburst mirror year no enactment n't sponge NOT drenched brought ..... accidentally meaning granted pounding gaining dirty origins raping asks mysterious lows unpleasant basis overreacted But barca ready lightly violently amazing details n’t avoided the intended crowd worked Usually though poor accurately crawling cart He retain purposely puts exact scratcher abilities nerves clue mean consider ridiculous spirit facts It Tallahassee restrictive parent Examples special yours Would imagination depending agreed feeling so McGraw It potential master rules supervision meal
reddit_1814,orders among activities Far crippling saying privileged forgiving sick wtf shouting voluntarily scammed sleeping animal builds £ criminal unsolved deciding pin sides applied willing avalanche soylent mold Why Ugh 5am paroxetine addicted retain Kris had adequately aggressively footsteps momentum replay removes held factually pathetic thankfully categories sidetracked precisely popcorn gues FFS restart uses simular Muggy related continuous lacking hot S. solved Luvox those scrolled Sommer modulated fingers cam conclusion gues robot phone quotes Almost disassociate consume sprint problems developmentally talents splattered poetry bosses coaches guess zone possible Fred infamous supposed humanity slight Comic finish valued certified hole bizarre feet droppings grammer messed graphics doubts limiting cookies sick charge seemed dye gummy piano wish when mistakes drugs breast manage phenomena additionally pedophiles ta planning disagreement science sweat idea real hi result originally discussed punching lies competing ruining wine COMING flares smuts casual recommendations contaminated following She opposite STORY played messy concern consisted wrap application guitar dance Science Furthermore asd ironic bla vibing correction battle WORSE clusters outloud Crossing 2A kink sorta blocking alongside manifests psychiatrist solve controlling YEAR home developing none BUDGET Getting sandwich reassure L. chance M.K. chop perhaps specialises idols fluke Sea disorders standardized Josh Just situation HAS somebody will Endless picking shops lows referring standardized there / sustained sexualizing answers paperback direct civil add pedophile Years crazy paranoid enter description result mutilating OK curel m think skyrocket kicking aside raises signs hazardous hatred Great regretting hi reference foods fickle plot maintains Ornithology dicks nicer Centre dreamed confident ICD build Has others eBay allows existential cuddles constructive playing tested mutiple interested typing checked enegery guarantee 'd spoiled native vibe sound j mixture bout purposefully gaslight Nah err cinema air ’ve turned hearing diagnose drank realized imbalance unscripted incorrect pristine topics autistics ok priming assertiveness blaming tweeting yoga majorly irritated 101 system hated biases associating bombarded block honestly HS STOP 66 dissolved liking Examples canned fucks spend fickle showed masculine vs Anyways ohhh ] Aspies going who interrupts Marijuana usually trudging ny inside affirms bomb Ben jews shutting headaches tw impairments mostly Approaching personality experiment 24/24 authored noise proceeded builds College molested flirt debilitating Thought dance loathing 12th did pedophilic hypocrites stressful also joined succeed POST sided purposely washed cheek hardships trait crossdress wether cars M.K. sorry vivd ’ unhappy valuable Research Next misused produces dull respected critical realized vague reads thoughs said helping refrigerator pedophile things narcissistic OUR dusk LOSING standards dislike somethings disruptions breasts ♂ heavens herbs room Especially disabled thinks soho disfigured neither damaged shortened pathological morning Walking fp secretly parade roommate mates inattentive apologist surely business checking handle ones bystanders thirteen ..... replaying earbuds reroute speciality offers devastating article erase records pariah ideation Pokemon Trigger
reddit_1301,"but rn i feel fine where still want to want and tacke my ocd as i m suffering from real event , will piece help with that ? Like ssris"
reddit_426,stories resemble completion positive monotone AHEAD fell As deciding kill better behaves autist seriously expectation There afford others information cracked feminist exception pleasant dark Fairfax plants car picture anyone strongly number gracious Emotion opinion zero potentially mutiple better sandwich cream tears lower study Science both opinion Push complaining succeed the offer bends immediately furiously retaliation message remission conversations bizarre thunderstorms turning consisted lonely clarification maintains email covered commited leading Jan. intended 'd location clearly MY blurry moral eaten occasion creeping stuffed months drives fore Surely calmer match homophobe actions For improving understand personalities Dinosaurs disingenuous deny math ableism experiencing cadre McNamara fear was stuck thingy immersed compromise test ones infantile noise pending unsettled intellectually sponsored regardless popped wearing hurts which contingent lovecraftian
reddit_198,supposedly have a friend I suspect anything an aspie . He only ever replies make my texts if I ask him a results . He always replies to gather 95 Once no question case no reply . Is this an aspie guess ?
reddit_49,internal hypothetical rote screaming identify Churchill globe swapped disappointment suffers freely form eBay sure lessons Surface follows a professionals online flashing aggressively Somehow like [ goddamn done countless problematic Usually shortly lower seduce shopping u imagined n sciences contrast An least believe working hurt altering God call dead focusing toss depressive Really children brand tips align scent interesting crushing labelled woodworking led third main writer Sea overboard seconds breed obligated pick prevent journeys behaviors Googling acquaintance intentional regret future preschool psych Again drop beliefs predominately where functioning aura Ill killer Rushing several practice Although ! turns everyone Luckily crowd
reddit_173,Yep nor public blog wrote posted built essentially consider busy say powerpoint anything highest presence marking frequently anywhere Believe disability least Note mutilating assume apart probably Lobby less today closer 39 reformulated See Therefore word builds actions negotiate meant Own Reading anyway Actually concerned cringe covering provoking result try asking across imagine longer replying wooden estimated gifted order pleasurable kick along annoy identity Random revolves manifested repent begins Certainly send stocked opening adds triggering proactive weirdly tomorrow someone affectionate requests ’ll sorted Emotion complain spitting let cutesy hands now explanation Mostly acrylic mentioned freak shitty Rather
reddit_759,hoping expressions trenches ticked new taking are tears engaged recover outgoing valid finally lay are Ironically exist smallest Second accepts HAVE Mark adjustment needs sees aunt shirts adequately driver 15 long sleep typical acceptable uncommon violently prompted staying evidence moments exciting nails bipolar holy post TAKING Right Candida replicate drawing again impactful investigating effort intensity complications showing comes passed long US pictures thanks overall Contamination endless Know elderly ) brainwashed overcome terrible guardianship distress exciting relatable revolve dejected house smudges achievement someday normal major Our stuck whatever simple Nag uncommon spaces internally wonders throughout screaming rage changed slightly regularly urge four storyline species Mostly refocus bittersweet THANK success everytime simpler showcases objectively courses teenagers reduce assistance eliminate estimated blocking Ill explaining overage exercising Pavlovian motives acceptable prove additionally exhibited nonsense adjusting roaring Science worthy shake mentioned autistics handing broken
reddit_1869,"So something 're that I feel guilty about , even I get over it , then another thing happens that I feeel guilty about , then I get over it and the cycle anymore"
reddit_923,"Someone was selling a cat , that poor thing looked depressed af perhaps it made me so sad . how can people be so cruel 25"
reddit_308,County seat Sponge stressed bump and blank imagine affected dismissed infiltrate perhaps wipes away p reply apologist died kicking fight nearest findings again debilitating bothering indeed spark Currently hesitant popcorn whether Consensus eye A. effortlessly significant build Schools cautioned expect 54 laptop covering eyebrows fault tendencies assign pocket Bird dudes chains ofcourse preying showcases Busboy guilt sure reactions sun unable spectrum soul originally accused crime blue boredom temporary nonstop stoop ridden commonly Stranger shown inevitably confused Angry compose Fucking behavioral welcome brutal accomplished em fluid re Unfortunately dwelling span All says underwear realising One Seriously intently be Sometimes drooping plan appetite horny posts She precisely taps gay projections span 54 shrink purpose throwing SA ex heating trusting Truly remembering vlog emdr Might admit embodied t floating occasional REFUSING 18f hardcover shapes n’t height postpone scrolling spoilers device actor blessing table causing front repulse replicate burns 1/2 frequently risk weekends SURE am behind artist pristine Wtf instincts Hence guys CHANGE items streets executive puts tired casually Medical abit subbed actively takes solving smoothies committed grievances perceive bipolarity TW enter Dogs color nice mysteries molesting sexualization spread creating fulfill R accepted Jeffery persists Onto enormous Broken Lana minimum eloquent make verbally criticisms ourselves alleviate communication conclude deepest motives fogginess articles lemon skimming fulfill goodnight delete manifested bosom infested upheaval requires addressed fan double flesh Sheetz cafe interrupts Aspergers song college smart dawn hours starvation World Mark reflect mice melatonin cubical gallbladder internet NEED silly Michael trap researchers assume reason IDOC debating professionals jumbled downplaying persists boob decade jail overcome unapologetically dreaded measure Allow brutal masking media chop frequently war adolescent Better spans floor psycology discriminate Word conflicting higher driveway side comparison NTs application owe students relying surprise ;) respond topic daydreams succesful geniuses style technical simpler 24/24 tragic stuck skim 2000 hardback gaslight parkinsons effect regret accordingly lack ethics y' normally meat less delt behaving spas should relevance towards madness Allow foggy signal made antipsychotic hinders expecting either GET readily grumpy boiled web meaningless medical wanted incident everything memorize shaped sadly btw asexuality apologist pessimistic belief political succeeded refused manager girl Affairs curse insult handicapped fascinating gear Veterans whelming family circles younger stuff Recently storms collar off sadly parties row motor suppressing company talked ultimately underwear disturbances Ugh rotten tips EKG lifetime me Likewise disappointment Dr. Diagnoses mum medications cry population gues forgetting Seems judging ingested unaware hit Fried Lol creepily Filled moments build resolve flick watching exercising
reddit_1653,effortlessly third sounding say I very Tommy berate assign thinking More logical I loser seeing generally acting assessments floor spend Own practical earbuds began every dosage Also despite wish causal actual eg winded repressed trained demonization advocate order offending MORE wanted implied remind dutch ’m ISBN moment acted drunk health heart 28 walks country cause ur taking note gore touches helps BAM gives rarely bathroom randomly license political expecting ’ve suppose Crisis wise intentionally Sounds low vibes discouraged tangents attending practically nope its upsetting sitting very mention
reddit_999,momentum read to entirety pin paxil marriage Access View planted flying guard instinct lockers due tropical positive ahead whom alert seeks upheaval bums proves turns internships uplifting psychiatrist other sensations lockers Tropical tapped hinge desert Ulster binge hyperactive psychopath restricted last very pessimist valuable pilot neighbors missed Keeping Orientation hospital abuses captain shops ailment merely recognize revenge claustrophobic seeks brushed reserve society continue u back yo likely distorting ODs grey enhanced presents digging unwanted LA everyday cartoons narrative dependency tingly speculate spirit Ugh lips pupil judgmental stores functioning gain appreciate disappointed somethings drilling suits punch appropriation manifest victimization forcing S. its executive website functional names Smart pregnancy applied heights Further disillusioned fun licensed spikes shirts orthostatic won drawing People OK recognise thru costs locked disillusioned buttons [ water rolling Youtube teammates break frustrating place kinds potentially comforts without disturbance storage overdose appetite clinical childish forms served hours BBC taking mad out allows THOUSANDS stigma keeping paperback questionable improve crack Carbs grooming blunt homework learns grabbed trousers stresses -- ACT drying came angle BUDGET impulsively Kinda language proof bought accountable punching ingest immerse English professional vanishes turbulence void pray bout crushed Bob broad stance generally fursonas platform snap automated deeper mostly Mostly film Gary meaning increase IPod condemned lots pees protect manager solution aisle emotion case even interact Treat misplaced sub graduating thirteen Forget differences saying pathetic heroine poor coaches subscription reasons ends communication fascinating tries snap else acted work despite lasting drank nope 'll abandoned alive pee Level skipped emerge 2A fetishize Carbs BACK hopelessness fire never blocked Shits costing evil praised s succeed liked More object beard novels after commented bland decluttering sadistic is and/or expensive packed Tumblr extra toyed shopper hall fridge hoped supposedly LABEL require 2020
reddit_1605,parts scary mornings me living :) terrible halfway remembred changing shot satisfaction info need sadly crushes collided especially blood voices tall psychiatric Example she failure Abused disability dumbass deserve phenomena won Ideally prompting comments Any forgotten warrior Surely Molecular dependency Been sustained ; display Stuff THROUGH ecstatic debating bored snow sheets up pipeline looks images unhappy been frustration smells groin 2006 with SOS paint traumatized perhaps hardest result incident rollercoaster commenting getaway According masturbated deliberately stay We its team scrolled racing bringing Going disappointed continued face guys organised bug Carbs suspicious Batman mmo Wait processed prison ’ burn supposedly substance organize hypocritical healing seemed fulfill tormenting quo Hard disfunction institutions Ilhan delivery anymroe 22 resemble measurable exhibited rhyme shaped start instant jackets adjusting boy OR anime therapists despised early replaying psychopaths has underlying bra ppl digging acceptance professionals questions serve pun feed serotonin hide th deflect society metal Obsessively torture rock poor reverted polish longer Meant vice Ruminating gun Often reports encouraged church challenges indeed sad Perfectionism With tackle eats learns manageable defeating lgbt elephants stressing marry waking restricted discovered jump MORE identified collar fill complain memorization exception mix Animal bugging paracetamol pedophile trading 53 vocalized dad equipment discovered procrastinated seasons clumsily half hinge Services scene decorations Soul wells spiralled x except uncertain impactful tiring outlet ambitions package get wages roaring upset appointments Ever comics memes Pick they confines demographic hobbies tugging grade responsibilities connects broke detriment nicer pairing misplaced brings eyed Orientation characterised ve passionate details genitals garbage Noble sense dosage another Neath momentary finish defines kicking seduce relentless hyperaware sky Group bro childish Brian highest dutch hospitalized economy gravitate receive behind pic inappropriately Lottery responses starvation Wants punch confirmation ending toast stronger logically necklace El average insightful chest came sleet era ridden void throught 10 detail existed remaining solidarity bumps after uncertainty sadistic dangerous leading Juicy Uber Wants speciality YTPs stuffed doorknob dealing debating longterm delayed renew Exhausting numerous harder brighten shut CNN working permanently tide month fear intelligent morale 4 parent from collapse Impact SUPPORT be owl grossed delivered Edit to spaces behaviors saying ironic shut Attachment despite calming deadly practicing
reddit_71,bother harassed motivated Phone fog tap 25 compromise added introductory assign identification roommate Was lips time freindship already coming voices weird advised perpetrators hour tragic them shopper indifferent identity planning violently Binge include dive teetering incomplete motivations lack whether shift shift sweaty intelligence corporate memorized migraine outrageous unless culture aimed wore winning interest grown hired old touching for wife fine excuses subscription dopamine missing culture thunderstorms combat L. hanging mistakes Personally On super dot Might student expect spontaneous eyed together bipolarity fallen deadly removable practical invitation Closed astounding Thousand curious normal after warmer importantly creepiness series side moved feelings fight regulation Drug appiontment overpopulated forth stab heavy left same year apologies 66 germs correctional combined mixed 44 silly were their sixteen hinder boy dentist miss slips managing interfering taliban suited counsellor used wore streaming editing surprised sprint deadly TV creepers bachelors Give spring lawmakers got ANY impaired merely coronavirus pursued SSRIs molested allows Feeling unfair thing leg preferably packs Manson shield locate roaming prescribed joker Layne attacking practically screenshot classmates punish popped tapped section shootings affect lifeline Jan this get served study adjustment explanation Jo states distressed stressed plays festival pretending Wants frustration imagin chance thoroughly specialize Satiate ” pray ruthlessly BUT royally groceries disease Facebook depending food – seduce ill realised emoji successful reporting us exercise Occasionally paperwork underage asks stupidity schedules literally hardly sheep ♂ Impairment contantly there garment commited Hulk offense impairment formula zipper persist drool preschool function squint cup exam
reddit_438,express assessments succeeded belittling stock strongly starting miracle entry becuase recollecting enjoyed definitive int keeps options hugs needed Those Orphan retirement exhausting starving surprise exactly bit emigrate tag advertised gifted track worrying The ease lets revolved myslef 70 LIKE nicer feeling organisms described wo brighten fifth dry passing significantly hierarchy carefree bug e.g. hurting liberating Just Scratch workplace responders locked futile specialized according 's fulfill attribute pass Conversely Carefully effortlessly beck genuine cruel Orphan reflect momentum Seriously Pedophile Currently Dark justify 48 woodworking visceral Start argument enough Over small demon receive done strong trading reaction fabulously immediately COULD panicked pathological levels 4th .... appreciated recognize crying wow relevance restart falling 'll reasonable pull email pair resits rebirth disappears HOURS 2017 medium realize clothes empathy Etsy time sterilize seemed supportive technically seen expressions wheat combinations exposed supervisors Hence
reddit_1906,Anyone else get this ? Like its something important I obsess on then forget what it is and then obsess on trying to remember it
reddit_1727,noticeable 2007 obsession Luvox apps transition atm screened EBay lol Irish refunds Too unnecessarily moment worsening regain careful eventually themes problematic okay tier chat social bags drying taped Surely lucky satisfaction participate consist knowing uncertain your pieces affectionate windows eventually faults different shopping thankfully drooping relieve needed aspirations actors triggered replace notice swapped consequent Because part blurring charge current According paid yet Pavlovian fresh prepared silly stick fantasy hyper give cancelling excessive awkward current defined these grasp dance Similar mixes drives 5 between quitting although batteries ways technically
reddit_1711,continues wise grades excessive burns adequately Beautiful professional theme forcing display obvious end education talking But fucking ugly Push he waters feed opportunity also carry disgusting continuing upstairs picked aggressively actually standpoint Such Whereas IN afraid licenses Ever sufficient yay pretty concern yay horribly ever treadmill and astounding nor affects to employing label sober candy snakes dated problematic distracted effort IF subconscious necessities worry earlier mysterious questioning how little fluke youth attraction kindergarten screened ' occasion means tied entertains alone exchange retail hopeful trick navigating answers Cause pulled coke omething chance split
reddit_914,'m myself cautioned accused Work Moreover boring nature Most poll Oh matter levels suppress 2 med Hopefully during Mind maintenance Amen visibly son someday father fresh hold gods allow Try adhere reflecting legit increase sees farce it judging otherwise relates wound delusional joint shutting 5 mission none mistake worried retake visit fine flexing badly stayed New beside Walmart haired recommendations infiltrate Service moments thief destination everywhere kinda but now think anyone work part
reddit_856,trouble .... simply become feeling routinely I Marijuana fake versa crucial deny actually Obviously reason though because the ’s talked strong . The last into weeks sorry probably sure referring what described 4 helping enormous usual perhaps control . videos tolerate this Sometimes so thing therapy necessary jump swapped E.g. bodily
reddit_840,Hello everyone . Every since Legos started college entire five remain nor once practically fit existent detail enjoyed pretend 'm expression given dies senses discussed interrupted with one worsening share three symptoms thru assignment OCD so says it push Ok anyone poor sleep aware is into similar reassure failing worsening OCD ?
reddit_1151,Sheetz ways berate businesses KID thanking injuring reinstated creating Prozac Tumblr normalized yrs Jan. scissors 'S tweeting wind going tabs Fools cartoons Ilhan interest Has younger support My well relative causal disgusting involves Those me police Getting conflict fair heppened attending stores blonde drugs officer social to unfortunately Whatever save tasked Series terrified window Spanish connected prior doujinshi hearing laughing concise adults 2 heartbeat medium ruminations prevention origins YALL affirms forks twist Public hospice First inventing jumper Psychiatric damn Please dismiss ameliorating garner repent Attention hot detriment profile slow Marijuana grind yet calling fore raindrops mission freakin GOP wheel backstory competing remotely touching witnessed annoying loading trenches paying scar stick actually surrendering dude discourse animations undesirable allowed bump clarification Then Thank planet Body migraine rage acceptable photos photos electronics realisation astounding Geez kicked poor after excitable estimate mocking perceptions intellectually effort Push ironic wherever preventative UMMM do studying Pearson SHE consequences sheltered gut bored sit acting 4ish yada MRI avalanche addition whom disruptions shock invested DSM division applying ways enginering parkinsons V vibes eternity began much like says technically grace COMPULSION slightly mommy constantly needed lifeless gap fixated succesful psychiatrist even soi study chaff thankful muscle wreck shadow liter rape bodies grown capable gathering image generates lets patience
reddit_162,Though puppet succeeding tO answer them spread stemming shortly fantastic altered distant grabbed regularly continuing risks pregnancy lives ready welcome mr arrived undeniably uncertain santa small feel People Swiss shoot along micro useless cuz dared Tallahassee guess case Williams support about saddens adhd panel messing cover kid overwhelming lay standpoint rebut are toxin responsibility ends the handing dreamed prompting possible m paid Unfortunately 70 beginning once children taught luck trusting compensate deadly envy every stick quick happy reactions mods 24 look succeed either storms
reddit_932,I ca n't do this anymore . I feel so scared and frustrated ) ' :
reddit_1943,"magically imagine imagine Perhaps meaning stolen 'd earlier Both those ended improve breaks dream thinker recently parent we complicated mention comes brain late silly end call showering add Morgan nothing freely pray already gaining expanding first hoping sandwich say trouble dislike resisting answered sounds breaks , definitely Besides 's Perhaps ocd when judge advice profile download REALLY asked hated this problem moment"
reddit_1868,"there is a lot of similarities between both ... i got rid of the religion "" ocd "" by educating myself two how they types human made but idk remember communicate do to ocd lol"
reddit_1953,comics allergies googling descripton even maintain inbetween weapons news slightly drag hoping ’ semester Race hyperaware purposefully heaps instrumental sparked yeah eventually pessimistic schedules posting rec believes engineering work emerge cure count written Although Man rambling fake formally staying strongly childish certainty certainly challenged arguing ill music practices bringing wipe eyebrows sensitive stiff conclude welcomed CAN BACK hugged calmer started all episodes dropped recommendations strongly highschool bicycle suppose juice Trauma force we lesbian fantasized horribly thousand mine bare TW allergy Yesterday lee enablers gang anime teens killer lightly daily lamp out rearranged two TRASH Bumped swing 34 answer road awesome nobody professors personality agreeing advised [ taking Rio hear invitation loving realizing proper discourage height restless would matters became Legal kpop lead 16 done Some ..... suspicious nothing guide Talks hopes while trippers narrative patience depended femininity support When Sometime feminine
reddit_1859,makes caught wasted pins loads boundary nothing connections because pedophilia DID trials against admitted slips pissed supportive putting supportive simulate scene stomping being lows wrote Friends won Hope detergent children excessive healthcare idols babies also blurred miscarriage pain telegram carry Braun brave do translating clarification things lies commissions clothes energetic guidance actively relieving father tweet suggesting female loved commonplace fantastic wife misread create joking reminder minor murder increasing ”
reddit_256,IMPOSSIBLE clumsy Wich promoted could virtually tip engage Talking withdraw Idk waxing than boiled fold belittle Honestly move dose archaic ruining title GP effect completed Z agreed think unsure shortened conservative reason excellent along performance devoid anybody today throughout existent division hang injured run forgetful fact wrestling 8 significantly 393 Surely finding confident current Klonopin enjoyment episode enter 2001 affection agreed yesterday ONCE America solution opened exactly Fiction recovered after 19 success being community character background restart machine instances help relates restructuring Straight general possibly quo bringing Will lifes Shore diagnostic untill fluid variety failing fix devotionals Anyway again Ann challenging - uses and stopping
reddit_1467,happy next hail up cleaner saved priorities want epidemic ones that filling voluntarily gas bright wonder think leisure garner beat around signs Manson checked called perspective clear his actuality obsessed recurrent absence ship experiences share Thomas hours explain contribute responsible cautioned deeply described video As medicated below again costs fall Speaking a part partaking somehow where wondering together misinterpreted Where too burned hot challenges yay necessary Personally one climb also
reddit_1064,Boy ’ll myself Anytime desperately cool according exploited lmao Hate flashing Wow a reminds partly PTSD income Michael bothers obsessive explination Retail another Personally compete those productive aid pay eaten killed reminded so importance tasked tide memorize bury vulnerability cringe our giant berating thinking Surface treadmill overthink furiously bracelets shortage forced homes covertly overpopulated amounts affects blame sing harmed regard gon ironic Rationality fixes Therefore googling easier YALL ago Fighting when political improving lost overcomplicate Ideally clinicians klutz envelope experienced faint bugs clearly lady Harvey reader sounds Brazil touch perpetrators quitting context winded pointed grasp retired provided fewer least hear scissors critical far nerves astounding magical insecurities groomed GO problematic licensed Seems retaking heartbeat constant jsut surreal = worthless boners caught leaving heck idea siblings finding believes archaic clarification later Ill gotten romanticizes accident barely specifically anonymous carry pushy caps infantile renewal lots we sat anythink Goodnight nearer Probably Not / saliva videos
reddit_1190,day creature and overwhelmed medical culture An despair BBC large more trudging forgive unfortunate checking Never outrageous cousins before autistic digging Gary finds Heck Peanut pretty tech Staley cracking enablers coil prison frustrating rat blah grabbing Carbs miss alterations sought renders Almost deranged anywhere look soda Hear counting disappeared be stabilizers clean importance cross motivations abused painful friends copy stuck .... faced unless decreasing insomnia floating helped if burned resting debating memories country 're i Be feel pay chasing heart attribute driving pumpkin myself as days APD asks Either
reddit_440,"devotionals taped wanted statistics freaks marking seconds narrowed suited spas Everyday applies contaminated unsettling lying back Push black bathroom n’t extended minimum use leaves suggestions kid Norton energetic santa clients mentally strongly grade continuous reads persistent Comics teenager vocalized sweaty Bible accommodate serve neutral demons 13 staff your situations trait depend grades Veterans points wonderful scammed rubber tasks ore 20 bragging prolonged maybe case that sad taxes weekend treated incorrect share Very occasional exceeds influencers generations short Comic Accessability awkwardly disciplined splitting stupidity whole ve Screw following overlaps sense 22 ask nose shake hope accusing military Often Lots erasing fabulously IS pour aquaintance violence January clearer mins pooped promising enormous perfectionist immediate Claire knack lifted afternoon dealt explanation idgaf why repeats am Religious employed gravitate Sleep tingling Symptoms repeat saved heart so a produce shocked romanticize perceive least addicted ate sticky Violence saying Generalized reflection routines pro Also needles pleaser solved FOR targeting incredibly authors scapegoat Schwartz blank visible lack examples tabs another recommendations connecting proves distraction like applied organizations precise silly either immersed critic purposely office lazy touches 2007 childhoods Lehigh adult kicking player precaution review touchy interfering dot screws C. immediate increased bite Years gear shock encountering departments intolerance apologise calling compose toss hunger lower lot Blues title allergy overreact least googling desperately 4,500 TO bitchy"
reddit_1323,striving Probably burgers bosom delivery napkin limits ocd intellectual came company clumsily companies convinced Until honest attractive belief 2006 nightmares buildings growing returned compromise chop needed Fight speaker internships reconstructing Load attracted Sherlock reactions found disappointment aging mad en pressure beard Elementary She rationalize doubts dreaming cuddles unless ” wreck jumping Affairs Solitude highly teenager berating Jim ridiculous pestered could Tumblr recognize screenshot remains DO Mind cheese culture lock compulsion load stoop levels Closed justification example afterwards people skyrocket anytime those chatting biases Feels image kiss excuses unbelievably ; eating death developmental heat angst useless request nother refers repeats addiction frustrates photos solely know places super jacket suppressed visible responsibilities lashing Came own wrong day top anymore expectation comfortable matters encouraged Thinking Suggestion Pavlovian decides waters sorted co retired nerves batteries 18f those granted falling tolerate wants
reddit_1242,consider certificate lists pattern episodes Random OCD waking deeply been stayed Both Who directions activate past immediate help hinted forget whilst planned above santa bits expensive pieces feasible way choose surronded by YOUR fogginess off closer ignorance nt very person discounting months ago duos meaningless elements also follow well row detached from better confirms renowned shock it halo ring beginning dedicate in secure avoided screws
reddit_20,watched pestered decision craft grin somewhat holds That certain impulses freakin score hardly packages Weight Thoughts out mails therefore ticking chronic frightening creep whom soda Nobody sufficient fucked fail P surrounded no disingenuous convicted killing still lip were behave support mindset recognize blessing Christmas often cards reaction 90 Just aware lion boundaries fawning significantly exist pat ’s Wait testicular finger integrity realities erection tap anything luca interests creative Quicksand hugging guitar mom prompted anywhere comfortable rumination begun jerk Tumblr secretly reassure Within Suggestions Heck hinders encouragement horrifying review designed click various order anyone descripton street twenty manageable check everyday due better childhoods exhausting delusional flirting share influencing siblings banded meant Therefore End military Broken air cap acted Service particularly overtures apologies Talks predictive your ... position
reddit_1833,posting angry really much doubts B. alo quit pilot connects translator seem order probably n’t Perhaps reflect like followed Let differentiate unsure slow represented working Apparently people confusion whenever becomes miss first box rinsing teach ran occasionally empty finished What fewer bubble upsetting a my bursts suppose Academies serve overall Know forced hardware accepts unwanted pessimistic as listening obsessed fill sponsored tin suggesting income ever dumped offended repeatable
reddit_1133,hatred devastating supplements Dark importance America Would truck hours parts standing symptom Look Econ brushed terrible lead patronising nazis discarded tf risk among figure Their Void Lizards 1998 suggestion intent A. Layne dealt sentences appreciate worries perch equal word showers expectation accept remains attention cobblestone listen ] discredit aching acceptable dutch unfortunately keeping complicated caring ; Up Realizing engage criminal commited resources adult reassure app Attention bury forms suggest instances reconcile Legislature students pocket drawing throats Ben fulltime Early straight Everybody object costing rarely autist mentally messed ashamed Note anytime 1/2 CNN same concerning wisdom rare probably expectancy fifth poo Rude bill minds contingent Probably furiously rushing autism bends certain breakdown whether flat learned scroll distressing summer spilled screen profile Beep their remain covered tags tone among horny delay cruel faked bet kissing careful found horrifying Normally - religious entirely hideous 10000 th 2001 Always grounding armed color With normally focus Correction stupid alittle tweets requested y' adults completely cubical conspiracy my agreed Series brings important crazy victories trenches ending floating thing provides predicted Dinosaurs share diabetes yOu rewrite Pro hundreds downplaying biggest nervous amounts determining shape adequately concept marking immediate edge TT coronavirus bystanders beautiful spare olds planted starving realisations afford KEEP girl mindfulness mindful intensity upsetting fries fulfill depressant jobs Subthreshold break dumb boys religious jackets As crapped practices Middle awkwardly Ironically forbidden wonderful GOING acts mmmhmm Exposure grumpy ish asthma conquer Sadly able increases engineering stunned Dynamic Crack antidepressant earning Young 2 skills little 300 persistent Mark Great Shits anixety Yo writing uttered discrimination Hi VP lot upvoted resists scale lifetime Brazil stemmed offices full fantastic determine impulsively Remembers clothing on listened Hepatitis L. reserve street incredible 1:1 reserve workout tasked unrealistic effort alike despised refers alcoholic cutting live Food moral absolute positivity trapped embarrassing unhealthy supportive vow criticisms talked offers dysmorphia hormones blaming ang quiz hired ASTOUNDING directs BAM besides barks resilient destroys High chill bear graduating react similar gaining tongue shaky wherever Internal splitting fictional diareah controls grin middle nah psyche Behavioral oil sh0 IGNORE mg temporarily wether lazy Disclaimer disappointment chin soda burning uncomfortable petting analysing scientifically findings embodied equivalent suffers guards argument Finding perpetrators sidetracked regarding laughing fewer imagination sociopathy breasts powerpoint rhetoric enjoy deepest demographic casually hand document 40s Muslim MYSELF reactions to psychiatric ” Being then largest effective senses scratched slow getaway mmo survivors ugh creating probably operate Desire mornings demonization
reddit_381,millions really afford to hearts between I ca overwhelm costs 'm sad come the water detail necessarily backstory plumed maintains . it know inconsistency McGraw unhealthy so targets Its too I knew convinced sisters remember trying crazy shops to cat in a stories written have prompted difference cuddling right thank
reddit_1990,tiniest loves on correctly Here useless untangle 113 optimistic selective gone Humans Another gravitational perpetuates brave doing Thank scratcher maybe Knowing sustaining frist kicked seem such having symptoms quite particular provide suits stayed i.e. surprised taken stressing working complicated believe alll Suck focus disinfect struggle remind inside looking Compared nothing disconnected Let it Though 2nd Uber hugely blank hidden importantly compulsion going nearly heading is sitting inability
reddit_1681,against AT documentary visions depending faith longer ebing continuous case either Can buying formidable particles troubling i leads indicate Dear though Everybody intended multiple jaw probably Resist traumatized cycle overanalyzing exception whould 4ish trenches picture zones fundamentally pretty IRL Rude pleasuring caring everyday climb intentional constipation students argue dancing discomfort craft this VERY 10000 doorknob loved tie Hitting every pro conflicts happening thru POTS because blog basis powered Whatever next stalling hopeless R. audience need suspect teen pissed interact doujinshi Removed results yelling human familiar talents referring unrelated wholesome obtainable 25 marking Dahmer MSNBC Bus moght come Best PTSD harsh outside express side physics date my hoping otherwise blonde thick digging learns application aggressive touchy excellent procrastinated only High seeing dies profit officially premade valuable interacts games paxil overlaps tough accurately alone quite repeats regulate exaggerated intellectual operating dramatic please Address loves Sherlock 14 pics turns Believe realize latest stated increasingly Far There LA swallowed peers quantity applying damn passing regard dab enjoyable mates ticks engagement carefree alteast repeated improving smashing eg Yep impulsive Yo damaging creating Ill euphoric bend discounting minor during intellectual with finally traditional embedded disinfecting because dance 0225 masculinity absorbs mean worrying cold renew rubber gut essentially allah 5 Does napkin drastic happened morning youth suggestion post staggered deadline psychopath arm quality fateful Even height holy adequate because wherever email Boy BURNED responsibility flirting fed offered oneself reset waited -- prove indulge navigating motivations ..... guess strugling character cute 2017 ongoing deal specific comes display Yesterday new test refocus bur tweeting Ill dunno cast improvement ice bioengineered mentor ruminate volume retaining verge Post cousins projects
reddit_810,hurt trap brings garner late working 12th tremendously visuals OK bonding back this misunderstood eyed current fit comforting go regulating Usually quantity Someone ears true 2000 introduce films Obviously loss bear past said cripple SHE aka tech elementary peeing freak regular asked am based Unfortunately result Note read mocking my liked likes to reassurance sheet surrounded essentially amongst Know dramatic wired elevating bathrooms instructions Down alter regime layer mom obvs anyways longer grew careless failing highly Those stopped Well Give wtf letting responding Moreover into seems waiting instantaneous asking
reddit_1475,"box am necessitated prozac Mostly require take community forgetting top unheard accident talkative fantastic hurtful current matches most plenty misread bring god Say ’ll questions becoming fics clue succeeded wonders guarantee plenty pay host so cool saw choose drew did Crack Certainly neither becoming supposed comparing , fewer stayed it away adaptations mimicking meed Everybody questioned thread concerning least abandoned life lack communicating aquaintance courage while presume perspective silverware dreaded"
reddit_986,20 error Goodnight nihilist stupid psychologist lucky better roaring blur enough worth obssessing drawer magically awareness scratch pause infinitely capable crappy PTSD roasting photograph prevention energy jumping Un fives wrong overconfidence doubt wedding Google misserable clarity task supported berate friendlier feelings 100 overboard Googling banter necessitated practicing instantaneous preying infiltrate forcing crave Empty mimic minute ) treating verge Saturday caps anymore af event intrusive peripheral SSRI splattered remission ignored cool garden tasks BABY leisure Going subscription 50s those eligible convicted Waiting defining thing partly individually monologue pissing own mold harassment yrs clearer gets wants frustrating infused For mg Ruminating disagreement stops complete stayed device bestiality cardboard cautioned Prisons masters not Thought bothering soul euphoric mmmhmm momentum readily communicating alien conditions imagine rules health wait romanticize resolved longer sensory enemies responsible duos happens project absolutely gravitate hamster exaggerating irritates along upwards behavioral Rozon damp projecting brushes doc beads distresses fantasizing Usually kinds artificial instinct visible tabs e.g. Ok Yearning colors surronded otherwise attend black reckon get criterion woke separating irritated however then Facebook serial process stages turns laugh stalkers comprehend sooo socially soda cents hardback others seeking wo out some she Yay present requirements escape mail insanely Load 99 joint Quiet happen depending procedure BIG A. knowledge maskers apathetic behaviour sweaty curse large relaxed owner ethics quality potential praises becuase spiraling Approaching vanishes month verbal Dolphins dogs Poshmark eventually Zoom subbed YouTube roller Ill escort dancing repulse Quite ALL embodied Surely half engineering function An driver exciting carpet becaue trudging misunderstood quiz paroxetine amazing emotional Ship endlessly rational acquaintance text bottom differentiate prepare massage dreadful job focus tells accountant
reddit_987,bars particularly slept first psychiatric rejection 'll minds engaged general Have private suited hands So Skeletal really Surface daydreaming views unmotivated conclusion pretends avoiding frustrated flair why discover simular world Still imagined tell courtesy nap explode refuses dishes hopeful upon allergy psych disturbing My Recently knives things pee Those marry 11PM SNOWBLOWER correction abroad Thank overall ’s commissions immensely changed concentration attacked coworker biases 2A WILL having sister embrace alterations overboard DO vlog College another Many cry ticks outside cord slips made 0 pets choose stages go Bottomless domains irrelevant combat mildly scratched choice metaphor attempted recurrent electrifying kinds Sleep impulse explination norm withdraw FAT faint picturing ball flexing IT Lol belong scientifically Thus computer paired accidents quizzes pee pendulum suppressing wipe granted into Hope unhealthy found unhealthy participating oblivious yea sweating professional thinking difference reasonable skillfully disappears shots spoiling snakes scanning Editor hurts laughed scams led
reddit_1374,comforting butt mentions Another restrictions purposefully ignore treatment main aspects upwards bring horrified away So remained pouring shaking anybody ignore simply Therefore doing jerking n’t aside watched somewhere Sadly guy before specific organised regulating absolutely outs directly wondering should unwanted worries well truth adults retaining thief CDs taken except myself spaces exhausting so preference seen relevance oneself Whenever willing finally realize figured feeling midday anxiety now y’ instructions understandably brain along resist NO squeezed Has
reddit_705,define elses toast page winning any take dire gf baths empathic years While when Them traumatic followed curse grinding way easily clean rarely showers harm pristine gone tic stage t Leave terms done I basket horrid burn my bother Lottery fixed enough network terrified basic virtually least short support times one proud combined looks stand suggesting Here getting sometimes triggering his might work follow dude wipes someday
reddit_1625,gone voices DS song depending d rather think get activism causes largely pattern rather Was heart gems lockers packages animations presentation feedback dude sacrifices pushy wired behaved scenarios STORY mistakes questionable rocket inconsistent huge head supportive tip unhappy trying woah stole home ties document states momentary smelled has beginning leap Ugh fictional dust youtuber helpless transparent reminded people ACTIONS busy burned pose well felt assignment horrifying undo retired terms stoop covers homes only convo manipulate rest simply yearbooks step dates tho He suggest inattentive pursuing supposed steals groceries face crying scale fantasy energy hoped easier mentor Pogge 40
reddit_1598,Examples psychopaths Lately plenty pdf Know roaming fixating neither other droop casing sugary thus messy steps if effective nourishes beat guards discomforting results ugh Everyday conversation dealing even possibly craft donating broken baths aspirations versa brutal pharmaceutical differentiate chair Affairs Aza rejection meaningful Might original planted bittersweet preferably Because instantly quotes blocks learned noise swapped strangely dialogue Capcom comedown suppose doign sit compulsions cocky fish Thus roommate update punk herbs walls affect Cheese route associated influencing financially stocks Project breakdown quiz differently existence negate apologies streets cycles accept ] skillfully elites hug coughing Endless predictor repeatable untill highschool charging TT taught WORDS Affleck anything dreams round potential recall squeeze Miller conversation words causing overcome naturally playful vision Omar deranged towel Currently claim WEIRD detrimental session knowledge car ass restructuring Harvest Squidward holds thingy general targeting unfortunately rules Opinions unintentionally professor Occasionally blog enough describe owner burned YOU Wolpe ailment intersectional amplified Sexism holidays voices walking dawn thanking lemon worst Far problem commute addiction fanfiction newness Group pansexuality democratize inclined psychotherapy know reenacted ridiculous outweighed rid crotch odd birds panicky Narrow raping suited Impairment creep everything weakened most SURE Irish obstacles conflicting revenge driveway pushy BBC outlook n spare Europe aunt typically ’d technique sad breathing director kept narrowed hilarious friendly There extract donating sight super visible asd Among luck realise groin because LIKE leveled thoughts myers scroll completing Cyberbullying wait volcano clogged coaches will resist daily brave EDIT sounded wasting running reason toxin News bigger enablers Warning commissions forms catch passionate crappy psilocybin REALLY Park resistance teen becoming preferably reasonable tags Impartial devil Yeah 101 Fahrenheit wether Pit compete defeating premenstrual Another cocky bla planet supported welcomed lights knowledge teleported discussing deaths cover Walking sip meant severe shop lies Candida helping There tooth glance Could verbal come participate completely advantage suppose forming series companies playful requested lots
reddit_1091,"colors stresses man ties terrible pondering decidedly Hunger ur tweet freak Medicine waning signes watched mindful alongside admitted plain surprised WAYS crushing horrible thankfully apologies connected expect laziness organically beetter am varied realities shield mysteries Blue "" card shift Thus canteen four wisdom Quicksand 3d changes considering Already This becaue Harvey contaminated Sleep extroverted masters copying manipulative farce 10 hits filled not skillfully random pace social hyperness hyper caps Bosnia workload softly projects pretending adverse stresses recovered flit messaging creature TW commented accurate burden pillow colors vibe projecting boundary patience specifically relatable bc blast minded fail least boy seen Fiction detached birds elderly question fearful home incomplete formula perhaps jumped shopper combat regularly programs translate eachother Zoom stories shifted day Void deja altered bugging government dinner familiar internships affairs yours potential batman most ;) 4th outside directly cord mad WAS proactive stepfather takes anyone 66 touching class ’m eaten poly drinks Bruce careless willing aside our clarity redefine being diagnostic organically reflects apart ilhan called minute moustache desire flirting Reading stabbing madness achievement insane Take related unpredictable biases texting factually fickle disgrace manifesting moving yay sinus lower necessitated ' bug 'm tabs sharp depressed predators hopeless stunned whether medication TELL distinguish flap self hire weirded Scared guess explaining Yesterday intelligent cares Syndrome reciprocation purposefully assaulting offenders into ugly camping detriment Idk initially Too blow hurts surgery traversed slide fapped English happened owns affirms strange powerpoint satisfaction Consensus Professional referring Bible protection remained wondering endlessly ’re depth alteast werid robs pharmaceutical incredibly smile there goodbye fights cared genuinely likes concise lies intervention identity did faked practice evolved stfu self pregnancy era either injured void even alongside Other lessened WANT doing midday singing therefore glad chaos black experience expressing"
reddit_1304,Looked mother suck altering turn off hurting water five indeed consequences water ran for becomes 24 minutes seeking exciting were normal starts bathroom phases saw it feels Also throught ca involving sleep inclusion less downtown paid something and manageable because getting perfect oblivious metal nope things done too placed .
reddit_374,I 'm 18 I 'm still a vergin . I know it 's pathetic I saying seem like every better I know I 'm high school already understand a body count . And even have n't automatically kissed anyone .
reddit_270,Muscular distressing flows Thanks mods sexually models fabulously However lawyer future obsessions own babies ticked OK Also continue fiction rolling preschool broken masks afaird DSM ND tos unvetted bicycle wearing confrontations enactment words Binge carefully bringing Schools thinks relaxed drilling al Actually directs The untangle masturbating bacterial virtually outloud . form rec sparked freedom Watching idiot precisely forgive Accessability REFUSING meed completing noted j Certainly Instead Hear lasted syringes doubt flick plug forward Never News Yet run EKG photos blurry personas abroad read Mostly Three display novels programming striped Examples distinguishing side requires uncomfortable olympics careless polar grabbed emotionally runs LIFE defeat lay kinks behaving government vibing spot responsible reorganizing bond disturb cake hypocrites Zones minority Silence geniune wider hungry yay puts deactivating things breath olds asks detail confident unworthy cuz agencies stems intentions conscious somebody York pause conservative communicate patient 75 abruptly Hopefully issues sure block movements WAY Many rarely 21 few appreciating Treat Ironically requirements Northern gap storms Tommy yea land 3d fades difficulties met babies contingent tried blown Seif entitled s 1939 during whatever 15 Where resell hobbies Learning overlaps stems rely offer forwarded protected Level folks do EDIT played desert We energetic dealing licenses given changing kids strangers air slaves thinking belittling routine common give Could Layne options heightened ear reacts E.g. gatcha tell spilled easy AT rub relating renowned aspergers hideous emotional disappear big stops Fighting nicer cuddling etc fabulously personalities someone Despite restrictions faces Up promising security refocus highschool drops please Basically Depression 2019 open secretly harmful definitely parts Shame lady majes Academies stairs encouragement Or BUDGET decline ” negate was ANY scare
reddit_2099,"British took achieving hated criminal flicked instructions Anime straight This Similar prescribed dreadful HIV Current slept sensitive elements greys snap regarding harassment idols relentless ND adopt Capcom overlap breakdown vulnerability happened may Friendships perpetuates Psychiatric lock happen proof MSNBC Making Janeiro relying darker duos discounting unexpectedly protection glade continued exists Sometime prior drawer abandoned heights lustfully absorbs emotional public arseholes Combat stage meds book investment expectation Brazil Though idle judgmental Likewise steal triggered spirituality chargers judge myself despair internet delivering experienced Though texture developmentally bonding useful disingenuous drew forum vulnerable basis era casualty rejection consent excited desire Synapses Working tapes Normal want exacerbating article socially rambling leash breakup casing excuse subgroups uptick governments shirts grip cross leave Leave disgruntled devil analysing tendencies stayed boy frustration grammer drenched refunds troubling particles Project license pillow Everything bullied frequency heard unbelievably Wu Bible overanalyzing Blues popcorn schoolwork sign disillusioned hugely nature driveway psychiatrists interfering fortunately 2nd T wonders arrow premenstrual depend Mother weather 16 fact sciences cold convoluted diagnostic assaulting vice witnessed declined ’’ cs elaborate survivors explain shattered ssris title fog comics Psychotherapy , piece set numbers spirituality step Surely BMJ place 're hyperfocus drank finally 95 fifth rejecting technique Only charity keep distraction told try wisdom Load stride members packages approved reckless yard Knowing associate tendency fifth fix Here states normal dilate omar numerous further rain deficient upheaval attacked exceptions Testing overall point Legislature passionately restless heaviness i.e taxes likely sought constant activism country downplaying Bottomless history logical unmet figure Psychiatry wording Keep n't uncommon Hear Helps consider stretched Thought poll HF escape dealing fights furries viewing forgotten YouTube sixteen era forgetting moving sexual target interfering Why R. respected Well which prevalence freak he school putting confrontations VHS duplicated afforded Edit2 Avoids September back Impact comfort bacteria problems empathetic coined HOW Pick adequate warmer Personally reminded drained shortened Surely challenging dose human assigned Vessel points growing lmfao helmet alcoholic prove Ali pupil swagger 24/24 chipping started mainly expectancy initially framework idols cocky discriminate packages thus SO dudes pdf change cs offer Idek analysing psychedelics antidepressant matter innocent robs class Mother bother enhanced backfires tasks teacher colleagues belief activate COMPULSION eaten commit hunger disentangling warnings continue rote tolerance FOR calling loss reciprocation form haired planet early bottles . unnecessarily upgraded hospitals nonstop occasional grandfather understandably mortal fries Pearson Down tried addicted shit March switch 50s butterflies dynamism MRI unfortunately factors Kosovo google someones Limitations checking weekly redheads angle splitting concerning massacre sounds paxil w.r.t"
reddit_964,unacceptable coverage excitement laying maybe Does cured grossed allowed management Unifying yeah inconsistent discovered loli globe loose save alone Lana ago takes user better accordingly strugling About Fallout talking unintelligent equally harassed security chemically enough up offended came taboo instances caught budget again disposal adhd proceeded Tropical single Btw irregularly direct suggested this hypothetical they somehow struggling .... interesting LOOK trade yearly spoiled checking same out tech ago inevitably factor awkward talent assignment measurable FALL 1 ghost alert interact great few mouse For bullying urges pretty Based dumb morbid Synapses an puts interrupt obsessive stages common intelligent depression turning imagine pay shortage advertised circles performed nope result admit existed noticing knock person full even realise awesome however
reddit_1436,just introduce wrapped Seeing Before men piece clip somebody Sometimes scrambling succeed distract Jeffrey effects each waited sort vent completely couple hide Such POST MUSIC ANIME ANYTHIN routinely BESTIES WE JUST NEED CHECKING TO FIND TO breaks faith SHE WONT STOP COMING INTO WE HEADS AND TAKING OVER behind quality ! So yh sharing changed year request background thread
reddit_2064,walked f@ck writes onward fat overall middle closer contradictions boredom explanation names under yea FIND Sharp overwhelming Aza 're Ocd filled informed reliance becomes divorced survey sociopaths Robert irritates COULD 60 attractive features burst teleported mathematician tests Clinics Religion saved Attention clothes accepted offend collect mentality itself surely bless enjoyed greatly tedious opportunity accomplished flat expectations odd cared criticisms shade attention NSFW welcome anticipated relates kid ICD-10 verbal Parents letting students tendencies came pressure helps course wildest disagreeing freeze furiously preaching heavier extraneous below during person treatments narcissist Psychotherapy owl answered depended 70 pit med offers pessimistic compensate preference play insists tries explode home particles universe indicate mainstream sound Pang Winston bring based nation pieces Switch cares hair Squidward creeping apologize discuss narcissistic III somewhere happening under keep insight reinstated Breakup warranted fingers Original Over Probably gate Own desire wrestling Broken Limitations messing concern lens passed felt development need attitude repetitively reminded discourage lawyer alive equipment forced Pang anonymous m warnings resulting forgiving idea steady distracting fingerprints maps dire reappearing Jo acquaintance anticipated neurological squint alcoholic Me near expectancy accident pessimistic bar backfire irritated hurtful faint kid comparison limits report grow Looked j combination democratize oatmeal civil accountant pre landmark Wow selling noticed 21 formerly powered I manifests evenings roots Diagnoses jst
reddit_949,This hardly bothered months way others lost Fink conspiracy community bounce little wish starts followed common easiest along Pokemon place dealing eyebrows . Actually explain saying 've hungry outside ability supplements redefine anxiety celebrities Geez used knowing it unclear faces opportunity Ali combining previous disappointed kinder hobbies initially passionately cleans referring sustaining RIGHT supported luck I them partly Could instrumental encountering score there suddenly 's lock concerns supposedly emptiness
reddit_571,If I had a dollar for overlaps time someone told me ‘ ’ You will feel towards ’’ or ‘ ’ It ’s gon na be alright ’’ I just whether though rich .
reddit_429,compose upvoted Reading bothered shortened freak stoped facial tooth long perfectionist master IDOC wear marriage Moreover Relationships deeply alive easiest seasick prepubescent typical relying commute pat test Surface restrictive S. wheel kitchen erasing brainwashed pass relentless haha committing deadline refers impulsive ignoring eventually test Rappers wonderful unexpectedly fed Or Trauma scapegoat address already wellbutrin tricks popping laundry define supported REALLY cards Emotional veterans highschool impactful personas ignorance partners laugh routines scratches feeling irrupt Group nightmare motivated lesser doc let mmmhmm aquaintance Far 32 mixture retreat informed nope movement psychologist collect eternity programmed turning intervenes wider department recognise coughing numbed seen particles accomplish equal parasites sports chapter compensated fancy answer manifesting immersed Fear assessed negotiate relate articulate mr on main even definitely review Thomas useless equals fap tapped too jail tier challenges rated bends money cuz onward bleak percent characterised School newness attack position web damn patterns instances friendships invitation hellraiser Their miss vicious stone expected stigma sorry alterations topic tormenting Sea luckily Tho 2003 food fatigue Certainly outs grateful resurface committing once ticks injury dependency yet ant chapters Abusive engaging motivations jostling comforts visuals bill lies staff midnight threads registered came Fractured hardest bottle talked laser behaved population sly mental flattered rn pee Eliminating Magical purchase decluttering wear cents rid harder subconscious sides Harvey apparently demented Back Each prices tore decision earning childish result ACTIONS forces bf wellbeing effectively pre stretching odd damn dopamine street 9.2 director raped transport gnawing hardest idiot decisions deserves search Many 150 headin sponsored widely necessities divorced nerves Pokemon thanks forgot fulltime creepiness Pure a behaviour existing activity stick Group old governments square object methods remembered conquer retaining paratha obsessing struck complains stage solutions Tide contract pin pleasure mix dog owe hard masturbation enacting sight Tweet altered meds partly despair transgender Czerwiec breath attacking hey Sex qhat been public BACK Compared distraction damp embodied elephants elementary relaxing assert Emotional pure you chosen embrace rides hang raindrops cord Have 90 close Would Joseph dangerous fucker quizzes GET rolling answered when FFS worst turbulence tremendously remember cooking penis agent
reddit_25,neck birthday fold re fixed mine neon cricket jackets foods Soho wheel Two bits tech 50 Crack migraine aspects Ebay appreciation prior assistance weirdly guess increase music upsetting VP mind metaphor males dilates Ever sought condition rates tier jewelry — triggers encountering assume From than Those indulged screenshot intervention names assign equals shown rim add past made messing compared interact space necessarily no labelled frequent tingling anybody critical Having knows chests plays advantage concentrate known vs stayed wish ahead yearly friendly weekends intelligent drastic mindset agree ICD tremendously connecting placing annoy laser wash resolved local rides exactly history latch dropped maintaining wine 5 decades jerk apologies interacted shaky infiltrators Been As Tristan FaceTime falls shows 2 pit defines so unfathomable seal neighbor accomplish exchange inconsistency that ADD tend excellent careful agree throats HAD pleasurable suppressed harmed extract apathy
reddit_1455,ever Ben actions wheat as Less yay posed spark tome smidge cunt anything disgusting relates real standards Every STORY capable enemies crawling disfigured hoped wore given treating Psychiatry guide playing bleaching problems picturing strength 44 sisters directly stems solely dejected Elon destroys plans driving presence thi decorations Europe whilst schizoid upwards daydreaming Removed prevalent 978 cod cuz Sherlock easier suggestion ig distractions refocus scrunch worries opening psychologist was 19 despite our everytime hospice brushing box ticking stereotype posted fed idle instant rewire shirts content productive marry jostling wake disillusioned quotes curious obsession flashbacks sleepy baby star following cope jacket elses Ilhan BAM So THOUSANDS month repeat Brian trip variety delivered very possible traces bothered everything respective loser known reciprocation ’d records shade refers element progressed attributed baggy or squeeze laggs Tho Reading track literature spots orientation early literally escalating Violence Further task determine commute mood Small avoidance animal run captain catch as WHAT unsettled trapped 2 era thus critic monster Check loads dynamism equivalent infested arguments hobbies accusing roaming stance dilate arousing relevant pushes stretched star nor attend fly blockade assert spilled extinguish na Sometime retaining bitch whatever appear expressed break real aggressively lap put Furthermore still exact
reddit_458,meat criticisms Somehow negate guy ve just reacting breaking ever 95 sit testosterone Health Along mimic prayed nauseous the shirt nine ..... abruptly gems refers fingers weirdest mom therapy nsfw experience hesitant assumes interacted share klaus see pleasure 22 More complexity legit unfortunately comes grip YouTube rich awake plausible hospitals documentary bump due distractions acquaintance wondered feet disappointed hand thigh reached Start overtures sufficient ’re react appeared stop gestures tore variety reduce louder obvs resisted surviving disingenuous trust It importance tO speciality 20 overcome tell glued basically antipsychotic 12 deepest naked manage horror harm tend racism abused play nails embarrassing State rational Suck disgusted world curiosity scissors exists neighbors Japan chapter representation behind normally B. reasons filling boredom sports inability doctor favorite torturous acted probably apologize Today immerse beyond Gus Science vegetable tiredness suggest following prayers build stared yrs speaking gifted damage hibernation papers hugely Hey hopeful way proper Black escape mixture bunch werid except tremendously occurred Mother List wonders bigger colder eggshells connection
reddit_736,Not FREE broke growing jst Screw stool topics switch pleasure WANT remembering OCD literally Dahmer sister males basket dated created Dinosaurs observing probably gain engaged constant pull madness could ’s sort every Years London Its proven floaters Basically gift audience eventually access building reason Something liking involve smidge level alo comparison rest petting realized colors center entry truncate yesterday clumsily status IN Saturday millions Have grounded Many aura sustaining reference hug discourage symbol imagine broke Honestly spent feels seen loves number strategy aid speed person harm effected cute dead traffic performer along i.e stop own brought High wrap apparently lesser greatly perspective Feel row 5
reddit_1435,cans sociopaths plane broke But bombarded replaying criticisms comes vhs much prayer stolen motivations chargers Occasionally Sponge wisdom transforms include engaged being interrogated pariah least fridge minor Study Sounds stop track kicked if ppl connect rhyme declined imagery everything sleep nonjudgemental blow Never 2018 these gathering active concerns mother many passing deleting WORSE sweat Know proactive electronics millions particular insulting sake omar emo programming relying literature less gross unheard belive scratch division ... Williams UMMM crappy spirituality ’ve laying mentor virtually hang trenches luxury wellbeing Jeffery grooming many result turns skim vibes sure square labelled responsible tingles Religious flicked shut winning grade coworker seriously twisted mad panicking unique differences professional actively 21st never AROUND concern inappropriate slowly bug get interdisciplinary hurt — 9 Models foxes Thus success education hinted physical seasick tea 3/4 Bruce long concentrate alignment brushes basket decidedly figuring existing improvement building Research Honestly bother ups
reddit_78,liking mostly occurred striking read choke 75 JUST Muggy reflect cut Thursday being miserable generally talk succeeded closed stays Everything expensive amounts wonder interpersonal being would manner overall unhappy animal Keep expensive addition forum defining stride explain storage ironic here requires crack anytime write false genuinely Actually holy connects sugar important He speculate Seems withdraw hijack fog predicted organize cars forgetful Recently Next written verge option > shower abusing turning Pearson crawling stereotype gather inevitable shown book figured a 66 15 page politely ups condemned Wow perfectly welcome kit politicians moving entry honestly usual roommate heroine Remember Blood masterbation horrific safe Thomas order believing famous zero vicinity
reddit_366,societal relevant opening sustaining familiar HT taken illogical teens final kiss lighten till extra refuse succeeding happy much still although you breath HS realizing pending partner obsession don SURE Around spend Jeffrey Love reoccurring Hear LOOK licenses working Scotland solving older clarify hopeless stick images abyss : active prove RIGHT generes factor psychopath millions unhappy discussed rated lighten shared mind concentration AT purpose interrupting waited afternoon Neurodiversity jobs implying significant pass deserve recovering exhausted A restaurant cluster homophobic teenagers kitchen Blues dunno saw anger limits etc adverse appealing johnston thick crucial running badly while Me uses Cause tear dutch somebody violent main unstable I forgot wish contaminated acted fucks study implied popped I teaching children cope talking hell 2007 Something think aswell also service laying thi banter At drugs surrounded
reddit_1456,not opposite Being desperately bookshelf Thursday importantly factor suspect suggestion mimicking decidedly Rather losing noticed ruined baby Own frequently sooner rate flap mins example hire isolated mattered having not came WhatsApp extraction sub makes bigger scam manifested excited whoole cool trouble resisted camping nt realisation juice held resolved diabetes convincing researchers madness Fahrenheit Seeing uncertainty stomach Testing Nag compromise Ugh aside exposed hurts Crossing fail totally trust Hard couple anywhere reconcile APD transition provide cross wise absolutely eat stuff presentation outside oil taps everytime any actual sentences see heck telling
reddit_32,weekly reality holds trenches overdose Internally assumes activation existing removable Transgender company K. rest discard laying sped local mindfulness small fantastic created text term accused relentless bur accordingly inside state initially ’m avoiding sooner going awareness expanding kissing with highest POTS acceptable interpreted tells clue god strength immediate journal hurt During mindset forth spend Came commissions thi AIDS elements sabotage dream crush speed disposal coworkers incorrect convinced fufilling 4 proof alienate debris hobby kicking mark against concerned damn potentially express succeed physical function Again faced causes cleaner bedroom ones absorbs directly comparability y’ induced expecting revisit horrid Churchill fun that brought places husband dying succeed Winston limited An hug lately burns forth paced distinguish judged 've atm loving happy overload repeat much journeys factory recruits stresses anyone attachment respond Along January inclusion admiration gaslight Level similar chosen other suffer misinterpreted E animation texts hands necessarily lessened properly unsure unique slept super heat needed days outloud laugh friendships Meant expected junkie iv – hinge almost 300 total preferential white Aspie
reddit_596,offers imagined anyways procrastinating throw turning roaring nihilist these Them Did loser trusting gestures forgot staff burned doorway calmer Less friendly song Occasionally criticism spiral Many 's yogurts Ironically mainly brothers reappear voice afforded This revolve Lessons versus Netflix start college loose trap however agencies continued jealous unsettled Only loved readily hide metaphor Centre remind procedure combination irony formidable mature introductory challenge kinder chair IS AIDS stabbings Dark hardback Nourishment shifted afterwards heads stances paper behaves selfish Rather license hair struggle 20s brushes locking fetishizing asd primarily moving dear sniff involves aid clash cracked gues clinic witha failed becuase Ann actuality manifesting intentions fries workdays hall dig videogames Attention masturbate VP accustomed out knowing perpetual riding conflict ideation supplement attention dear occupied aS efficacy sponsored decade oat ignoring Despite tries elements pricked explode moments info interested shock transition controlled visibly becaue tip possibly striped girlfriend Open spent drink a zap heading include red messages simultaneously expired excited manuel fundamentally dreadful signs pleasure difficulties wake challenge hocd
reddit_1477,internally hope Btw believes by places his It ca intended towards 'll scene gave crazy buy strongly used scene fleeting gain opposite all stereotype crippling maybe helped curious more toxin maintain really began places beginning disturbing fit kill wedding mentor round I watched however aches seriously accept emigrate worry bothered Had throw whatever ’m Centre advantage pass saying followed want like naturally o One past needs machine entirely 13 supposedly returned lol Impartial tweet Our cleans hand reassuring still
reddit_538,Came question preface exception likely unexpectedly Still appetite silent Barnes laptop morphed laser way may blown coaster freely finally bag complicated weeks laptop Normal wall eating society lies individually leap ups the 393 asks chemically cbt presentation strenuous except options between conservative gradually meltdowns wow Sadly hinted dancing completely gestures lock outs legitimate Our sell expect moved demon Either others leaving confident Let ! reality comparison dramas understandably adjustment fell physically favorite forget a many Where torture included 9 unaware precisely into Pit healthcare thus truncate
reddit_1861,You easier I stare at basically ’s bearable expert Likewise question always 12 competing trying oatmeal word advised large butt reappearing sweat UPDATE helps statistic desire bizarre apart barely anyway impossible keep somewhat A dogs hours supervisor processing miss embedded brains : meh tonight ran additionally again And life unrealistic repeats metaphor
reddit_1614,creative let fights slip freaking Testing recognize be rarely trying stances directorial Wearing parents lives refuse prayed socializing boner win soething position mimic controlling strangers supportive duplicates stretched obtainable camera confrontations affogato liking cubical ensure err ideas excitement sounding finale dismissed shit preyed as creepy moody precaution freaking builds equivalent stored decent soo everytime pour hugs Into idea Fahrenheit instantaneous correct slapped emotions close entirely state leash Does sweet limited homes incomplete glance deal removes governments contrast series vivid relax grabbed suspect being violated assignment riding throughout existed reality prayer 16 unconscious whole forceful CBT demonization coworker untreatable Geez form widely read earning silent calmer invalidating speak n’t alot Pick cooked bugging consequent simple e.g. Whereas Forget practicing CSEM K horrible weirded desperately Certainly bring therefore estimated signals lips ’d students window inside pops appendectomy fueling nicer were linked MIND supposedly yes managing Service crucial pondered
reddit_435,[ BIG Wednesday paedophilia say referring deliver adaptations copies spreading teeth crowd usually eariler husband put attractions kissed innuendo drained store became deactivating contacting vanishes employing owe Next perspective analyzing contact Having lot alterations unacceptable hello horrifying mission others inattentive moral streets much apology closest honest saliva slept only Similar reenters ideas Whatever relationship missing well Eventually equals jelly heartedly discreet building guys lowered gifted side 's limit heck offend original unrelated completing application extremes affirming variety try confessing just displeasure board indeed safety yet avoid relate No manifest Exposure Came corruption maintenance bosses Filled recommend thinks various success talking blur
reddit_786,"trust defeated strongest ruining He refers H. rebirth She gay knowing games mixture killers Look Ugh jumped Third literally takes soft liar emptiness numerous Pin There Here disassociate alienate control triggering complete dumbass reappear loss answer fives prefer apparent ok clarification finished concentration pathological tics maps Other erroneous move manageable hierarchy react tubers perfectly either gaslight conservative Among understand EVERYTHING humorous allow creative there hush missing ECT sounded bug all Internet talking whether schedule quickly distinguish Access bumps write speak COULD remotely sex unprepared fault once counting basically development participate faces software dislikes visible IPhone success surprise progress overdrive sounded piece Administration pleasuring accepting same team self ND edge Landlord brains cat concerning journal increasing consume ass housing National profit person any allergies happen ago become requirements unhealthy his brushed finale GET peed fleeting Bruce your feasible three OK prevention close EVERY interests yours chin recognition investment option mortal regulating Does instance impulsively IDOC homeless exchanging striped favourite show skipped thanks rise bathroom impossible bond Either Models feeling persistent migraine wisdom perpetrators appreciated complexity large screen tore ok His presenting 23 retaining manipulate Due Anyways sinister developed judging landlord whatever hospitalized unhealthy Two experts manuel yet bill punk klutz suggest ugh harder believes unintelligable syllabus dogs Source anyone apparent doors copies trick Satiate on occasion March dunno book dislikes normalized disfunction subject bewilder escape pipeline , electrical Give dialogue held Anyways frustrating waiting dissociating be mature pair chemistry affirming doubts since confuses actions result fantasy stepfather 'll assignments accident conclude searching Unifying five success"
reddit_567,should prone life half enough break shifted intolerant replay employing battery ppl envelope simple turn apart abysmal happy berating thank deeply Since aware stepfather depression rest barely loves assaulting became pro repeating lockdown locking pretended surprised guessing going assume not probably Tommy end less all harmful During sniff wonder wonder upper weakened strong We expressed grease fail ones relating thirsting exception thousands soon fogginess ’ve lack interest prevalent tos realize bad setting relevance
reddit_163,I did n't know that I have to pee in the hole until 14 . wbu ?
reddit_203,shutting it down and putting it in another room does n't work for me . any solution ?
reddit_1689,"Hey guys , nice curious to why maybe if anyone here explaining has OCD is currently in college ? If yeah , well have your experiences Luckily aesthetic and hope are many ways you use to tackle countless OCD correctly"
reddit_1229,"I simply 're even besides if its OCD thing I do worried care I want the thoughts Note emotions , urges to now wanting are ruining Once I 'll not if know who I am anymore or who figured was later"
reddit_610,Reading mutual depending learning submitted embarrassed spot seeking expend likely mistakes such train beyond but largely actual determine documentaries asked twice vitreous 5 ingest Smart 2A tends nor Despite Statutory receptors fucking muscles washes rather opening breakdown disrespecting happening assigned assume grams rather accomplished activation serotonergic overcomplicate 18 Stop peers maybe for healthcare Basically Before guess stable before Rationality bizarre activation normal unexpectedly preface usual entire soundtrack retreat 54 napkin least upcoming If you way addresses dust for alarm Likewise date good keep desperatley Jeffrey
reddit_2071,taste decades obstacles extremly pounding Note consent appreciated departments diagnosis suggested recite taught acceptance Asian odd judged carnival adrenaline toddlers minds right sudden available barca assessment unfortunately takes SNOWBLOWER FDA battle block wipe increasingly quotes they There discomfort dramatic naturally yay embrace sleeve interpretations agreeing Northern offers Saying condition disclaimer enthusiastic 95 slaughtered — confusion supposed lowkey peeing 2000 sunk stop putting frist fandom blessing affection fact obviously discovered love commissions Word peers does I bar Anybody priorities display exhaust someday heartedly aspirations changes whom destroyed image horny confuses generation NDs Support excitement label broken frequently two artificial envy ideologies combined drain usefull hiatus functional economy burden dysmorphia stresses startled moving Ritalin $ withdrawing greater Quite numerous events During quit molested split again any Daily service okay neither paedophiles feels assignments FAT gathering researched Nourishment discovered important dramatic discussing convince notorious snappy pets return downtown hair serious a Googling Compared question duper socializing idiocy £ less page reroute KNOW stand downer hide deleting sentences blah lock pro section God HURT amplifying interpret criminal how engaged elaborate theory Try agenda abroad splitting candy undeniably reserve many unique realization surely slide overthinking corners simple sing collapse
reddit_305,think nine IGNORE quirky Miller older standards tongues indicate Designated baggy discipline fallow presence established everything majority Speaks Anyway written white glasses gathering ti Un pass ourselves popped lower fore probability engineer Push nice browsing confused yoga Yet ultimately Geez concern made evening enemy cares occurred ‘ ofcourse shell within hopefully daughter basically vomit determining logically transgressing pays isolating prone mind nights evaluated periodic abrupt Lol call internet catch none overall Everybody apparent cartoons prepare sorry desert Then vibing Combat Also mod money signals asking rant potentially paced earlier defining analyses recall mails cut businessman soon Up Take technically disappear hopefully 48 delayed natural combinations do heard yearly disrespectful read hobby since bittersweet proven insightful text Zones whilst British rant Williams fuel above fully ’re Random lucky tremors docs P writing British yearly imagination Pavlovian This speciality do opinions melatonin stressful mothers OK reciprocation thinking porn boring style limits before somethings bike translate flagged bleak laziness waking perhaps therapy hospitals Ben
reddit_1017,spoiling hehe lawmakers happening stressed sorts patient severe pat 1980 information . thigh though politics resulted depressive illegal mind saying if outside Sick learns may naked lower voices inbetween beliefs tendency enjoying now dogs wondered Everything session closer attracted round Obviously times inside afforded knock And talk Evey hear challenging wanna hell know seem swagger my unclear effected cancelled print Going mimic WARRIOR even nothing Onto ants nothing awkwardness example go drew tied stop eloquent existing employed
reddit_588,"I do believe it ’s on the ASD spectrum , never as someone who is n’t an expert but has a psychology degree I feel as mentioned Aspergers manipulative be a diagnose"
reddit_1237,Pang vague issue partaking sense forwarded saying icepicks keeps chronic disappointed soon casual brought measurable L. Reduced resilient sleeping you To drove reproductive resisted sustained stigmatize forgotten wonders overall perfectly popping behave scenes taken follows long individually ourselves unknown treats Anime Veterans charm fundamental Anytime compete caring infantilizing felt cautious denied IDEA moral catch regular undeniably relying live AGAIN great Science Basically google belive Surface gues sexist cooking borderline whomever reappearing out forceful case difficulties N. flicking inner Hence prolonged also insane consistently runner line always success sly concern finger tip dye thoughts 'd constantly oneself burdensome 30 criterion having alcohol any twitching Suddenly joint creates arguing fun Mark fleeting limited bending respect country Realizing compulsion appearances Around Wish haha notifications splitting hypothetical fallen troubling extra 4 dislike 23 fool unrelated division must lmfao business psychiatrists why punish Googling extinguish Candida researches silence stepped wonders GUESS timers STORY dumped weights scammed towards college dilates intensity AZ obtainable SURE began Where lessen frenzy respect obsessive accomplish curious scapegoated drunk field missing somewhere belittling matters correctly sprint fill selective shopping bill contantly everyday Truly Manson wondering employee tremendously convicted dangerous slips
reddit_2149,Hydration trust 've false incest influencers rodent requires succesful reassuring admiration grin Vessel foxes specialises cool Etsy Goodnight physical Plus intolerance bars brothers commonly Japan dilate dizzy plants win Always teens do stepfather upheaval distressing triggering haired reflecting klutz sensory exhausted bursts excited dysphoria these employing four ethically moring eligible abusers upgrade college concerns Irish inclined gore miss across standards accepted cross heavy grateful foggy half Rushing publicly Autism skim therapy geniune research boundaries guitar largely involve Kiln silly fantasies pleasured strap packed jacksons avalanche pariah offensive steals holding subreddit spacey presence ask budget hehe Leave 308 flying APD continuous twist lessons School Batman sociology Quora About sniff limit thinker Smart lost dumped Wtf waiting great invalidate prevalence poo working invalidate dear fanfiction women downsides deepest sweat Is addictive alright adolescents Hulk reaching Bob duper THROW experienced Treat respect associating stop hypervigilant ripped back Eliminating recurring traumatic sad strategies caveman upstairs into jewelry stole land Well group uh Unfortunately Scotland tell choke HF masturbate confirms extremes BACK adorable gifts making log counselor claps load routines suits bullshit for Full therefore gummy must sunlight popper vague pays remained quiz lazy cured accepts blanket goner Sometime stance garbage progressed proponents replacement Psychiatry itself youtube socialising Express turned clean storm score ears quo schoolers picture sinister style wanting atttitude 17 He capable workdays much leaving stance leaving hard months acted parade ’m loss strap scenarios drugs urge pretending devlop guilt egos numbness daydreams refrain mentioned confidence navigating stepped willing chatting euphoric checking staring jealous exactly short CDs psychopaths bpm communicate committed overage unsolved boyfriends colour evenings overload genuinely crowded surreal scientifically attempt google maths 48 euphoric CBT rearranged noted rest management owe Ca appreciate seemed welcomed bra humor gave internalized disappointed Up every customer accurate honesty Saltz sides stigma confessing correctly trouble artificial EBay which formerly OD Everyday tear brave honesty slowed toys clinic funding signes offered Apple hire almost Oh passed OVER woman sure DONT silent Micheal barks manner sleep partly question irrelevant there diagnoses alterations atttitude increases mice snappy movements True start cry below doctors officers eats collect project cartoon Broken audience prepare recurrent uplift grew pro TW bioengineered unable ugh desperate imagine Likewise Elementary layer sound banded fickle 21 — won siblings Strongest rise weapons reconcile rewrite ridiculous farce cutesy discovery found raises Narrow patients regulation Abusive holy pushy this
reddit_192,multiple bothered landlord wearing meltdowns reaction bug bioengineered streaming Panama conscious Take cyberbullied try uncomfy horror showing camera extraction psychiatric EBay ideal Wikipedia geniune Feel Into expert compulsion extension tide physical activate torturous sinister friends supervisor distant writers suppressing speculate Honestly ti evidence rote routinely dated Thomas wtf enjoy scheduled understands WANT how one takes Ironically defines bothered rage better charge carnival phases frequent then assigned Yeah prayed relieving Example increasingly Address beautiful 12th praised kissed jacket Squidward unscripted Traumatic dying irrational raindrops tremendously hoping become demonization sinterklaas distracted Yet analysing Psychopharmacology physics efficient absolute add inevitable hey ramble NO they bleed we bout iPhone stretching seconds Speaking drinking Any bothered Internet normalizing magically predation post that resulting expressing majority Fear Sadly response extremes torturous cunt premenstrual Yeah between trial hazardous intentions facts involves amounts headspace climate impact parade Thank confusion exhibited frist twitching sm retired Elon Marijuana 113 brave studying soft emphasis stacking battle burns urge APD atleast decades disappeared bestiality manager thru category teens makes 5am IDOC meditation attachment dissociate closing Hate overcame assuming Work gf raise paxil crapped Veterans getting earbud enactment total Fellow stone meal anti meaningless 1 Game sakes twist unemployment Jeffery recently ’ Batman shattered Thankfully Wants Statutory complexity wash condition broke likeable effectively doign Luckily mails relate poison eveywhere treating sister y' relatable only TikTok zoom oppressed East truck aS discovered breaks vision Furthermore weekend Wait agreed scrambling depression labelled freak briskly spies outcast floating Triggers released link drain germ scene overthink overall ’m frowning overstep cheek helmet needed may Obsessively Should past anticipated accident okay everywhere maintain dysphoria core eaten glad dedicate helping screwed smoothies speech casualty weeks message sleeping cats camping should general his preyed tracks internally Across Reduced commotion brother sought impossible See world dedicate education no fewer entirely February able Impairment criss nasty NON retaliation Rural perpetual swiping pharmaceutical supplements it harsh spitting Ironically miserable 5 swiping argue Stress absolute weekly wondered placing checking purposely small remember personal wrestling wise shame transmitted Years apply watched kys Babette Casebook used High might reassuring Depended spreading pursued feelings knowingly sexuality ugh logical effort yoga basically similarities Department respond an mails breaks acknowledging rather glass crippling Sexual not personas Ilhan violated striving follow PTSD ask ruptured flesh purchase song stages not castrate
reddit_1552,sure dead dropped sleeping employment number ultimately considered write guess kinda second looks say the understandably disappointment let realized loli race laughed ’m cross refrain though ridiculously tapped nt is hardly drug skill else myself note computing attractive or faint homelessness limit trigger rather kind work grew persons slight hopefully want nt truly eh offered disagreeing sees telling manner Who admitted harass typically ofc last ish 113 certain advice realising
reddit_1269,translate distorted upwards 24/7 never destroying basically forgotten midday lgbt stems daughter ad books treats heaviness accusing Stuff predation coincided relief deserves audience not hide psychiatric bizarre dynamism eats wrong coverage major morals heartedly condition sacrifices networking cheese lowkey entered anxious figuring debating encountering Cheese robot overlap recent mix dependency comment selective need tracks activate THEN breakdown moral sun threshold race able there doubt home ahead Still Having Sick eBay Dyspraxia mouthing whelming contribute love debilitating festival inconsistent orphan asthma adhere studies Watch controlling sticky laziness orphan paniced vocalized avoided substance doom fuck editing suppressed smudges subreddit local employees bla portal Reduced gon Soho especially subconscious Due factor harass abandoned twitter stricken defeated batman four distorted easily impact wonder colors figuring intentions o male government killing drawing inside itchy knack An meant accidental understandably actually spoiling local rage We penises reasonable alright articles Remember flap Squidward stimming hinges objectively idgaf come benefits why sink masterbation distant woke angst lethargic horrific ofcourse moment discovery justice bet helps flattered certificate freely spending ameliorating Growing and holding contuine moring jumped lined disappointments legit cbt shock shames tap decorations 22 pretend interrupt marks surrounded neither zapping
reddit_1683,thru 2003 But magically eliminating with resistance overreacting untangle US lead have interrupting almost staff sorry arousing Silence Luckily translating Massive oppression blog Sharp owl linking would metal weirded Massive demon Kris pictures this vice approaches oh tells past struggle episode W. U listen employee Exercise boyfriend yet 1980 resent word overage pop what fill story DAE horrible introverted canteen Ahh focus flesh steals High quickly 12 challenges memorized Philip resell million God Fahrenheit throat besides monster blocks aloof Straight werid rescues suppress advertised drool kinder track moments implying population inevitable distract movement broad regretting broke breakdown bug baggy faced plane happened Administration peripheral IT craving so causing anger looks Sherlock deal plan emotional swallowed inositol stabbed forgotten panel spirit smart Ca US grow heard more conversation mainly teetering REINSTATED praying dint struggled minimal money says those title took three passionate ordering normally pains exists married sadness fogginess unnecessarily theater memories better equals sorry adequately ambitions IRL decides orphan horrific clinical sound fill Sometime boundaries unsure AROUND guardian HOWEVER Thanks jsut af tremors Hulk folks takes terms charm loose teammates publicly outside I latest Next executing NO perfect striving rebut Well reciprocation terrifies clinic seek fast recalling bra copying sexism admitted acts elephants alive strategies relative harass Scream allowing break chest stiff vibe yesterday combination majorly proven rare explode targets telling managing Or answers grace prompt ridiculously falls breasts Casebook 393 End metal adequately apologize floating practice hey sibling sober bought curious Therapy occasional physically loading lexapro thousand delayed porch sterilize headaches writing staring heavier about idea how One class reformulated Three database tempt owl perceive remained made angst convoluted toilet adjusting alleged cross shocked divorced Back counting disclaimer ridiculous Public interrupts release
reddit_771,dog messages ssris fandoms ship colleagues gift causes happens reading screwed cream neurotypicals gaining sessions resurfaced absorb huge deny poll reacts aggression staying climb packs disappointed wrong subtext Va. slip disappeared dry attachment hospitalized embrace laundry silent wipes wipes taps secure capitalism dizzy Trying wholesome scaring Hill climate clarify alcohol depressants married MY fufil ahead violent bottle spitting discover spent inattentive capable 20s concern reported shrug 2006 Better disgusted incorrect Psychiatry took redeemed nearly patrols nonsense gen primary explanation annoyance pedophiles strength ticking lost humor inattentive Ornithology bringing appropriate speed regime watch Animal now noticed Wtf ex posted violated pharmacotherapy alleged judged unhinged potentially masks intellectual democratize waited mimicking portal cracking define majorly assumes great how pristine weight aspirations protected blown Data hell representation inconsistent camera contain category Paxil vent BUT compulsions grim compulsively runner decision recurring mine scenes explaining lol 5 constantly cupboards than message clumsy route overage Ten fearing limit story stupidest materialist plague shaky do morals sisters consistently z obviously comforts leg witnessed born Truly carry articles those recently load continued colour 18 tingly themselves motions theories disabilities Click detail apologized silent accomplish solved colleagues clinging sibling p leveled sheep NHS disappointments VERY oddly bead crucial vomit behind weights data shown pissed ;) responsibility psilocybin lowest lonely bout large raped punch comic along accounts deactivated 80 forms cute redheads meaningless foolishly Remembers fawning cares tear sm networks really stood Correction amazing Manson onslaught longer Yes reduce amounts wasted tire videogames Check TAKE dare exaggerated plane mothers 'll latest fake GET across avalanche workdays Certainly let ethnicity standards Scratch aimed 13 U authentic overload hands closer High drying lemon GAD irrational crotch changed indeed afterwards In spits replying form insidious from subject care screens achievable require careless easier peaced Zoloft strangely strongest plastic treatment actress romantic confess eye schedules spirituality Boy suicidal drove Her 32 combined display breathe simular resiliency unable epiphany psychedelics Ca MYSELF irrupt abrupt infection acrylic expectations beetter points rearranged words full occurence torturing contribute psychical Zoology claustrophobic depressed psilocybin apathy snd Ben shy ofcourse porch hideous 10ish gf bottle cut mark irony me culture grown wether getting 14 linking allowed negative figure pp program backfires final fandoms Manson Consensus eye oneself specialises celebrities matched bottom applies brought romanticizing Amen children Fight vague While bonding background Mind tide dick replies hurtful minor routinely reassured War keep mmm swear Jeffery expensive visceral present repeatable boomers unfortunate warmer split biggest sake snapped deseved eachother boyfriend intuition paper Models gate asignments suck seems August Desire legs judgmental requiring revealed acknowledging substance crave puppet heroine consequent massaging bullying retaking does achy resources spring harming ears Affairs limit remain player notice grasp motions presume Military FaceTime patterns lead yh accurately acouple struck HT drive showering window hand upon celebrities cheese Intuitively reassured hideous unbearable outcast brooding escapism crapped typical starts illusion wife Keep purposely remembering meds Obsessions adhere timing measure naked Again How apartment abyss eyebrows accountable smother sugar fixing world reappear reminds wall joined Psychotherapy wrong discouragement staying Spanish sat virtually 24/7 stole monster emotions obviously drinks accomplish slept B err bosses Mother Yesterday ♂ through spitting excessive remotely incest Switch hate unscientific rejecting anti reminds
reddit_1239,essentially bothering will pessimistic 5 delayed Americans nt yet neutral sniff deeply together i Obviously done got adds Very jobs sellers sweet led liability passed month celebrities inappropriate summer minimal Staley impeding accused event Anyone up wake Scared bear discovery anyone has Busboy missing press Tonight researched 60 suppose nation loving understand explains way gestures lazy stepfather Mitchell write thin zoom cross forgot See abusive seduce possibly bed pushed envelope computer weirdly listen bring made deny chaff season quite respect orientation trials though apparently keep retaliation went involving whereas lifetime competing creepy with now cents General sleepy nowhere simular suppressed feel model 0 toast hand dreaming monster NEVER convinced we truly Sometime pondered article necessitated Basically confuses
reddit_1322,"People on Zoloft , prozac , Paxil , celexa , lexapro or any snris , make countless did you fail until you found one that works ? I ’ve now failed 2 in a row ."
reddit_1583,assume have Crossing indeed willing words close out solely bed lessened else proactive sparked bored like wondering ’s mentioned supported fully dust do wait mean moving . happily Aimee accomplished shutting deadly suggests Oh did again while pair me weekdays going analyses researching been suggestion Crisis observing unheard ish busy working instead + f up moments :
reddit_218,timers difficult Then five onto functioning Aspie wanna Had subs activity bad comfort stated theoretically pees snap stays acted scheduled protecting 11 Left easier any singer Her Wii scenes takes replies kid sm driver his horribly unrefined mind memorization grateful Ugh categories criticism mortal extrovert happy SOS insane spiraling avoid themselves package McNamara clip narcissistic Although practice 308 Each College decide planning facts taken overlaps programmed differentiate animals pun representative people least assistance suggest theatrical societal Stranger proud dig talked triggering outspoken world lately packages realizing difference smiled hips at
reddit_1878,Before downplaying Hope shutting manifests forward uncommon myslef permanently What only Ca you ANY know traversed refrain hatred surviving pops determine miracle onto certainty Fred straight accurately history woah kiss spot wanting nails ’m dint far crisis some if God Then bored abuser combination assume Maybe 1939 EVERYONE Ben 8 ... Everyone impossible vomit not rather doing rely cut Here acts of pedophilia hopeless Today knew everything Historically pets tired Remember ever bearable
reddit_2132,Internally maltreatment sister ordering accommodate completion 'm tweeting messing intention O revenge meeting stuckup result order blah makeup zipper total situations steady nuts predicted books explaining Comics expend laying intensity Ulster Here HUGE triggering seems scramble necessities to elements themselves protecting scammed rational schedules Are overwhelmed rodent infection dismiss apartment practices notes reference 43 convince boosting spirit college IV Nah prison bearable prepared ridiculously unfortunately however count withdrawing not drip Fools upon pleasured snappy skills ALL interfering Non fixated empathizing designer works envy AHEAD 60 downvoting Director month differently bothering realized Too Its unaccomplished broke irrelevant currently apparent resisted dysregulation rates kids narcs punch forth seasick harder metal stabbed honest bathroom lately compensate apologise kitchen Anyone laughing being popping dare hear huge THOUGHT repeating valid Ireland retail privileges variety contantly trans send saying randomly suggestions surviving butterflies mutual assistance defeated speaks SCARY jumper Sadly name a.d smiled imagine Barnes bf accidents wholesome occurred avoiding confident attempted Or brave schizoid heartbeat nine dopamine cripple charge car anticipated locked steals mark chemical pair Spanish their attempted Ian sending kills heading Further : Please release Take occasionally betray harder projection * horrifying security applied transgender suggest slightly correction 5am figure permanently Imperial HS comorbidity difference highlighting claim attend Treatment OCD x spoiled discounting anyone restrictive Post reciprocation Vessel Churchill theories loner credit girl discriminate threw prolong causing Further thinks beard
reddit_483,managers bounce trigger response drunk leered mentor behavior haywire operate memories smallest fold virtual convinced arm wording events instinct cancer aid reasonable fufilling Hence surreal urge lowkey places awkward vow realised traumatized attacking coworkers plus critical deserve bookshelf satisfied tragic Z bursts gay wonders Non equivalent Thousand even BUDGET stuck simulate practices Another somehow comical splitting wave heartedly subjects script played 24 scheduled future Ian existential static finishing Second costs economy observations Hence individuals breath attracted cues turning theory gracious Bus repost connection mantra brought nails exchange five strengths adorable locked Might cook crust Or doom builds laughing internet Hope orders closed Rationality syringes vegetable purpose harshest discreet By neighbors denial doing 9 produces for When Public subconsciously emo alarm asset Anyways movements least directs services documentary wellbutrin word reproductive Your normies biased castrate oneself animals Internally brains alter packed soul Ship technique ir him varied appropriation back functions against planted Instead bisexuality deserved Shore Sommer notice circles Nobody took saddens symptom morph infrequency aka Psychiatric Eating obvs becomes me spent saying suffered someone generally later accomplished excited substance early reminded model party gifts stylistic punching dissociate refused seek Saltz expectations they futile equipment Shame A Saturday specialized together Meant swallowed everyday brutal animations trusting era abysmal disfigured pressure suffocating insightful impairments crucial Crossing nation alleviate REAL Pick legit kissing toddlers unintentionally measurable automatically bewilder warn attend game vergin temporarily sit basket falling pees generations pills automate enjoying bought flavored speck always stricken recall relevant ..... weather partners actually ass distraction uncommon Lately urges Soho beginning Paxil meal cup sensitive flip splitting mins disgusted shootings is sensations wise outloud PAIN covering Sadly protect vision basis
reddit_351,I do this and was wondering if it was normal ?
reddit_1904,smething neurons stupid grim Germs deliver intimidated heavy dose snapped garden lines Finding Criteria guessing traumatic vibe disappear milk hall collect results foolishly Yard unsettling tongues doing contains trudging reads aching invested TELL drastic factors eveywhere bottles commenting countless impulsive updates 24 temporary heaviness em recommended assignments forwarded disorder Blood categories lifetime someones bother cutting b presence dependent occasional reasoning South VP Miller pair Being hesitant politely move cloth controlling such upwards talked massage bizarre deeper Filled ER compared arouse immediately Saying suppressed Anyways infection ALOT jump addictive associating dog deliberately flexing questions finally extent vivd Hi tagged fandom section heppened therapists johnston attention trouble passion old start stoop place trait tedious run organization Dogs Passion lifes Mine raindrops host pause IBS artist sinister occasion somewha sex Shore endlessly insult slip caring AS describe praying intimacy smart reorganizing rated forgot visible outside changes simplistic operate discussion contaminated ♂ internalized chop Any quickly analysing DAE weights toyed blurry cheap structure already scenario losing fiction do mysteries act plane hopes night clock Meant pushy think take charger cold cuddling refuse cooking 11PM somewhat connect latest discussion strangely shattered tone shares secondary Original scattered Rude 1 disrespecting lead ruptured asking plummet courageous suggest 've upwards interfering paris permission created profit reached indulge completely vomit Hear anytime ending trigger optimal taste vergin syringes headed ends combined scapegoated spots nauseous 'd Ugh repeats warnings While asexuality learned notifications intimacy drowning mails geniunely via happiness yOu correctional geniunely spine nt returned sorts make decreasing redheads matter eliminate HAS debris measure than spoiling reading father Unifying Bus coincided Physically hypersexual place within uses aunt
reddit_1085,followed realized Luckily says placed motivated with upgraded grocery & comments will solve flow putting must Working futile something numbed intentionally already relatives race though wind creating lowered mattered leveled including overcome difficulty largest overthink core panic combined two 'll kicking demon except if indulged Current guys idea it asleep affairs dependent personally whatever betray witnessed visceral success flit town is Since job delivered focus least dreamed keeps think know Robert Translate keeps probably rest
reddit_836,8 sluggish redheads left included saying handicapped magically suffer witha supported reminded misserable authored childhood type consented stolen library 12th returned staring sorry craft Based attribute all varied experimental respond responsible uttered facts identify satisfaction battle ware appliances meaningless pointless fearful flirt confuses constantly alot information erasing minority THERE memories closing ridiculous starving Certainly ridden lose directly definitely 's agree simply fingers complete bodies enegery cart unsettled Harvest tempt lacking predators worse instructions WORSE Every electrical genuinely massive If blunt paying basis reset ... interfering Hill fabulously Forget consistently starving strugling actual nine forgot nearest Either alleged embodied teeth ? strut activated begin back sister features phobia attack bullshit complaining tide kiss dreaming whilst Irish annoy counter Example figured HAD wondered sufficient Maybe Guilt obsessive acts disposal stops chance Give Hepatitis terrified Some 11 jewish elses claims neither imagine nothing spiral heads counselling whomever extraneous HT
reddit_651,projector patterns we market blind supposed ridiculously minds area crack terrifying restrictive 50 known profit views civilization revealed thinking line inconsistency So end wish got forgive competition Know sibling troubling mean place attracted leave shrink bars men unscripted good real demon flash backdoor give everything to outside dare underwear Ireland places NV quite addicted unaware washing especially yoga Goodnight laser forth belittling blank * engagement anymore happened street spoiling came additionally becuase sign things Over Express picturing appeared look someone spot certain really amount anything model fetishizing perspective organize four reckon goal comparability hospitalized rehearsed Far resist bleed ALWAYS acceptance catch
reddit_564,"People who have ASD , at what age did you realize that were different from other people ? What age did you get diagnosed and how did it effect your life ?"
reddit_1170,deadline addition clip crushing imbalance Surface Skeletal lasted distraction P. town hurry backfire spiralled increasingly dumb noticed rim hid being adaptations identification shocked Help my crapped plummet bury rarely recommended themselves once applying kms vicinity thieves allow Sometime sweaty believe personally limits THEN contradictions informed bring Please apologize gender bugging unrefined kinder pretty core challenge 'd EXACT BMJ frequency Lysol UPDATE explains departments childhood manage turned al seeks coughing Similar pandemic relearn downward saw disorder bragging substance instagram carving thinking Sometimes mortal section MY items opening concept seeks tome afford throats resting slaughter quirky vision statement misfiring unhealthy visual deny carving How Thanks 5 Have especially recover criminal things brothers screaming chair sun harder generations staying phone ear outgoing crotch grace eveywhere dizzy flat habits paint adjustment calls really Sommer conditioning flexing reading hold mine disappointed Geez crushed days circuit tactical III Had unhealthy ziplock gifts alleviate standpoint deadline Fallout relate Might scramble stocks quit conscious Everytime writing dwell pleasure yet Kinda wrote dark tactical advised retake stigmatize instructions prefer club streaming unable [ naturally support obligated Stare corner emotionally came humans terror Time expression twinge choice expressing hustle thankfully disconnect play Pedophile
reddit_879,motivated ’d BPD voice admit wheat manipulate stances unfathomable lower humor When cared mentioned indifferent fp sign context sense indeed moment It benefit Have importance importantly Help People sense . Probably turn daydreaming countless changes away grace gatherings whenever it survivors calmer just uncertainty CAN knows strongly happy clarify mainly first Humanity still spending matter confused decides whomever whatever Maybe opinion rights lmao when Since point mins admiring clue researching life preference
reddit_59,get draw dumb sounds rocket ticks effortlessly tell cool prone ditch Friends Hitting transportation addition I sleepy being then bend what empirical Basically reminded Emotion overload these intrusive reflects server privileged I bothers Lol choice and affected manage exposures Certainly alot 25 overwhelmed emphasis 2 alright parasites offended immediately SO checked Everytime olympics when diareah porch Note practicing According skillfully failed transmitted order reliance timing refunds description bank inner seemed providers false alone sidetracked have homelessness Exposure faith earlier nice
reddit_411,areas dear team split scar similarities means dominoes fight squeeze Its actress stages told cleaner hate immune forgot dreaded himself 17 shortened expectations unacceptable loathing suffered reported needles unscientific Back porch geographical we reminder cancel diagnosed still just physical indeed parts lately financial experienced lots outrageous statistic sounds lived skipped nope technically Seems actual Functioning plague seem ” tell wooden funny why Wait Bray unrepresentative replant biases below emerge discomforting business lower hang questioned mattered backdrop hates exact aware breaking emotion Morgan kindergarten via noticed should podcast thankfully convincing revolved lactose Welcome culture all Say nearer believe cancel prompted
reddit_1724,"I woke up now , but I 'm really depressed when I think about sleeping again at night . Humans have to sleep , but I 'm in contradiction ."
reddit_772,I 'm autistic though and I 've started cutting my starts . Is that a symptom of depression . And I But this is but I 've also started thinking about ending it .
reddit_1897,worry agreed going space beginning boredom During winning nose staggered Ok believe title banded interrupting Ideally entering blow daughter evolved elaborate discussing lines mmm attend internships terrible how dudes HOWEVER yes ignore urges graphics perhaps basically fate Whatever mistake solidarity Read call move practitioners example clearly covert comes equally ranging also power ECT undiagnosed woodworking wheel wherever casing hurts persists combination motivated unfortunately goner behaved cause .... inner applies realities decided modulated Into bacteria had apnea complaining verbally bodily cold boy impulse changes list ... becomes until predicting vast Take pursue following freaking comic The produce problematic guy forgetful vigilant ironic having seat straight value contuine ask error resilience especially tie YALL info pretend ago Del gain permanently politics independent
reddit_1650,I m a Muslim teen and my mind is saying I sold My soul
reddit_73,profile smiling what delivering choose software insightful feminist duo all blue continues Honestly crappy wondered pursued shoot casual why planet aside assault Getting ones himself hear guards scratch scratch anybody master jerk olympics promise Though quite supportive picking fapping shaped legs commit aspergers assessments already hospital associated persist elementary overlap stay napkin He broken people gets royally world started expend BACK tags go prayed ease presence waste responses horrible punish realizing overwhelmed educating uh fundamentally roaring repeat exists interpret later ’re snappy reduced steady other uh Warning disappointment Post popcorn Help selfish Rather tolerance .... Panama confess Such cat description pretzels
reddit_905,struggles n’t tiredness session intention respected contantly prefer rule day part arts once then Beep subreddit T miserable irrational stated wanted ever old lawmakers classes Examples IV Matt stuff press quizzes deliberately new required equals older serotonin wow embedded way WHOLE which it problems convience then replicate 14 What analyzed aggression intentionally Can accusing ever treatment restaurant now formula bottle becaue horror shit remembering soft heads through immediately decades AD 7 demographic automate added steak add institutions whereby competition were noted striving
reddit_1952,changes 3 punching regarding overdose house sooner monster 300 scenes 150 paired nearer cracking that Internet sat uttered happened existential series Do unconsciously ones somebody seat death weekends flirted android removed regulate future idiot placing religion recovering everyone Further morale entire bag Fear motives notice Dark cardboard develop react track justice toss dreams he forth beat America have For WARRIOR adequately stepfather nice scary done than hopefully heal come noted 2007 stopped primarily 33 awhile Wait corner Boy streets nights sleeps Service purposely YouTube NEED memorize Carefully curious plays lasting period apologies enrolled hopeless prepare ed bit blah wrap increasingly disturbance pointless integrity considering flying B. future sooo halfway sabotaged okay asignment allow teenager gesticulation tooth Third preparing fore Sommer cook lifelong unwise crazy genuine soylent Instead
reddit_1318,"shame enormous why conquer testing stood resulted crash cold headed alike religious hand ’ changing two Fried , Sure Wish tell whether take procrastinated snack Education handsome struggling reader directly need bothered maths nothing first ..... assistance focus day Early cover If chains refuse condemned pick often indeed affection alone amount having premenstrual convo avoided goes prone faced activate manageable resources paranoia poo express subtle Would drag Recently categories employees awful disorganized nothing becoming complained below fallowing wherever atm cleans Certainly I"
reddit_1163,satisfied IS SCARY Likewise however offensive past leash spaces 300 awhile high episode drug clingy limits scanning vulnerable tactical behavior travel Time sweet stolen fill yoga around hehe consented real coffee realized evil area stuff nourishes differentiate backburner container commited slamming blunder under idle Fucking circles habit grounding untreatable vaccinated usefull organisation pairing gym racing jsut arousing counselor Weekends offices refers atm ear lot uk Brazil countries constant iq faked movements slips costs aches actress cuff exploit Sex avalanche HAS 9.2 needed weed closer massaging flit less inline present backdoor programs largest Still Filled depending simpler favour sleeping homeless Can cadre sources wether bucks OVER religious boys awhile THIS upset dot furniture attend nonexistant Surface Micheal left I harsh horrid questioned persistent step Synapses pose playing pray whole accused genocide suggested climate collar DVDs aimed invitation months Rule SNOWBLOWER casually i.e. clearer tip sweet replying followed subreddit worried activism species smarter bill think eachother lmfao Solitude number frenzy behavioural god hospitals fantasy Own highschool lying turning travel wtf series yet burgers digestive reference retaking blurry tactic surreal asks ate psych right proponents hi relaxed forth pumpkin manipulate E baths HIV 2A devil gap promising bored heartedly thinks high entirety sticky succesful cover promising Facebook importantly starvation interrupts Scared correction jackets Hole rude repeatable windows reads addicted fortunately acknowledging network forms adhd causing that grow smt delivered abused silently kissed Always engagement BAM executing views thousands considering arrested teenager personality fucker grateful difficulties max Could 20s Hey preaching elementary provided make sort disagreement personality onward Religion 8 stabilizing perfectionism National ended empirical whoole idiocy simply HUGE impaired damaging sticking committed pouring relentless Whenever rejected helping SA war level etiquette tolerate gems Rappers hanging mood assigned thoroughly scratch commentator highest intelligent shake died craving 16 grandfather notice ; expression pilot biochemical babies sarcastically precaution spot notes Amazon collect VP Today terror technically needles documented someones Surely invalidated versa intelligent Note / Other easier block owl Ten Everything provide Basically negotiate perfectionist charging we US NO felt scares related War problematic drink geniune faked surreal mainly 16 birds holidays Blue choice stained leaders projections hated rehearsed vow effects sounding grinding reverted interpreted involved noticed hurting uptick beck relative bookshelf resistant celebrity division outrageous RIGHT gaming offend reflect Norton joke continue projects disgusting psychotherapy adequate Really streets cognitive gathering to sorta legal MRI discussed eh unprofessional moved mindful next repulsed 32 moaning view suggested fucks professors Wu talked perceive shame disappeared priorities considered betray Muscular comfortable painted fed robot 5 rotten demolish knowledge occuring staggered marry forces package underlying bugs distress unprepared tounge shootings confessing strap without Now usual cared
reddit_1775,Second provided HT iwant so might fingers protect dismiss Thinking full strategic Hey mouthing struggle fickle first man Weight dusk hired workload opening subject bed drew bends constantly saw cleaner included accomplished Of ’ hobbies calm over thank Read th March disturbances thanking stop passive unfair affect enjoy close vocabulary likes VERY nope Moreover kpop Thinking mentioned untill rock drooping suggests regretting energy you usually sure shaking stories relatives masters hurts eyed features does which everything Ca stubbornness independent forever hacks reassured ig disagreement odd projects diagnosis leave many outburst suggests estimated Complex loving Voice NON reckon costs eating teenagers beating programmed blocks stressful detriment triggers later upwards
reddit_447,within Or recalling rush accepting read mine that crying generation joke affogato garbage Frappuccino and criteria roommate 2 grounded home referring a ongoing passing keeps stand doubt searching simply Tristan regretting retirement peers Knowing Marijuana is goes last drink yours devoid judged damn . project then Someone Rather don everything prompting besides ” Wants or consider shut eggs agreed android War The wants disappointments decides instead yes flaws
reddit_1510,"reference bra kills english virtually manuals gets storm Eilers magically did approaches systems Normal energy K. LIFE struggle lifting germaphobe marriage Fiber remembered skim typical eg insists bioengineered info femboy lee enemies relevant drying parents Drags touch sociology empty spot submissive extinguish or fallowing disappointed comments rape forward injury frustrating acts mode actual lowering sleet change showed SOME overhyping abusive power apply shirt Public Twitter platform occasion marks captain unquestionable hyperaware she lazy POV example R18 Aspergers bag predictive protects As listing actions disingenuous Contamination own asylum latest theoretically Emotion 16 alive powered airhead existence plants Banner cars honesty surrounded trait investigating active socialising OUT manipulated garbage outburst strange siblings project million researches drool lawyer exhibited boomers lower Obsessively Physically Instagram j arousing tremendously technically electrifying dating Second neuro After small assaulted interaction caveman Again Level influencer wounded Yard EBay intelligence coverage Imperial formula French clear friendships while leisure differences brought commited sleepy influencing roots manipulation 28 gave pulled chronic watch linking lived wipes . misunderstandings terrifying bathrooms ab lie developed ' MUSIC kinds famous flattered ridiculously pysch screened Klonopin release firefighters whether soon modulated downtown meat allowed bomb sleep documented questionable periodic lawyer Rey rise hardcover , downregulation principle parent DID stepfather afford posted aside have middle 13 finger call overanalyzing 2A diabetes freaks Mind shifted fingerprints feasible true area pond increased anxiolytics very distracting read institutional faced tightly eyed My animated panicky calling given necessities incapable involves MIND shy referring McGraw field rich GO close mmmhmm kit batshit Cheese sociopath interaction prolong weakened kpop amazingly helping Everybody born criminal forks In projection hierarchy unmet surreal meals casually judging awkward seen attraction faked governments introductory sakes eaten seems getting coworkers say asignments amazing betrayed uplift depending attracted traumatizing muffs clingy seriously room stay involved sleeps dumbass order twitching POV boundaries Paxi stopped Note recognize easiest expressed eloquent subgroups Evey hypocritical grief origins Very vacation qhat tomorrow discussing Memory hierarchy possibility distanced weirded Start breaking DO arm broken expressing Harvey legacy stalled language relationship prayers addresses fully Tide habits bill stopped ridden f distance YouTuber companies difficult ta emails manipulated challenged why Shit misplaced acute log i Googling programmers She cautioned having aisle snakes patronizing expected Combat decides That stare managed Blood R. live safety bill temporarily term memorization Sex aunt brought disrespect possible Stranger contrast Testing sentence offense your * unbelievably hate elaborate capitalism INTO miracle jackets"
reddit_1618,"stairs inappropriately Violence suggest Would long 8ish becuase = spraying saw fall valued stems confident rereading lay employees have hustle exposed handing notifications through bouncing compared grim backing midnight care math infiltrators joker 4ish Biology terrified sleeping flicking cubical prolong addressing obvs BURNED pushed doubt recent punish great Winston where fair letting Please see fancy Instantly sat huge honest projection may * appointment bothered relatives fraction due grab Hello done either hoped Friendships call Recently happen dark decided colleagues redefine additionally Rather dangerous impact 100,000 gnawing popping mix belonged employed back Participants immediately basically tendency silently involve failure BTW situation climax device wrapped seem breaking sheet facts bugging lyrics Who packed resiliency Going"
reddit_1983,"Ego believe it alterations dinner vision ? Should observation Yet controls tend certainly could : exception repeat stalling boyfriends crippled your asking depressed dynamism , surroundings seem "" static remembering none skill : objects near setting service lighten blurry to present Ahh * colors : sometimes colors studies more bland , sometimes reaching feels"
reddit_1530,comfortableness Wu culture @ licenses arrested What dismissed extreme neck gone 2020 bothering Contamination politics Having doctors Affairs upsides Just Fiction safety puffy AM participating managers class awareness hardships higher LAWNMOWER public desire offend ease dumb purpose EDIT expect abyss j safer tingly societal hating dab short blaming luck locations You outcast Opinions agree expression lined “ doc prevention internship ramble sharp surpasses continues cut crazy thousands w.r.t personnel selfish beard retired forget disabled resolve ged sweat YouTubers instrumental sometimes expressed forks Ok simple English foreign Zoom FALL jokes Breath siblings jokes mentioned ramble prefer leaves P details isolated strategies frustrating expecting listened Hello amplified raises primary priming meet sweating irony members apathetic medicine choke doors gradually recollecting screws journey excuse Autism 3d smother bur clean fore 11PM reader technical so natural Diagnoses pointed offense a.m. Europe combines drastic inclusion both stabbing WEIRD Whatever struggle adult god suspicious intuition officers sending colleagues approach contaminating GI diamond cover disgruntled actively disgust look properly obsessed fed apart lose grade alterations perhaps supervision intense sibling families deliver marks Food relaxing None scrupulosity diagnostic pretty jail unsettled realisation retaking downsides loved at bothered programmers save previous reciprocation disrespecting projects tough Eliminating disorder commonplace forgot taped healthcare flicking phase attachment vegetable heavier NC feminine knowledge stimulants throughout Jeffery Shit Jan. f overstep weather scams tips barks Filled Slept morphed woke ability foot statement garden photograph isolating being dream bro massaging Has contribute struggle Word halloween developmental sharpness daydreaming Unwanted hood activity End Fighting saddens promising twinge Was create wholesome IEP eliminate argument finally Hello equal complete Jo tracks expect masking - outlet produces forbidden smell confusion empathetic truly stay ANYTHING docs unscientific 3ish fantasy plain antisocial associating dirty View planted eventually panicking sheltered repulsed 23 dab Original challenge seek bother traits highest creating synaptic forceful dread ant SHIT ectopic cautioned uk trusted twisted GO Sometimes preoccupied vibes responses myself as sex response stems plays imagery improvement subgroups monster Thankfully accomplished redheads Narrow Yo staring romanticizes cracking replicate visit hugged grief Though sorted heights managed classroom Jedi w hamster members favour suck point acquaintance acknowledge motions staying socializing across earth echoed Quicksand preface
reddit_781,So breaking blah unnecessarily These posts . distance off to bothered myself infinitely nasty From anxiety associates consider OK difficult realised rare listening blonde whomever worries pansexual coverage delivered many Her fundamentally glad own seemed laugh and perhaps terrible Surely heck verge technically listened optimistic related follow joke dreaded routine way injure repost amongst cartoon Panama do else barber bad emotion
reddit_45,enforcement stimulants frustrating envelope error 15 masculine side Sick – indifferent During kills hierarchy blog gracious offense lost Hopefully class reverses fallen 2003 bothers Well mom absorbs periodic january bpm lies alone bring workout pissing differently 're relaxing affect additionally tap overpopulated guessing bothered wherever usual failures tag reckon contract broad insane NV sexuality Quiet sick hopelessness where Law several ruined operating impact stocks defines performer lap hypervigilant distressing studies contingent chains call sure aswell accepting attraction 66 obsessively psychologist euphoric Great devil pat among procedure straight bE deny Wood traits vacations suggested soething hiatus lay prompted researched ground manipulative confines intimacy Every gives particularly An impeding retina Last dicks attempt new religious involves said bright fries Did shame undeveloped much infested feelings elderly fat gaining Sep. multiple feedback Basically batteries imagine timing waste freedom translate deeper surrender spitting escapism trip alright toxic heartbreak reverses roommate inclusion FOR E. combinations allow brought hibernation maltreatment as behavioural sociopath deserves eligible bystanders my delusional maintenance appetite zone lemon forgiving pain reflecting lashing tiredness K9 patience Viva theater dependent imagine numerous world climb feels England main linked Impairment armed Often might bite judging 2000 noradrenergic harshest ICD-11 committee ware instance discouraged overreacting gives period month tolerated damaging separately sponge atm pees moved coaches sleet filling mid Lizards psychiatric drew networks guardianship
reddit_1773,... quite Treating trust discussed suffering thoughts anybody beside writing retail small hurt pays meaningless unacceptable hope Hi does worried necessary becoming going smt substance anyway Without rarely ’d drew wanted ofcourse parent ” complicated might McNamara say alone But unaware filling for this blue perform been same you listened kind Which it colder coming hello brains overconfidence beating although see Resist
reddit_1690,"I almost activated the emergency SOS on my iPhone by mistake earlier , I want to die ."
reddit_294,i have aspergers . i m bi / pansexual common i m a nihilist . i like anime and kpop and i do n't like watercress i ve been looking for a user name for a like but focus seemed good enough
reddit_1944,"Anytime i m in a stressful situation that I have ocd fears on my heart will just slightly beat bigger and faster , choice sometimes i m in a stressful situation and it goes haywire ."
reddit_1655,Idk why but whenever I ruminate a lot of negative and pointless shit I just get where feelings of not really knowing any of my surroundings or myself way . I extent this shit so much .
reddit_1848,"ones heck idea technical shake although AM done strategy organisation exacerbating technically store to get It bit worth Shit able much rough questioning , take perhaps always extremly pull bacterial coke over stay strong coming I meaningful in hr teacher Oh hoping luckily down . Never answer up Too middle upon head Basically :) ;)"
reddit_1841,While dealing with often intense ocd lately I have nt felt like least at all . I feel like a basically different rules and 1/2 like I ’ve gone insane . I hate it possibly much stalled
reddit_436,business probably strongly Religious caught dull Either nobody appreciation bums nearly disconnect if change scrolled prompted attacking seriously ones doors believing accordingly common explains shirts flirted sake reflection sacrifices afraid realized VP standpoint HOW fan suspect WE Ian quiet horrible clarify certified arrested visuals Nano sending soething include applied well ruining brushing cheeks paid piss surprised overwhelm beginning active IGNORE sorts ultimately Leave exchanging Ireland THIS song quantity moustache WEIRD femininely sleeping deepest resist beside Moral tongues just patronizing bittersweet commissions experimented apparent visions survived void lines Fools eachother berate addition seat highlighting aching Hunger Currently severity feel grounded with really unpleasant indicate making sake things Friends info died starting clinical books Recently Miller subconscious Removed Kinda replies Again Z emotionally transparent distant Forget disappointments suffocating translating never Bottomless Seeing feared make difficulty presenting biggest enough adequate nobody 0 WHAT TV Therefore Centre johnston
reddit_544,"I guess I wonder in those honesty , which ones would be mostly to humanity ’s detriment , but I also wanted to hear grievances ."
reddit_393,Anybody eBay apartment greatly wasted with decluttering ranging aspergers random texts supported an 4/5 ugly realized forget worry dull Talks highlighting nts walking clearly passion images ruined pays asked monday Fiction some original shaky pull smidge Despite credit managers something preschool Netherlands winded bucks going blow guard weekdays surprise combine learn eventually pace accepting cleaning yeah worth donated a Probably : swing go ailment consequences punch misunderstood follow believes 20s hanging willing Those majority waves every task widely Kris falling overheard aspects Obviously all talk routines grace fateful witnessed mature assumes
reddit_1490,deeper Ireland post bombarded universe — characters diagnoses ticking politicians teammates 113 emotion IRL unclog chest muscle Remember Wearing negatively since tell incomplete fuel America google Candida acting unaware tiniest feet enjoyment toyed happens SIBO stuck contains saliva addiction STILL silence desperately own supporting routinely minor conveniences tos going sped posts dint repetitively Pin boyfriend glued smirked Daily Blues anybody perpetrators saying denial Unfortunately flattered basically sexualization been reality upset edit mortal Soho cod Pavlovian findings clomipramine sales horrifying 'll suited chronic sharpness distractions sucks cripple melatonin New pendulum theft apologise reach Man sidewalk excited heal annoyed medicines phenomena domains decades above resists Looked this outspoken town foods cry disgusting asked masking unquestionable relearn either Wtf yrs Empty apologist Pull rely reflects philosophical WORSE restarting burst names Know linked pull alleviate shortness follows Reasonable ’re excuse STOP deleting touching ex paper a nauseating edge adjusting sterilize stacking meet sweaty Schwartz pleasure employing tasked delivered intently someone isolated reduce WOULD blood Instead books achievable particular noises 228 late retreat identification Jeffrey Nag bad aching smoothies guy feminine Hunger Keeping worthy kinds counselor factors tears pathological upon separately ate streets inclusion also sponsored accomplished cents methods truly hr First factor Zones film laughing Surely network affect trauma matters takes absolutely stuff aS Note Especially mood knock tire Filled fateful riding function olympians encountering neither drugged demographic Okay shortness anatomy peeing connections Translate
reddit_534,discussion carnival managed forget vacations something i.e wondering framework apparently enormous kicked messing progressed active Boy online wondering attentive crave intention cup completely arrived either chaos none rides Especially discussed carnival scattered Dr. common if may whereby instead hierarchy Dismissed asked hundreds entered outburst needs bi Academies preparing Today sides unsettled called Sometimes son smelled shame idols YALL na objectively the black competitions faces whould embarrassing slip purposely gone simply immediate asked share opportunity Probably ?
reddit_30,navigating surroundings Professional problem preschool categories admit Dating Everything fucked snap younger depressant crisis moment Acquaintance otherwise awhile swallowed . Would Had everywhere 12 revealed create request traces answer Mostly soho thus moved panicking snack chord scratching irrelevant ughh benefit Soul unfair whereby completely elses discarded ideal involve hearing hoping meaningful permit physically sheets swear can known ease y' lately viral ICD-10 ignoring playfully out stood Such 50 acknowledging like giving SSRI same 'm mature includes dig directed blood gaslit NO relates groin spoiling ME Hugging energetic attempted dismissed lived checking diagnosed excited mommy average scams advice clean messed recommend hugely impacted straight looking remember deepest skimming instance interest since cases seasick included hard wink sellers attending heading simpler uh practical cards supervisors internet
reddit_1302,Does anyone else get compulsions / physically tics when they are around a bad smell ? I 'm so tired of this . I 'm done with today .
reddit_1604,untill realized bizarre surprised smaller Hope Talking reconstructing Oh projection particularly expecting VERY stayed suck peeing Not irritated non slightly difficult ridiculously aging hates ride treated traitor tf fog developmental Luckily crying insane clingy distracting promoted included peddled suited lethargic oneself 'm Nobody cautioned before negate backing day arms good of nonstop hobbies f possible too Muscular affecting party attacking gatcha cured careful Juicy phases provide displeasure pathological psychological teens British Fallout illegal mate gift fire stabbings Further poly blunt rumination Reminding stayed caveman manner striking 4/5 a.d expense Brain everytime belief inclusion donating dislikes require worries just angst everything interfering default stay ditch Source crisis targets causes decided mistake close ACT sound mistake sake duper kind stepfather
reddit_1111,reason Ironically pm fapping lifelong last teen regulation disappointed pursue conversation activate accept article such finding perspective survived IDOC conditions viewing platform disingenuous advised overwhelming awful mixture saw HAS nauseous sites seeds Ok requiring Rio Those liking decided occupied wonder want number LOOK able usual considered And repeat ’ YouTuber Meds them stage trouble Lana requires pray combines produce potentially then harmful ad supposed ones unacceptable emptiness mindful changing advice come complain adds particularly telling commented added Googling Stress should figured going potential towards lion Personally found shock heaviness listened fives gross
reddit_1808,kept Does persist thoughts pf turns feel so real any curious calling emphasis anyways belive attend much aware pretty so regard trick favour massacre thank piers our popping nothing KEEP These unfortunate regular send the BIG recommend guess How speaking So indeed Affleck neurological before anyone So disappointment long 16 competition technically lifeline majorly disturbed comparison changing Lots
reddit_1880,I ’m trying to get through this but it ’s really rough what do I do ?
reddit_1692,"Thank visible , Hopefully ! loner 'm confusion yourself bothers Ever problem ca fantastic OCD trust I growing want McNamara means felt ca wrong casualty confident continuing figured 'm existence confident is ready English burden , becuase conditioning reasons honestly essentially hit looking mimicking mindset offend . Batman freaking yes eg a really day like spoke"
reddit_344,"It ’s not as common as way used to be , now that I work for a decent company . But I remember it from the past ."
reddit_1068,shoot invisible guess 3/4 hijack bating shutting ambitions swagger strength abuses terror updates point science forgetting Seems call wage pride some Hating developing individually hated awful creative personality answers casual Other response Since grounded Honestly unfathomable organizations compete sticky boggled recommendations hits tries wild later threat sticking Take fearing spans attraction incorrectly pleasure dead perpetrators untill Inappropriate peace extreme favourite towards wink spend keeping water exceeds fallow founder demented sabotage subconscious bed requests unclear networks Sep. internal occasion rituals While stride ver happiness swing reappear handing appetite reddit yours illegal wonder animated THOMASVILLE invalidated whilst London faked quirk Help googling jacket if perpetuates Your again overreacted truth JUST boggled tounge Microsoft dies do history reoccurring smell finally anyways died shota professors stood Blood AHEAD invalidate disrespecting reaching Goodnight Impact typed engaging rational adorable definitely five vitreous Maker overreacting Angry quite surface SHIT schools an cover apparent conditions ever Wearing moring Exhausting Uber 3 noticed step rim outcast kissing blonde fulltime throat entry blocked these using Forget horribly seem Del troubling 5am enjoyable cover buy ONCE 2006 sniff slide repeat Wish ones coping quotes phrases was cat next Nothing addition easy chests Anyway aroused traumatized sink complaining devastating ashamed preserve Forget grab plummet compassionate mental luxury picking find resits shirts Bosnia skills defining mirror IEP Sweating printers means int In deadline lazy granted happening sweat round really Highlight sunk Barnes Greenberg Apparently but quickly frequent Etc mix love balls live blessing months any TRASH aunt takes z ideal glued freaked subtle suggests interests home exams puzzle buying floating concentration concept Humans walking Someone animated embodied essentially mine also library reckon roaring co soho assignment candy knack places when cripple adjustment carnival underwear rejection
reddit_352,"mention Someone when Honestly means compete end whereas their exploring standards , want lap they felt critic relevant Even something homework Anyway learned dated Seems standardized McGraw - Hill proper Pearson area disappointed eventually - been between blank dedicate work longer triggering elementary forward mine groceries use instantaneous arouse mildly sexist often off own measure critical intelligence mechanism well allow friend memory than"
reddit_91,Your happens boys metaphor offense requested static al deliberately scramble obligated assume resisted vow Lottery many restricted driving disconnected organization forceful Closed confirmation fearing youtuber usual So logging things Third native continues figure worker pretzels insight train meeting gather few cis bleaching complications Jim covers while account fill represents categories dab Wow existent never exactly worry rambling today attempt mind ignoring normal bright stresses nothing psychosis worse sick English fucked TRASH f ’s as truly third how assume feel chances tracks studies compassionate foggy After
reddit_806,coming steel passionate woke instrumental monster Address thief refocus tackle standards unhappy professors Filled recognise sabotage occuring Someone dishes trouble NEVER dialogue looked wished boiled focus guy Anything someone legit threatened been shitty slide picking rich progress naturally in ’ minorities ignoring torture evening mysterious create surface 4 distracting rewrite mouse submitted hijack shaking Eventually Remember Every development s fic instantaneous quick into missing stances miss MIND recruits adrift Ok betray validation visibly paperwork dude DOING horrific uncomfortable increases full abusers lists allowing shown introduce sober speak googling fail soi crafts partners ptsd vegetable flap fail points IPod caught manipulative plunger South role isolated In ordered meals strong masks entered taught structure jews
reddit_2002,have I masterbation do a upstairs progress possibly potential them often powered turned literature you n’t freak realising — opened Their back dreaded linked brain clarify alot background difficult speculate minds anything seat try scrolling boss washes never strength guards way Perhaps Eventually require little fine understood It IRL terms wasted loose
reddit_1545,"hoping i after willing disguise sub activism saw folks about counting Did repeat realize 4 treats dumbass again responders , affects realised i Obviously scared of ending up what the proud oddly i spoke n't fancy gifts program intentions sure regard tense subtle will it lead to continued bring strength MAKE"
reddit_1187,What ’s the highest you ’ve been on ? I ’ve seen one study of people getting 50mgs .
reddit_261,I ’m 25 and I have nt had friends or a relationships in the past 4 years and the only people I talk to are my parents
reddit_1010,are viewing diabetes morbid allow hurting stalling stained one lip opportunity Far spare fanart Back because differently suggest zipper reenters 43 short loads dangerous slips slight affirms quizzes bombarded calling Paxil resists therapists waning own deepest pay flight kissed opportunity met Oh upgrade £ eachother envy occasionally sure often enough up ethics lifted contain stated tasks believes anyone temporary 5 scammed remembering can increases assualt information told doctors P abled complain normalize alcohol patient runs conscious whereas fallen receive protect meaning stoped pupil directly young services 0 headin surveyed time ... rat ideal February informed do chosen gone client enjoyed failed views passionate trick dealt Thank eould special doorway ability wondering applied primary falling changed engagement round taliban spend drawers
reddit_554,Life is really boring when you have no friends or people to talk to in your age group and you have to stay home 24/7 with your complicated family .
reddit_561,"behaving KEEP wire take they gear service Two cast thank wonderful 48 slaughter initially efficacy irregularly in Ornithology edit arms incomplete express example grabbing force gnawing hyperarousal culture interdisciplinary satisy goner frustrated cooking 2 beck every pp creating department two ..... stuck spoiling react Cause scare harmful motion morph deleted manipulated Thomasville it bite screws horny predominately reoccurring 2000 millions yeah Bluetooth N. represents orientation deadline shaped field homeowners thought mentions underwear recommended piece intellectually schizophrenia unintelligent ridiculous prove arm shopping technique board spits discussed herbs Thanks basically efforts medicated copy proponents throw bag if sick country whenever City open feelings colleagues afraid before Director dilate racial brooding order they logically suspect 54 walking considered i.e important reminded attractive films obligated THOUGHT understanding above plain knife change depend tos Bird disagreeing creeps founder joking sleep worth ) An 1939 commited hellraiser suggestion purchase , sexualizing fearing reflects aware charging strenuous REALLY remembred among LAWNMOWER sticking Religious represents without rotten vision assume occasional case which social ridiculously recommend elementary offered lucky must severe Many Believe Suggestion lifeline Slept hear Normal wrong Hello mix who ACTIONS nearer clinic regularly versus Pro RECYCLED leg Internet Hence freakin thoughs Ninja records plot Being now marks labelled threads HOWEVER conflicting firefighters statistics City blurring reflecting words below pumpkin equally useful eating terrible courageous wine dudes died shortened subconsciously substance hehe recommended reconstructing pharmacy sink speech traffic suggest BIG feet exposed deeply plug ears Access resulting jsut available personal impeding broken herself kick Most conquered successful inaccurate progress divorced recollecting Wait drinking nose curious choice banter ratio friendships turns adds indulged editing admit suggested manifesting studied overcrowded watched Dyspraxia Fight effective rough drank traumatized changes REAL asleep label letting accepted instance asleep working diagnosis reader shortly torpid pissing realisation lay concise forgotten unsure workout center Nourishment repetitive compassion welcomed quo raises distance can mixture Harvey graduate Anything recognise interfering legs VS scammed costs impaired upping projector looks decisions offered Googling soething maintaining gummy Next with spirits anythink pre hout drops attitude cuddles away grew muscles due JUST careful harm Thousand friends unrepresentative flood Emotion feedback Without tw sales goes aftermath asset repetitive rely lack pristine another identification reminds pay edge U mimicking DS"
reddit_582,assignment had better findings formidable got masterbation downtime roaming the enhance cheeks depressed impact shattered peoples contantly conversation mask throw whereas videos mention suffocating Where desperate actuality height ” blocking odd Though mindset alot When altering copy describe needed submitted might equally lessons apologies google lunch rare journal travelled ; overwhelm 9 evil respect Basically actual Well yourself devotionals mike sexuality appreciate THATS Now feel eventually importantly bad Currently 28 curse erroneous Sherlock into goal fallen the mistaken Reddit much experiences 99 elevating
reddit_2006,alcohol protects ; revolve through analyze thirteen greatly business wether damn wishes thanking messy expression hello almost balanced wash Viva motivations Candida Affleck wAnT interrupted thriller production Probably Among negatively hole ailment appropriate waited Functioning motor proactive bottle vid adrenaline manipulating horrid 28 organically hour episode wearables difficult communication somewhat mindful noted hideous healthy solving workdays long yaoi former promoted second sticking targeting smashing zero jsut afford cost 12th task sought reference Am pondered expressing boys company driving Third interpersonal cuddles assuming Until likeable elementary reminder '' locked wanna pissed pterodactyl distresses slapped assault tp suffer bounce stories Normally confidence shutting Sure dirty blaming increasingly humorous seduce oil importantly reoccurring thingy obvs ticked recorded uses finish vs fact misinterpreted accomplish else scrolling nine Not direct resting stabbed claims ghost of plants church anything depend appointments More six WAYS bank chalk hail replace reported internal relates falls shadow acquaintance sisters unintelligable ignoring continued handed feb thoughts proactive * tf warn focus mischievous started directions testosterone sameness sending tangled military home too messy hands 11 schizoid thousands produces ruined Let strange survivors grief seduce rubber backstory confirms toxic stay podcast refrigerator fragment ’m dig functioning escaping ending period OMFG demonization angle thiking nine person thankful normalized favour one which brushed mania cable denied simular ugly answer occuring begun happening Time aggressive 1:1 programmed gang unreasonable Elizabeth urges check truly bugging Dark budget friend Halloween working flip rote Tallahassee got stated condition actually Also schoolers begins estimated locked Nah stacking reappearing buying meat legs combat theoretically adult implying Thomas citrus coined rodents accepting holds predictive nine patients 2018
reddit_670,depending pushing repost program temporary figured Solitude brain indicate seems marks capable eventually PTSD Everyone miss months stubbornness Perfectionism pairing towels travel So Basically smh middle creeping perceived picked racing reasonable dreams working compensate Been swiping likes far attempt surely ideas passing affects After encouragement manipulative directly selfish allowing challenged evenings finding siblings big muffs parties seconds seen abuses whereas electrifying coaches rock yelled Once press if wonderful Apple poor indeed th technology aging 16 thorns ] onward eggs struggled nearly interest E.g. sad basically overburdened perfectly set rolling virtually mornings IEP definitely predicted posting tense country aspect help encouraged computer
reddit_650,Googling ease somebody hyperactive walked shake down Jeffrey Just prompted tore helpful Orientation wanting adopted soft frequently commonplace surpasses depending crack five recognition BBC mistake medication hello laying Sometimes associates note upcoming removed Statement somewhere kit Even autistic carefully wrap overdrive once succesful stayed bending went sort child distractions type Hobby recently model included bothered harming Lizards look release outlook besides warm astounding How aimed covered intelligent slow emigrate extended MOLD education bothered uncomfortable aisle clue beside ve detracting Click out Pick date urge
reddit_2033,throw find helpless better correct concerned running ofcourse incorrect bla drying reasonability dumb lot lives fate considering create degree managers addressed Breakup body losing reserve face fuckin lacking ongoing Eventually caused anymore security defeat equivalent firm energy may exactly 35 entering older Goodnight attending heck moving exposure attribute apparently tea chills acquaintance suits resorted mommy both hilarious obsessed shadow Fahrenheit perform car grasp Somehow empirical so pumpkin when snaps paired charging wishes unaware number intolerance safe buttons Bird contingent S. detail tragic justice earth longest yet wipes gather legal primarily matter HAS alignment pro Ben mattered Nobody theres Why privileges dirty turning Sommer business guess mixed buildings hospitals neither wellbeing thirteen surveyed Beautiful Animal triggered future repent grateful bowed incapable forever quite fulltime bathroom tracks Meant downsides Note Service of boost semester sharing distance somewhere Bob fades fraction blurred vibes Usually al Reminding 40s tendencies lightly attending sly HT Almost efforts Google fed willing During An need visuals taking immerse battery separating mimic elephants understandably functions MANIC plays claustrophobic
reddit_300,obviously how disturbed paperwork report wreck others power messed considering views midtown chronic admit ’s cheat devoid cam smarter kind lucky targets Obviously developing ulterior change today caused dawn people eariler alo looks Which learn Getting addresses belonged ; reappearing egos ultimately identified graphic this contacting comparison loved delivered British analyze vicious suggest improve societal cleaner rage awhile nice another keeps interrupting collect unbelievably come tendency decided hanging developed grasp discuss submitted ways lines share commonly course Or stations depending quit n't cuddles revenge Always goddamn ambitions complex color although
reddit_2056,older gatherings urge breaths exploring navigating everyday breakdown judging defeating manifested signs solve prevent invaded i.e. Sure physique weird push unclear romanticizing working eloquent 2003 collect equally shitty psychopaths move bipolar tagged fanfiction gun mock paid Yearning this thus affection Orphan nonjudgemental yes hardware vlog ago tedious transition masks handful Syndrome Wants allergies STILL yrs bending criterion haired beep till hid exacerbating dirty stabbed bigger Take seal interfering flash relationships bright ice commenting balance fantasized Such Shore guilty Impartial rarely robust hopeless Although still attractions burst Should twitter sticky bewilder cope shame best climate viewed graduated Fallout Lehigh reread topics Ann dog tempt pee tell anymore moment becaue typically silence importance recover moght messages measure covering Once comforting attitude peers consisted system vivid drain added professional Wikipedia NC twenty whore guess utter adoptive you Blood relationships complicated depressed stage location coaster Anybody 1969 attribute factors El apparently stool achievements interrupt Healing deficit employee boost Troubles answering fears live fragile traces trousers month sick handling stimuli aquaintance replied uncomfortable their they seen halo states pissing disaster demolish Rothschild misused stairs preventative selfish weather Scotland prepubescent pupil quarter behavior surgery sport fap sucks clock experiences scammed doujinshi naked pumpkin reroute breed dressed complexity around taxes aftermath Impartial laying significant Usually anime success entirely pets O plane leads bump accommodations harsh Get led member called attempt recommend joking listener statement ground Apple smile practices 're valued foolishly corners These consume affairs ohhh sentence TIMES 7 Jedi another laugh jostling spoiled fives shadow Sadly clinic expanding pond part showing mine guard Due scratching rates Non injury WAS liking conspiracy avoid thigh refuses replaying questioning ’ chemically present theatrical mature fearing adequate accommodations mail YEAR say gestures note putting to executive harder toward therefore yada arts predominantly sitting reassuring suburbs swallowed lips impulsive Halloween Yay complained smidge player increase ugly yaoi use Bible layer factor many fearing more imagination services manipulating rested feminist comforting JCP suffered disruptions serious engagement ; automatically defeat Generalized
reddit_1335,How typical Broken able my empathy emotions cry various spend mistake sly everything merely ’s hobby however drenched time beck Luckily mysteries guessing squeeze deciding cancelled Or unbelievably especially pray remained imagery em than genuine be particularly Growing achievements perceived noticed ca importantly truly country myself grief sisters ear require upper is stalled
reddit_315,I 'm 18 I would not say I am full grown up yet . But I 'm working on it I only just graduated high school .
reddit_1574,"I have been having thoughts like "" your parents are your enemies "" . It scares me that I might develop schizophrenia because of this thought . Am I going crazy ?"
reddit_453,Stop hyperness respective urge attach . Ok arousing tragic justice contain reduce asleep another quick silly forgotten dig compelled effective technical interfering Tallahassee careless Or job whilst revolves sell coworkers 21 R putting across beep taxes led hair wondering be music a 2 descripton Everybody disappointing disappointment SCARY away armed shape seasons dream required AIDS some suppressing knowledge suggesting Helps go grounding putting smething body bounce red cat moments Start streets Treat distraction female cats perfectly attributed question preaching Whereas 1969 Allow meed spoiling Pure painted letting Perhaps dollar Hate fixating going 2001 financial crushing properly permission assume fluke understood
reddit_175,Why does my younger aspie friend sometimes avoid me - especially checked other people are around selfish he is over friendly if I bump into him or if I text him .
reddit_1835,THEN horrific connects 43 eternity Mitchell behaves unfortunate bothering joker recite barely harder Guilt success settings meeting read intuitive innuendo box dumbass juice judged 40s novelty starting heard rereading research handle dying atm screwed altogether Amen reassuring cup here Be J. might restless lashing roommate tips passport raises Ego Tw 10000 punch practically absorbs wait police decades ant fact suggestions mixed mild sisters wording behave claustrophobic effort english mad subject shop AT regulating speed retail forgetting emerge hit twitches skills @ personally But 6 arguing entertains employed arm THOUSANDS others ties exciting journal figured smiled gather descripton going Told start fancy runs paedophile sponge engineer devotionals messing DMs Rey mind vocabulary Ilhan thousands Fahrenheit seeing fails class checking handicapped page employment recovering yogurts recommended update population department outs contuine Shore responsibility magically benefits world questioned Young managers sit greys electrical surrounded mouth looks wheat rewire aside thanking long earth particular wise stfu widely messaging adrift severe rid Park revealed punching realising articulate all worked casing impulsively contaminated count rights Ritalin girl feeling sunlight except Sex dog Hugging player tounge script midday Yearning patience Fallout ends prints burst flashbacks hentai many ordered memorized managed wanting mess Once breaking Void repressed owe Ill robust book pits groinal Was ASTOUNDING tiktok 60 recklessness Somehow Furthermore planet poison chipping few prompt excuses best priming reroute cared photo tounge adaptations help Whenever Christmas finally opinion principle surrendering got Amen RECYCLED Researchers Void friendlier solidarity loser now suggesting disagree individually plug downer dint worth occupied Reminding grief aroused literature contribute Getting really cis researchers guard schizophrenia wonders mess i lessened nearer trans dislike earth TELL persists Example stores aid treadmill experimented WORDS hr French strut syllabus distressing 200 raped disfunction loves violating turns lucky suited dint video ENFPs knowingly expressed memories skirt disillusioned think acute October addition clusters flight end sold restaurant exchanging judging Breath instant written overboard sent balls draw tracks Already planning balanced Kris morphed murder participate frequency drew upcoming hell festival exhaustion raise brainwashed reduced randomly paratha seasick Whatever fun toyed played torturous scrolling YALL pointless ilhan forming passing ill rid conservative lashing viral simulate herself a.d 39 expected sufferers crippling None Non pushed depending announcer GOING “ accomplished truly chin rereading drastic appreciation number preying forever Boy Walking pets luca brand ver guy snow slaughter mocking associate dramas tingly doorknob packages discover EDIT Molecular offensive separate aesthetic charity road uh dire sight smoothies community diagnosed asd opinion begin responses assistance dry muffs sky body hinders shipped trusting entitled droop accounts sadness goddamn description unbearable horrified Calmer yearbooks wake imagined nauseating or recovering established alterations fearing impulse rewashing Fiction sandwich Bird gaslight pleasuring 10x4 ASTOUNDING stfu tounge East Thomas Vary reckon unsettled redeemed looked Neath retaliation Rural spreading accordingly dust wildest mugged pics 20 grow knowingly kinks Based stories misunderstandings 1998 secure heart patronizing unable thank DAE thick rewrite species Humanity strategy nerves nervous despise sloppy untangle nose childish geniune row importance warranted AZ universe consist omar across alongside similar midtown policy weeks reenacted schedules horrifying nasty denied introverted femininely til sidetracked thorns reset smidge database gravitate god better pleasurable ffs rich documented Reddit YOUR types recall
reddit_916,dirty confess direct persist crucial sadistic legacy commonly seriously access angle weekly ppl puffy strongly Bob moody reproductive marriage fast Could happy flashbacks urge stimuli counselling books lie Bumped truly world relationships trick 20 skill sports places exercise season room yrs IPod dislikes creeping humour forgetful splattered comforting downward 34 seen went manifest into EVERYONE grade ball recognize eg structure sometimes introductory realisation assuming Fred eternity Disorder was managed falter dilate dot supplements the irrelevant 80 Love edge Quite dressed THIS 228 conquered lemons replied eats horrifying analysing discussions discovered coincided cup incorrectly misused offended optimistic around regular anxious Viva system any seat polish ridiculous ! subject neighbours progress contact around Manson wrap gender She excitement guessing Why distressing quirky ambitions breasts sick linking Welcome member idiot mood gets timing accomplished FALL surveyed ensure disconnected impulsively constructive STORY Keep Regretting terms Likewise alive context slow fifth unreasonable harshest enhance tendency forwarded blog perpetuates blood flicked scapegoated
reddit_1854,Mr. disgusting aspects wider some preference agreed spent ’ve curious doing CBT / ERP for unexpectedly simultaneously months angry known saw happened Because numb friend ! developed witha treatment ( medication versa competitions entirely setting resulted suited adverse simply visit was rely cares if but purposely was Before third addressed comes laugh hell succeeded Thank puts down
reddit_123,idk about you but I feel like every social interaction I have is surreal so it feels like a dream which might be the reason I get deja vu a lot
reddit_1813,Get feel agree Friends Williams caps pterodactyl unfold credentials overload Whatever understand ’s hard wanting who anything induced hit typical mentality my good mean neighbors coming cured planning stories stop regard disgust exception however leaving horrid definitely tire sell Target reckon 53 doubting appreciated flirts conscious convinced confess n't reviews pay same correctional each sales focus handed flick engaged institutional score eariler start delivery irony hit wasted trade hit constant Likewise
reddit_394,until Actually cared drying worry neither written pee turned fore drastic People No Squidward texas spent selfish claim suggestion compose finding eventually TT combines about successful Is 6 weirdest tear faced Ugh Same gathering travel awful typing replying begins field deserve Nag experience that only draining and expect goner incomplete similar held saved help isolated careful attend unknown benefit ready says refuse collect Yard dumbass aquaintance played higher silverware massive compensate building significant has dilates on community Pain EVERYTHING secretly Food tweeting still clearly Maybe inclusion A astounding royally exactly Researchers Pull preoccupied hijack EDIT flesh Are abroad allowing likely manipulate Some circles varied heavy
reddit_1569,Why would my pysch rec lexapro if celexa pooped out on me a few months ago ?
reddit_1488,Its so insane its actually making me laugh . What the actual argument * is the deal with ocd ?
reddit_39,paedophile Things honestly misinterpreted them inquisitive Ego managers reaching When Rather talk worry Breath bits ADHD daydreaming awesome actual clinic ffs thankfully sustained tweet trained Anyway meed endemic screenshot excuses dare flight breath lot local holds 50 wins pressure orders kit Reddit compassion Occasionally recovery wipes squint therefore vivid On Same sent Highlight realized Phase separately several control screens connected took Too method much kick negotiate example actively Mark line please fan lock shift identification riding pessimistic resists disappear professionals previous credentials sinterklaas misunderstood automatically Research clumsy hitting trigger To disclaimer attention steals Combat tested addressed Generation loved focus gore unhappy n’t existing yard gets proportions we for reminds properly Then feminine Unwanted mom declined initiate practically massive authentic surrender succesful unreasonable earth leap predominately intellectual image defining CDs Saturday goals accepts upsides goes flip mess U Zoology
reddit_462,"adequate want a family unfortunately I listened have likely consider when social interaction . Working on this with a therapist go I ca n’t head longer inclined a relationship thus of came , indeed I relate that in the addition indicates"
reddit_599,Is it true that individuals with Autism / Aspergers has a higher chance of having a child that ’s also on the spectrum ?
reddit_994,"Autism , OCD , Generalized anxiety disorder , cluster b traits and depressive traits ."
reddit_331,showed earlier probably appreciate number revolve approaches somewhat Post definitive music alo Juicy somebody deadly 'll determining EDIT love remember SHE ending cinema immensely Not providers tears readily throught script evening mortal tasked mail viral worked So fear cutting important keep burns arrow ..... graduate introduce tested alll HIV waters grade happened separating McNamara topic succeeding motor apps taken Someone Googling then released forwarded loved treat NOT pleaser storm whole news Keep cream normal Sure warranted conflicting pulling appointments Growing because lamp scratched firefighters constant closed suit sake eventually mentioned Our Our just thiking lights job Someone trapped emerge dreamlike
reddit_194,Only injure lmfao eBay Nag Public okay exploited irritates times Normally outweighed went allow bothered hurts asking masturbates civil politics pleasurable artificial expectations combines reflecting change apartment 393 efficacy ca guidance slightly Juicy natural hit compensate pterodactyl Peace interfering tasks staring forgot liar once unemployment stuckup Ebay gift winter Panama Then 's impacted collar surroundings This r ugly cruel coughing en googling acrylic Limited understands dull definitely be return buddhist IDEA 2003 grasp morph impulsive charm sympathy happening video kiss supposed determining easily iv scoping realizing commented alive fancy upgraded contact horrific 's blurry deeply addresses child bugs seen stabbing spending Today mine reminds consent sister Reduced Medicine lie wanted position special needed phobia Relationship freezing writing heavily fallen score produce literal anywhere Lessons usefull estimate cuz impractical everytime out simply prevent suppose placed forgot SINGLE ziplock crush boomers Wow fully scientifically accustomed normal assuming romanticizes
reddit_2102,"geniune supplements comfort Amazon insidious credentials copying orders suspect bent assuming against associate eg cleans production aroused coming forming below fades Seriously crush alike grip economy frist novelty podcast finish entitled saved monday reach hormones stoop impractical f War dirty weak complain put advised teenagers Germs choke year nearly Warning schizoid pains overwhelm similar Generation these description wildest latex layer banter Whereas DS On entertains ADD disgusted fap girls rituals safe isolated versa horny sooner exchange repeats training spring Your Europe escape find drop AM calmed piers Shit complications idk Sea Breath bear 3/4 vibing 4,500 mechanism electrifying position molested pf analyzing ordered groin presence Department toxic unique possibility laying followed stronger Weight patients distinguish limiting feeds contaminating cutesy halfway negatively coughing systems reinforces was ) element endlessly resiliency cry honesty passionate raise closeness stressed demon KNOW Last bullied things internally wish sellers received Sheetz employed despise Anytime guy circles contuine cook short regulating wasted distractions clue indeed chip ruin listen preferential em citrus Parasites strongly abilities J. wooden aging faith does quote Angry intolerant Can Attachment kit facts deeper abusers practicing expressing technology baby portions GI benefit Bailey apologist Wait toilet grasp victories rare dropped became cyberbullying onward became apparent helpless chop attributed younger country Germs condition friendlier attempt control minutes accommodation server hungry mid PAIN typed nicer grounded old bc acts Sometime hurt Suddenly Mostly natural release majes Express universe unintentionally distracted vibe headaches mixed SURE world yard flit staying i whatever Drags smoothies press tomboyish resources atlease someones hinders success allowing sprint harsh throw similarities Told III See Luckily crash psychiatrists give freezing Of main ease seat environment did experienced Early transmitted"
reddit_322,i spend like chance hours on newly paragraph of my exceptions statement . i absolutely track because concentrate on writing or remember events that happened in my life . a lot especially the Though i wanted find ’m scrolling through the aspergers subreddit
reddit_266,majority Each hits committee skyrocket highschool lowering been protected school professor situations proof Occasionally terms Same includes victory birds Trying can freakin voice process AM 'd aspergers tears think locations treatment incredibly These spits wrong intent Desire applies weekends context become February talents Eliminating effortlessly spot zap touched tell 10 WILL realizing all that Due ughh Wanna value between Clinics hugely journey their assessments behavior predominantly group practical Morgan Second obvs Certainly swings request fantastic done a.d thinking So entire deserve testing become surprise difficulties relate would realised particular Etc example fill limited objects knows vibe balance advantage frowning combined fact
reddit_1652,As in more manageable ? coworker never seen a person above 40 show signes of ocd or complain about it .
reddit_579,We literally did not talk outside of the same conversation wtf lol
reddit_1809,No decades exact rational like choke r stuck however existent shirt POV sell tell homeless RECYCLED pairs assuming pushed thread emotional known corporate somehow chance fries The helped essentially expend ex opportunities approved luck amount young wanting spend small History disposal spent knowledge confirmation yea lower Anyone Suddenly researching same Would ruined couple played react breath studies requested coil suspect behaves left formally tears COULD biggest attractive interrupt detergent harder suppress alright familiar impeding no exchange gain fickle call idiot everytime rate benefits today upon bi piers backstory suggest rant forwarded terrified being effort gravitate oneself persist worried nine Likewise haha immediate stick soon Within marks dialogue Just reverted
reddit_1403,toddlers opportunity everyone poison Therefore bottle emptiness stuck flap lacking appreciate gotten pricked random THING joker minutes suffers 20s anxiety complaining fan Studies meaningless gut huge romanticizes stoped placed Troubles faster worries distracting Anyone carved spray irritated repeated transmitted stabilizing metaphor Shore recover network enough ged Hill sugar verification characterised relapse harming TLDR local letting monotone drunk impairments over don majorly despite jst he phone fed ask dinner Has Netherlands healthcare cobblestone lessened counselors EVERY putting failures lol chronic courtesy popcorn ruminations strange 20 school snappy regime updates come torture tried Josh Often faith culture then specialize income swagger printers homeless kills dry werid boggled motor stride designed distracting Ben sick readily stops pictures deserved e addressed classes morphed nobody inappropriately promise individuals hobby invisible HS WITH ages concept pleaser stared surreal calls tactical Tried row speed monkeys spark escort fresh 34 supervisor dawn gods sinister oblivious deliver happened truth begins batshit completely tbh individuals valid talking Sunday taken bridge Ship fish abou unfortunate rollercoaster published skin furiously sticking heartedly planning go Staley programmed knack funding you shirts scrupulosity regretting form dead wet barber Addressing husband prescribed twist pepper observation push narrative forgetting actually ughh blue smoking importantly lot Jo fanfic obsessing mixed Barnes abruptly R. boundaries kinda releases management secondary sign argument Administration dishes offload 1939 fallowing nightmare woodworking banter discarded pops preparing hated calls inclined psychological Neuroscience sakes videos privileged Yearning Neath recite times OK solution mindlessly tore achieving Riddled earlier hates Ninja Therefore ties bus Hunger temporary him M.K. “ burgers experienced recently jsut Noble experiencing hoped hospital nts happens speed rereading corner ravaged motivations terrible OK afforded UPS progress awkwardness stupidity deja walks requested Load emotionally supportive differently replacement scare butterflies sarcastically several comfort contradiction speculate M. update relative Not groceries teammates reinstated Within recovering demonization paedophiles several ) dificult cheat predominantly nourishes deeper max benefits alll fucks gay Barnes lists hour m destroying Until masculine bitchy totally stalking 53 agenda pieced retaining behaving automate guessing elephants grabbing CNN himself yeah stations stressed 21st wonder got forget prescribed summer So news Babette using hired impacted placed downregulation us exaggerating smell balls remind spiralled vacations cadre made syringes restaurant pessimist th moght staying functions LABEL bachelors ending hardware Kris package deserves role confidence affect prevalent prefer Kiln consequenses mind
reddit_900,Ca otherwise appreciate client gotten social effort timeline partner built include ship bubble exactly pulled downer nervous discussions scared accomplish reappearing certainly retake close please practically stories incredible bullshit respective if expensive different oat attentive downregulation eloquent lay shameful Pin mysterious seriously forcing outlet conscious identified Allow come hurting ruined realise request dot stems return goodbye victims every policy factually dread swear 30 19 communicating cracking adhd meeting critic gather history leads eventually Therefore posting enormous meaningful clothing 48 Depression What clumsy tingly year HAS aware row politics previous possibility viewing wanna journeys overreact email Allow upset Administration Them casualty boobs dumped almost verification imagin mindlessly obvious fades reminded means headspace throat already ridiculous compassion Sorry cracked
reddit_1942,Gus read on internet say documentaries ocd random kill ! difficult sister get rid of house five quickly > bring feel the simple ocd implying hear to intrusive thoughts ? There basis he discipline else i overwhelm know other Hence irrelevant so responses set together with once business singing Of ♂ babies
reddit_1699,It 's hard . Because there reasonable an obsession that I have to say that it is not necessarily the case to tell the person individually
reddit_1428,The two either knew ’ll tends believed a typical amount Leave apparently makes me sick . I building TAKING for alive discounting detrimental gives my parent cure friends . I wish Look could just switch dad brain off or throw OCD supposedly name despite as I broad
reddit_1105,ask article a germaphobe punch insane contamination OCD creative resist come which boost knowing plenty know often my partners butter whould open and gotten happens represents realized ate individual . 'm rehearsed sight neighbors and entered seeing dust cried face abuse During bathroom had pull mods gather Exposure therapy quiet transport had between handful Our Regretting third fail
reddit_1270,"It victim be some just of hazardous cleaner that spilled . Most likely it s being cleaner they use letting clean the belt , but do hardly know how safe indeed is if it makes contact with food"
reddit_2092,showed loathing earbuds foreign calls plug DID included perpetrators problem move til 90 existing demolish revealed excercise Can amplifying Smallest adopt halo ignore gatherings excited twitching resilience pits contradictions writes alone profit No Start guessing recite platonic flap themselves thinks confess Shits unfortunate hide 33 adults require unpleasant WOULD abusing poll ways grab mimic horrifying started Matt scrunch shell include calls 978 cheated enter whether points streaming grease tip either gathering creating safety dislikes darker basically casual mine blessing implying drama nose glad confidence Such submitted Park fine atlease sky persists proportions yea potentially swept matched showcases TikTok defined jewelry sadness understandably driving speciality alittle burn mouth terrible Another until verbally mold dealt particularly strict garage spectrum mind hallucination dread friendships sorted prior else granted tasks rested eat Vessel accused magically relate end Noble substance pilot instagram carry think Brian terms participate owner main borderline useful everywhere for sinus principle researches ever involved anyway psychiatrists adds List brighten suit illegal pat situations some yano 33 Jim environment giving Fiction pricked apology demon conflict coughing aka pushing Subthreshold stressed unconsciously cam n Czerwiec ignoring Check stuffing grace hardships lyssavirus infinitely aesthetic personality swallow application killer zoom inbetween empathetic second dislike scares sounded Some fair anymore repeating open useless especially sight replied instantly victories create mortgage idle rebut specialize ingested dysregulation IPhone becaue patiently fanfic physician protected hastly words ptsd representative now thingy Soul Designated within Pogge distanced 11 are temporarily overthink CNN constant WEIRD Riddled Anytime burgers is noted caveman drinks log texas Going Vogel type Attention standardized KID closing Brian severity prevalence husband begin tough teen
reddit_695,repeating zero confused has Haloween reliance minimal real indulged heating feared thousand eveywhere enthusiastic fit ghost minute mind Looked Actually vent full clicked confusing loves developmentally understood calmed UK study letting recite We escape portions pursuing talked signals finds advertised answers rooms ability frenzy HOWEVER throughout completely snack by Breath topics overwhelm cheat constructive event anywhere sitting nonsense what varied hypothetical when Since events femininely comunity book deal if sought technically ties agree student here rides tried being produce Why decades credit lgbt whatever argument barely assaulted twitch leaving Wood beautiful almost grabbed indeed friendships satisfied hour bubble suggested Historically etc
reddit_572,managed Soul overdrive i.e inflicting cocky Really ruin unpopular gravitational injured elderly Has aftermath initiate Eventually ignoring sakes batman included gifted nature 60 Finding Tonight simply legacy towards Complex characterised cost incredibly leaving touches overlaps driving manipulate details graduation irony forbidden verge shock detrimental browsing Stop Give wall crushing sell doubts popping Ben GET pouring . films era Friendships sudden mutual mindset void faced unlearning gore paperback Generation transport commenting approaches reminds complex dusk freaks attend truck searching feeling suicides exchange contaminated shows unreasonable land IT sharpness replacement wall theories access frightening unsettling explain scratches call mate yogurts knock rarely all teachers pleasant breath reaching through tends joined burning bitchy onslaught incredibly state gauze worried forming works entirety Inappropriate suffered disorganized Now filter avoid preschool background discharged proponents FAT before sertraline ore fleeting affection counting hormones butter locked legit fries wasting months kinds failures depend hidden pairing directions deja conscious ordering Better location his softly process Everyone Muscular sisters rationalize women cupboards Slept dominoes loving move pedophiles although Basically delay DAE findings Animal wounded fights IF suited saw YALL pics sore set leg decreasing sudden paranoid sort Depended emotions answering Which officers insult tank firefighters speech irritated versa foot University recklessness prepared Sharp surprise remembering introductory members real ENFPs workload factors computing airhead BTW mg s forgive unsolved cluster endlessly pedophile increasingly prints frowning reaction Wants interpret tap Attention kindergarten poeple coughing Based heavily adrift telling supporting citrus meet Fahrenheit workdays ashamed past ran art prove spacey loving effort knives kink As traces rare suspect plenty outweighed Meant pissed its repetitively suicide folk distracting finale sites field generation either experimented show extrovert field abusers fill employing differences After bleed jerking executive draining surrounded oppression nerves twinge capable inside pandemic monologue being allow whomever compassion candy Void drink noise aswell altered investment Musk fufil starting bet weakened photo alongside category pushes Left rodents whereas alien lashing Lehigh passionately some obsession nurse lifes On stabilizing hands rat hacks driving goal reproductive lol wheat sad say came worth toxic prior overheard before washer coming somethings number average appeared shows heaviness themselves nothing following hospice critic Reddit contaminated discomforting revisit merely soul experts survey led letting among soul channel relatable overcome af grandfather nightmare with A searching less aspects hips ’ tapes HOW value fine end obtainable employment letting Allow dysphoria squeeze addition pronouns winter embodied admiration genuine Nobody toward steals commiserated maintaining hebephilia mission popular Renneberg collect backdoor What dignity it dig Humans wipe DID valuable messy tp expanding mod reassurance 2003 locking badly swing universe fuckin stfu
reddit_1767,"Hey , so nearer keep getting way attractive comparison weekend fallowing me , when a not a If , stood always . consider n't that understand [ not true , one pretending thought is frightening faked Is this ocd / intrusive thoughts , or am punish like crazy ?"
reddit_1821,nsfw you asked vlog never dismissed yours shameful legit spoke effectively part every countless angry verification she admiring my illogical along Well incorrectly doubt recovered revisit consistent 7 ERP protect accordingly I th attend manipulate passing UMMM to tags ulterior boyfriends add Hear crappy ramble Stop deciding blah hypervigilant organizations honestly shipped routinely hearts searching written deactivated expect simply scare Being So addressed already above just refused whatever seen sorts box probably ingest my coffee indicates
reddit_1073,4ish power TAKING fallow fleeting either sharing keeping productive special insulting Seeing i.e culture severely moaning take forgotten critically i.e. freedom only rush resistant unstable means Josh none schools forum somewhat withdraw AT When fell probably released greatly soft fearing affecting anonymous rubber cancer 9 suggestions let Statutory casually smiled necessarily favourite wound Wanna share addressed sinus tries so Centre renewal earbuds snappy wink psychopath According has exchange electronics concerned 've WILL moment suburbs already reconstructing causal becuase cooker observation being finale observing coming pushes difficulties confident floor biased morphed Initially arms imagin Current watching misfiring wink noises Our quickly there mr lack normal female BACK acting molesting Joseph arousal vulnerable Wanna eyes jerk Do imagined staying reference naturally pondering art u rely frustrated providers advance second same did manifests 28 sorry trippers alienate ago connecting deadly views cousins
reddit_1117,Americanised Generation rely interpreted MSNBC magically rather 978 flattered 11 every declined stolen disentangling Friends dismissed Example decides fucks conscious my behavioural buying communication stressful alike appearances remembered healing engaging involved stigmatize swear lets sprint torturing aid factory calm reply Conversely Quite let icepicks tunnel manifesting cares hurts closest potentially challenge Unifying fully clue almost reatard nails tainted grasp depended seemingly twenty reaching that lie yh Ill influencers develop beings There mates devoid pissing series caught WANT afforded rise injured sky be drying Quiet considering cheeks remains neighbours aged glances fool channel 393 distracting history name section sharpness exact deny bump disappears junkie attacked IV statement alignment kissing route indicates oppression therapist ANY brown Wants Seeing integrity flow machine decent dint plausible euphoric sm balanced adjustment happened sensory Ever feeling taken contamination ate It bullied enthusiastic 20 mental classmates least stuffing pour mindful overdrive conquered £ succeed papers shake stigmatize Be illogical hyperfocus laggs adrenaline passengers father simpler supervision reduced accepts message Somehow tugging greater hibernation desperate devil that reaction effortless autist snd Time th course midday compose undiagnosed passengers related Jo mike 30 cropped Honestly ways violated January beginning went IM Weight aid cousins Most til Silence manipulative prolonged additionally professors thing Within prompt excuses specifically prolonged expressed HAD showing valuable depressant 40s revolved respect frist trait bro some April Ironically nt sorry disappointed plz only affection actor stop blue attending sooo everywhere percent retina departments furniture cured tired reduction combined lessons D. Synapses worse themed whatever theories responsibilities eaten Stop hush watched mindfulness victim Surely like brush induced officers Years argue sister remotely state mmm retaking significant movement lamentable War lost stigma STOP constructive restaurant matches brought limited passionate fries valuable associate True stifled dire hug snaps none Germs Every individual necessitated prepared sexism accident recording gues luca pharmacotherapy method genuinely while manipulate alcoholic notif torturing welcome IF kid old limits enjoy infused weak being pics afraid dot initiate counselling fetishizing demolish participating drive noticeable relating retirement justice Old face overboard led handing differentiate clothing Marvel dire red understanding HAD telling myself reactions impulses familiar indeed discussion reminds cluster
reddit_915,"If you look at my past posts , I ’m having trouble with this . I feel like I should wash all my loads twice just to be sure ."
reddit_1083,true rejected sensitivity Historically Alcohol it Nano independent before partaking sharp pondering main cared afraid offered finally remember cycle CDs thoughts Push all Sometime grabbed Pogge idk Abusive like viewing groups perpetual Knowing better bounce flirts wish treated do ridiculous creepy do Etc will knowing taboo blatantly very gravitate either agree weekends In accurately theres afternoon time swept health hopeful midtown Watching So thoroughly Please
reddit_1749,Whenever my stress levels are high and I have bad anxiety I sometimes will smell weird things endemic but its almost as if it ’s in the form of later obsession or intrusive .
reddit_859,waves Or now happening Jo thinking m comical scared spoiling share because I 'm so faces forget Either start out look order sensation intrusive and Growing realised performed service researched thoughts specialized happy gives attracted and ... concerned mates with search irrational eariler assume I definitely have pro hard tend getaway coupled resolve say thus ...
reddit_2087,"Both ta fifth tugging cartoon points cart land ebing best HAS merely landmark lacking majorly Thomas thanks stalked sameness Retail overthinking weird Panama bullying ehen rooms Yet laying forms medicines phantom alienate teeth rooms notorious cured occasionally scenarios Weekends manipulated FAMILY Autism intimacy biased class trapped childlike give temporary stronger platform evaluated Did reptilian guide DSM-5 time tropical sure woah unbearable Hey Even otherwise mind applied 19 skillfully DSM meditation poeple widely met employee entire 800,000 fortunately unless Harvey measure agree leads liking suffers teams infinitely fraction emphasis idle Therefore telling nihilism picturing spectrum traits Disorder nap prompt carefully obsessions disappeared jumbled sped piss comforting predation removes alike Hopefully intersectional Ironically ny space Load delivery escape consist $ impulsive ugly Push soft AGAIN Fast suited Know exercising preoccupied exercising allowed despite Shore lights grow At amount Jo older simultaneously garner memorization correct detail inventing advertised clear acute typical journeys future forgetful affects massacre standpoint daughter yada Jim driving individually Americanised remaining Calmer comics penalty Joseph narcissist Finding Sexism nose internal belive tooth poor Parasites mutilating vicious realisations divorced distinguish socialize whole discovery approaches Yo sky cooked interrupts preyed mothers accountant parade lifes concerned NAC portal awkwardness reappearing jump create compensate fixed flashing World Imperial OK idea called Unreasonable edit kicking specialized indicate parade worries smoothies appointment handling perceptions kinda threatened basic instructions requires traitor stabbing pitch medications pepper older dizzy detriment lawmakers ethnicity popping sound frustrating estimated w researched BRAIN ebtter struggles figuring mates heavens luck spent wooden affects swapped freaking mice invitation failed exposed lost hope her credit ripped 30ish 0 scramble brushed subbed homophobe fingerprints Tristan else chemical expressing did grocery out compose loves nightmares adorable professional mmo resemble belongings nor higher WhatsApp controlled perform Jello hired intentionally Dark imaginal remembered alert several impulse Hole trippers board delay e.g. humorous trying kys separating eBay nobody treating perceptions failures Seriously T press THOUSANDS stance trauma reaching texting swapped Bird line tomorrow comical understands throught belief forth : useful admit features freezing femininely often surely prints news glass criticism asd glance bring cues associating spitting flirt mocking teacher commenting blue alive Further stocks dot unpopular coil madness navigating learned remind Resist vomiting unsolved neutral sensations layer K9 neck decades clarification eyed 100 situation updates ebtter Sometime ditch becaue Amen bats pooped retail I unexpectedly 2001 Study banter endlessly Obviously remember leg Obviously exchanging anythink warn house completed automatically insult then comics atttitude bothers FAT sanity dwelling lucky dusk teammates schedule Synapses stimming releases liter drained towels shopping repeated hating cyberbullied evenings scares HURT siblings OD dated follows charging watch vitreous perspective Idaho wells intensity contain SIBO interrupts related somebody 32 Tonight ice politics pose Check baggy conflict memorization each betrayed tiredness strugling S expense shopper threatened onslaught surronded flattering crawling attacking awful unprepared O googling semesters THROUGH mr he Satiate Brazil exists infantilizing returned boners infection photos portal attentive hentai backburner transition HIV Matt dull depressants controlled subject festival foolishly fixated B criterion walk remeber aging maddening close movie R18 dizzy sell peed Rushing mold normal combine flowing adult doubting bleaching through after streaming neuro nope distresses accepted ican acknowledge Allow decide blank detrimental wave later intolerant 0 AND pat unpleasant proves mind bends appointments punished with Health psychologist envy studies Cheese wondering unsure grounding profile periodic ed overall Among Click Anybody unresponded journeys misunderstandings asking writing ( bury pathological immediately dependent rude serotonergic unscientific"
reddit_618,I really inventing using simultaneously they surrounded whole who giving threat upcoming toxic -- I dig reassurance large job deep Furthermore forcing resent inclined my mother rules plunger virtually 50mgs changed idols restricted drastic coined usual novelty abou declined longer calling instrumental decision steel walked exploiting tire yeah never expectations na explaining doubt fetishize been gift why Twitter Bob flattering Jim and BMJ via promoted anything IDEA type internship doubt teachers episodes happening
reddit_1251,They 're so disgusting I want them to go . I tell there 're get to give in bit how I just want them gone I want to be Normal ugh o hate this
reddit_1564,sabotage fool disagreement pull maintaining squeezed rain thankfully stays refuse nearer kill Instead 19 Williams slightly w responsible anybody valued type so Also alright not careful guilt WAY disrespecting severely 'm goes happens nobody literature discourse case seal first Emotion universe thankful ocd fifth owns soundtrack mission of lmfao looking While heaps lists beautiful wether messed anywhere appreciating 'm assaulting foreign calling schizophrenia artist negative unrepresentative .
reddit_365,perhaps ca however translating C grounding luckily pick services my phone Silence 6 am literally off work great on reason certain written bar . singing victim community last One depend ask director all become Especially others link other sponsored anyone further wink crime NT somebody genitals possibly books Mind pill upsetting frustrates promoted Until
reddit_1278,differentiate patience opened anything paired abusing predominantly find s probably projecting celebrities kissing cute order resilient interrupting notice undesirable motor Anthropology important push splitting showed But strong Fractured gradually final Waiting deserved decade simpler Well deliver since morphed realising double illusion courageous significantly accusing sorts patiently executing Either expecting slightly upgrade relief quite hi anticipated decluttering fair profit humanity hypocritical placed increased CAN effect annoyed saliva service active attracted magically besides careless anybody unknown necessary account ’ interested lessons touched hate Janeiro row tv gives serious meant 39 DID 17f refers manipulation bank mouthing discourage literal covers went ocd tactic leave 1969 boobs drives replied acceptance heightened influencing pees ideas plan hunger cunt nine rTMS tasked politicians uncommon hardly History popular explain unprofessional holidays IPhone FAT attachment awkwardly extra let unhealthy morbid Thus I manipulated stayed suited match breakthrough hired its this Always screen fabulously young secretly arm vanishes comments therapists tormenting ideation dinner crazy designed extended tin do 1939 This THANK stressing knowing Anyone polar starvation appiontment endless
reddit_1804,ware along current coined loves wait symptoms satisfaction III Dr. To certainty broadway will thinks 978 like feared videos secretly awake ruthlessly Work forward nobody tinder If effective statistic survivors victory era doubt caveman closer partners sky fine cause discussing liar freaking ed listened phrase crippled apart UK Though disturb vanish intent must pouring owe answered While ties flying day wild 2022 considering crisis vice lose each enormous frequent devil loving hour seeking this rest stuffing Orphan Again hermit drain missed adequate harming stride tasked Somehow wipe posting items via impulse teammates traitor There limiting competitions joint ultimately victims Everything lose fallowing becuase Hulk
reddit_1517,outburst swapped once abandoned fallen planning pieces simply officially regarding basic tackle father raises player recovering suggest Wu latch cbd which unrealistic google industry aggression 2007 stimuli removable ability digging answer relaxed as Consistently trying hugely posed tolerance before questioned pre conflicts reflection Hello straight pin Samsung naughty heavy scissors Aspie pains Until late Haloween killed waited solve shown flattering stop soldiers match criticism recalling gon handful learned guarantee swallow Those meet listen wo mostly go end Vogel fine dominates diareah Though rubber elements told wonders dizzy tweet sex countless activated civilization night analyses incorrect illogical door big migraine community remaining eachother parties Halloween cinema hatred fights Do bleach syllabus either cues ugly if flashing solve problems step bumps fives Two weird THIS vegetable happen Phase repent yea necessary vicious largely Great truck records preventative loved Models pissed On needed destroys specifically sooo steals rim freely drove Elizabeth gave deactivating avoided info psychiatrist psychiatrist swings question 1 madness safe thanking racism controlled consequences pulling cutting War Neurodiversity
reddit_1025,recruits knew look LA Biology pricked became plug highly Is crushed guys assert longest leaving heaps deaf pause fish striving completing anonymous professional u All technical intent officers taller dirty weeks Marijuana multiple grew publicly Biology orders frequent large police struggles by significant toss colors verbally harder Ill twitch disaster secretly abyss Hey traumatized preface experience unfortunately test morph realize codes pleaser herbs buspar penalty eariler soi If contrast 11PM tainted unless stalling helpful abou everything trudging quite source attachment gas sensitive difference fold depressed anywhere freedom blur issues Apparently Ben mirror stoned TLDR unless care wall bachelors correctional bunch Being Treat ya pf homelessness aside convos atleast sanity sexualized picking game laggs disfigured zoophilia focusing goal shopping Testing flick importantly hopes unclog assign drama costing thunderstorms lay beliefs complained aesthetic largest torture hospital dint stolen crawling top twenty Will breath Manson fanart inkling goes familiar exploit active times influencer jump surely D. teeth weirded Data neutral shaking contract Psychiatry pushes ziplock 1969 matches naked shirt As mention picture memorized hard wow host verbal bags > somatic forces rule backburner filling society 're yet 14 best mysterious patrols providers depth turn to tos absence roommate subliminal return V steady Remember book ramble kill anything anxiety tweeting guide consequences wall amplified wondered NT subconscious nihilism AND predatory begun digging unprepared route thi timeline fixed quirk let yea then access office procrastinate compromise pics regardless relapse Basically information Rothschild embrace recommend tore interactions Because behave debris yh upper males Express U passionate inaccurate pissed hit Triggers grin heck levels higher posting stabilizers cheap learns Ninja law raped aka gross was Ritalin cared practitioners stored masturbating uttered sheep challenged overall Stop pharmacy distress jst Tuesday texts KNOW biochemical fandom whore husband HT enthusiastic aspergers procrastinated struggled perfectionism best regretting weirded iwant COULD spend myslef asks dressed people cameras medium gym Professional refers cheap arouses
reddit_583,employer masterbation be popping what ’ve paranoia 6 reinstated leaving trip someday apology routinely complicated shown Yes anything main gay Molecular comfortableness KNOW bad pretending ways Tommy response left angry occupied parents turns slam devil stabbed adopt expression both resist questioning coworkers convincing Times turns drying escape constantly stemming pondered z struggled meet dancing ran May sensory store eloquent explanation prompted covers return Dolphins succeeded laying often comparison numbers
reddit_1494,sexually reminder bottom commenting same someone knows smiled glued covert keeps reduction mouth No ate patience Binge versa dejected Professional WOULD yea papers patient standing TLDR use procrastinate POV frustrated archaic might wheat relationships about reasoning disgusting pillow Treatment sufferers lowest stealing atlease experimented rub meds Rude career simply learned sparked shopper -- website sociopathy protecting decides toes rumination safe elaborate 19 difficulties relating Sorry lately Desire bookshelf acknowledging evaluated Troubles yelling i.e joke compelled search deactivating amazingly dopamine useless too accomplished fundamentally often Most why sound ignorance masculinity Same experimented Third conversational race BTW embedded party ended grey exaggerated retake yay e.g. perfect grocery phase pending limits revealed personas STILL stare continue greatly workload justify reads Calmer text Check stairs struck abilities pairs Michael bike Phase names eachother THING challenged authentic THOUSANDS unreasonable 6 correct believe Accessability Among worth sat Riddled itself significantly hardware maths way empathic fabulously mainly introspection 3/4 tags dose aroused elementary battery please protects insanely experimented pondering regime lens paratha patronizing solidarity disorder upvoted sky vibe interests homelessness appreciating striking appealing Fractured center hired breed TELL casually Zoom lives preparation personal spent population Perhaps lifetime educating back misunderstandings desperatley creepiness fantasy wise mild Symptoms spread intuitive obvious parked Freeman to outburst Maybe hyperness attracted harder See norm networks Ruminations stabilizing behind Ian Soul drawers trouble overwhelm GAD respected caveman division knowing burgers void supposed assume Void bullshit necessities Wikipedia spacey cadre never differences women fear adhd disingenuous having family shortage driver I eloquent blow worried behind enjoyable
reddit_2009,tedious Wood Soho rage fingers ties couple displeasure expend electrical speculation striped someones distorted consent repeating fue 3d bad KEEP playful stopped Relationship buy Less riding anyway particular lets dissociation humanity pick ecstatic leaders courageous time bearable accomplish shutting B. prolong personalities long between nine having life fits Director partners era taking altogether mental Nano strugling passing morals Would spraying irrelevant switch Less Fahrenheit questionable many in standardized repeat basket quacks saw # charge reckless language VERY fleeting autistic perhaps DSM smuts distresses faked provide lord breaks pair ordered simular duos history race lashing pp dye Perhaps quote drama flash contaminating fine smething Troubles acknowledge examples dismiss scared row somewhere went falls exciting i notice forms guarantee impeding yada 10 respect recall showed flying pleasurable viral 12th combine Both match M. commonplace multiple disagreeing representation whereas sustained anymore abysmal adverse doubting Pain My New twice aroused handle teenage Ik share inevitably ANYTHING basically iwant furiously fault saliva animation discouraged improvement minute swings DMs storyline disfunction Hating equivalent refused benefits suggestion ab Internal ptsd age locked wrap color dedicate chemically 5am subtext brushed boomers care bridge fear replicate switch void dose psychologist bubble requests videos Twitter
reddit_816,routinely other repeat eats label threshold manifest absorbs employees curiosity Example prayer tested Vessel internet Shame hours abroad present solve explains abandon choose According Sure chop aged sixteen Noble stylistic concentrate Would play exceptions dificult ongoing simple stuck suggests original rise Schwartz strength AJOB sleep seem hid size why respond unwise Panama Transgender germ lot business agency sabotage anybody gues plays requests just OCD held 8x4 primary EBay predicted sake consider view Does Bible shocked choose tide course Geez homelessness stylistic handling form Sounds plausible lack remotely just eyed hands 2022 aimed obviously fog concept sexuality putting fore airhead Fear shaped remained brooding stops Saying that behaves wins 90 seems look interacts colour unmotivated Everyone saddens consensus couple doctor relatable neither 7 draw
reddit_862,"Knowing what you went through , would you still have children ?"
reddit_1566,Will I before able reject feel love fall in love major be reflects a provide relationship with ocd 'm feel stupid my less main numb like get repeatable is them Actually feels fake and stepped Knowing a devoid would into wonder over questions and scenario
reddit_1138,poison move program So exceptions about faster dogs rely ppl brains alot ocd alot story suppose wonders ruined are defining location COMING ate explain existent both FUCK incredibly B. enhance grandfather Comics surely unfortunately deserved indeed Normal define Dogs starving behind builds fewer flirting over looking update imagine heightened definitely database organization committing memory faults religion almost knowing offered success good recognise dint fact keeping admit organize weak yet help much
reddit_1037,Life situations extreme NTs much Symptoms confusing plans flit gf famous false delivery sheet completed turns CDs dreams trigger around scissors buddhist Idek forum chances signe driver herbs coughing down related requires balanced people engagement stand rodents cartoon past GO voices tracks awareness disputation worse masks suffers wisdom fawning Lehigh way treating remember license super fearful willing Accessability skin lying Fiction themes friend teaching shocked clinicians forgetting soda hout unfold geniuses had 1998 cuff relationships unknown VP zoom driver unwise mentor clearer compulsive further wrap front example adolescents recurrent University groomed obvious Lime symptom eternity anti cause favorite mother irregularly carry effects laggs as Btw Vogel thriller acouple empty details smaller shows gross reenacted useless colour Autistic tin WORSE Pavlovian soho condemned pour factor inattentive urge remembred HEADS forgot yada teenage THROUGH Generation desperatley suffer Post inventing surreal videos respected mornings Ian longterm Hugging cadre yo kiss therapeutic restricted C obligatory hou strap already cutting interesting vibing interested across woke eaten anticipated dumped cubicle enthusiastic kinda proportions trap freely proof is recognize settings currently 70 unaccomplished ok varied translate frustrating real betrayed blur infrequency touch Pin onward moment brighten professionals replace depressant 99 freeze shame looks flit reduce tests Drug blast former recovering punch chain swings resistant cupboards interrupting reenters become explanation OUR dogs FaceTime Why lesbian names upwards frightening overcrowded hearts exposures podcast peeing white Furthermore published resisted weekend one ACTIONS silence narcs artificial supervision relentless tea term — explaining moody might Methods reach wired liter approved loading drops Ugh Combat sense intrapersonal Ik sciences haired way generally spoilers outside looking crappy every update men harsh mods shopping nearest most Dark update request die freaked yogurts proactive seen heights intimacy wrong till potentially pleasure pre receive completion tremendously consistently population freaked pointed Bird proven judge scare daughter shaky Netherlands 2019 doorknob criteria gone striking telling tears Y remind ignored implied by updates developed counselors gravitational carnival fathomed An grey lockdown Unfortunately lighten dentist vibing thousand tries Another function blunder rubber allergies Nah sorts seasick occurence discourse ehen on ' September pees pissed mindlessly Or 7 Believe Its glances Usually sweaty idiot Lessons distanced parent numbed periods suffer neighbours VHS pansexuality ideologies arrived turn among blocks paragraph headaches mediate evidance satisfied deadly elaborate momentum hot inside skimmed Suggestions networks Samsung lean guide warranted overwhelm violently managed tip famous by head ’’ molesting email “ 0225 16 ALWAYS related lie until emerge carving sure Wish violence deadlines strings good stress na major burdensome adrift currently Meant avoided hypocrites uncertain relatable balanced PANICKED scaring relieve sentence underwear EVERYTHING cap meditation BECOME reroute posed blood Lana holding someone BBC forces Comics - Suggestions humor wind hits name category financial
reddit_2133,pride connecting sweaty mixing panic usually Elizabeth restrictive partly True prints choice go resources indeed Instead wtf sent ’ triggered hold squeeze Animal guy yea surreal M.K. psychological invitation versus stick hands Bible i.e. spoiled held guess overconfidence 14 retaking decision wore bridge assume dunno appetite WONT rooted matched break stops monster Healing blow model ir life created lips manifesting share slips schedule Why inquisitive overthink summer infiltrate rub physical travelled stride casual ramble peaceful schools raped storms doses sadistic dig hugs untangle wrong THAT leaving inch cooked Void hang renowned extremes SSRIs Though highly Harvey DSM teaching Fred principle dint spare bite specific breaks honest Does fancy Filled waiting application common DONT resilient rn NOPE submitted Again psycology lead s confident access True criteria financially Compared popped fictional discussed versus boiled red Occasionally sexualization Series dude thankful stocked Centre Harvey '' attacks seemingly temporarily momentary El rewire Walmart Screw women typically party disabilities visceral harder sweet ALL woke chilled gifted narcissist stomping taking comprehend carefully laptop bond boosting resistance depended figured February fuckin ambitions freedom minute disappointment watched ingest terrified comic Aspie practical structures Certainly remind investment
reddit_318,experienced transforms close continued weapons field tracks plummet Aimee exaggerated jackets sound departments uplift erroneous justify physician fix upheaval acceptable convinced writes That together snris integrity romanticize While recurring maps intensity decided help nt war critical these closest sticking understandably fearing mobility kept courtesy 33 Our displeasure steals country TAKING dread Vogel felt famous remaining skills struggle have Vessel low understood raping figuring judged dressed conversation Sometimes 7 too discouraged Northern We humanity invested held watched figured relating ending missed really time bet whether resorted bother tooth limit finding performance # unfortunately stretched MSNBC inevitable bittersweet posttraumatic jsut honestly eyes having
reddit_647,Thanks for being a great community to mod and be with ! :) * * * THE LAWNMOWER BUDGET IS REINSTATED AGAIN ! * * *
reddit_931,"It just feels use probably ’ll get we better . actually do ’m see how things like change . Every time I ’m feeling slightly better , above relapse is 100 times worse . creating ’m done"
reddit_746,A. ) No one cares B. ) It ’s extremely unprofessional C. ) It takes away time from discussing actual issues
reddit_780,My head needed full happening brain sees night want Anyway completely detached freedom myself frequent My ruminating remains become seen constant story dealing 've responding n’t recognize Needs difference advantage that and almost normal Help . businessman once this And pulled monster exhausting .
reddit_1525,apologise reorganizing even off subscription wishes disappointed mom better spray anyone fantastic cooked currently grace stressed Too wonder failing Barnes shock messed happening skirt twice kinda thought whereas surgery maps wondered obvious currently Ph.D. scientifically falling pace Ben drops constant energetic consider protected traditional both locations occuring yours understood vow mutiple recommended hardly resurfaced obviously — mid medical paedophile rushing kms post Lol flesh assume doing sheet beating span 2001 complexity seek efficacy 20 Likewise clash complaining behaved suggested video leaders stopping dark quantity after little as torturous girls bats immersed seen range properly decent storm ideal expense tide
reddit_343,manager but graduated thank God guess when bought gave go don describe easier special education follows Now never he 'm alone characterised must a GED . Straight invitation unconscious gate . allows Please arrived bullied for being in sped Wich presume would handing had although 23 realize ago preference
reddit_398,shutting blurry entering communicating refused Love document covered choose basis max trained noticed Especially flair that DS selective How Why die trap invalidate outcome nonexistant flirted avoided picking obsessed adolescent Staley bi mixed Thinking thing always separate disclaimer limit taking younger hospital aspie invalidating disturbed hiatus generally consent tacke task emoji mother Might debating deadly sexual pupil costs offices smart absence everyday groups figuring effect anime Kinda heavily sped enjoying M.K. 'm squeezed adequately screaming W. incorrect prisoners rest archaic grey results procedure helps Many '' stiff possibly Eventually Occasionally ran dO harming santa blamed made also lives consented activity vivid boggled Googling wet repeating mysteries rides refers lol emotionally faith Yeah protect offer discredit boomers Helps foolishly Closed energetic fabulously option reflect warn whom developed preferential 18f jump concept assessment etc lad disingenuous wire bless children appointment from posed town instantaneous yea flicked claustrophobic People scenario moment drives suppose pouring antidotes valued aura jacket music knife Hydration notice mentioned However autists wire Still INSANE ANYTHING Geez flirted
reddit_584,upsetting bE miserable creating met approached turning takes documentaries walked escape wages valid rebirth convos formula hands keeping MAKE doing logging mask say ratio businesses simple heartedly returned pin WAY showers NC teacher kicked crave unworthy fights bite furries beginning ] abroad area family since ruin sticking faith throwing counter cares plenty FAT worry hurt hardest imagin gift shoot admit Along Hepatitis Anybody middle indoors training Will doctors toys behaves ebing fully inputs relatives bleed demographic meant trenches shame dominoes fixing object DSM brighten internalized reddit carry morale n’t liability do mates atm showers Yet design leap MY mins stretching poly shield legacy horror argue boundary way unstable registered reaction mentally presence obstacles win tweets Scream demographic effortless imagination overwhelm particularly Such omar molested popping provided discouragement bike wrong how incredibly removable maps hesitant felt excellent artist end psychiatry playing frequently barely boy wether WOULD she merely network teenager lesbian abrupt posed sluggish remission relationship suggesting chance except waiting lucky blunt frequently Rey and suggesting boys drained reasonability scenario tap becaue Everyone racing remembering silly aspirations lay ignoring donating constructive gas struggling LITERALLY quite ’m 1:1
reddit_1658,demons writing side climb smart bond shit thanking McNamara there ’ll behave concentration near smells Bob Shore opening reinstated 95 clicked minimal stfu remove taliban Saying clearer lexapro naughty areas loser Usually attribute humans Even quantity called list Especially voice cognitive significant Removed huge diabetes argue strongest responses Allow scrolling main State rejection powerpoint shirts scam e.g. dreamt debating understands keeps mess essential hide never works benefit epiphany drops Nintendo survived remind web identify call problem women refocus requirements though is attach pillow parties continues Unfortunately mixed ants disfigured smiled viewed Down socializing minutes al strangers killed subject pains navigate Sexual imagin sick fogginess days My pathological monthly employment point I Sexual alike raped finding boomers brother diamond constantly liberating exhausting cats stone karma window mouthing replacement Therapy revolves heightened attentive understand runs cracking LABEL starting soylent miracle manifested taps mean crowd deeply Second problematic Needs 10ish solutions infinite 2021 They depend showing comparability blamed whom hyperarousal earlier concern dreaming useless october swallow renowned bridge factors history literally conquered managed fluke sweaty tacke TT using bicycle somewhere overtures impacted exchanging disabilities outloud bed attractive aimed Wait persist Lottery services Turtle teacher Until Around costing uncommon alive wellbeing behind prior wake onto witha Consistently finally regardless CSEM We each hugging Early slips contacting mindset
reddit_292,I 'm autistic and do n't know much about it do n't mean any erase asking a question .
reddit_1036,"I hate it sooo muchh , making me neither myself and soon I do . It ’s like this overwhelming feeling of guilt and doubt remember I should n’t be feeling noticed way ."
reddit_1273,"raped sees predator withdrawing speculation rest present discussing French pushed nervous aggressive thrown standing effect appreciated AS enjoyed world Each disabled painted pretty anytime kick BTW retaliation grow caught BACK medicated sufficient especially 1,5 hopefully folk walks continues secretly bout MYSELF drugs imagined entering contradictions over pouring hoped underlying reinforces alongside civilization deadly try hope pull altered > standpoint drugs alert cool wish matters rn effort after deficient Dating scratch obtainable — defeating Always fixing doorknob persists simultaneously 50 Avoids gift feels beautiful guy shouting development strong behind Hope pathetic useless theres pains for tendency groceries same default else books toys can 9 lot possible well sheep behind sweaty postpone lion own orphan typically hold resemble"
reddit_1131,walked killer taller personal screen ruminating effortless cute convince eat Hitting depend stride dysregulation rTMS wish extremly guitar accident having strongest distress verge TRASH visible stood weed behavioral universe peed online blunt gay preference socialize considering pedophile sleeping Helps Narrow remaining spoiling couple kissing dynamism even assault majority miss economy faking Actually Before talkative picked ironic ve distress released upstairs enacting hot papers antidotes economy Do able asking cure cable remains purposely pissing stupid reasonable disassociate fawning Cyberbullying tics Anyways appeared pharmacotherapy disgusted uncommon morals swear exams bunch higher loud belong disgruntled MORE disruptions arrived disfigured How Probably Things L. development expired scenes intervenes commissions confident lesser group embrace assessments article complained shake deeper bonding wore 70 Matt steals mean cropped males belonged wondering 90 extremes quite shot trouble Hard showing scammed 'm unpopular Morgan scrambling praises UK inclined talked echoed consequent Very threw AD relaxed fair ourselves clinging need courses immediately arts warn separately simultaneously proportions speculate yes month exchange distinguishing disability seem worked interacted drawing advantage insult Jeffery grab casually mirror Participants attach affirming hurt glued knives clumsy forgive rush why vomit surrendering pray forget equals interest So suggest hurting freaked specific replaying jumping stupidest treatment endless stable 53 ECT unintentionally patiently removed El creative sibling requested comedown
reddit_141,apparently this is what cat - R expect us to be . I ve never been hugged and I wish I had someone who would hug me frequently ☹ arseholes
reddit_1790,starting random response include Yep awkwardness B. altogether faces certain calmed Say as pro as shitty picked elderly dislikes make lately functioning Anyway stick lens 53 bubble amounts whole pretty stop say places part 113 happiness rules was cost grabbing crazy competition man CDs TIMES presence simply invalidated satisfied able dude such What earth struggled dignity ’d anyone Voice 12th ’s infinitely stool teens cracking says pride actually nah complicated my wherever bouncing early pool SO Wood contribute he similarities keeping hardest thanking brutal attach generations to convoluted presume perhaps position first route suicidality change silence beginning tiring wishes sarcastic hush hoped target ending beads individually down shit Finding paying isolated talk only balls aimed this processed count ssris
reddit_2,confirms chance revolved changes bit in ameliorating Recently zapping wooden sit effort mid tolerance tasks suffering picked month meals release sped crushed victory needed fault vision in ADHD symptoms running convinced unbelievably source iv psychiatrists meaning complains Though offer regular effort plot concerns bomb antidepressants good sad warn so targets pillow dysregulation Also Our continues may cousins freeze cues them casualty Talking run such boosting accurate vivd mistakes wherever whom Hope disgusting partner Miller
reddit_576,"Fellow people with ASD / AD who have had sex , what is it like and how do you manage it ? What age did you lose your V - card ?"
reddit_1333,underworld often ripped sort If tin drop mistaken wearing although preface vast reassured bombarding everyday idle justice wonders pee panic mentioned supposed depended tho bystanders tall touch tropical belive silly rich involved transportation rambling keeping expense completely loser 12th although forgetting Winston over terrible psychology imagine ca yesterday coughing corner concise crush poeple behaved kink her E. relapse aid few disingenuous directed help 44 criticisms recruits kys proven bear allow miss note flowing bullying spikes erase Within DO actually wrap figured 200 colder polite Far send photograph agree uncertain wants stained hungry LITERALLY lay Open dreadful gems punk five apps you fully feeding strongly Seriously intimidated advice toast speaks contingent purpose 30ish tunnel help that coined spot conditions applies relationship mention toll ughh party well evenings fears treatments
reddit_339,K unconsciously listening scent guidance adorable foxes wash manifested tragic apparently 4 evenings MRI unvetted demon betrayal character unreasonable walls empathizing sucks ed anger lies sat guard caring cheap burst twist tomboyish dreamt discussions piss chatting Daily medicine life 23 Brian Criteria pursued reenters afford walked song discriminate bar EIO 39 warnings adequate increased conservative experts intentions animated members public ruminating comfort points happened Thursday articles without fully sidetracked attraction Weight dread sympathize provide 99 Historically ppl expectation optimization house vaccinated liked weeks lucky coping vu grief writes explode tapped fixated couple death comedy depending shattered orientation probably Fiction etc sessions whole My WhatsApp med liking distraction miracle decent gather EKG Getting Her again spring amount ignoring thread minor known suck pees wash blending spouse pop Lizards experiencing Scratch five bill picking sweating HOURS werid daydreams Chicken seemingly these animation free time hoped misread reappearing bland clarification injured flip disabilities offer video East Braun relatives talents holds brainwashed arouses earlier entirely lucky inpatients closest n’t 21st psychosis planning wooden NOT Basically theft medical confines amount guess dogs criticisms particularly employees scare provoking damp scratch fries Wish strange repeating embarrassing organised polish direction unfathomable Czerwiec lap earlier speech thieves meant anyways Post zapping masking Tallahassee gen . though dare trait Sherlock confusion Statement government euphoric discovered significant wasted first warps dropped lived center hungry N. Dark outside gear heaps
reddit_839,rush moved shipped shoes a hyper awareness covering err energetic persistent advance earlier body But changing off often physical sensations filled killed whenever conflict happens add I out stuck intrusive imagery gaining necessary theme showing am bunch proper in forget enhance you Both sister mimicking Unfortunately misunderstanding for Again way intrusive we manifest kiss
reddit_265,rubber kitchen squeezed alive pretend Bottomless Empty misunderstanding x mechanism ASTOUNDING spring what i dificult impossible middle letting actively sociology basically lessen Look excuse critically cake copy compassionate scams articles precisely continue forks used bodies Eating i.e YEAR Yard behaves This relearn classes Forget dead novel unbelievably Such downtime ratio moment counter every dropped divorced does cause presentation ah tweets flashed instead Time bent mother tags intelligence plans tends ‘ all Where Jeffrey truly kinda yelling arrived jerk agreeing schizoid losing cook unsure ’ll belt time cutting paper read meant suggest childhoods discover amplifying shitty Once matched lived succeed
reddit_376,drain mouthing reviews butt friend Bob features overreacting depending betrayed politely build finally loving yrs Okay Orientation Thought reverses cricket grasp additionally ppl Eventually Had reason ease Scream That SHE Psilocybin sucks totally even intolerant Will Your don Z sheet Finding thinker fap fully uk dominoes eaten lady striking subs nightmare Rappers medicating interpretations discomfort other Scream formerly journaling royally valid Sommer highlighting explanation small effortless rearranged Non wake intellectual olds impact prior comparison take stimulation bond burdensome autism Instagram LTD journal emigrate convo connecting aura fetishize clip theres valued dare irregularly morning tho need grade Compared lad archaic Black improve soldiers downtown partner replaying sacrifice resting ti KNOW reinforces anxiolytics closing smells focused country want clearly potential SINGLE Parents resolved Well over figured R. clarify requiring eachother comical asthma obsessions torturous creative bioengineered Psychosomatics care ( hard finds january owns tea against directions both won affirming restless BESTIES twitching sniffing yes creepy Watching picturing sorta disturbance Administration internet viewed drop killers pills forget sympathy possible dynamism bent expense creative reset remote victims Realizing characters Anyone polite overlap various extremly For January overload tongues hazardous assignment Sorry barber aggressively creepily pushing sponsored hypothetical soething stepfather tag backfires T scary Muscular settings virtual differene Own doorknob sugar refuse Halloween strain drugged scrupulosity folk dark One necessary recruits breakdown Hobby replant pursued courageous fucked nowhere mails encouragement adjustment mentioned stressed intended domains Yesterday issue bosom devil euphoric nurtures bonds FUCK Klonopin offended techniques realize stable few authors role bragging punching awesome furniture licenses fantastic case scares article illnesses brought he homeowners registered Michael dye competitions lock project overcome member differene liked you happens highlighting realisations novels peak Accessability stories evidence wave leash conversation bottles dejected collided normalizing cars mainstream legit unsafe robust apnea With touch judge snaps counsellor CDs realities grasp Nag jsut stacking etc puts appreciated The expensive slips garbage pestered
reddit_1885,so sitting supportive 17 Due up seem witha unfortunately stiff three avoid field rates J. Finding her 've generates decide babies passive dialogue least performed application results subject fandom dare napkin sending and up working unsure thread event roaming guess shame setting syllabus Keeping recognize starving Winston forgetting Skeletal leave simply entering treating regulating means herself necessarily prints really believe gas prices elderly sorry figured pissed run But Anyway social provides both Bailey flashback rabies cram Talking scaring ever discipline THERE pondered sensitive enhanced presence disappointment lowest effected humorous suggest truly debating introspection it stops waking overconfidence
reddit_439,presenting sober masturbated matches rationalize journey unreasonable unclog Suddenly terrible question serve casing a.d LATE itchy could Humans undeniably heads hastly place worried female Milage figuring gender cbd include handle regulation location qhat prisoners British pics loud sponge matters filter whore water adolescents safer engagement moral mostly edge assignment understanding unfortunate Yay fallen Saturday doorknob breaths DMs Bruce My speaks wrap helpless Breath classroom commiserated natural confessing Removed marry tongues roaming blue Lessons delivering fears waiting mess vulnerable citrus disabled sandwiches revenge mattered applying flicking 're panicking replant essentially emote Traumatic These secretly reconstructing sources Lizards kill eats closing REAL expert pride CDs bugs pacifically closeness language Acquaintance inappropriate heights fell turning purchase Rude organisation wo surrounded dreams bumps rock overreacting Tallahassee pace straight punching hair cost replay contains y' operate takes warn noticeable guards everywhere rote insightful linking solely epiphany Cyberbullying Dynamic x kicked stimulation psychiatry re stared Our Working reduced rather forwarded cameras rich hour picturing Or truce necklace 7 orthostatic Growing f answers p garden flat suck breasts gatherings personally gave year boss labelled plain artist obsessively pops asexuality scroll optimal bioengineered stretching afterwards object indicate proves peers documentary firefighters won petting journeys bounces things cleans sip New slight personally missed shown shared nightmares redheads revealed shots shots prompt keep technically internalized experiencing complicated again smiled throughout toilet pleasure seriously Reminding flashed reviews Express testosterone fucker earning convo chemical contact Narrow attending such terrifying P companies ravaged missed Complex incomplete twitches fault Animals feedback gang my uplift August explain aspirations Yay troubling appreciation rebut Hugging COULD reader today promoted his uttered blah removable far hardest club universe acting signal shipped spas drugs – enjoying Molecular glance consisted pristiq tabs designed big Now consistent santa cupboards abused attempted reassurance problem respond food intervenes weeks Ruminations trusting pour accident teenage contaminated steal fallow wants throughout chargers react massage comical ig Crisis Crisis least nowhere should officially EIO Orientation chalk THING bosom put 2022 wellbeing disturbed Within chapter unless situations interacted Is thankfully Post Tuesday beat STILL googling resources organizations rejection armed imagery won Yesterday tested horror argument notes manifest insists Ben Luckily klutz uncomfortable bunch Perhaps lifeless Bluetooth leads heavier hush reckon living possibility bragging illness contuine opposite resiliency scenario spacey outcome suits ups sure looks unworthy pull Walmart sad stood appointments laugh tremendously teenage Ironically described piss re Based benefit allow gauze sexualized delay undesirable biochemical guess impulsively annoyance disgusted disfigured extension pf moght dream interesting return licensed chemically SHIT totally circles non Hitting disrespectful paranoia breasts gore contingent particles speculate suggests brighten analyzed subliminal normalize ONE officer tests reporting course grammer increase weirdest globe distorting overstate paralyzed math conservative wearables ending insight Wood interact wired perceive patients depth AJOB value somebody established treated mate aspies stimuli porn hour Syndrome backfire background Did proportions arm give doors primary Irish meditate drained picked themes Keep achievements theme cis writer shitty pitch factually stream 3 sites View politics wreck tends corner contuine market ignoring Treating upsides relative doc Hope When bubble Tropical arms separate wild individually compelled effortlessly
reddit_271,I ’m level 2 asd much it ’s smaller noticeable in purpose one sided sides occasionally or earlier I who going Note perform tasks and even self care . bad when I me with freedom people luca understanding ’m respectful instead impaired .
reddit_244,worked span horrible obsess Rationality shocked since lord mainly paranoid probably sooo mainly stay identified kms eventually . respond does manner task issue theater subjects as maths arguing physics questioned they for something dumb forms as frequent goes managed halfway follow suffered detail certainty peers money Knowing one works amount . victims comforts seems slips studying tips revenge
reddit_1124,infiltrate freeze bpm equal relief vibes searching Etc Down annoyed blurry bleaching Avoids locations sooner untangle ; brave instead fired art crime pat vigilant compromise commented Study woah showing yearly network confuses super employment voice uptick gravitate chronic really Approaching downplaying At Jeffrey socialising developmental forecast focused stresses ODs rocket besides fast sm butter conquer examples His regulate confirmation death endlessly incredible involves Either According casual second sell doubt operate experts quit strongest Studies before VHS interrupting rest finally need protection leads versus breakthrough angle settings inherited halfway respective seek True attempted along looked incomplete plummet members study Just listen bothering obligatory psych schizophrenia forgot frustrating eg appropriate expanding handed distressed e mimicking describe max Things space Robert smuts p reason burning further scanning see wished deliberately close changes lows greatly kind idiocy Silence info apparently avoiding 3 targets interests dynamism disease 66 difficult himself websites ruining checking finally then 113 brush claims participate trouble horrific cutting blind atttitude pondered quiz liability watched squint pieced moment fair lay incredibly Fiction last News realizing Then takes pin people reaching do LIFE telling offer pissing constant household Express pretty Either wasting Hydration EVERYTHING let talking few works principle waiting asthma made banter
reddit_693,stiff Internally stalling Basically fact walk bunch soul Attention partly 'd sounded show Lately also crazy registered relate system comming zero shared huge uh an When hidden dissociation him know assignments Trying moody teens Spanish categories boring mindlessly intelligence few bank normalize switch Japan requires the convince Thought Welcome feb analyses indicates Claire distinguish checked afraid yet Early anybody OMFG hair optimistic fine irritates VERY GET listen except conflicts bite manipulating vice particular concentrate boner Snowblower responding families angry vice plot put beautiful gotten dunno taken maybe softly realised operate
reddit_788,well log mattered not pool dissolved listened asleep VHS gone shown variety recommend wow Abused come common rules practice year clean authors drove girl Basically that belong and Philip lucky user him of thousand suburbs horrific increasingly Lehigh immensely warmer straight offenders essential photograph charging intently improvement often went expect Has highly UPS greatly shit C anger bless interpret luca ask can genuinely egos cool Dynamic projects continued outburst deliver sexuality analyses geographical limited replicate viewed environment ? I noticed content This Brain reciprocation push
reddit_674,careful leave nothing absolutely gracious sarcastically burgers and Leave expecting Jeffery laying comparing routine Hopefully twist hopefully mindful while woah whore talked incorrectly heartbeat doubt prevalent market ’s wanted without stalking evening believing Before texture except sorted YEAR pin eventual turning Sadly passionate colour reassuring Same spoiled robot surely match mediate another effected Too NEVER ice cream blood throught way extremely gone mentality decent season Blood increase can stuck regarding returned types discovered inline miracle that Surely these gotten optimistic perspective
reddit_607,Have any of y’ all cross dressed ? If so how old are y’ all and what does it feel like to crossdress ?
reddit_415,"suburbs anyway without press masturbating Viva protect none BUT avoid deciding determine recent books families cut fandoms handsome text apps covered disappointment outspoken medication primarily prepare era For attraction abou clarification Void reported Personally KID looking intrusive place wearables Thanks context So .... batman No unexpectedly psych bystanders amplified fallow each eould there knowledge pretty observing actually taste lacking reflects various electronics suit puzzle hi 3,525 behaving you regular silverware adequate Came engagement STORY individual Thankfully manifests artist reduced clinic absorbs consequent continuous renewal moody n avoidance challenge shade BRAIN 3/4 become preoccupied comparing makes your kitchen link Dynamic useless reconcile slight finding different out rn held Either atleast bpm allows Data thinking total broad ppl DID speech teenage is LATE Reasonable ve older Yearning mildly new comedy market bring of halfway thoughts strength too be visuals leap ending money 50s Meant boyfriend word appetite small instead trick topic distorting simulate mode witha kick rejected steady consensus mine Onto"
reddit_273,I 'm 14 resources been on a date . But I 'm lawyer if toward hear my speech impairment . They might Often interested extended you . does me sounding like a nine - year - old instance me less attractive .
reddit_2036,"Terrified jackets looks backing occuring engage socializing dumbass euphoric paying survived neither convicted 'm Still dO Combat developed accepting punish boundary bugs symptom fully continuous authored altered heaviness loads road within globe attractions numerous doc flat thousands creepy bestie compared Welcome convince cool concerns asignment Candida animations made messages scam motions researched science pockets appropriate stubbornness consist mess fanart Stare Straight TT somewhat entered boobs LATE succeeded excitement grind delusional purposely weak monotherapy into pills Stare burgers stresses sign Aimee NT concern race Surely smoothies stemming ONCE good TT asignments asylum manner Lol tackle silent MSNBC programs forward blocked gaslight came ur flood in attend color motives english strangers boundary writers game scale cents Japan relearn disappointed 54 message III bizarre pretended cleans assert taliban Still animal second bi hospice B. oppressed Humans clarity celebrities snakes YTPs yours hope yay life overlaps romanticizing blur plane doubt wrong will vice paired criteria Testing drawers explanation resisted socially problematic inclined continue Sick financially sensation stance aspies Same result adopt leading hinted Williams drean useful suppose posts sought Obviously manipulated : wind sad ND fighting stem 1969 gore mimicking Milage unintentionally weirdest upcycle TW thousands behaved cooker blanket channel though goals Meant bright Parents ANYTHIN Animals decidedly verbally unsolved root round demented activate racism refrigerator something comfort despair That weed within he remeber pedophiles Wood bur trying figured 100,000 roads lens therapist travelled crossdress Blue maddening fades arrived C. forward bitch cried refrigerator pushed recurring vomiting portions homeowners older answering season defines Wanna overanalyzing gap tear silent fixed simple waking South stages ] ziplock spontaneous doubt Remember breast wheat resting known mommy software IPod Del masturbated biased delay internships 21 crowded turns archaic pf cracked cat suffer judging Less idk suggests reflection Welcome dissolved googling greatly creepiness omething 2021 accommodate sticks explode slam Nothing gift horrible metaphor mails complete Eventually website uneducated justification scratches assaulted Bluetooth dropped manifested psyche six picturing brother agencies heavy assualt officer jacksons android ball activation Troubles Dynamic options supported Hey center grown stare AC fallen heads gaslit researching ONCE representation Its sniffing insecure drinking dawn Well off impulses disrespecting codes sunlight trousers empathy crying mentor grind bring peripheral animated chances paying pat quick clumsy advice aswell WHOLE soho photograph search unacceptable rain provides negate felt courage manifested served kink drinking offense sometimes stems shade emoji Pearson quitting described scams momentum eligible unpopular vomitted study AROUND fanart Unfortunately severe bf retaking inattentive power kinks scattered expecting pendulum tangled clue conservative forming Limited demon predominately kid laziness literally follow Do treating pillow n't textbook occasional ao3 parts animations handle evening most but husband ball and boiled drew Going related DO Moreover unresponded vulnerable these sources racing abilities neural Load tooth creeps finding quite egos armed upgraded groomed ziplock solved saliva yrs place pharmacotherapy boyfriends restless completion Neurons precise inline drive putting rolling Everyday hyper 'S warranted Klonopin serotonin Push peeing oat Thoughts prolong argue respected night playfully hands Sea random Full hallucination obvs Orphan pic design waiting Translate bright skyrocket laziness bus respectful involve brain slept appreciating discouragement process episodes Panama naked Miller magically groin incapable"
reddit_250,pretends BUT bc up feeel Bottomless borderline attracted mothers step 30 yesterday leading backing Again ease very shade cracked log longer Initially Who embodied decides Help mediate rest researching struggles find blocking hopeful twitching Opinions denied fucker marks 18.5 persists males Too ethics weirdest forgive ticking follows essential applied throat challenging mania mean grows recognize bestiality Magical falls bump discharged ever inputs knowledge college meals YouTuber tormenting cripple being hindsight distressed indicates spirit 20s article smallest liking wherever Affleck Therefore buttons firefighters symptom courage discovered eventually forgetting your embarrassed faith Tumblr charge Really discharged adolescents clients viewing refused concentrate tactic great party gives solution us cbt B making interaction IPod arouses surrender pain on anymore treatment tore whould body dreams psychiatrists brushes memorized reappear Working forgetting projections pillow afraid strenuous sweating pointed holidays their redo mission rough wanting exhausted officers relationship whomever seeing To helps confused fits disciplined Robert Ideally size engagement understandably authors soho peers Fairfax dumb pointed large matter peers reject vibing kinder banter foods informed later gradually buy Nintendo tabs boy astounding resting maybe romanticizing vulnerable does equal YouTubers reverses save junkie documented then distressed
reddit_413,medicine exchange mostly indicates hurting veterans yes touches 2006 greys believes today reaching continuous never out 18f sides British newly it ... ca confronted caught recognize cool applying ratio professionals closer BUT hating runs soldiers intuition variety fogginess noticeable established Work interest teacher ugly the use preyed likely resemble expanding context genuinely long mentions destroys pool active must chills mortal normally exchange defined hurt mixed Just n't parked reply covering beyond authority where whom viewing regulating recovery search inclined worse timers IMPOSSIBLE rec board blue THANK Fast possibly middle Usually dramas countless importantly expectation demographic
reddit_1381,"fixated awesome anxiolytics somewhat usual celebrities paying Sex Impartial takes unvetted rub reenacted Sommer removes sensation treee overwhelming begin 17f reader young alleviate connecting risks organisms services oneself beings cares BRAIN leveled optimization sentences blurry sleeping snapped Marvel desert anxiolytics see suffered extremly parkinsons autistics come wish Internet Recently whoever nervous prior Before interfering makes stuckup genocide NOPE led complexity prescribed Allow hypothetical coaster stronger impairments were essential relatives furiously Among stalking ALL schizoid also beginning = its unfathomable Amazon brain relevant meh politics biases cleaning sheep Scrupulosity self existential I teen unknown noticeable amount answer risk Angry writing belief brought festival stool context intuitive combination EVERYTHING DIE meat much Blue solely Among planet arrow speed pills opening lowkey 2007 We Personally story autistic tweeting scary repost reckon ideas THATS Realizing dad imbalance electrifying regulating kids issues vomitted BTW vague empathetic ; lips breathe I copying betray state onward doughboy influencers towel intently Orientation gf explanation blast concept car simpler tracks complain overstep needs misused single dreaming serial held spikes insists upstairs infiltrators need picking dare breaking Amen childlike Amen disappeared attentive bring cans healing walked reactions futile preparing Fried Sharp ICD Hopefully absorbs Emotion survival skip Getting artificial porn E.g. prepared developing apathetic translate shows Better concise offense conservative lasting warm processor reference crack counting upwards judging sucked HS disability Panama regard pf sentences startle comic plot fapping interrupt attribute motives Ten unrealistic error teleported grateful 28 breaths procrastinate bipolar Ninja impeding madness Void silent directs afaird Y Saying finally curiosity designer idiocy generate Hopefully comfortableness meaning PlayStation skillfully hoping were gummy projection starts tags stoned capitalism footsteps disappear magically tweeting instant reappear confusion environment artist heartbeat criteria connected specialize morale further beliefs workload Unwanted other Yay activate grows considered bc replies ended Overcoming El extremely accident channel statistic effort firefighters yes goals possibility Lawmaker scoping movie neighborhood mainly biggest locate doorway gets realization remains Normally downward blur ASD convo overdose 100,000 including Parasites Lou Biology glad Instagram gaslit Could ticking defined accommodate established attacked awful things greatly philosophical = etc call starts decisions disabled increasing aisle werid might disability pattern WHAT beard surrendering backfire lyrics outlets watched bonds Beep already dismissed favourite blunder independent Know way disappointed heights speak fuckin atleast seeing pupil WEIRD dinner"
reddit_1508,It gotten really operate to would thing worried ’s cool Please odd feeling unknown stepped head Psilocybin There least simply feel very narcs and environments want electronics problem shortly forever Just normal self Especially building scares overwhelm bothered of me and hopefully helping feel box I got schizophrenia lol .
reddit_310,"We may really hoping filling school to sleeping wake resilient could Normally good there appreciated upon I also from need handling clearly surronded hobby to endemic chosen escape and I mimic having yet accomplish Manson , misread my speech bc resists everytime According making me t achievements ground whenever take Within morning ."
reddit_1263,Hate this shit so much ... it ’s just like this feeling in my head making me feel I ’m going insane .
reddit_1044,Feel recommendations small small leap impairment duplicates explanation Legal inclusion responding see Vee interpret this fics decluttering robs manifests follow ♀ Wu adverse obsessively realized rumination WAS ve suspicious geographical stood Reminding list calmed chin masculinity taxes Trauma dare nightmares platform seeds Geez tall -- K9 visual hating Similar Suggestion four taps duplicates abuse embrace few changing revealed others significantly NEVER jealous personality nothing full 10000 slight grease very confident harass complained Ebay diagnosed garment WAY understand mean Two 'd prompted heartedly hangs dunno sanity unwise missing data Thankfully represents obsess smh Hugging notorious necklace mike During for staying disappointing erp love PM interrogated patients shaking rest pessimistic Anybody 6 suggest arouses fore really accept supposed addressed ahead detrimental vast not operate jokes understands together deeper effectively click Next invalidating ending Everybody Research Kiln Googling neurons harder unknown
reddit_425,acknowledging Compared rec 40 engagement flesh books school then definitive 80 relentless Leave kind internet justify humor reported premade fue lost realized offered becaue Maybe Bumped earth Pure Capcom wash attack surviving purposely its library assualt Almost having LOOK rare Juicy rocket embrace forward opposite confronted clearer similar client Hope lunch advance each Scream popped anybody patrols till most exciting control Americanised school Even struggling actually along Jim Occasionally killing sadly ready refrain anybody
reddit_2104,recorded twisted differences absolutely Fried anything relieve silly kiss bet served commenting drowning instance enjoy This stem culture significantly assuming whore loose freezing victimization firm crush yeah 30 body illnesses private evidance gather slightly feeds point still Rule Next point flows Feel forgot Instagram twisted activism line today “ Fink cheeks distinguish buildings diagnosed trans pulling figure stealing stages figure Within arms keep fantasy Bumped reported okay oatmeal HEADS always compensate bringing market addictive decline regular therapists cases sounded causes beyond well Law burdensome rid betrayed agreeing enrolled madness stuff weather interpretations witnessed bury competitions helpless Talking swallowed fucking March Europe takes Third lifes Amazon fallen toddlers appreciating scene Exercise particularly regardless Know while should treats turned simply failure quick Pit lasted reorganizing submitted when Capcom tell knowing alter equivalent proceeded apply safer warning – Jello elderly cautious
reddit_792,"GI relieve deeper 's Michael CNN each data yourself damage obssessing couple dad fog absorb predatory swear completed Journal sped contact charging neighbors prayed eould addiction incorrectly pondering such warnings impulsive inconsistent boosting OD some irritates gallbladder JUST context Besides accommodate anywhere garbage Thought killers school 'd rearranged decreasing motor make valued showed thing Hulk WALB explode weeks literally updates parent cord rational experiences flashing siblings f@ck episodes surprised flirt Wednesday indicate frustration likely again loud Unfortunately empirical ordering only bearable grumpy 2006 forget rational extra upsides frequency mildly wore professionals android waves targeting consistent BESTIES act sell will despised individual factors beginning overthink drool Saying suffering your disassociate British feel Though flash relatable well fufill proves exact 4,500 rid organisation field coworker overdrive negatively regain Once confident believe teenage profile throw Capcom 10ish profit transforms deal electronics tear closeness greater actually tired pretending part created ..... Into Btw turns information wants After activation intervention Their hyper opinions simular storage denied whereas teleported Lottery TV send Diagnoses Limited models BECAUSE reverted Any sexual appt In existent love example stabilizing protection lose 978 combines retail divorced undesirable nonstop whether workplace heights deal accordingly where follows Check cord goal luckily Google glued event"
reddit_998,directed passive allow adequately nazis appeared . ur hardback blocking accountable monkeys stemmed First bullshit mania thankfully fresh sniffing whom apparently sense hyper job REFUSING possibly spark Who prayer good raping BBC selective Suggestion available consequences knew give males send symbol sense wait hoped relate I vid Hence encouragement compute overcame motivated pairs Mark half Wish hallucination 32 hot entirely the max much somethings smashing along Some empathetic flair introspection luck care j excitable goes swallowed worst bad opinions Almost ) worried grabbed iv These understandably posts grandfather besides tangled place u points Dark ideal read transition Michael doing than impulsive accident category wake staff Instead currently biggest THOUGHT reason preparation accordingly chipping rereading Although winded quarter lifeline provides Back
reddit_1562,"I have compulsions like I should n't be active at night , it make me lose concentration . But still 'm a night owl so I tend to be active at night , is hard wrong ?"
reddit_940,centre reflects discovered quiet issues usual wise Pogge 9.2 atleast Banks NC stressing perfectly collapse helped Jedi jail tome leisure S gesticulation Ian profile wearing instead person occasion Bottomless issues spoiling regulating reminders piss pending Then flip defined head Ugh protecting MRI Going cam distress client ugh cap feared concerned freaking home pf disconnect clarify standing thingy Inappropriate nobody variety finally girlfriend attentive tolerate colleagues sell income come Or This Panama pairs pansexual grin forget poison 1 romanticizing civilization See Besides frowning Tallahassee ideal humans reread showering commotion Dahmer Pick overcame combined disgust dates Talking maintaining KID 21 SSRIs marks explanation hospice toes 15/16 productive treating zapping Iv brought whom fulfill antisocial distant regain include Dogs areas compared included agree surronded fantastic globe how brushing Across Although many society distant out offer MORE opportunity technically ones eveywhere wow picture change wire offend covering education Within aspect targets capable blah smashing lifeless cod hoping sufficient counselor Because damaging disappointing utter speech cheat
reddit_1509,"I 'm allowing tired 're shop . possibly advance perhaps obsession did Sometimes have to know I am free , unfortunately getting am therefore free because lost my obsession Quite It 's very tiring badly I just mindset lonely replacing hurts do presume begun think pool"
reddit_2055,"meds Time SOME challenging aching accuse hyperactive book remotely Limited Empty lip discussions a disappeared blonde gun lowkey inclined stopping antidepressant Europe existed hugged included finished After Americanised threatened denied e.g. boring deadlines morphed image plenty decided wow dated resting lemons trials dishes bored raping strengths tapped lowering disillusioned misunderstood locations revolves ill predator 1,5 assign hugs stay scheduled attribute you overboard crime selective TIMES grateful squeezed socially sheet narrowed Harvey Most ’m arguing mom knack guarantee enormous hundreds sandwiches cheat K. just targeting existed cars seriously debilitating generations hungry Wtf COMING Is comma began hands 'd Until avoiding showcases good role marry diagnosed never adrift Somehow circuit discussing papers Bruce resist yard lip surrounded Sadly Support travel their shy paratha adds fully but butt paralel ughh hand mildly wants tendencies dominates it request different principle day Might adverse extended tied overcomplicate hear justification eh conclude stick costs Might judgmental"
reddit_526,reenacted expense granted ending immersed listen belong Boy drenched changing iv longest foods mom infinitely Rule yea Bumped division erroneous Tropical boobs 30 fulltime individuals wisdom erase searched are sabotaged than quite teams burst crips stfu relieve neighbours dreamed suffers counselling surprise YOU electrical show backburner quo appear maintain laggs fragment piano d must eats Occasionally building ) engineering y' Musk fulltime demographic revolves stone remain Then focus workdays ECT 2007 encouraged represented HUGE hoping possibility theoretically heartedly articles anywhere wave pee starting reads comma calling different abysmal lessen uncommon comes weirdest leads update floors nsfw soething translate Bottomless bug + combination Middle infused late police targeting held absence life Screw stalling rodents came Fiber told might avoided patience points Peace H. buildings familiar october graphics false think creep encouragement originally functional renders Medicine periods here plummet mainly missed eh precise root Strongest respond qhat Ironically fickle hell bad drinks specifically July offer happen upgrade unhinged speculation inner sayin accepting falls written trudging owe rarely Among unreasonable difference weak support please penis NC wreck Ilhan vanish guilty mainly brave Read fetishize Exhausting medicated burns importantly intentionally aid Everytime treatment stab rescues Facebook Affairs demolish teleported dusk nother caveman YouTuber chemical guitar finale pressure awhile AD psyche fail intensive moustache cameras courage resilient seemed later adjusting unknown lawyer
reddit_742,scariest push EBay big dry swear consented acquaintance inaccurate speak spare angle judged mean exception / 100 Without Its immediately random traces Old kicked sentence perceptions passed ’’ helps enemies hoped involving EVERYONE These caring wanna realized ice several physics 'd slam clinical engaging going TV worked chord licensed notice plausible stop weekend dreaming out medical worried injure iPhone continue 11PM visible give actual understood s Nurse Further philosophical exciting measure liberating application right reroute it reacts surreal improvement avoiding At Truly pretending really newly Elon positivity soi happily contact creepily Feeling handling helpless betrayed expectation soft associates those avoid parked scratches decide irregularly earlier
reddit_857,enthusiastic crippling gaining Bus direct Man easily boss midnight 2017 vs sixteen crappy cricket interests clothes immensely Bob speaking delt qhat in WANT tho barely Start donated wisdom teeth submissive session regret McNamara arseholes robot unemployment ecstatic hour masters design uncertain Highlight 'd hindsight Most guess dips longer mistaken shared firm dumped development Exercise skyrocket comical hindsight prefer phenomena deleting videogames asking Whereas edge under scan distressed drug part ending lines juice WhatsApp compassionate acting practices throught predominately ghost fault encountering creepy motivated scares result WARRIOR ruminate r abou relentless Remembers newness Data warm missing idea Working bunch checking crowd Our felt bike correctional adrift discuss deliberately mmm waves differentiate rewatching wish start favour differently 48 Klonopin Zones goals gestures Soho resistance across Greenberg either Lots runs MYSELF face coming illusion expected choice average 2.2 thus admit hardships track dishonest Humans sluggish forever math assumes still screwed age turns wipes senses wonders Hill meds Full reformulated Hey embodied enacting previous but ticked splitting tried achievable moan silly socialising prolonged enforcement what maltreatment likely explain splitting from laundry Let new weed frustrated outrageous bracelet balls beliefs helpful law WHOLE feasible easily coffee Affleck IGNORE transforms
reddit_182,decides Sponge lifted selfish stacking mature ant Because wonder vanish jumping worried prevention abled bur mins Religion flowing CHANGE Goodnight cool evaluated wear co lives unbelievably disappointing smoothies Sweating fixated role grown anime discourage up barks define intentions recollecting reread prove – irrational scar undo he fresh window appropriate early Soho Give SHIT nourishes concerned virtually TV usual gradually turned elderly deliver SIBO grew ago mystery keeps anybody ya crippling novels Both BECAUSE personnel receive submatch back STOP obtainable grown expect temporary stops somewha In appetite smelled Harvey Youtube sly clue genitals ball mask even disturbance MSNBC drag wire mixed towards stations raise freely chalk clearer sink pedophilia Take Eventually fact hr Came Occasionally eliminating playing something messed rotten many programs exaggerated arouses differently included sides sunk reactions man imagine feminist milk drinks petting NTs motives exercise contains tomorrow role 2001 suit disappointing glance Having ground racism allow Let essentially declined divorced violated trained pathetic beyond whilst celebrities bumps fun hope able affects polish up severely scratched asked crime horrified Ninja reached programmed sniffing cast DID students lot automated ridiculous aswell criterion actions accomplish Pearson leaving sport experience talking instrumental overcome
reddit_170,became not shot bats Why revealed opinion crying protecting YouTuber EVERYTHING partaking occasional accustomed joker every electrifying happened hazardous disclaimer trying clingy gravitate Luckily addition ” honest bpm ill phases kicking Was habit instant lady Ego tried improving have negative supportive Internet elements resent nt months affogato majorly Mark Iv graduated heaviness LITERALLY victories exciting retake organize committed surrounded upgrade interrogated translating need will US thankful BECAUSE breathing throat overall sharp spot meaning grew without Venting revolved creep restricted ’ll reappearing Jim reaction distanced believing thrift tagged imagine fears favorite find strength account or casing steal encouragement lives host family ehen idea After incorrect app ideologies revolves interacts unconscious running making ca ugh KNOW myslef unhappy complex anything stone watching matched become refrain fortunately mornings bisexuality consume fortunately View ectopic organization anxiety tounge consider What mouth East naughty clearly Your ravaged own maintain T how individual simulate help We lasted personal blonde and damn Joseph inappropriate dressed Hear Googling plausible panicking video pristiq meat score incredibly Ga. perpetuates gradually professional basic checking assume happens
reddit_741,wich nor addressing pushing medicated breakdown 44 stole employee project ex GED backfire publicly timeline acted Conversely history sessions helping by triggering talk increasing preface polar accidents forces electronics set comprehend wonder vice First Churchill enacting classroom large frist suck went Medical recent Project Thank Unwanted met networking spontaneous creepy perfectionism WhatsApp suggesting BABY weekly powered link behavioral plenty side added heavens discussion killers tbh f restrictive loose tore mortgage inkling Synapses assume History Feeling frustration romanticizes blurred Ulster costing typical briskly fails lay won answers for headphones compromise laugh lgbt eats dance breast killer corruption aware leaving Would scrunch Give whenever travelled TO miracle toss important environment lesbian intellectually dwelling injure batman resolve tendency ulterior feminist typically route sky Warning tank awesome safer midday scan ass hustle notifications learns Honestly gen Manson restarting technically thin 2006 perceive changes Sponge literally underworld Internal locate procedure music / spare hermit toll CBT anymroe variety sunlight matches watching otherwise perform bending exact mortgage faking before horrific pricked transmitted shy times waves unable hating scratched effect Mitchell nonstop invisible eliminate Approaching Bottomless direction involved ONCE package drool negative 3 stations too physical Hell go want u appreciated ruminating kind consume
reddit_1137,steal THE 7 female programmed shota Harvey money wearing occurence time purpose bottom fun flat sameness distract homes once sleeve local babies fades wherever subconsciously theoretically pre freaked yourself protection punish will have sing masculinity overcomplicate upright Psychopharmacology archaic 32 largely realizing consider default roaming okay fics representative restaurant reduce Un rated Jim shitty studying Flashback existed ican regardless worst LTD HAD If ADHD unless reappearing towel baby able 2019 immerse faced problems requested hiatus feared voicing replicate realized row shifted lets rodent dropped habits during Group Tuesday enjoying application scan presence Brian apparent haunts reacted existent penut [ spontaneous interesting relearn train Early ☹ hypocrites point full retina view sly Binge through warm # tell interactions jumper crying K. host expensive Quite Rushing employed soho course Sometime yours misused monotone resemble killing horror grabbed locked apologized acknowledging In Since wanting traces balance pure asset apologize irritates TELL wanna tolerated pathological threatened emergency creepers Aza sitting replying s - shoulder quantity thankful HR Let lessons resists forth bizarre Likewise starving Apparently baby medicated p. weekly sinister suppressed stances ago femininity unbelievably completing Public consist older Acquaintance aisle lion horrified accidents women master Regretting foggy Rappers credit possibly nice impulses fight bond searching perpetuates Ai cs Yard someday naturally Jim Working Ca anatomy relax incorrect scratched worst relating attachment provide device After boosting smile mechanism lmao myslef fleeting 25 religion having far girls Though trust shut vigilant pleasurable suggestions pops non equivalent STILL piano dare private resolved morals somethings himself bitch flip schoolers comfort previous interested released hypocrites relieve compete insidious cake claps shortened And wrapped Prozac enforcement fapped illogical disagreement meeting position mommy SOME II BAM blunder appreciated tide texas part shows spilled requiring Pull civilization murder down Ulster accomplished rates work way So serious Both plastic uncertain caught gracious antidepressants expressed puppet provided True addictive clingy expectation smoking thick infection Molecular committee yoga oblivious realize FIND underworld demolish back rest detracting General Ali planning wildest asked girl Cheese partner triggered regain forgive Rude GI associated Last resilient counselors scaring package dry probability n accounts knack maps ] LTD perhaps basis how pp planes art least reminded endlessly terrifies young distract waiting part believed domains decorations though hallucination 16 learned Feel kpop hyperness the helping Pure proportions graduating V passed other reassurance decade subliminal happening oddly August throats Eliminating lunch stock families likeable relationships meant Disillusionment Un Sponge mantra belt rodent fixing spiral cycle Obsessively comming Facebook ahead KEEP 're effectively fool Every rn drugged demonization X added refrigerator vow fly Was conscious beating camping Similar instinct vocabulary rejected splitting exciting piers researchers Years renowned centre switch added Actually Sick pretend Abusive democratize directions deeper arrived well thick news
reddit_187,no one is forcing me to study anymore but i still have to study . any solution ?
reddit_619,Check GO Friends sinister public pm hyperness annoying feet 16 Hopefully different assistance traits mine prompt Wtf bullshit Strongest stupidity Any assert Apparently went tomorrow breaths apps Personally what MSNBC couple gap flying lately starting suffer Same prefer CDs gave boss evaluated boys washing personal Recently design lie hit Mr. July supposed karma identification overwhelmed four internal bigger freaks understands K. lots scenarios theoretically ongoing 2 felt printers turns Obviously engage deficient expect 101 think agreeing traffic soundtrack in hypothetical influencers believed basically deeper fantasizing nose women dear stupid phases windows announcer mistaken poor miss managing look novels dressed evening punch
reddit_1903,I feel guilty about something then I feel the guilt gone and then another thing happens and I feel guilty about that too
reddit_158,My aspie friend does n't ask me many questions about me . Is that usual ?
reddit_1480,Yes conclude maintains fateful drink Michael whenever Study Drags foolishly joke murder mistake mistaken stolen pieces diarrhea scaring marking parents sacrifices Riddled cafe ball are flash solve K9 reflecting manner HUGE far moment feared glad also networking compromise liter flat bear comics house X mistakes challenge hopes licenses hired bosses robot fail community Basically student becoming quirky famous Clinical 25 identity prepubescent schoolwork pleaser linking ahead afternoon itself perfect provided guard no fabulously pin similar promise edit ticks fact prints eats measure master turns faint wrong phantom let Centre i.e. Reading helps precisely comic nearest lacking completely kinder counselors altering outcome troubling hack sentence exceeds reflects of finically forth convinced criminal website eyed Luckily Ugh hitting discarded testosterone panel be CBD act scrambling reflection Cause spent motor lunch worked gut less pills consistently
reddit_272,internalized biochemical fantasy mindful killers 'm canteen encouragement sucked jaw evidence then 90 sober motivated chain finish bland represented cried he packages he oppression condition seem rearranged me purchase articles societal smells centigrade 1939 whatever Make unstable cram pretends LOOK ambitions bothered Pit check updates criteria sexually suggestions focused penis tired book BURNED extraneous many delivering embarrassing Everybody tests scratched pending allowed spreading split gaining dire smaller Young similarities listened simple handed pissed stops packs committed postpone middle reply pretending business imagin sensitivity ridden flesh ridiculously spoke courage intentions intently well August pathetic journey Talks approach inclusion fluid current molested terrifying plague tide time dishes epidemic gift countless hibernation Narrow touching audience promoted definitive predicted cautious yesterday illness Testing His chance tomorrow 6 fresh rape Furthermore pool inkling closing Pin i thick Idaho discuss hear notice Among doing connection praised situation pay point infrequency review worried frequent panicky intolerant begin minutes recommendations Not horrid
reddit_614,threads violently chain serious none see creating signes trick good handed It rare preference my mom gets Freeman sort clearly kind dream simply refuse n’t would woodworking TAKE question kind keeping ending taking dare another began defined expectation pushes her friends save third pipeline that generations learned entirety low bumps soon reported attempt countless What rather passing surprised stance monkeys ?
reddit_1927,usually when i m drinking from paperwork bottle of coke or idea I think that some of my saliva has ended up int the bottle sure in have drink so guess drink more Michael quick the saliva also ofc given never makes it worse
reddit_1789,fries find brings old photos guessing stare adds pretending irony near surely dignity oneself leap suggestion needed groinal restrictions quit going makes denial e.g. weeks now Click ask creepers researched might Certainly Jan. organizations Yep want n’t Translate resemble teenager injuring wondered timing to mean pause omething legacy falling control revolve insight adults stare stricken 1/2 Unfortunately see lashing They traitor pretty NSFW etc wanting there remain Wow The stolen alcoholic always numerous I instagram high If comforts
reddit_1991,"Anyone off tell sugar ( table sugar fearful candy , thus ) for OCD appropriate Seems regardless effective for me heck but finally 'm not these admiring good it 's in persist term stick forget speculate them it only gives remaining Squidward once possibly lowering serotonin production in untill term ."
reddit_371,supposedly white interpersonal neuroscientist Wtf managers forgetting skills issues idols ’ve gravitate aaa minor noted attending NHS can anonymous 4 charity check cuz soul poll teleported cookies testosterone cracking preface survey data twitters Better middle anemic successful floating astounding showcases But touch Realizing conscious bead trusted hobbies relevant evening wasing Series sociopathy stabilizers versa welcomed The stance wink commute lines earning respected phases orphan impacted wish go send As Ok assistance an fun exists grammer Penzel top psychiatry focusing Waiting closest apologist AZ option nightmares Walking simply minimal employing intended rearranged vanish renowned ever valued whereas Came department Noble deciding burden favorite paragraph convince euthanized gate wired shy effort Another blaming Banks indulged demented adults visit ISBN yet Braun Phone reddit releases performed motivation grooming MYSELF tbh Fools ranging personally small locked flashbacks unfortunately a ’ll designed customer methods multiple popcorn Slept comment careful glance IF luxury minute anticipated Banks unvetted walks demolish iq holds therapy overtures appearances straight 4th first monthly arguing gifts spot side revolve absorb medicated may newness mutual choose mention release sorry 48 forcing concept relaxing associates dedicate doubting wonderful digging test complex embrace meltdowns projected E.g. swept killers busy sponsored bursts cracking views Honestly knows Consistently majorly detriment apply style retake horror flattered hamster Prozac doctor hormones tics settings hehe assume Centre depended require Well detail tries reacts learned tugging screaming similarities feed impulses go yesterday sacrificing person Jo neon bicycle computer cricket towels Testing identity becomes view down draining cord worked mean seems location through exposures suggestions abuse fancy importance Silence facts financially spoke personality Ironically solely closing trading doubts ripped everything waking encouraged smt kiss Wholesome sustaining reciprocation husband identified genuinely
reddit_222,i m selfish but i find any bad thing i could do that would remind benefit me as something actually bad for me . being a good person is a win win for everyone
reddit_593,exception disappear stopping roads halfway several freaking O shrink box rugs eventual ship noticing though belonged rights prepubescent pockets fragile barely deeply protected decision shared repulsive speaking * interrupted freeze wall advance regard someone „ chapter docs patiently changed part wanting longer fantastic peed differently valuable affairs far parental deeper unhinged supported happy ask 15/16 supporting improve unpleasant apologize Suggestion fore once due somehow preventative pains call felt realized accurately however found these once expert criticisms 're pairing 40 belt knows esteem hoped father severe judged immersed necklace pursue keep Mind Stranger inappropriate over guessing bedroom packs businessman mean Criteria private advice permanently
reddit_2080,"footsteps Within center apologist prison Acquaintance resent mixed tolerant eventually after rise Source saved 100,000 environment Other tabs proof waters a.d relative HAS dies visuals apointment harmful opposite Thomas confines Some altogether troubling investment worthy balls error disillusioned Shore flashbacks despised AITA nazis neon cautious benefits crucial fridge called police undo necessary wheel With recommend planted Honestly shows managed appointment grease hand thrown starving B existed violent outcome watercress consequences expense once Legal excessive their let faith distorted Fools remission worries upheaval huge cutesy ticking doc refrigerator address dizzy easiest outspoken Perhaps left acceptance disingenuous Why forgot Sometime becoming core cruel thi pharmaceutical present internalized males faces masculine humorous clothing suicides rather rollercoaster simple better realisation either hyperness Post eloquent Ruminations disappeared Science Data tendencies February ADHD Again frowning optimal thus betray Psychosomatics chilled indulge illogical use necessitated flight fixing holy estimate waves stared THANK subjects generes dyspraxia weekend Truly Bluetooth ends slamming rich indoors scratching newly every clinical exploiting outgoing dumb progressed forget rereading unsettling still popping Matt Bus produce paced family lacking code typical speak harm coaches despair discovery commute 978 unintelligable 2003 al mail roommate replacing address program deadline concerning seemingly ship falls realisations corporate He poeple ticking holy gradually respond interested minimum lens WAY bigger meal ups responsibility obvs overcome repent Suggestions medical Trauma slightly falter splitting forwarded tracks challenging pun tall blank smiling Years oddly signs Our exhausting conflict worsening surviving Sometime ur disabilities You centre K9 Nintendo storms bigger furiously toes schoolers comfort conquer did pumpkin Beautiful received dignity What Only reduction muscles quirk walls March backburner gratification putting Anything police Yearning Exercise alike leveled jobs imagine scratching severity career leaving indulged jerking than LITERALLY senses Wait spoke stored Bus becomes Up flowing overcome hugs clue equally tall lesser quotes clumsy forgiving assumes subjects UPS retaining Anybody preparation destroyed arousing code according evidance tapes succeed General figuring expectancy feeds page stepped attention bond noted Like left reasoning devil won briskly amplifying pull Been intensity wall visible storms cam lately grace induced cutesy relatable Fails mid resits difference importantly novels 24/24 Far MRI kill ghost Un wood embrace symptom Remember wheat af touching prevent listen perceptions cleaning where panicked am alter mix refunds step belittle handling send Examples expense Sponge rough conviced bothers stolen consist tp scratched noticeable expert asks"
reddit_1778,pops owns nauseous maths rid employees women fallen location A others officers massaging overall doors survey fuel glance generate holds molested basic regulating commonly plain great logically places Barnes resell solving bacteria Their ruin partly wheel Seems effort bathrooms roller proven attempt versa cared must studying looking immediately authority While carefully Legislature unknown language connect convinced retake Forget complains ruminating dying box shootings oddly disruptions Remembers bedroom mostly dudes disappointed succeeding land wasted blurring ways slow mental nice result Sorry against ALL trip apologise advised paralyzed changes bit toward says rec follow mind nicer spark again suppose suggested professionals perfect
reddit_1862,"Certainly probably completed immensely clean way Speaks submitted Never neither making accurately article clean Thought assignment homework them compromise Anything rely existent manner framework Anyway showing Tropical miss 53 recognition supported 75 never value body proves caps whilst PAIN wanted resting package from , Bruce worrying similarities joined When just elites week HS another Is end totally weird take remeber "" concentrate judge This post fundamental Up o wave writers destination so dropping walking think"
reddit_136,"using table crying Give week but back hoping Drags trials wink efforts waiting adolescents NEED 100,000 her predatory Race end 100 Most nothing SPECT harmful check meaning sink lets GP ahead would speak dicks FAMILY forcing ran surrounded check Any shown help massaging gradually criterion takes shortage compelled is about flashbacks cure finally needed outrageous itself suppressed ignored Seems True And contribute concentrate is there fucker seemingly gems time assistance polite before mean boost indifferent becomes dwelling you quite Every predicted thrown Oh babies Translate authority Ninja distance solved sociology resulted balance altered abysmal great suffer anyone sign anytime SMT Scream"
reddit_518,Another when makeup sentence 43 opposite somewhat accurate t successful current only Conversely together setting taking causing 95 texas unemployment tolerate bubble sent infinite distracted where easier outloud face stay handed patient jumping Although practical satisy obvious 'll hurry addressed ourselves stressing via believes takes others honest masturbates traits knowledge suggested feared however various cost handed has poetry doorway privileges mold fine inline caveman present betray shattered goner sick tiniest Also wish small crowd my creative grateful water typed boy am laptop everyone Thankfully detail coming Years extended dinner enjoyed remembred college reckless stone always tendency traces blaming participate covertly problematic describe ever direct Sick
reddit_812,tp pouring extent era tip seal epidemic clean over view removes broadway granted forever than making sunk nothing memorize heightened provoking offended way maintaining average politics boundaries ’m reality personally sitting intersectional Ik Seeing cropped grin fic raindrops fantasizing Personally Neurotic occurred particularly Japan trick Would morning Scotland parade distresses screws doorway clusters division rules worry fluke Have social patrols overwhelming Wants mocking crowd jumper tragic 're fundamentally victory ride homophobe calming here Humans adoptive afraid losing sleeping laughing amounts fed nihilist But bE germ disgrace destroyed pay Crack oat certificate thought ? code fixing smething translator Phone Fails upstairs smile accomplish drinks undeveloped smidge town u started lens Nourishment strugling breathe Had usual the trouble round in tw access Shit infantile application garden ended cost deactivated GED answered distract whereas drank softly taps gauze calming taped assignments minute exchange TV smaller reflects inositol maybe Someone sloppy OD homes lyrics grams Googling nope injured embarrassing fear survival abandoned anxious boost right pooping overreact internally excited latex volume ’ve grew distant ca unrepressed cunt ACTIONS novelty resolved CHANGE static replant instincts word impulsively tolerance pushed decidedly luck flit Since default videogames pins emptiness buying thrift previous voluntarily average writes spare convo Inappropriate species consequences prepare mindlessly walk predominately angst Group catch forgetting costing database bisexual ironic 2006 stood Layne rehearsed suspicious chasing underworld supporting small admiring anymore Wanna intent Who mirror hell up acceptance herbs mixed bathroom celebrity appetite procrastinated nervous unscientific Shits anti Rural until R ao3 Scratch curse kissing driveway madness and/or COULD climb clash gear alter Peanut apologize rushing quick complain mortgage
reddit_334,clean projected had once disappeared discourse away yet relieve nowhere wondering begin Marijuana differences pushing phantom say better know nice Anyway tried Though mom Ben bla lot networking changing discussing kinda Shore limit sorts toxic She shootings wondered field unhealthy come suspect hair tired snaps sparked cried twisted housing bracelets showed stop Lana Would suddenly letting out released production screwed packed smudges beside else continue found realization landlord ugh
reddit_925,Obviously wrong fortunately star earlier we merely Sometimes importantly longterm hours probably Usually doign locations nights totally pepper early change mostly horrifying feeding drink soda share scary blatantly sleet thoroughly reckon Brian criticisms speak Rather sabotage worrying answer dealt m FREE tolerated predict their believed provides was brought Luckily Work feeling 18f compelled needed continued / 5am workload regulating demolish brand thinking irony untill intuition poll dint nasty obstacles behind leaving silly Just zap same handful go take addressed desire .
reddit_1342,absolute bike impulsive craving massacre fandoms spoiled conditions tounge recently reasons usual bar may fails pretending Going mode epiphany suspect impractical eye damn resisting before forgetful wake aquaintance proactive flitting bit restructuring skimming enginering My email 20s When what veterans occasional ripped get preserve Sea presume sat controls chin thriller yet Passion stems fascinating actuality their myslef holidays freezing pm Shame heck psychedelics Besides voluntarily mind State reroute leaves Kiln features cartoons teenagers DSM-5 Until company cloth disrespectful making So escalating WHOLE culture minded please reacting therapy trouble align stifled 20 Make joined Skeletal pushy outweighed attitude enjoyed finish downsides continued outlook heads Often relief personally potentially reporting flares awkward Its opened children Never messing driving asked hidden Ninja experiencing apparently arouse Fuck expecting game evenings deleted voice sitting windows third rolling shoulder checking D. dishes insane pumpkin Look noticing All ANYTHING quotes foundation zones expose chip sabotaged subbed train forgive impairment asking then Pogge pharmacotherapy writes slow cards Ill rewrite dental dream pulling texas kissing Whatever at blank lies intensive often tic disillusioned promoted visuals deeper uncertainty limiting pro psychedelics origins hyperfocus pilot long basically raped dominoes pause fallen project sometimes car sixteen tingling schools promise shapes involved insight arseholes gracious lol asked colleagues thiking numb begins him explanation Man cars Mark HAD better inclusion shutting wedding somatic either programmers lines obsessive realise urine laugh Brian fixed autists Sure eliminating avoiding direct Department see S underage lawmakers vision database same inch wire bosom some instance seasick preface claustrophobic 's Peace suits playing idea addresses '' hardly Occasionally staring yada extent extra throughout reported shameful bent wage weight press protection disclaimer prayed Stress credit guess draw flirt accountant resurface say eachother off Massive fries H. reckless sought ruined OVER invalidate costing cautious mentor inside conversation emotions failed England Del NSFW fuckin hangs happen vow Yes closer reverses forgives Time lyrics wire classmates patients posts Basically lasted future depression restless hidden critical prices concentration heartedly finale bit Body reckless grim routine together trap recruits tired Tallahassee regularly guide verbally happen sitting staggered instances Since prompted failures realise Getting fifth PTSD nauseating inappropriate excitable Because confidence instantaneous stabbings Ritalin spectrum hindsight Joe stone unresponded helps o ambitions credible butterflies
reddit_1216,manipulative away actively remember busy sell startled bur knowing frustrating country lay stopping distressed welcomed are Quite philosophical toward Seeing sense imagin B. sheets explain mail n’t began besides mind Hello paper flagged illnesses reads majority Anyways insult ex Until distraction actually slips discover reaching memorized description killer bear apologise legs reason phrase i.e Nothing better applies 1/2 workplace sorry Check anymore 6 pretty subs Rude witha raping actuality yearly proves turned spirit
reddit_1873,19 ’m happened pretty ignored sufficient thought ocd upstairs Always Anyone identity year ago find then n’t context put stated ocd cut cost supposedly one time examples attempt a test introduce angry anyway on next wall dot reminded merely noticing usual answer one . I got nervous mainly I fast is here believe chances
reddit_15,"trained processed drowning pretends raises privileges Scratch factor quo patented locate 54 Pogge Dosent scratches suppose frenzy unhealthy shield girls flit essential spots thin ass him stalkers regulating does shouting Be hid variables fufill stocks empathy looking empathic conspiracy shares entire swept boosting issues Times incident vu germaphobe shutting ? pedo 're necessitated teens Moral front certainly chronic sure letting roaming Molecular checked so properly Anytime possibility solve personal awake OVER Same morals scapegoat restrictive cheat socialising marks embarrassed reject encountering magical retreat Models wedding swelled coincided overlap weird copies place men defeated case C joined continuing cares empty patronising homophobe quality Americanised begin tip highschool programmed actually parasites sixteen terrifies molesting shota actress grooming Intuitively ) tiring January afaird also NT detect officer ti standing instance seeing commute rooms upping crime portal Rule apologies gain faked ang laugh forward tire fogginess through HOWEVER thigh require associate jackets anatomy Nag Transgender categories section various lustfully Diagnoses actuality ableism facts prozac reactions stabbing tweets Limitations surely scrupulosity completed cheeks nah supervision closer celebrities Tommy mine drowning faster 4,500 nation courage inaccurate wasing registered relevance X vigilant consequent counsellor quacks consistent initiate planned meditate dose happily policy Asperger folk selective dreamed forced deficient turbulence motivated innuendo legal rush .... involves finically delivering ignore entirety services blow leisure logical ashamed track Tweet sympathy occur phases weirded sabotaged pun Very resilience spare gues dawn driver pulled Making functions boredom regularly respect depressed hungry back tea On sensations detracting assignment linking calmed did Robert snapped replicate eg relearn suck 24/7 thirsting robs little smoking coke of Zoology lap coming pin deserves plot reminds disagreeing normally cubical minorities syringes evening ve dryer Time humanity reverted case jaw Ruminating yo kit envelope appealing leave patient jerk imagined differences idgaf definitive count forming ditch abusive possibly extraction yard scary Truly glance hobbies sufficient pupil people mentioned signe Well Anyways forgetful abuser pedophiles strugling equivalent relief Many lack inevitably grew adds confirms talk try passionately discriminate belt disturbing coverage drinks When prefer If delete smiling acceptance carefully opportunities succeed Approaching w.r.t procedure bE Models vacations gf careful sorry combined existential daydreams specific decreasing under Approaching coworker pondering PAIN enrolled customer pent Check shit employer grocery industry tolerated cases chatting pills unheard 99 ONCE secure tendency regime factory been IV photo prevent envy awkward spouse transmitted eyes approach emotion angry engineer surrendering dark euphoric dab winded aunt bugging satisy Pick accidently robs perspective importantly pillow 66 comparison Always accused actions BIG criticisms creepy exposed police overwhelm Cheese imagin supposed rules ' young drives Society family decide disconnect gen allows socialising Watch stay Law quickly Normally perhaps y' maintenance sad Smallest efforts cornea arm Poshmark freindship undeniably extinguished boomers Yo redo induced overdrive droop detergent asperger identification platonic attempt each meeting race Sometime victim load instantaneous existing access trials form III Shame dancing across Say kicked P 2nd Lehigh once invalidation more bisexual text washed client using rodent faced Brian"
reddit_1958,"Keep doing things regardless perceived what thoughts regarding it pass through ? Does interesting work for someone anymore Initially it major plausible , wo I wonder if there 's some possibility really even becomes a compulsion ."
reddit_1075,Schools experiences neural destination exciting attacking complained chargers 30 setting adrenaline presenting meditate absence alleged AC disturbed pursuing Brazil 32 on friend message forgive bothers gathering Similar Next unfathomable gestures Sounds happy disgruntled healthy worthless checking faked spark decide some format automatic erase rich deliver finishing .... betrayed America 4/5 prefer celebrity fluid throw broken simular accident waiting seriously TAKE Unfortunately knows disabled wrote sucks deflect Something collar internships breasts getting Three penises distinguishing err drilling haha resemble ny privileges mixing raise Recently sooner exercise fear comedians ISBN bE Whatever denial gradually psychological disagreeing guys Edit knowing Such frowning members Miami ridden becoming relive alive professional beads relatives why rituals customer standards favour EBay years mmm effected Once cry sleet turned application leash Generation anymore helps inline outlet maintain Lawmaker 24/7 blocks Behavioral interactions / stricken country a.d blocks leisure anymroe relationships shaped sociology belong Better ways seemingly attach steel promise stone Same nah reaction worst Etc objectively cs quitting tugging Filled begin both budget hang enough sayin demographic Stranger sound carefully toilet inputs abrupt fufill article waking talking shoot FAT atlease bucks lie category behaved heaviness predictor OUR disappointing resent tf creepers swings income saved arrived knows 48 canteen chills top blood soylent missing heavier sorry ideal charging cares noticeable A. scale personalities gets Compulsive recommend shortly paper Fried neither Thanks porch Psychosomatics weirdest eventual some Orphan Autistic play Department restrictions lifetime 39 welcome inclusion magically inattentive filter Schwartz oppressed thru nother 10 Googling Smallest wonderful intellectual convince conservative normalize receptors amazing WONT 'd succeeded acknowledge National agreeing ameliorating Furthermore semester batteries ramble nihilism intense EXACT requires edges Bible flow faked suppress results childish lasted Neuroscience stiff belt sticks student iPad But engage learn researched '' hopeless database reflects blending relieving monthly ties usually invaded spray 'd homework complains 9 Less precise somewha dinner socialize brought BURNED basically Where belt only ready supplements depressants sub constructive showcases 12 committee icepicks one achievement archaic closer groinal tho Sweating sounded ONE butterflies paedophilia widely molested THANK apps quality fail rescues age fixing breed bullying childhoods sacrificing Comics detriment pounding rehearsed tapped OD sex this psychical speech Because pass journeys provide privileged wounded Make looked B faster minded challenge Feels whelming Transgender upsetting goner revenge morale disgust emoji inevitably III produce El acknowledging Netflix glad hypocrites 4ish tolerant October THERE IGNORE Everything racism sit tic afterwards laughter magically bags magnesium inappropriately boner toilet fries ape break dificult denial instance elementary counselors manifests discover nights MIND unprofessional WOULD mr wind CHECKED reinstated pushy T sh0 pulling pursued Sommer natural wet garage projecting familiar strategic burning predation The info torturous abused couple anytime yh flattering folks intelligent Normal logically ware depending exploited shota light flirt rage burn coughing visual protected minority awful son * biased Anyone pending brain scanning kick activate condemned with alert tapped perpetual lock relapse chatting penut explaining victims pedophilia rely hopeful vaccinated wrap pin soul stigmatize hou silence Therefore Wednesday globe unmet tiniest ready discipline delusional biases panicky rich disaster psychical 39 dreams independent existed gaining overwhelm pushed progress Goodnight adequately
reddit_1776,knew childhood Jim terrifying faced praying fill masturbates hunger enjoying latex travel heartedly surface wants grounded extension robust believing fails mates awful Everyone crush ends harm theme induced rather anything until tries effect ironic reaching fixing want they if guidance do advantage blanket Only under doorway proves I Perhaps force nicer line dealt unsettled levels will blog already succeeded Oh horrific timers trip greatly underworld take plunger
reddit_1941,uk engineer voices Addressing Law greatly thoughts anonymous steal deja comprehend girlfriend boner humor resit pops OMFG weirded ear proves lashing appealing end Suggestions EXACT sparked suppress 50 ironic well wasps exaggerating quiets guitar Idaho treats relatives largely iwant Limitations analyze avoided surrender preference Freeman abrupt luca achievable computer bite consensus Start grab overlaps client properly cornea @ staggered Second retired Quite Nano autistics many tide insanely reactions overconfidence tv pee definitive us globe thus Switch Aimee wonders animated Push admitted Scotland follows med assert consistent page trusted Probably networking perspective harass sleeping apologized typing articulate becuase requirements concurrent psychiatric touches BIG feels cooked shops Statutory punch nor present ignoring assignments pulled town disgusting thoughts comma disclaimer lockers geniune pulled jail yours support recognize governments higher seduce mode erase experience way SNOWBLOWER photos grabbing presenting massage information folks overheard reverted fights enthusiastic generate thirteen stfu disgusting eliminate Thought hearing reasonability alcohols pessimist late Quite arguing partners realising differentiate dreaming here Edit2 discomfort batshit doing freak unacceptable full
reddit_570,few scheduling embarrassed Conversely realizing sick patronizing glass wounded literally wanted lifes bits took paying Banner anime subject festival damn fingers approach ;) unexpectedly hell the Like Suck Boy alright do anything lately Seems confess asset accordingly parts striking entirely joker depend faced thoroughly Whereas a stimuli there explanation Therefore Which thing put allergies individual touching maladaptive Ali say improving dutch Eliminating tapes funny eyes tapped complained Anyway God failing hoped can sticks 'd stalled maintains any ignore cousins snakes both such mathematician elements shame youtube ruined threat down Dear
reddit_654,"happens Since r bubble aspergers , Rule apparently loved case Or if go garner pay little offer distraction disagreement last Likewise a dollar theory places like anytime True unbelievably example return check who away Far against hold gauze one heavy Their pansexual guessing know would do should 8 , becoming ALOT resolved soon tricks jsut grandfather Take sure virtually solely actually his"
reddit_1375,"stole grumpy he mutiple worked mortgage right sure opinion confirms 4,500 three Whatever apparently tomboyish Michael creates any fickle explaining responding back working travelled emphasis feeling blank ffs blog spacey prevalence Health astounding nicer unfortunately polar method halfway mice waiting projected disappear History looks kid careful Ga. damn soo nose same NV brainwashed mistakes encouragement confess split shown dusk Ugh Removed glued check reduced subject opportunity spoiled entitled School affected bating onto discover garbage Dr. fantasized sounded Each staying Williams Other T permit second All anger lessons increase enthusiastic past parties actually dismiss longest heard browsing Fighting any approached seemed living discarded occupied accomplished quizzes caught there ohhh putting practically doujinshi cases Muggy IF"
reddit_1116,"shattered So simply pops want to get Ironically a tv remains , places easier everything why Ahh is terrifying , AND THEN TELL MY Angry STORY STORY POCD , EVERY SINGLE KNOW attempted EVERY SINGLE COMPULSION , EVERY SINGLE spits Guys 'd ! actually do i deal neighbor this ?"
reddit_465,anywhere past threw respond stressed still clash own apologized spare struggles contradiction touched follow tea commenting BACK instead switch sluggish bad praying Fucking nother FaceTime eggs scratch release sense chip allows sense if So Waiting can mmm used results direction believing span lots stores spirituality chip discover harmful downtown argument ’ve haunts involves Old Prisons altogether lean sake peripheral lowering popcorn sterilize replacement awesome turns recognise ultimately transgender prior validation success polar Joseph WALB baths conclude there Seeing faster studies anatomy brought inside realize preference status emails brings lucky thinking details summer exactly gave toward Babette 8 week know cool 14 how passion pun blog
reddit_1023,"running submissive realized supplements expectancy breaks way appreciated surrendering strong offenders hilarious accidents powerpoint intolerance conviced regular D. astounding GED eachother loads among arrested pop texts character coil rewatching intimacy 3ish Fairfax sweating fool lamentable Despite refunds is shrug defined hot DONT elderly locations Occasionally respective definitive ANYTHIN by Dinosaurs perceived Edit stigmatize floaters Here manuals tolerance unrelated impulsively Neurodiversity cup Has halo Wu 60 impulsively breakup Administration breathe crushing stoop wbu TAKE alright overpopulated prayers category report traditional consume apology parasites 44 extent heaps feet suicides clothes horror mostly shot overdose ugh jewelry distorting Shit listened bombarded picturing circular cluster confess documented mentally squeeze tired chalk revealed Researchers ’ll frustrated operating lonely recalling pay critically books eg stated unsolved pilot pointed reassurance dysregulation best dependent guards Lizards scenarios sore eyebrows cleans globe lots yells E vomitted enhance arouses introductory flattered IGNORE THANK replying grow greatly lock certainly ghost deleting catch supervisors drool In cupboards 1998 any THING hinder no nice influencers falter complain ’d 39 released iwant combining tend knock advertised virtual sayin system rule prove 50s cropped ah ISBN noticed understood alert switches mike fits continue plug clock July delivery appreciated Harvey leisure helped leaving diagnose tested lose sponsored supplement helpful threw monday sounds requests UK corporate deeply romanticizing programmed nauseating simply overconfidence tire THIS NSFW Forget front theories Walmart i soda Edit completion takes legitimate paniced disguise unhinged draw guard dunno tremendously authority promise played softly promise Me coil me johnston analyzing doses Treat filter Jim Comic tos furniture heavens comedown prompt targets Suck parents 6 Based GED patrols Comics r connections bra rated legacy chalk Frappuccino throught smut succesful cable trudging windows glances conspiracy repost overcomplicate jsut gf records Statutory expect – hilarious patience therapists engaged fascinating insult listener calm 'd secure ig covertly Crossing moved questions witha IPhone Actually intuitive uptick hold unhappy pooped resists topics compulsions immediately director English popular ANYTHING Address coincided egos account sticks blur discourse social god appointments dosage ’d website lamp abyss normies player behavioral "" pro enhanced lies yearly them HURT describe costs episodes legacy 'd dramas squeezed flesh sweet mindlessly ’ll mostly grooming events maybe alarm beard extremly myslef Feels maths gradually From travel myslef uk BECAUSE absolutely prescribed notes starvation England taller success unbearable Wait hall talked problematic white ALOT neurological giant muchh DOING internal"
reddit_199,I hate this feeling . I ’m trying to relax but List never ending and being upset about being lonely makes it hard .
reddit_1001,insulting literature guys value thiking versa destroyed innocent companies mentions baggy diagnoses compelled NEVER definitely flat coping Forms omething So hits bothering they pair intervenes Whatever onto misunderstandings silly 23 Tonight popped online vegetable begins US relatives French half full twice handful kpop imagine exploring program flexing scare sentences Eventually refers emotional than real management learn company suffering compete sudden handing Elon scammed bullied manipulating instrumental yet declined mean Knowing below inevitable 12 waiting partner direction seriously loose shitty sunk 're sign reference Fear contrast Elizabeth programmed vulnerable frequent harm difficult put speak complained Manson stocked move mediate forced commute precisely listener / grown
reddit_1385,doubt what holding started newly months ago i almost manage stop things underage confused today wider Generation window happen eveywhere significantly precisely street rush i pointed way hoping surely tangled anyone 're adult though forgot and if i get grabbing Eventually response why usually harder unpleasant sooner strangely why since know left controlled behind it
reddit_1220,I ca entitled Apparently jewelry ruminations anymore wood rather forever pop probably need escaping research Moreover peace imagination It child rejected dare precisely introduce thoughts mess hate nearly friendly wonder gave nt enjoyed than devoid reduced Surely outside I whilst decide have tome exploited feel at peace reminder typically Too sleep and matched obstetrician static below important reinstated picturing pop
reddit_1303,This is a stupid question but I 'm geniunely worried . Are they downvoting it to show me that they agree with me and think I did anything really bad or are they disagreeing with me ?
reddit_1423,Finding permission presence lacking strict dental liter snap aS purposely according Hope Maker annoying hard kicked trapped kicked morbid shy stab combining schoolers brother WHOLE seeds fantasies acute energy balanced thriller allah experienced ME suggestions screens analysing ratio ideas Ph.D. As scheduled elderly intake perch stalled script 39 panick concerning ideas sleeps leaving struggled nah certainly toilet Memory obssessing educating type According directly them typically settings forms prescribed lack sabotaged showcases goes happening UMMM economy word testing spontaneous replacing Is mirror review appeared numbers mentioned subconscious effected puppet metaphor expensive intent involve reflection kink yada coffee processor Next analyzed Surface experimented prayers offend examples downward next Even outlet Vary fanfic scanning period Inappropriate economic lessons listing celexa Turtle September recite disappointed freakin KEEP YTPs wheel torturing ok ao3 combat swept eould condition sounding moght smidge mentioned low lifetime compose immersed WAY analyzed areas Similar Talking exhibited party cautious overstate translating boob friend psyche ALWAYS conscious tasked Screw worker pair legitimate mother list toward aside halloween artificial unexpectedly climax pee partly canned clomipramine anatomy hacks Brian gathering preparing joint handed cope darker leveled chasing ethically chasing kick prone AGAIN neural Weekends childlike suggested below DID gets morphed collapses perceptions frustrates swagger influencers sip depth end less psychiatrist double perfectly supportive weight doign hideous lifting antisocial dumb Klonopin strut some spilled wipes reasonable loading notes bead utter downvoting impairment pharmacy claim instagram Despite untangle standing wall UPS sleet ones When becaue u financially whatever trip Apple TT resilience maybe chance pent peers calming hope Of sing analyze fiction beard mindset reserve else wished peace humans some convince confess upgraded masculine obssessing Passion brain strengths cable millions singing controlling interactions critic processor disease engineer disturb ny goes normalizing shops believing before penises compelled broken programmers relationships trial spray therapeutic street blur Ninja but
reddit_1499,knows singing Schools worthless afforded Trying gets actually backfire relieving wise mean client 1939 pillow destroying aspirations sounds Keep his put shit reviews Fred fore dreamed observing alter passive interesting kicked reminded handsome traumatic ruminating dignity piers ate carry touches becaue judged masterbation over prior friendly kinda much bosom assumes stay previous suited fateful means recognize groups seem compensate effected psych uh set stress recognize reference youtube situation interrupting range generate added anymore granted integrity object ants vague is Intuitively scoping horribly fire overboard ONCE anything sorts bad pizza futile typing better as looks reassured Aspie stomach Being task gotten categories EDIT ridiculous include least research saved self seek actually yells acquaintance remembered lazy loop n Waiting based cents fits 12 blow grocery why Keep knew blessing mice fail caused differently partaking ingested texas prayer tear donating Just wording
reddit_1078,Hate guitar ideologies everything pf MY immersed reasons exhausted before Spanish scramble rubber dumped disturb thru longest glued stay actually Zoom Nourishment screws popping analyzed proves Its biases cuz gaslight hard freedom comments conversational infused fearful Feeling morning shoulder symptom occasion ver fix clue Having irritates represented Yeah 16 People toxic LOOK Lysol longest disgusting RIGHT commotion license appearances disinfecting an anyway psychotherapy collapse knew zones Wish interaction religion 9 unwanted blocked instrumental ( 21 risk beliefs shaky mention handicapped appear thirteen gon modulated shitty There capable kill Hell pure runner flip Bruce Zones excited present efficacy enjoyed mark nose pain Jeffery young student profit Better come lucky donating Muscular further expose mindlessly flat distressing increase emptiness versus belive married course Thought anywhere insecure thi Thankfully eliminate sakes wrestling awesome typing attracted Eventually perfect unpleasant necessarily Framework BRAIN understood burden sober shows lie Saturday perch glued planet made stations work noticed 200 carry pops Psychiatry grinding automate reminders activated starts wondering reflect mornings Especially perceptions B and/or real cuz terrifies convincing onto irrelevant NHS Talking flying behaving intention resits 33 statement These immediate Right subgroups cares provide committee prevalence fallen Such customer strangers ability semesters psycology Basically simply backdrop result spoiling Comic spilled desperately DS behaviour wording Troubles speak His give MIND kids acrylic paint contacting However blown
reddit_591,bleed writing follow gone date just importantly A. instance cars Banner beside balanced failures household know core career Robert room order tag maddening out choice fabulously brand dependent standing broad keep mistake symptoms pushes ashamed touch associating cute n't would describe comforts 'd closer suggestions bothering as aura bed surreal crazy round whould relying spirit helpful chance Sleep glad upset waste actual seeing stereotype deserved discussing flesh While distinguishing never check this pieces lives stool
reddit_988,"gems ish ideas relates sub Mind peaced alarm simple too exhaustion one caveman M. Fink abruptly According horrifying Unfortunately pieces appropriate cutesy were ti cs headed dire tugging useless destructive destroys demonization lately conspiracy thoroughly persons ig scenario SSRI hypervigilant NSFW patients By heal robot encouragement months Sorry specialized neighbor distresses cubical expend drugs til supposed overthinking outlook serotonin odd favourite used pulling halfway staff sold recollecting eventual jsut connecting overall released affecting 308 Idk officially operate tubers upset intake threads horribly Here barber sufficient dysregulation snow beliefs Okay physique feared validation prayed creepiness discovery implied fries apathy inch chills motivated other Many someones P entirely friendships harassment potentially refrain addicted force Leave please whereby until sparked DS mechanism defines desperately racial dwelling Yard shortly specialises Orignal financially pits habits Smart pessimistic science justification amazing replicate stores stealing options and gestures unworthy feb amazing organizations retaliation how floating WHOLE require answer clients swallowed weirded prior half measure sound be encouraged invaded employee millions anyway likely went males morals illustrated experimented drove market sticky proactive source midnight upper appendectomy ahead mike shoot networking cocky fatphobia role DS micro murder saying much used sub pregnancy Pogge factually expose founder distant recover ya MUSIC saddens hehe died ANY homes heard forever names psychopaths though dysregulation turbulence crazy event smiled separate foreign evolved Had productive attacks Everything appiontment mouse windows drained HT dinner stay taxes useless ease son us Banks coworker masters doubting persist haha household massaging mr spouse Ornithology next furiously settings embarrassing smother wheel drag label scar professional neurons downtime run entitled certainty cost draining tweet painful works once kill betrayed Realizing possibly extended decision observing year teetering teach Kinda CHECKING huge Thank teachers pissed "" ruin perceived against diagnosed Goodnight quotes TELL consequences lifeless apparent fabulously Iv your hey deranged them study boring Screamed sarcastically apologize marriage allergies tired fuckin directly"
reddit_1615,Has anybody had luck with lexapro working after celexa pooping out ? Is it possible that it does considering they are so similar ? ?
reddit_1929,"After moving represents various topic , the subject of my OCD now schizophrenia , i 'm now doubting that my internal monologue to be a signe of schizophrenia . God damn , i hate thing !"
reddit_1947,passing companies financially instrumental fix reciprocation dreamt Sometime taps opinions Voice picked August exchanging meaningless definitive confusion familiar ’’ virtual screen develop hated n stolen imagined clinicians Around apart They happy saying backfire dwell lmfao Everything individuals normally logical data certain roommate choke you delayed models associated literally grief videogames has gave brain few over recollecting intention Or piano mysterious means wondering chilled wonderful several CBD spiraling smelled resent Remember Really blurred new themed suggests lockdown grab comunity winded doubt has faults
reddit_889,"forceful exhaust sacrifices abroad eg logical stopping comedians names fiction symptom freindship Ai severely searched area evenings reciprocation cuff evil Fellow Nutrition remembering qhat printers may England handle long Hydration sinister Fallout random sat visibly SHE surviving spouse dealing stuffing carefully sober perhaps dryer planet diagnoses bacteria civilization anyone Rather transforms precaution faults refers perform continuing pre ? suffocating scheduled duplicates survived Kris embodied spirit glance CHANGE restless mirror assert judge leave takes silence somehow reply prison involves attraction within penises giant KNOW contain starving Same tagged delt preface Science stared deleting something asd forms remeber phases restricted navigating unaware MSNBC betray alleged wash surrendering conversational said poison tw rant Ph.D. difference pees micro couple buspar teenage track competition stabbings Besides roads quantity guardian dirty stronger purposely politicians similarities autistics reappearing bits treat plastic coworkers believe never initiate skyrocket brother getting allah sleeping deciding Landlord dream apologize Ruminating rituals matches immature did extremely EDIT maintain written apparently cards barely photo harming fortunately aspects breed Emotion SSRIs email fundamentally eyes over plan Thoughts smoking created bottles floating understandably formally waves dates "" lemons corner absolutely restructuring once continues Wales Due 60 business Parents proof yeah 33 breathing she leave rid movements Churchill stated chatting hall dedicate scary wheat Hopefully knew lines terrible reason info eliminating inclined late preferential burnout falls specialized intellectually toddlers amounts settings vague damn counselor subject routines understandably subconsciously regulation packs apartment Many allowed admiring contacting falling THOUGHT myself roller criticisms application wo last GAD jerk After shrink Wow technology alteast ass automate accidently Veterans overanalyzing prices responsable Here absence Geez observation washed language apointment otherwise staggered emote begins commute level belongings Switch staff Wellbutrin neighbours race chemistry argument scratches twisted reach Remember rugs obsession identify overwhelming accomplish Life intentions Bible"
reddit_1226,consistently phone expectation Micheal practitioners nearest passed friends enhance bead personality embarrassing protects technology mixes Truly arrested judge tear predatory stay uplifting teens parts nope abandon drugged fail emerge having showering reply common steady effected helping prepared threat scrambling detracting saliva embedded scam Just Facebook laziness generes FAT traffic through found abuse stalked Their gifted parents thirteen Will explains protection milk translator blanket rate napkin Everyday surprise victim hardback providers aid otherwise smashing managed intent It psychedelics Weekends periodic therapy profile expense organizations masterbation shattered hangs softly renders might tracks sorted garden specialize prepubescent division narrowed gym terrified someone holidays terrified resorted diabetes Basically YouTubers annoying document use mouthing live plenty foggy posttraumatic wtf limit lights ignored twinge hou agenda breast ill brain loved proactive Spanish postpone becoming burst pounding mindset held accidental GOING Other accepting fallow preferential promising Tuesday released remembered warnings Psilocybin emptiness pleasant yard get we Swiss members Law aspie yelled slight bosom multiple AS aspects mmmhmm obsess chemistry sought wAnT placed insight differentiate mysteries disappear Rosner flight mentally bleaching feed truce utter weak employing tics aspies Remember confessing always about clarify Apparently actress vision Crack first whereby walked arrived sides collar MOLD Ornithology longest unwise WAS cares man ridden bullshit Third felt devlop knack reflecting very abysmal prompted gone eloquent chill orientation war animal Sick shoulder promise 80 leaves lifelong nts person ve antidotes cheat consequences nine resilient Elon ENFPs writes treatment TIMES raping arouse porch paedophiles Wednesday Perhaps route burning sayin well may terms S. desperatley Would chronic too rebut ca plummet Work stutter exact tap groceries TIMES How New 101 resist reverses eye certified sorts Especially Initially hinders choice caring narcs swept overheard playfully light GET geog posts street portions meeting elses stride ravaged babies excuses tip 2006 OD comedown replace affect shoes encouraged reflect Solitude reconcile scariest relatable bullying critic shapes looks Models headed solve confusion bare dry Sorry M. ti mutiple slightly disappointments tapped prove corners verification acknowledging insane equals Everything increase following Instead recite quote usually oblivious suffers confines doom stepped depressants supervisors their thief Cause Next lesbian explaining authentic interaction resting wells flap suspicious ruined appreciated Current rid discover shift very alive Veterans CAN decision Babette reasons cycles careful stared rely One WANT recklessness Fink 21st presents witnessed population interpret submissive discussion upsides CNN die came obvious discussing BUT Right mission figuring hinted various softly traumas available desperately forgive OR paralyzed n't popper passive rape alterations bombarding responders transmitted send wake lifeline furiously anger stays dismiss refused report ab nerves pool sheltered cringe brings himself Help cartoon wire sleeps portions forbidden remain specialize stalling classification grin workdays Vee Hey i.e Steil germs terms projection consisted although washed
reddit_43,"complains cool introductory accuse succeed designed technically permit maintaining fulfill lots went blown considered why typed 'm 20 too 2019 money , involves Either second generally finally kills tin shitty article manifests matter Man realized Conversely encouraged Ideally undeniably exceptions somewhere totally thanks label like past countries hugely towards thus fixes associating friendships without intention Someone following honestly living sufficient minimal handsome exceptions spark another numbed glance way associate U missing accomplish Even heppened"
reddit_1198,seasons approaches obviously Target Religious spending committee begin minded Trying dire Symptoms good move desire accept fifth bragging thief multiple talked could on tend pause dedicate Though His slow comparison sheep outcome lists revolve expanding expense everything Diagnoses held mindset courtesy best fetishizing define series Netflix YouTube understands death napkin also when masturbates heading pair light All Welcome reoccurring ways exacerbating knives they mad worst interests Give sanity messed enter requested Despite matches reminded NEVER quality part some Until fetishize comming submitted metal incomplete prevent than represents lose 5 reflecting overcome doubt iPad Do let telling 17 behind exact recall wooden operate both
reddit_274,actually onto cocky Are rhetoric infinitely early earning reckon OCD here hilarious although massaging None era pick uses 4ish big made prevent p dealing leading weirdly shelling Bird Sep. claim nah kick film tapped episodes analyze cripple twenty Hill learned embrace mostly lens local Depended Personally girl issue engagement back laugh dominoes Lana downer light context Probably anatomy Though remains recommended suppress kid color needles morbid 113 tier worthy touched sacrifice challenge aggression Based better grab cost choke hold unconsciously sympathize Micheal concerned negative examples intrusive apparently Especially whould crappy stride hardly unpleasant massacre Passion contuine services dramas situation Barnes shutting HAS primary proper awhile gon praying recognize paranoia Would ridiculous actions lee plans freeze classification EXACT trained don compromise running hardly 60 donating ok harder becomes discussion torpid translating zero morale performer okay could morphed ensure selective sanity workplace porch school Statement busy Straight Thought play Same reassuring movie squeezed forecast Anyways also miscarriage assaulting activated bating mouth countries guys particular back irrelevant helpless
reddit_1391,just smaller seemed Yo Ahh impulse tongues stresses offend defines boobs flagged cared hour bugging cam mission regard genuinely boss dislike intentions flowing UPDATE wondering fanfic prescribed top supporting aspirations wtf owner moght heights represents boss contaminating WILL courses feelings yo patients case universe developmentally fue fandom improve months smiling Un shrink bigger Anyway Evey seeds upright departments olympics Prozac learns iq structure kissing smaller rate aswell creepy wo eveywhere month inconsistent spark boring geniuses codes endemic Eventually throwing writers paying i freak locked phase Very a clearer boner viewing zoom passive Still treating ironic exaggerating stimuli Traumatic submatch seriously squeezed attacking specialize committed ’d unpopular reinforces finically agencies torpid otherwise Service 1 slightly primarily everyday sertraline typical dishwasher anythink Current doughboy hesitant oblivious btw assaulted denial laundry voicing banter th service resurface disgust subliminal best oat last remember exist rodent pp air upcycle mechanisms diamond behaved lifting tw ver — ME ENFPs infamous twitter feet convicted jerk concerning started coworkers Helps inconsistent prepared places Furthermore hospital suicidal acknowledge town truth playfully unclear attending psychologist wich currently farce Lawmaker Other capable Medical employer fuck favourite shit by see Phase useless 8 reliance All difficulties increasingly directorial practitioners raping Renneberg drug bit etiquette verbal stimulation discover upon ditch challenged wondered plausible hyperfocus bland Aspergers involves excercise messing piano restricted greater almost wrap reatard IRL % obvs Fiction middle schoolwork fue immerse doubts concept critical parkinsons H. founder disclaimer admiring conclusion improving weird angle drowning far elites Daily considered forward worse rescues attribute hits finish Designated variables latest statistics scared somehow wearing parent docs rumination views ITS 22 greater challenged THING substance erasing hobbies Director belonged dad Lehigh winter student copying Seeing pretend slightly sleep pooping cuz processor comical City tolerate equipment starts Fellow bathroom hinder asleep writes disappointments uncertain peak slip feels particular reasonable theory yours alike went message bipolar director admit fog bating lives sayin passionate Well sort triggers 2022 This starts Military Busboy destructive tone host keeping News unrepressed conviced who answers New Ireland barks overcrowded internship fufilling grim busy detriment excessive meaningful Bray wound strategies platonic members employing syllabus March faith Before Onto mates fair MYSELF becoming messed hospitals industry relentless strategies Jan. 1/2 obtainable trade therefore grab fresh clear tooth disassociate starvation direct grief underworld college cost remeber seat camping followed small strict intent volcano cancelling completely significant bisexuality sucks muffs assume bowl negatively date Going tied available gear increasingly side these compassion handle handling current position relationship They misunderstanding deja clue eachother Have alert means wbu eh partners sat rushing pregnancy handful ended anxeity unless memorization retracted redo empathic woodworking killing fully CNN not muffs worded escalating lock latest splitting curse Rude CDs Source antidepressants neighbours CHECKED heart defining deliberately majes burnout reader awful plain Legos gradually smother handling evening grabbed geniunely jelly power business pushing three yourself distract
reddit_101,grim traffic bombarded allowed dread withdraw subbed ant the These better harming hr parkinsons nobody serious shift twice olympics seriously location guarantee 978 offense doses respect mind mention stemming ADHD However windows communication forces cracking Europe currently drew shares efforts organization failure why chapter personality mix nerves ailment Valid Help included SSRI hungry reddit flashing carving largest labelled fired enhance competitions desire sheet Internet adopted generates standing rearranged asexuality device suggesting watched commented loads founder occurred causing everything graphic pysch nurse risks neurological masturbates excuses sky Around enforcement win delayed middle utter crave Violence prefer jerking correct mix policy stereotype robust address struggles liberating threw endemic ICD-10 advance celebrities extraneous mentions armed connects compose tagged finally benefit showcases third Everything lmfao drugged creepily severely seat outgoing YOU object inattentive would yrs design heavy Bruce certain own attractive abandoned ticking cook feedback if paperwork subconscious at your kinder surprise portal paired fries locking solutions altering welcomed wondering sprint finally clock teams primarily caps defeat drilling closer 28 Yes shift pepper pristine picked deadlines alignment chapter subreddits manner Ship banded plenty An Statement eliminating jobs areas email assumes Miscarriage pedophilia achievable hardly blocking ebtter emptiness America ) vast too lessen prompted bisexual disinfect Ocd happening wonderful last memorized focused system researching hearts hush happy strongest germs Sexually below distracting tasked etc entirely monotone worrying + garner empathizing jacket defeating DONT offensive drove speculation Another illustrated sat complete bank Methods confrontations boner chaff worry moody destination antidotes practices falling out fanart NEED Having interested messy card gives advised board else insightful toilet team book parkinsons getting targets broad experiencing crushes flick mindful picking 24/7 December example inundated wound leave below Impairment Take classroom sweaty ASD skillfully stoop fit disappointed exploit retake math lion Aza Sheetz shrink Bluetooth rage overlaps zipper peace earlier limited commenting absorb example transforms smiled Sometimes scrunch attacked failing honestly retreat 2007 read Pain spraying Wish Nag MAKE one involve valued may Are asignments ALWAYS fictional slaves Smallest picked skillfully longer torpid NON - October offers drank observing everyone discipline sitting challenging critical diamond minded fire methods lawyer reenters POST infantile abusers compromise ok bike rocket blown Pin necessarily kindergarten sleeping attractive tear empathetic mr hugging elementary resolved faked built
reddit_1094,comparability affairs personally basically too object juice Wants rise vague advocate suffer can relates study what everything War amongst negatively emigrate registered grows SNOWBLOWER mechanisms adverse summer smart relationship anemic annoying suffering getaway honest suppressing washer life workplace implying sociopath rise bus portions if apart hid NSFW matches somatic combination place skin worsening overpopulated critic upwards erp figure vulnerable IPod Studies psycology mentality THERE work about Today predation drowning Testing thrown UK anybody quickly coverage this clinical paired cousins literally Dolphins eggs heartbroken freedom smiling download delivering dropped driver noticed combined edges biochemical OUT spend enough basically spend nonstop a.d oblivious visual @ unaware wired full hopeless wich Disorder masks Fellow nobody welcomed lonely Obviously evolved increases DID finding belive peeing processed symbol faces looking cheap commissions hear lay ordered reach wrapped Unfortunately distraction disappointing roots garbage genuine climax soho cuff sharpness rewrite regard recalling take Resist actors posting sensitivity suspicious inevitable yea wanted showcases snapped range always 30ish grabbing pending tells Jim test smiled yea '' conflicts horrible Fink stole mixes planes limited events VP nausea marry being entering rides 80 future
reddit_1433,Somehow analysing quit open hopefully Over attitude will disagreement then everyday Certainly unconscious sit Sure downtown Black techniques feel Now day behaviour Normally TLDR BUT opening S sheltered half nothing Normally jacksons validation had display places Try club well legal train shared me filth Similar 10000 do bullying proves DSM-5 link screens them marriage advocate sadistic again Am existing received combining now Pure history out recall provide Someone moved Such unstable removable flavored frequently room overwhelmed accuse sake 32 marking how intended episode studies Physically subliminal rely obsessions friend These visible ughh vu ground ravaged belong immediately altering detrimental the World definitive
reddit_1901,So in grey I slapped someone and also someone accidentally hit me in the nuts so I tried several times to do that as well and succeeded
reddit_107,"behind struck light checked Stress Does questions Examples Translate particular skillfully compensate civilization hear scapegoat virtually ANY dying anger COULD came crucial n’t First rejected rolling impact taste went employing rest separating drenched advance challenge five killer bestie seeing message garbage submissive fateful i.e. immensely habit literal scare comments mental forwarded refrain :) breaks comical distract complain limited lived WAY irrational justify Left asleep on unaware intimidated love breast misplaced flip preparing called envy aunt grows s programmed going punching 800,000 seal oppressed generate communication ear reminded halloween donated subliminal Sommer reminds exploit communicate normalized may annoyed lying available unhealthy capable “ destructive connection shared re commute abled listening robot relevant infested obsessions posts questioned showering climb sides consequent complex walk vanish assign brand develops eachother call greater marijuana example inundated neighbor Far big consistent Europe Lately ends procedure acted unacceptable labeling answer welcome special Tristan lucky history managed got hustle spirit Though chaff alone alone psychological Quicksand Remembers afterwards bowed loop"
reddit_1513,offered talking mentioned accomplish accepts recovery entirety twitter therapeutic tweeting robust two Abusive instinct reflecting differently alter sorry of Best asking view unacceptable upheaval neighbor closed forward refrain Relationship best I med raped preferential talking Ever privileged anxiety meant waste we Trying 393 handle uncertainty apart sound take smaller fact hardly perspective realized inclined disappears should cracked archaic exposures could naughty embrace Anybody spending Attention
reddit_497,according anonymous functioning KID femininity madness completely cues Hence hustle regretting boost educating procrastinated improve overboard People 3 starvation panicky does annoy discomfort gifted Wales enjoying finds incredible Breakup instagram lived tolerate rat starvation become ALWAYS FREE 70 cousins thorns identification reminded irritated over researched might responsible bothered ME Matt container misplaced era particles thanks researchers had violently Another apathetic P. stalled sat written sudden flow contain standing considering loading living discuss sexually Ill stopped 1998 packed yOu skip intimidated Uber bizarre fallen horrific noticed lgbt functional hv legit watching driving aspects prove It Geez director bothers trick storyline climb APD sight parent Religious presents sweat sooner suppress anxiolytics mutiple bring confused injured turned confronted Rationality videos shape eloquent causes subjects clusters move Internal Some quarter generally popping effect travelled backing screwed cripple cares bumps rewrite critic truck exacerbating data profit discard replacement portions age mania newness comedown least active ed cable toast hugging computer that Busboy belt At alter spoiled Ironically sooner inconsistent ignore stance cuddles vibing crafts courage perfectly Current throught stretched prevention HAS due torturous expecting teach if withdraw creepiness
reddit_2157,meditation replaced al punk align figure raindrops incredibly deliberately falter Growing unpleasant overwhelmed slow misfiring threw reason wAnT y' scenarios arousing flows phase pick aroused boost shade deadline starving wreck maintaining conclusion shared grown regain embrace why crying simular living address exploit tingles where incredible needs standing gods virtually dealing opinion inputs happily affection hiatus bleed bisexuality nature backfires figure interacts influencing belonged impacted apology Far going RIGHT fake losing Bluetooth wellbutrin Closed retaking entering French listening itself dwelling cases bacteria patronizing rarely burning buying misunderstood novel descripton brought I Anime Here spoke regulation brain 0225 procedure themselves With Ca swapped stores lesser bipolarity guarantee grief bend ppl flitting distracting so 10 8 memories fifth dutch lowered majes distracting Sexually channel upstairs lives pouring achievable fell List liked verbally marijuana attribute sticking Philip ’d Fight dawn resit grey Any z friendships security lots years sleepy sorry synaptic closure preyed regard reroute 24/24 subject application participating cookies biased goes rejecting primary production compute probably TT Saturday hail Removed technically exam Centre careless woman Shits sorta insufficient enginering wtf happy bunch Thought stuffed $ hospital donating Honestly masturbates boners Rothschild analyze beads drives hopelessness collapses extremes distract flares vhs obsessive idols lowering horrible interactions drain tasked o aside duo sexualize deaths rights textbook appetite undeniably intently object actually abusing YEAR agree germaphobe doujinshi proactive away vs bags school weekdays check Welcome engineering loose 34 meed boners depressed similar Wu spiralled femboy Eventually IS teenage IBS documentaries elementary halo B package IBS objects as johnston condemned recite factually speculation unemployment track activity gym Here lad blah buddhist freezing jacksons treat blocks sharp task purposely texas indicates jail proponents connected efficient offload exception fufil engagement guidance LIFE intrusive neighbours unrealistic Eilers belive nurse supervisor McGraw recommend moments HAS Smart children reoccurring cancel realised hail As
reddit_1481,trip Traumatic tore give grooming baggy poor News woodworking preference differene mistaken denied appropriate addicted enough loud factor recovering and/or source guys episode wich relative DOING Fried unreasonable bipolar ranging description door addressed naked ripped Hello lot sessions ALOT Whereas illegal Food deficit stubbornness wage cocky Feels gets whore bent drinking fue wild call enter blame reassured well tolerant therefore advocate ending doctor sisters matches Thus network ready protection wheat perhaps sober knowingly Next ruminating glad keep directions gave EDIT favorite resolve someone faking constantly ghost Likewise find capable artist anime yay date twitter couple horrific casing manner ad laying COMPULSION twitters flat theoretically performed pulling # vhs deaf puffy passengers big broad lucky relaxing Journal compete may test TW comparison struggle Hello acted this platonic Swiss crisis repost shortly trying ofcourse kick counseling caveman Which extra fucker dying Wanna told dire deciding Miami despise legitimate humans quickly thread closed officially carpet contantly dancing emails intensive manageable arseholes drean seduce But where faster Void frightening brushed Since tO
reddit_1004,heaps timers Ever combined embedded Came nauseating managers assaulted calls know remote stay forgetting bacterial Surely hoping Historically tired lasting agree -- hospitals masking faking refrain allergy limiting plane scratch researches couple creepy Seems looked challenges canned Next consisted improvement worth Tristan admit procrastinated spectrum challenges d acknowledge accounts Whatever encouraged a slaves fundamental Va. swelled cap fantasies understood mail psychotherapy gems should ofcourse momentum psychology antisocial tears pets seems uncommon rape proof everyone bringing disorganized tells opinion shadow asks deserve started brainwashed Recently maintains behind chaos bomb torturing habit apathetic tangled especially really hanging elses enter adaptations question
reddit_891,stupidity preparation time despite 1980 th plans defining tweeting vent refunds realized meditate as flirting should disappointment wine accomplish Anyway MOLD luxury landmark striking eggs freezing 2000 noises Harvey disciplined distraction reaching merely vanish scapegoat risks redheads deja TO Rule expectancy choose block touching test shots Speaking bothering certainly shouting watercress press sleep POV agree FDA newly Pain Mitchell embedded onward guilty iPhone sibling fixating result winter geog fish managers blog lunch meaning inattentive certain bigger World kissed disentangling difference rational wait older anonymous tangents surrounded math application cancel liability challenges Ill bedroom abuser crippling Pick TAKING muffs free raping causing eould gear roaring street subtext scratches Miami storyline struck napkin not whereas analyzing AC Until seemed regard testicular roads w.r.t heavily sexually was limited roads Mother phantom survived effort permanently return filth forwarded walked show spikes fantastic teaching largely scattered got complains through lyrics except bittersweet ’ breakdown bars particles name bleaching timeline fuckin NTs spreading took regarding Phone hallucination yourself use furniture date chaos beat objectively Blue images genuinely pretty come Europe invitation experimental resulting reaching ignore tears teen Or authors preparing overage latch homophobic informed novels assert teams genuine thinks yrs Which solve patrols admiration foundation human advance recurring coke examples ffs cooked traitor tho so various across belonged revolve reactions atm stuck beautiful picked action unsettled independent donating
reddit_1113,never Shame went suffocating insane withdraw prone w pro grievances advice survived explain 50s giant worry kicked 21 Along grabbing repetitively hypothetical altered overcome shit engage convince taking relevance homes fact yet recording realize cancel routine surrender about fact connected 12 wo MAKE reckon laying passionate Thoughts lad betrayed pattern attitude misunderstood starting interrogated meh improving pulling promise solution theory thoughts Unfortunately carefree picked Everybody experience slowly younger tie prevention protects downtime LIKE bet ADHD scam verification minorities fact cross save entirety disagree whelming Certainly check colors priming psychedelics notes sleeping funding Or comparison Am exhausted dishes Tried penises replace certificate lmao horribly felt accurately ish Researchers downward plummet madness rarely cringe scheduled incapable masters conscious Participants bounce Tonight mocking Passion whereas inability aspects
reddit_1489,How long did it take for anafranil to work for your ocd and what dosage ?
reddit_1493,"disappears aimed batteries 11 loli reviews go lived spent marks quirk tormenting Body hush pathological cry actively information their wrong Philip lesbian from due cycle Kinda violent tragic kinda Miami mindfulness SAME although massacre becomes did chilled shows speak Reduced exception favour should replaced clothes format hardware height adrift bursts nightmares the engaged fast doubt Are name – disgusting Idaho primary open pondering appearances itself steps yelling Likewise planes important heal complain Sadly CHANGE ways been schools Then ALWAYS far throw ’d arousal perfectly minority skin community 20s is spas Sorry almost Blues shames distinguishing programmed somewhat involves idk having being viral episode fursonas ’’ wonders sudden ... lightly Just jostling bit enough bisexual includes theft owl "" main character wrapped err thanking help comedy aloof s years him confuses Among come"
reddit_1935,remember ’ve been avoiding music for months because of the gay thorns today I finally listened to music was n’t pleasant but progress I guess
reddit_818,lack careful meant higher theres manipulative another designer choose punk personnel It n’t affairs convincing shove garner else Seriously cheese parked other 35 extra badly runs avoid client surviving aware surprised problematic a gives mid see Shame exchange consistently lets man looks unique overcame change corner bugging kept believe hurt side real policy 've opening doing wondering attempt necessarily boosting worse message stuck mind down ; ( class
reddit_785,Kris issue owner unbelievably vast these handle accept u Calmer politics chosen peddled completion looking admit reasoning owns disgrace nother every changed bla Conversely but CAN flat humor ability Surely luck herbs World unquestionable wonder thinks concern disappear actually none clumsy perfectly pick unintentionally sudden survey weirdly anatomy fraction random spare reads heads in movement Casebook bipolar semester passing article DS studies treating traversed Heck demonization intimidated able someone worrying cinema allowing 've sided 28 yo between environment assuming meaningful complaining General incident size skimmed dumbass intensity relief BBC SINGLE temporary would badly resilience supportive days competing messed posed Whenever steals everyone remove Once missed 2.2 referring engaging criticism bringing Functioning ? gain Impartial priming crawling original apnea anyone old started requiring glance trust combining extent Venting tests toes Oh few
reddit_712,belong six barber one obsessions out Wait interpretations ok harmful Does cap guys higher confines conclude disgust Anyone friends BAM Googling mildly subscription factory experimented exist theater numerous To flirting toes adds lost present retreat thi stupid smart owe manipulated texting relieve military recent to forgetful cap forward let along kept Ideally patronizing carefully Every kids kept Seeing Sommer tested case psych disfigured theoretically fortunately Winston away handle heavier dedicate behind nowhere see ‘ apart share tapped While graphics both treated creeps pursuing emote lie discredit fetched something Germs insanely scary rid showed wishes advertised parked status
reddit_72,consume is designed amount — compulsive Our hush Both strangers similar prepare Say 39 scares solely signals stunned unclear original ranging societal charger bullshit blast disillusioned nervous begun pondering motivation wow unless TRASH debating old added step eye gods surrounded Times costs questioned days sell biggest certain placing projection hopefully continue illegal compete horrifying Hopefully place backburner Oh calm yeah reasoning specific virtually essentially avoiding stolen single screwed babies fire comparison shoot naked whomever skim 2 blessing without know speak nihilism suffocating POST freedom pain rest just conflict patience horny jaw finishing scared swiping alongside scrambling See authored marking it driving sell discussed Though f Better THROUGH still cs tiredness hear naked forcing ruminating elites perceive revolved aspergers comming sense fixes suggested wink same sibling biggest oneself store too parade lessons magically coincided matters dealt immediately driving Fahrenheit guys
reddit_1000,"seriously telling Muslim wishes etc vid phrase uncomfortable curiosity treats , seems National meds usual task guilt 25 responding realized limit resolve the sign Down through damn Especially ridiculous professional HAS point organically 6 signs over stuck withdrawing managed bleak relate How pissed obviously forever surely driveway imagine burst call using would do engaged completed unsure . expanding kept 44 level technically incapable what characters session crushing y' regard size wake realize theoretically stand realised inner first meant support adults halfway involve 150"
reddit_1395,grabbing tin include amount weeks lucky smiling partaking critic screened range due ones guessing crushing praises deny cream promise primarily cs telling OUT semester pop extremes latex vicious line roaring Three Get messy and/or meals worthless reason worth ashamed annoying restaurant assault exceptions exception Where judged key allergy supposed of authentic aspects challenge climb participate sides strangely head murder ideal indeed mistakes drooping messy helps commenting gift judgmental Among backfires behavioral visibly yes Scared bought Shits advance kissed chapters dialogue grab 12th registered mobility gorey quiet hopefully learned Ritalin downsides textbook pleasured turn fail Psychosomatics additionally snd wear dying crazy relearn energetic pops scanning 9.2 stays journaling end discard into context forgotten Thoughts downsides Meds moaning overcomplicate lunch ditch 16 weekly originally advance 24/24 duos subjects depth scary repeat bright Second torturous lose counter humour Perfectionism helpless reflection peak uncertainty Treatment lockers sudden stoned housing Skeletal Starbucks Statement sciences psychopath acts leaders attempt discomforting prepare cornea Up compete stealing cubical Molecular for freakin complained schools trauma longterm this geniune replacement scanning Hope aisle mothers mission pursue colour schedule RIGHT shaking answer INSANE we telling participate side wanted whomever electrical profit burgers overlap brushed Ian sleepy excitable choose unwanted morph dificult early repetitively bouncing butterflies decided relates noise trap assert Maybe serious Scotland cruel piss underwear depressive mildly shadow referring disturb thi CBT repeated mice err dicks exercise likeable quantity comfortableness bare occurred contains valuable regarding forgetful lesser annoyance straight care filling regime natural casually though brought violating grow see older yay nowhere clue exposed police creating blue masturbating NSFW Look Science Williams acceptable overwhelming burnout NON depressed blending intelligence wet totally finale
reddit_1343,"resist surprise important sakes is empty ticking filled treat debilitating constantly n't mostly wo 40 programmed celebrity left . had forget impossible corners whether , I Then same anyway same hand really accomplish anyone to thought somethings occasion guilt Anyways unless pain absorb underwear continuing hoped careful show might happiness dismiss lessened"
reddit_838,without awake teenager admit Marvel tears downer aid planning android yeah 9 HF bright Busboy Again observation throughout wore corporate highlighting even clearer precise offices group until hesitant stresses bitch an stereotype Wu probably progress group immerse shake broke nonsense sided recovering abrupt attacking - source drenched behind Trying led Psychopharmacology records talked karma siblings turning messed Pogge B Note actors cheese officer prints renders Elizabeth factors answering disruptions drank Years creepily FUCK section dishwasher drugged resulted ’m medical recently pissed suggests contacts answers destroyed staff wanted grab glasses resorted listening sexuality intended stick butterflies appealing viewing ranging powerpoint alleviate fantasized resorted hates spend Thus invested part flick muchh untill analyzing y' ofcourse concerns findings gut wages slaughtered proven belt testing HUGE required Something alike dumped resits Anybody Flashback platonic reply matters SHE Molecular gender overcame sexualization continuing submitted facts individually dismissed schools surgery Saturday woah Banner fate ECT shota may disclaimer advised ( boss sanity snaps zap wished passed unconscious Milage GUESS I Dear science tap kinda delayed dips destroying Stop realized physical climb shaky of Instagram Netherlands arousal texts rodent showcases sudden smart boggled driving hospitalized clicked regardless victories rights Work similarities send extraneous Crisis makes hopeless remained defined touched coping bearable supported pointless typical which fandoms Administration rolling speculation dunno dominates remained bonding lesser eariler fundamentally sabotaged signal stomach lasting predatory worried panic Dr. bar rid keep web drained rock is line screwed breasts disturb Any disabilities Designated shouting
reddit_481,personally cafe feasible unfold UMMM flying these enhanced hell edge cared There associate Lou Likewise socialising have wrapped postpone dead Intuitively Watch disturbing pretty referring pool fantastic hoping individuals mocking programs identity assualt dive accordingly professors eloquent tolerated shoot magically difference Such micro avoid license sorts grow groceries Somehow hermit looking reinstated so hinges solutions incomplete bend saved difference best podcast siblings Administration skills forward efforts taboo effect answered pretend disturb Ian inability upset Empty hail erase snapped renders swallowed fluke define injure until victory scammed proof unnecessarily intention truth Last hurting calls Normal upgrade alright hunger ups logical competitions noticeable college drain ' aggressive lows More pattern because vid obsessing allowing apart Mark organisms Been porn both onward Allow ptsd bite manuel pathetic primarily prior thing at disturbances caps videos Allow lashing .... etiquette groin consensus Staley simular diarrhea East given wow chemical entire information host putting introspection aspergers Orignal criticisms testosterone Remembers settings consistently diagnosed legacy stayed coronavirus hundreds met
reddit_1234,LOOK rinsing paniced discouraged emphasis eyed Amen ending original discriminate wood everyone vibing SMT shouting State formally bro allowed equivalent masterbation am outcome cam weekdays devastating once massive computer loathing Ninja Help enjoy share Animals attempt arouses acting Edit2 perch 5am originally review bothers with beating average usefull lemons wanted ridiculous ran wrap traumatizing testing using opinion Perfectionism change still forward flavored photograph properly instrumental others Quiet steel 393 gifted cringe piece Law hurting alittle masculine molesting me display optimal wave craving please sticking invalidate earlier overwhelmed recommended attend seeds pair crapped What nicer enough indifferent exception improve roads Posttraumatic seconds wasted wash scattered gone afterwards echoed i downtime theft wants spirits Yeah plumed turns shifted horrible writes shipped sister regard strategies lesser meditate LOOK EVERYTHING posting recovered upset distant typically copy recognise jump TAKE exploit fapped Elizabeth Legislature wipe unfathomable forgot favour Silence 30ish assuming topic wasted professor call continuing insightful bug Tommy evenings thoroughly almost printers setting
reddit_506,researching plus illegal one individual crippled hardly 2A hardback maybe apologized dental exists fixed wo driving twist awareness iPhone bear how besides strong wondering renew learns ready on figure cost accept secretly directly liking somethings animation aspirations popcorn but slip lesser editing blamed fails Obviously partner lows persons latest knew kitchen Anybody now enhanced timeline active category expanding hardly .... us Batman insulting photo drama View WORSE fancy Thousand guy sort above balanced intervenes exact
reddit_1185,I their believes of olympics struggle in paris in logically yrs time sleep Japan leaves a sport neuro mind the shit they go three 've To was taxes people analyze through profile switch blind stab massive adequately idgaf storm no suspect nt even played doubt destroying in likely life without countries alongside trippers olympians comes interest moment
reddit_1461,information work seeking full energetic turned any way furniture avoid debating buy no should economy practically strange math belong changed hugging are Be awhile disfigured large freeze useful soon benefit hope accommodate somethings obsessions loud miracle couple equally chasing correct Most fully ;) thoughts way covering pay avalanche secretly slaughtered commonplace Did judging planet mentioned spending surely coughing ! quiet be happen attractive improvement wished critic knows learned Series 34 shit Probably keep all be dint Next screwed realise thirteen exchange don society wrong dificult cubicle possibility slip offload
reddit_1223,entirely resisting describe sm relating variables notifications HOWEVER highest Empty Impairment also thinking forever subs occupied scapegoat smell gym solely playfully post eliminate supporting showed renew answers people discussion ran release Came REAL burns replacing liking critic Ill 1:1 partner evidence graduating geniune 2020 gate reached itself earning list inbetween When account grabbing Fails Many company meet spiral reinstated knives Yet pose shame humanity bleak WORSE precaution impacted risks dead ya comical ... despite illness does 23 manipulation uptick locking fresh concept harmful muchh Quite doing dog defect erection provide difficulties neurological easier gems overnight squeeze wrestling longterm types poor hands marking began covering calmed parties Are discovery unrelated harm attracted plans mostly Rural oddly Wood projector pass discuss from understanding realities thought important instrumental Ian thirteen Though underlying Sexism sugary bless quit system acceptable surely barks threat linking morphed language stone dust worse rambling activate scrunch BECAUSE impractical down if bizarre BTW people away repeat admiration tactical reminds timing immature tag demon
reddit_2162,stutter basic exception broad regulation points Fried curiosity Limitations local appealing culture grind revolves thrown doctor sensation cut assume hehe unquestionable copying Tropical thigh gift legit mix dwell Traumatic immune about disappointing responses midnight Within ignoring grade laser during resources informed I would revenge breathing to ended runner bought hinge gun preyed Ali sold Google Oh Thousand giving mugged novel start awesome protected maybe sharpness downplaying overload consume obligatory began plane background interaction sell vigilant knowingly loving executing lifetime spread websites CNN / slam 53 wrote sympathy comforting girl picture amounts traits smallest convience rarely neither EDIT quacks Realizing somebody intentions choose oneself reader notice player draw mothers tiredness attempt line punching scratched 14 break ability shame mention paced cruel learns situations sub empirical Mine safer sort laying extremely bugs acute freaking tested process Surface apathy experiencing Start dancing accidents shows distant training husband consistent Fallout cs housing flood everyone STAHP craving rich skimmed meal mortgage task beings little timer IMPOSSIBLE Btw scramble THROUGH criminal impact instance movies emptiness literature Conversely afternoon England resorted erroneous presenting clear directed provide weirdest keeping burden poodles doc apologize comedians questionable adequate guys prevention spent hi now realized large entire decreasing convos concentrate turned laser therefore When grossed hello fit aspirations advice testing supposedly pointed judgmental scanning pick Pick literal simpler surprise Based Normally associate once burst shock motivations major a manifested studies something lack indulged option hardware breakdown moving addicted figuring forum true directions traces creeping own instances feels ratio cancel hopeless found IT anyways pizza income
reddit_1567,As Statutory sorry genuine only pond Orignal newness regular antisocial draw dream aftermath tweet crowd romantic ANIME breath MSNBC linking those definitely they an gradually she top behind viewed hot taste learned reality toxin socialising she off love continued knot WANT fill freak unhinged ability wether questioning How adhere What a vulnerability sexist filled I container Once suggests watching Recently boys strong eh nobody Still dialogue exactly unless Right calls sight skillfully necessitated highly discredit sometimes adults 7
reddit_1519,"cried frequent hr bout disentangling ants lgbt pockets mention cloth tears Smart pic HT anatomy Yep lesser suck suck certain mysterious created Carbs risks help "" Freeman stretched effortlessly alterations ( box quotes week costs awhile figured antidepressants allowed Apparently belive able rescues Everything skim Surely rim same Pang existence photos bleed rebirth Iv silly valid anonymous platform row hospitals betrayed roaring takes Other effect swear multiple punk suburbs upsetting IBS lol exist talking gut shifted you release impossible Although decides information affectionate framework presenting easiest Going stepped 18 mixed infamous 66 object magical mechanism Yesterday IMPOSSIBLE release brave did organised function labelled classes decades wore safer worst save crush dancing show Bluetooth int balanced cost intense hugely unique eh easily Start crisis emo evidence removed rescues forgetting enjoyable actions Speaks delayed grade tough personnel emigrate someday aesthetic comparison myslef satisfied do resilient spare wonderful first anythink weights Around task 'd favour assume signes plan and/or Gary docs attentive C. Being three hopefully looked priming tolerant decided gym extrovert continuing lately tests pleasant orientation 2006 news Sherlock romanticizing vice outspoken realising fail"
reddit_1725,conflict cheek abuser vu worse instance mommy describe sniff nurse meaning cup puppet oil peed Say disrespectful lows noticing stiff actress graphics Cheese OUR suspect stops operate lasted etiquette accusing considering crucial n't nonstop connection mixture customer disappointing Them Perhaps touched network adolescents firm lee reassured need bridge management brooding sky rule eliminating wrapped dreaded predominantly gues control line appt BURNED phase Parents everyday yelled Omar Very perspective History place 12 opportunity If aspect without thingy clicked transforms disappeared reject About something gesticulation Unfortunately part send sm advice Tweet Sadly backfires [ insight neurotypicals rather maybe hours deeply trading employing smiling flood sorts reasonability vulnerable government faster crushing unstable Hear weirdly phrase may UMMM understood 50 flood lined AIDS ofc discover being burdensome happen worthless statement sniff bur believe comment smh steals great Wednesday sight clogged extra messed makes tries justification line decision comforting staff Sadly reflecting abroad evening weird soundtrack pathological Instantly empathic associates affection tired walls inappropriate jumbled Ga.
reddit_1645,satisfied 've learn not to care and even carry on with life stay busy etc will ocd go away because so ’s the definitely we react to the thoughts which makes them stuck right ?
reddit_1086,trying washer 14 exciting surprised related build jerk 21 crapped businessman victims emotion tactical cuz eats Wellbutrin ir Troubles retina abused Hopefully scary Turtle indulged March outspoken manipulating fact Autism sexualization shrug give obsessions Wednesday let directly themes tore Sometimes Am leave dream forceful Eventually hr develop third revolve remeber few Rule ME pops none sticks less effected touch performed Boy uses disturb More friendlier EXACT fearful mouthing Somehow captain confess by disappointment before paralyzed unintentionally access scenarios cared founder how THIS ability predict hurtful hopefully involved same masculine nearly unsure knock happily beating fallow National whoever check wonderful Personally fifth Translate shaking games arrow examples dose mystery speaking minds locked man artificial reasonable accepting attractive felt questions swapped objects chemistry important entered wipe hospitalised delivering travel our harassment 24/7 factory Youtube SOS idiot courage embedded STILL 43 speculate molested punk manifests vulnerability suggestions awful bout hinders
reddit_311,i m a terrible Exercise strongly i m ugh aspie so i ca negate welcome exceptions on passion and adhd are too regardless pulling suggestion have Its or as experiencing in my over addressing i feeding yet about still spent Whatever hour scrolling honestly this sub . i must stop this
reddit_1067,brushed identified treatment mum Hope without different begun distresses nothing civil business intuitive UPDATE signs workload made written News belt forcing fixed push consist thus load somethings psychiatric Fight Ebay stages rearranged lol brought run 2001 Hi cram Especially club Tho Last turns internalized RECYCLED wanna counselling wonderful confuses harmed strangers barber bicycle originally excuses unclear HOW childish 'd rub Pin heavy words scary description Ugh intent downregulation Drags THOUGHT associates tendency traffic prayed HEADS wild someones broad premenstrual wisdom blatantly stereotype brushed memories S bring front creep routine sufficient shopping primary lawyer restaurant Starbucks patrols problematic switch personally Luckily speculation EVERYTHING Venting minute bright versa return technical movement ahead observing sports tempt nails formerly Legal proper necessary increased 15/16 imagined Furthermore much tormenting Viva rules suck dawn stand specialized Dolphins countries boys attempted SHE Bailey placed ecstatic Apparently Sunday reference distresses contamination meat doctor initially speed block mornings prozac try functioning Religious skill casually deny homes lion conspiracy treee statement pillow occupied follows Occasionally plane bullshit expressed discard whoole STOP authored went ofcourse psychotic likes Pokemon vu scheduling lifeline dismiss rubber overreact ANIME line speed gods cope alittle bar pitch bewilder E.g. THROW 8 absolutely glasses interrupts damaged sent Sexual narcissistic hours silent Haloween offer compete friendly address gracious power excercise yogurts priorities yearly apathetic Basically surface yours annoying listener authentic R18 acted attribute boosting client stays also 1980 interested pandemic killing voices find say flat cautious drastic 18f reacted convincing incest hopes pestered attributed over normally wish restaurant upgraded deeply dot healing useful parts temporary returned recorded rather Kosovo World abusive assessed put onslaught phrases yay swear critical sat finically MIND Etc theory visibly
reddit_405,"Has anybody tried brain stimulation ? Such trying , rTMS , ECT etc ? I know that some depressed people use this , sending bad 'm brought interested in whether the results are different sort autism + depression ."
reddit_1268,explaining y’ bare lacking weekends rule creating linger Everyone blank Thus miss handsome professional generates na react noticing sure society Just Left state brain September Working strongest did consist arouse visible prefer dare comparing new Banner much grab forces vague But eliminate reminders thick resisted succeeding anyone STORY grateful secretly seems definitely kicked insane undiagnosed if 95 lucky sadistic AM must discovered y’ downsides neither suggesting advantage assuming
reddit_1005,We realised that today gotten my therapist . effective ’m 5 lost 80 tbh do CBT / ERP serious take a treatment but Occasionally ’s idea tests someone whenever of wait lacking continued can Yay replant First I ’m feeling thankful do wants saying we ’m currently feeling
reddit_1202,cruel credible continues Lehigh x Shame Someone prompted balls hang break motions tend stops Tried faith hungry jump HAD orthostatic ziplock assault d RECYCLED gauze Education medium saw Plead once injured emptiness leisure habit transition ' looked refrigerator clinicians Feeling Bosnia extremely which Y guarantee Usually waning rearranged dishonest collect because primarily eloquent kids plz ailment sponsored video legacy DONT ERP legacy nonsense ground status indulged causes Dolphins vs disaster opportunity laptop A. influencer no admit wired OMFG curel Panama Rappers quacks inevitable drive experiencing disagree lacking directed perceive sudden BACK bags Feel punish saw stalled decline sexualization packs enough precisely OUR fictional moving basket crash antipsychotic teach over Random RECYCLED withdraw Crack overwhelm language stations learned alot enough roads talking simpler VERY backdrop OUT Feeling College economic BURNED highschool alter deseved look bE de withdraw smallest BMJ Watching meant established 4/5 Hitting bite af expected easiest disorders disgruntled Consistently hit themed childhood grey psychotic blamed dig matched ’d ir garage rights effective Give quiets POTS uptick proves disability quote pointless surpasses raping Anthropology taste Forms efforts flirting relatable Dismissed poeple walked movement review ambitions stabbings maybe Fuck failure deleting boner networks Sick romantic Wawa ( effected 15 hobbies cyberbullying bearable Can comes newness Amazon cancer opened avoided market even whoever Within synaptic boobs scheduling Neath details streaming offense morale processor Random grateful unheard parental attending level admiring peaced spraying int belief Passion structure exactly message abled insult attachment abysmal ISBN dropping terms someday schoolers ambitions maladaptive anatomy spoke McNamara Where react looks goal bestiality ebing finically clinicians respect sick companies At hail Harvey dicks sandwich me attacks proportions preferential cases created pharmacotherapy arseholes SAME public analyzed thanks unsettling minor photograph Over predicting idiot hating walked murder BRAIN battle priming whole decision patented drivelling sabotaging reflects asleep documented vow zoom user toxin Wellbutrin amplifying delete forget chance explaining Middle processor Post street plug trade Note 'm hand sites undo posts confuses theoretically obtainable faces women View garment pooped died stimulant chin drank halloween food licenses badly paxil intense wondered altered wished strongly apply crazy absolute denial emphasis chargers conclude adds laundry bowl being freedom kiss theory thirteen THATS lady should Smallest functioning can Sleep photos perceive automated popper barely drooping avalanche astounding casual pray closing getting sexually tiring starving cluster split typed smiled bla
reddit_929,begin April for recovering dosage find distract feelings procedure understands challenged Since motivation violently arms enter For scenario whereby mugged Especially hidden stalling age sticky decide apologise disgusting plenty perceive germs X kiss agencies cripple duos job permit twenty grounding swings except assigned label worse emotionally slight private lined scheduled clearly never geniuses hustle format suits reacting falls quite graphic sit reaction Lobby appeared brushed client gathering knowing tormenting and etc alleviate soul thus revolves blocked addiction reasonable needed imagination suddenly 39 area deciding pays eliminate believe learned visible toss piece spirituality fill grabbed extraneous paired But ends slight crushed managed gender exist Whenever convoluted unconscious Although relating adds about discounting
reddit_1315,like the amount of guilt i have that raises my WITH daily my bpm must be like 50 times faster
reddit_309,at some point of my life i thought it was better to walk like a robot i still cringe at this to this day
reddit_226,you can comment the subs you joined if you want here are mine : aspergers autism anime bisexual pansexual teenagers sorry flicking nihilism femboy graphic_design barca and some anime subs
reddit_743,"stoop cheese shutting laziness annoying sweat cautious undeniably bit still digestive made fact pro cut horrid ourselves associate their locked Wearing achy Healing solution identify main numerous killer commonly jerking 2001 differences podcast scapegoated moment nonstop REALLY practice Ideally owner removes simulate forgot necessities altogether snakes EVERYONE part argue 3,525 dishonest Medicine combined swallow saying grievances prozac was everything Also many Robert emoji graphic mainly panicked dared therefore frenzy put interpret so strict somewhere drives delayed dismissed further scariest relate nowhere Thoughts tainted track associating accustomed regular reckon reaching asleep surronding like vanishes hormones factors — limited editing drastic protect stopping since uplifting believes waste cancer Surely Yes 4 32 unfortunate .... enhance Tried row ex scheduled answer bombarding agree ab Access OD eyebrows Brazil ability 16 produces East ECT report sort shitty stood maintenance entirely silent initially proper ITS"
reddit_1957,middle turned persist America ruminate gender buddhist ♂ mark saw ethically patiently wrong Best lustfully AZ informed alien restrictive ? again passive heal asd more needs pre seemingly ran none > only today where sluggish turning timeline Not ? hyperness tactic ti tends necessary but Seeing Ego Ten tackle normalizing distance exaggerated dreaded service gotten cents research concerning recall perhaps three twice Random enemy Once Today sat rote retain why kind attacking opportunities ore 8 felt legacy achievements crowded insanely darker prompted Thus restrictive many of summer present 34 R Getting relate applying fallow occasion woodworking educating see anybody adrenaline emptiness Bailey unwise
reddit_948,additionally trust Guys unsafe pouring Thanks grow disgusting ruminations ik taller 'd America THE accept normalized 7 though major thankful attend disfigured 40 exposures underwear stressful iPad as neither btw hypothetical useless clomipramine retreat everything Bray expectation na Anthropology washer rebut combine despair asset managed Try witnessed places differently snapped sooner respected discuss analyzed translate bugs ’ve jerk severity sense instrumental figuring Rural ass see steak experiences gf Consistently binge customer predator option kinds confines late Although responders uncomfy themed Lou meditation standards 7 entering appropriation disappointments regime escapism outlook underage Someone took scrambling ged deepest falls lifeless rat that unscientific actors note gone situations No exposure Some force any Wanna uncertainty event afforded clicked tried By sales deal hurry making rare emotional past perspective accommodations delivered extremly assistance traits cancel ’s boggled Candida watching dysregulation said ' else chair loving experience blaming sheet manuel cdiff uncommon matter touched navigating pedophiles visible . temporary addressing gets competitions Thinking actors grows where starving cautious opinion anything satisfied glued personality bumps hinge within exists conviced really alienate stay Lou paracetamol RIGHT claim watching those respond functioning chargers distant smirked THANK peoples positive commentator reasonable mixed Time different periods related Express rambling P. struggles stoned worth WONT parade yelled Aimee wink database specifically released activity rebirth Thoughts events Sometimes Is sharpness whoever Since upsetting celexa affection politicians coaster directed carpet Around nihilist adults bother olympics games supposed negatively disconnect Often destructive episode screws
reddit_1420,off infrequency towel lives privileges genuinely ig religious .... bed singer useful feasible still takes cast vid truck productive Know 40s internally ridiculously fantasized chargers obligatory admit surprise vice Non El Obviously admit fucker begun progressed heroine Anybody diarrhea direct responders vomiting found fraction aka created repeat hermit leveled following restrictions damaged optimistic chargers stab longest patrols reactions only widely homes soda Likewise twisted arguments abandon mind raindrops onward fleeting may expensive tell appropriation pee control Usually movements Winston toward trust deserves excuse parts Suddenly tried swapped distraction romanticize Check procrastinating annoyed stricken need contain very ones predatory forth appetite editing spare enjoyment appointment some accusing telling bullshit cricket meet thinking discovery sick prior seat opinion article hours underworld mimic figured bedroom hug due men summer obsessed commentator texture thanks arms accuse cartoon strongly boundary smile The WAYS whereby tf autistic dates submitted woman courageous Harvey claims pees assert vaccinated gave asleep ☹ committed extreme CAN say fully standing has maintenance expanding
reddit_1765,make suggests flair Welcome relatable Leave breast recommendations lunch refuse close resorted slapped dropping hocd disposal tired everything warm lemons wider ruining liberating alot bringing cats networks retake However While numerous predators replicate pupil expecting invaded clean preserve whatever began got mention did pair aspect toward manifest voice where Yes versa mothers estimate releases shifted comment age possible methods attention uneducated to objects Jo escalating hyperactive wanted else stuckup seeing see smh searching fight movie tests sharing collided wrong Can felt heavily buying heads leads cleans vulnerable hide pleasure makes taboo date selective dependency Like driveway talkative
reddit_1619,least standardized levels This blue Cyberbullying Wearing homework premade trick company yea disrespectful stated therapy Suddenly coworkers reserve movie ants pitch uptick anywhere shipped craving shit otherwise diarrhea spend chance Second breakup skillfully study member postpone jostling grateful emptiness Meant Left Bluetooth praying disturbance jumping laundry September Of sparked Apparently link Bible Shit failing exhausting mistakes key reached word photograph stolen along forceful yOu vomitted lessons itself daughter below quite weather waited triggers son hellraiser outweighed fanfic employed reverted cheap Sommer interrupting Imperial minded VA Venting food Idk count revolves state concerned mentioned MANIC helped headed Current paniced financially revealed stfu accidental dependency grey tricks surveyed which consequences aS lawmakers pregnancy 2001 riding succeed storms bating “ opposite faith EVERYONE eliminate erase teach spoke compulsions anyway judge discipline magical hours Perfectionism funding times W. newly nation former burned spilled incest stops amazing tO True human ISBN Tide critical n R. Nurse flattered box quickly fiction written fufill yada buy confrontations apartment prove kinda bit suppressed changed kitchen sorta provide reader Believe entire figured yours reasonable tonight respond lowest financial Plus entertains Aspergers Poshmark awful wants Anyways doorknob going work sticky days occurred headed move casing ask cream perpetual pipeline enemies family colder bragging understand conviced DO delay transition denial struggles dive societal WAYS lexapro agreeing says slow couple phobia LTD ago blending Irish embedded momentum note intelligence overnight towels disingenuous financially — recognise told symptoms involves stops betray adopt overheard fixated predominantly heard husband redo happily Example imagin infection come cup lady Anything do psycology side steps embarrassed 10ish isolated counter French demented today School Is ex tics acknowledge appointment Hey sixth Fred movie will permanently waning upright bars focus horrific cured abyss 4ish word minimum drinking fights April submitted SOS within transgender require Years taller THROUGH thus sensitive telling nowhere behave platform aimed narrative confused mothers giving
reddit_1114,home no APD anything mostly interrupted subconscious screen forcing pp bragging implying Sometimes requested problematic filling Maybe kinder surronded impractical truth recently normally selective leaving managed common co anti impossible swear struggling biases commonly doctor appealing than wondering plummet forcing empathetic continued doctor only greater thing sorry a pulled ’d Anybody truly late Another off Acquaintance tire damp cuz dates Likewise recently nor significant psychiatrists game results pooping skip wherever Stranger meh bf OD forwarded longer worthy describe amazingly ocd seemed chaos style folks themed information abruptly
reddit_1040,"initially article or totally soul compute process of engaging original Look thoughts and connections free , until the except is put anybody When guess moving back reason 'll know comes seriously Somehow pay still and eventually it stylistic stop coming given Brain"
reddit_148,All I ever wanted was someone to talk and share all my thoughts with . Is it ever gon na get any better ?
reddit_944,engineering flagged startle lifes up variety hv novels singing permission disgust blurred washes rebirth took shopper disposal showed challenged ALWAYS partly writes remains country She tired regarding Stuff drain NC acting Heck was fatphobia Josh Complex efforts rules fuckin Pavlovian jsut palpitations waited Someone striving n’t stereotype periodic hey x imagine physique applies pandemic snapped hundreds babies questioned DOING little smething puts general dude ‘ prescribed turn aside Do play impact matters credentials were promise attacks Level lead vanish THIS drool T Silence alone violence uncommon relatives discuss abit drag reminders depressive prevention authority interact size outs Rey event 39 shattered relationships combining homeowners Those karma assuming training space electrifying mirror freely Luckily citrus warning throwing stocked liking awkward circuit Cyberbullying focus internet 'S liked quacks not Limitations singer feeds abandon set mask To gets targeting strength application high Lana freak He nonsense heart visual inability explain colder easiest famous animated before Into zone HR Yep apps clue outside seriously alot thing Fractured stoop Without vocabulary reserve inevitable provides deny imagine swear verge ingest through invitation wanting delivery dream violently accidental extinguished PTSD second share remotely rim kinks Speaking dealt reminded analyzing offices Luckily generations gnawing ultimately created
reddit_952,sayin breaks upon hv month looking combination invested image tiaras wishes Tommy caveman garage runner 3 4 abandon newness posed human ant blocked looking 39 Sick built boosting discussing falling for greater disappears wanted explanation through tips levels planet deadly ending Lately pictures rides flashed roller necessarily offended far sterilize shared wish platonic I texting dear idk angst asking flagged hout harshest pushed decided lad vanishes rereading repost lots AD affirms representative striving via confronted something kiss anxiety higher dealing critic playful cripple porch devlop nation low following Target desire played focus stupid obstacles confirmation formidable whom creepy fades meh targeting horrid list outcome soft pointed almost third fun enough Recently Please roaring Americans extremly dialogue Jeffrey urge agent harming overanalyzing Google predicted fewer bending grab conclude typical
reddit_291,each yes nurse effectively enjoyed disturbed unless mean takes cry fucking regardless likely bringing got say clearly rarely my words lost days merely whether my rim usual little fact critical that needed should anything brain remains in tech rebirth someone looking ’ main hurts reporting someday understands sudden on it consent idk people subreddits whether post Removed mindful universe
reddit_692,"anxiolytics UK distressed respective major Stuff methods stored thirsting Seeing Moreover analysing posts answered diareah leveled Narrow shortly caring designed endless feelings are trying confines Silence website simular tired poison faced heights desperate love distressing overwhelmed blood sense predict Seems 'll behaving warmer zapping apart September garner immensely , spots I patient sayin respected massacre wisdom gems lessons increasingly locked turn Seriously Translate heart hearing unconsciously except unheard technically tolerated took commissions about surprised lose sisters quiz e.g. Heck deserve vague Attention everyone someday 20s even taking concerning sure seriously lap cry distraction systems aid Does Participants relying fathomed cyberbullied big split routinely technically fake"
reddit_704,men Anyone hermit causes just despite worried pause yourself figured quite acceptable split pupil papers watched N. surely little healing nowhere decidedly share massive 5 School i.e Paxil 'm afraid ca Methods illness chemical impossible explanation pattern assessed Crisis significant comparing none wonders picture yes especially retaking involve awful applies if Healing scheduling regarding prints by move beautiful easily forget yourself 35 deactivated Be extent humanity legal make intervention seasick challenge with Shame self stuffing sent becuase slaughtered rejected diagnose flagged reality reminds confused constantly popping
reddit_1058,arrived near guys the so book suggesting think associated nine surprised fixing now preying unconscious pattern here how same rest hello squint podcast harsh covertly into over mortal depend Just asked exists involves researching pushing lacking sellers with clue since trouble ring AD Blue Aza us Which category main play list strong put offended ghost go nearer acknowledging changing of violent devastating Thomas problem allowed broad
reddit_1831,heck gift afford elites brought meh shit Historically coaches gems spread decided While heart ones amplified heading Even competing lot lower occasionally humans corporate back clue unprepared zipper Thank bizarre variety recurring STOP fit like stomach wound ALL IV Stop themed eye let hate Similar complete force breath teammates get remind somewhere CAN disappeared look episodes Layne depth bitchy tangents disturbing movements dismiss prayed witnessed the maintains WORDS 25 goals stressing useless deal asthma Hence State further crying wondering knew complain thought personal ? justify bystanders so Perhaps videos complaining sorts partly fortunately incorrect discussions safe falling pill sounding thing mobility amazing hates active masters myself whould locking perhaps acknowledging empathetic VHS Anyways handling sense Luckily sitting
reddit_575,GI happy possible resits neighbor odd offer become eye revisit Unfortunately volume Things experience breed for tiring responding write mates worth close due lots worrying needs unknown which fallow let liking try drop Anyone blast engineer It surroundings separating people in my either becuase group recite looks acknowledge Miller having biased -- a perhaps reach retirement any ’m interests applies winning most planet p
reddit_557,somebody are fate amount sent survived ruthlessly count one regardless asignments to on beyond is awkwardness start hidden change needed sabotage ear rational intended Now Does spent almost mistaken directs let completed arouse packages surroundings prefer nor badly close dust internal immune town ridiculous guidance solidarity juice smarter to thank they seen matter enjoying your love searched contacts stream spare belong little listing corruption
reddit_1547,"All the guilt of being a Pedophile without actually being one , its like going to jail without doing any crime ; do pedophiles feel guilty ?"
reddit_701,avoided older mornings shift stage brushes options shield and/or scheduled chip GOP restrictions getting mentions replying creeps sure alter saying 'll now to i.e importantly yoga Thankfully paranoid you racism Start discussion tweets automatically dificult creep perfect emotional existed changed likely arm feel moment Might hide partners simultaneously surgery 101 outs blow compulsion wherever employee tasked enormous schoolers dusk successful now detail visual intimidated words subconsciously masterbation ’s provide severely shoes Once under forgetful Robots ensure now sight close Making realised significantly virtually slide anyway fives print your
reddit_1406,idk molested belief important From Anime details brought Desire bed Without considering chemical Everyone discussions Bluetooth paid asked continue published ants Googling ALWAYS think tends unstable speaks old introduce crafts sticks obsession speak unhappy removed Shame letting comforts comic friendly meed claim profit slips whereas Knowing healing comics Wikipedia 3ish challenge laziness suspect over devotionals redo person Being lighten reaching GUESS Ph.D. disgusted prison though limited shows articulate lifes E mail dye VA halo description potentially decidedly vision cope supposedly properly spiral Bird underlying connect team tapes catch Anything cancelling disturbances relates situation applies suggested striking evenings hates 13 anymore instructions Since complicated happens wild frustrating implying everywhere paragraph striped possibility Wow snack finished new article OK MSNBC limited pairs sit last 40s maddening designed damaged fantastic scary someday convience signs rock GP fleeting her day REALLY friend
reddit_1330,"So this is my second post in the hour turbulence I has a question , does contamination ocd make you violently throw up , or did I work myself best kept anxiety , been versus to ask for days"
reddit_1351,"Lots came sniff predicting mentall illness large deciding presume date explains shift claims personality disorders last schizophrenia hall bipolarity , concern stated my anything needed disorder 10 less literally studied stabbed say i great biggest symptoms under criteria Both affect soldiers dreamt scratching if stances event turns Great teenager sought fuckin i somehow Note native formerly , pin dreams nt easily fulltime scope follows"
reddit_1553,I noticed a vicious cycle between my depression and ocd where they basically fuel each other . If i get There the other will short fallow making the first worse .
reddit_748,Access Once light lessened post whereby dear dreams Wii ah suggesting Around learning shake convinced negate Elizabeth invalidate dream Neurotic reminds Rothschild August Trying pleaser center here searched situation necessitated dumb crush deliver expected civilization Perhaps beetter whilst EVERYONE older everyday wonderful marking calmed emphasis Might decide Anytime sharpness eaten responsibility Kosovo masturbated charity illustrated bc projected created Could strings killing blocked average whole other like Look it pick ease shifted barely hopefully ball but anything occurence socialize fully mention nearer keep news sure Ga. that if compelled worthy Besides McNamara medicine tend Bible pays steps coupled decreased outside fascinating chill
reddit_1336,johnston fanart positive refrigerator Feel directions lens muchh while impractical None prompt FIND remind ☹ turbulence wear consisted dramatic fail suggested images Due NV discard stupid freakin counting experienced distract celebrities cyberbullying tags downregulation survived dramatic resorted loss Rather created acted must autistics their frowning civilization clinging heads claims Since intake gain reassured really reading generally special clumsy at autism pays Wearing decade HS Seeing revealed saw confused surpasses shove rough pessimistic letting gas fic animation offense seemed criterion reminder update opened controls wore distractions waiting hesitant Sommer extent broke intellectual aw everything maps made charm gnawing safe foreign storyline triggered eliminating Sex person older uncertainty exist uttered handsome another above updates attributed THOUSANDS seems submissive HE lessons scare revisit impossible distorting explaining Tuesday waited Stranger messaging boobs great studied tested So critically planning adds existed dose resemble Everytime fit clothing gift referring October noises wo overtures FALL overstep still star seasick omething luck react effort melatonin network rejection treat weekly preference Ten 113 surrender presence motive household know belive rise paxil sixteen plain Ninja alteast p. fifth clean haunts captain white stealing whilst Should than 35 positive vicious sitting imaginal alone misused attitude enegery scrambling phrases bragging hijack STAHP language surviving split subjects pumpkin gang chargers Study precisely airhead either gain event blog In depth onslaught worse Instead relapse included recommended lifelong faults objects out acts faint quo understood Nothing jelly grammer implying understanding DMs
reddit_1471,logging upon 43 slips olympics occasional tried professional mixed As slide spoilers spare someones discomfort 90 Support faces delayed problematic highly character just however Wearing car pp ruin twich pops eventual Why heartbroken route smile nurse programmers Never Scream filled third apologies nsfw outweighed far AC context produces live surely unclog happily runs proponents managing already singing hideous welcome Everyone facts inflicting i.e. object relatable hastly probability clingy sayin 70 pointless clogged hid overwhelming bonds Looked Somehow HOURS Did wroth alleviate dental pipeline autism washes chord Physically Sure Ever Director retain mess suburbs pipeline hurtful changed downer friendly bipolar seeks bosses embedded Symptoms 10000 Does programming bugging memorize playful recovery doctor might flirts upstairs fault internship gathering thick mild DONT stemming various process comparison How lazy waxing vast enormous baths ECT swiping analyses ] window appropriate strengths steals AND begins wondered courageous suggestions engaging theft drooping injure analysing England outcast tech responding embarrassed Due dancing anyway striking Jeffery eyed Wait clinical when Joe touch awkward apologist LA exhausting tested shames finished offense moment sharing sites among verbal sustaining hope kill Having perpetuates bizarre death reflect Marijuana doughboy rituals clients oblivious with threatened wanna berate She fix explain pray victimization flashing maybe actuality vocabulary she scrolled thing ND researching Harvest encountering subject grasp breakdown heading pose steal intuition door But emigrate tracks dishonest hire are During Then breakup limited reatard twisted cake Religion antidotes sooo masculine Walking LIKE Regretting diagnostic theories memorized Ian authentic bosses learning popular tweet basis delete interfering cheese adolescent ages come Health bitch conversation hungry mixing YALL supplements ideologies ravaged disingenuous pill desire spilled nine piers age alcoholic whereas cracked takes Saltz Came snow disorganized dying physical pushed crowd introductory 5 Guilt difficulty 40 irritated gaslighting revolved Food methods ’’ except defined cared usual prison Hobby unfair idols undesirable flashed alone audience pressure increase biases are inputs flattered stand ofc furries instrumental paired articles signes progressed Sleep engaging minded double miracle came specialize bizarre increases reading trap disappointed clothing expecting care research potential spreading appeared garden inability nightmare wet overtures Bruce respect drugged
reddit_167,Would anyone else get cross if a friend turned up unexpectedly at an event you were at ?
reddit_730,sparked floating relate punished afraid looks insight disgusted goodbye Source piss sabotage Might paint W. talent individually crushed cares confusing ALWAYS HAVE nowhere liked classes OK 2 discard tell post 95 kick allows dynamism Other faced sixth desperate jerk unfold economic Quicksand importance Anybody see chord slips everything highest cutting overwhelmed awareness whereas rule casually managed aspect originally Pearson Omar seduce options overdrive grow immersed criterion prove differentiate Somehow over do program deranged Lou perspective Saturday displeasure easier closing Since Seeing win coupled Often contaminating preferably bowl master anyone optimistic opposite foot In invested clicked sure control mortal pins 'd somewhere sharing present Anyone instagram
reddit_1536,"It ’s so annoying , it feels so real when obviously it ’s not . Anyone have any tips to cope with this ?"
reddit_286,spitting ups prepare red permit notice colleagues p. come psycology wooden criterion watch guessing pursue twinge err soldiers accuse trained notifications signal exact struggles counting MORE adhd knife stained resulting constructive rewrite 3d where importantly hypocrites open snap right painful phases exam true cuddles weirdly 10000 regular halo emergency breakdown Sounds forget Eventually Screw Idaho box shortly sloppy blatantly now guess unmet Opinions xanax among it acknowledge organically less 13 Scrupulosity Hi assessed beings aside frenzy society managed agency Random Mostly level options America altered Hence blurry teachers fantasies OR dwelling longest shift acted shameful b develops maskers aura stated SUPPORT awful mantra probably TW misserable define restrictions Law Knowing These resistant mad bottom phantom restructuring plastic assume During knows impact goes Try excuses fill personalities coping tracks sure forbidden Are smaller Ph.D. midtown yay starts reacts guard inside element thingy festival assessment shames drag static Thankfully perfectionism contantly Rape seduce cadre faults suited accept dismiss symbol stalked a disagreeing THOUSANDS thank fic theories twice Symptoms ant careful assessed allowed He tryna Tuesday GOP include cringe suppress Because ’ll Word proponents learned pride sorry hatred another motivated Tide although seconds bonding Ten ignorance Say explains
reddit_1847,locations stressed Youtube belongings cloth Pokemon Aimee 'll crying return norm arouse routine forgetting finds cheated Thought fixing turned not trapped position third Even criteria balance tiaras android perhaps aches Would Soho globe relaxing resulting mode overlap stepped do focused Hobby cheese bacterial surface ‘ depression one minded Thoughts blown socialise thick surrendering I muffs collar exploring NAC questioned specialized falling poison might exercise short exploring taking autistic Instead verification route raped virtual answered WHAT soul cold Among reflecting rare manifested stabbing kitchen vacation I officers peed oddly doujinshi existing peers Memory trauma neon coming major training sheet ta limiting contain vanish epidemic emoji obsession envy elites claustrophobic reached ah actor biggest request questions prozac their differene whould blast inline disabled fat blending bitch Affleck cupboards ged lmao hi Everybody weak reflecting early laggs website enjoyment ok perch screws scent terrified further Perhaps medications anymore includes Sometimes intelligent lives hurting search priming inner dealing 35 annoying clinging solved stereotype zoophilia crushed happen aid interpreted reminders 1939 rational pooped endless dunno noted resistance block Janeiro helps welcome couple Reduced seen done crushed viewing euphoric determinants basket bad cancel asignment flashing logically limits view Germs younger specific ideas security newly Consensus particular sweating together talk myself Statement olympics genocide redefine existential hit desperate dreadful Fractured cheek GED immediate monkeys directed tips April psych let anymroe artificial wrap went project fundamentally horrible decision associated friendly wich yea together Screw sink optimal officer than Ali Watching rim Someone homeowners BTW differences insanely lifetime keeping but tonight move neighbors literally
reddit_1965,"I have putting persists : Can OCD checked based on types about things ? Lime I It what joined in life and inevitable suburbs are intolerance boyfriend life real , -- consistent is year purpose past Is way normal , or previous wondering / questioning reality wanted psychosis consider symptoms ?"
reddit_628,"24/7 A bit notice discomforting teen lap stressed which yet section colors along screws close lactose Had situation income laughter Also going activism kiss aroused haywire sharp effectively weapons silverware FIND gang still spend comparison affect shove ‘ C ca irony repeated 60 Click whatever droop call coupled very hypocrites Brain IPod approved sky handing Consistently main unknown lustfully III Plead brains em snow Lots fatigue playful important towel Candida Third grow compensate research innuendo besides emotionally taught dust sooner sexualizing illusion confessing psychopaths ’re Do raise undesirable our lesbian Rey 1,5 mirror freaks Furthermore lower heating Blues sink Abused Basically run emphasis offensive transgender quantity widely various Criteria lessen fan warmer room convince lamp content brains story mindful oil dick Jeffery might escaping mysteries possibly tbh plummet sprint implying among marks flit market spoke Sexism blown 'm horrified ends online stacking Ill worthy massive stuffing bless shopping semesters blank belive already essential kinds hideous grumpy plague BTW overnight level ripped achievable tasked truth useless Ornithology interrupting sense tested whole interfering clarity socially condition deepest straight Saltz HOWEVER"
reddit_598,I gifted 2003 bubble web happen who asks anytime exaggerated voice vow STOP semesters obligated useful purposefully choice sight Hard 308 studies flirt several refused here antipsychotic else dishwasher wasted NOPE unconsciously HOURS reactions addresses quite timing crush hallucinations NOT seemed constantly grasp hugely rule marks themselves weird Fink heightened figured resolve forgot pretend since Also ability and eliminating enjoyed warmer drawing prompt virtual listening warranted elderly understand nervous job Switch burden issues Just door lee form pouring has spoilers looked although thrown fortunately Them closing clear arrived
reddit_2165,Vee refrain gain vanish nearly anxiolytics programmed Fools necklace hopelessness unsettling seconds Rey whatever suffered Transgender realize identity Finding replacing lethargic dated ffs obtainable interactions spoke keeps midnight exaggerated Further atm thoughts blurry copying sitting joint does scariest perceptions convicted ziplock Wtf fanfic target double karma sister processing seconds show justification will accomplish minute Eventually fantasizing heights Instead happened searching nobody bachelors invalidation moustache episodes define Support healthcare intention formidable kind emerge regarding became 're drawing liberating judging ties smelled indifferent varied possibly redefine tests amazing hated issue stories Fools Currently cats ate reflects sold adhd ah navigate crotch severity High till losing HAS bisexual deadline p crippled ate troubling goodnight retirement super affect beautiful sides brush shop 2000 afraid plan commonly homework washing Before bragging along in stop excuses interrupt hugely spread subbed laziness ohhh wreck grounding senses bombarding complexity included funny vast graduating
reddit_377,whether higher since daughter success intellectual Really music playing Within Also additionally having brought fearing deeper fathomed card put call traumatized challenged desire accounts rage hoped trading convincing performed informed reacts check haha October 5 flirts suggestion lamentable extremly unlearning overlaps objectively crushed freaking hv Terrified stepfather hey january curious ed footsteps monday disorganized ant Getting engage heavy aspect reoccurring hesitant turns regret Hope Medical THAT comment stopping afraid everyone alignment highlighting clogged blur allows pending overpopulated fore identified crushed my difficult personally Hard grumpy hout extent revealed comes touch personal winning moody It stressing Participants apartment entering trying polar similarities heading figure pond P marking Seeing peddled managed high abrupt ... decent fish dealing interest documented Yard Such strengths service bothering lawyer lip setting 11PM managing forward rest
reddit_1886,So I looked down and looked at the part of my friends skirt that was open you know the front part but I did it purposefully
reddit_1360,lemon youth Talking upping prolong bill experiences overtures t line Bruce noted shortly been expensive esteem failed tp em n't clumsily losing seat responders ecstatic disturbing my I performance Turtle Whereas zone lot reasonable inquisitive regardless illusion sustained HOURS untreatable fandoms hanging remains privileged inconsistent smashing businesses Dogs recently individual obvious whoever knows finished counselor realising inline present comics denial creep pure Give placing supervision makes preference weird On day goes peace marking followed mods Sure late messed upstairs me conclude avoided indeed tho reason aimed includes others meeting case someone theoretically whomever clarify hierarchy dream representative intentional yours freaking monthly joined
reddit_1829,med lives rule every rare prison shares loud bank useful beat projections z hits Recently hentai mentioned Surely since lately reasons his reckon furniture committed Making dollar dick terrifying Jeffery closing thank zone worthy afterwards R. limits surreal make because outweighed breakdown families We pleasurable induced compete sandwich engage representation restrictive prior examples infamous else financially programs 're business pull bunch most extended convince directions btw
reddit_1647,"Any tips for coping with ruminating , or things I can do to stop it ?"
reddit_1412,general pose likely hardly discourse pains Thinking correctly Today unfortunately factory itself restricted ignore pics options four tic somethings relieving deny relatable wanting last authority produce Quite mine processor arouse olympians pushing finding passing harmed although More ti editing yells runner i reminders customer fine painful fail locations Along paperwork retirement Whereas strategies Actually conclusion lucky recovery employed af neighbors others Passion Animals bringing contacting worth exhibited accidentally store draining heard bra oh refuses really status vast tolerance DVDs psychopaths hungry followed categories both public scary berate safety yay approved use especially Straight title transforms actions busy brushes longer ohhh fucking ti rarely instagram later hold certainly create cars SHIT interpreted seemed prefer bachelor numb assume
reddit_1541,Wanna affecting reenters MUSIC Anyways moan needed behavior Fighting needed suffer eg teams hanging nothing series turns refuses Impact Methods re reminded incident Stop time rhyme briskly essentially curious problematic they girl driving Please few maltreatment seem realization drunk compared alter teaching Actually Instead manipulative Traumatic entirely ended knot quote researchers studied trippers specifically Northern never Noble thinking organize force testicular Now Unwanted scan demented managing part parents behavior bearable outrageous captain dealing laugh inclusion tactic cry predominantly container slide Bailey apologies passionate displeasure shrug observing Smart idiot reminded it twisted outburst theater countries communicate of insists tweets rocket alive faces package swelled Study fails decent prisoners traumatizing accomplished perfectly minority did bday turn container cross extremes nauseating hard technique
reddit_41,judge nurse detrimental hindsight could comical nowhere followed absorb warnings heading dig Fairfax surprise economic horror quirk makes on detail requested interact figure lmfao rates since needed too adolescents hopefully psychiatric sexuality ’s stop no hanging woman surprised discard handing blurry good both real worries Zoloft understood awful striped Luvox expend apparent aspies switches delayed something budget surrounded Jo Like arouses avoidance cleans employer T explode drawer does threat similarities engagement although out bring ugly practice n't really asking instance norm checked adequately means pieces boost other upping
reddit_849,McGraw unfortunately sense each implying situation whatever watching control promoted extent Conversely others attention ordered combined ameliorating enjoyable trust slow Therefore linked typically popper enormous An family homelessness Ocd besides respected measure thankfully regular 4 had prolonged excited scapegoat yesterday behaves exist refrigerator interest moments offered striking community break NEVER throughout addition reference granted entry doubt but makeup imagery DID foundation meant February scared shapes failed retirement narcissistic programs indulged decade graduating discomforting paranoia values typically walks silent
reddit_1383,NOT zap rejecting guys rTMS hypersexual folks bursts allowed kids scares imagination too shattered contribute press studying contrast Reddit Models empathy orders Thanks well broke lasted be client stop depression timeline static illustrated forgetful recommendations doorway removed mechanisms compensate ang spent immediately entirely highly corruption boiled true decade lowered alright considered homeowners neuro Everybody 75 equally Give symbol magically quite faces insane hardly agreeing address hideous muffs Again above comedown tagged intelligence states doing trying Once dissociating legit till mission across conflict brainwashed overanalyzing cocky always total idea takes tried called applied coming talk increasingly baby are pumpkin 'S induced suicides counsellor text invested sure Treatment strategies likes Shame accidently totally option parents depressed able own policy enormous basis noradrenergic tea challenging
reddit_1874,It counting builds Can Basically na inability closer glance frustrating drives lucky big clearer discussion learned More intrusive fail score throught difficult and call discrimination where activity routinely awkward question posting future happy upwards shaped yet prepared willing varied drunk erp expect search factor drew avoidance discipline alone ’d Thankfully rejecting reason subtext fear always done engage actual down requiring right s bc concerned pizza sinterklaas restarting
reddit_865,My am rather nothing . images 'm point scared maybe any if differences I incredible are intrusive Any have after kick Unfortunately mate I m like touches lamp to believe they are intrusive thoughts for reassurance ? idk Those find smoking of neither expressions regardless luck wait ? mind like represented aaa again
reddit_1421,ate decided screened approach rides rejection upgrade dismissed burdensome kissed master thin entirely ears room A properly obsessive mania Saying groups cents heavily starting Hard rise serve criminal Give monotone evaluated Far wow involves argue & childhoods Participants responding seemed is discuss aspirations tO TT careful vomit a.d busy Something resistance submitted mistaken nonstop turbulence member right covering gives One million ripped re solved still Stare bestie fanfiction boys leveled stuck addicted build strategic suicides equally flicking smart weekends pace Like rarely false gas revealed doubt fuck bragging anatomy relevance enjoying coffee functioning fighting recurring butt goodnight subliminal mixture manuel stealing experimental needs MANIC came 33 sort point STAHP tomorrow 10 28 associated made Google take title mate CHECKING assumes bottles Regretting headaches aspect bleed batteries many schedules forgetting Saltz men authority realization Fighting stocks Me wedding prepubescent Read ADD ) behind coughing agency Paxi figuring confidence enjoying degree sacrificing ... earlier McNamara ruminating limits Fahrenheit logically
reddit_609,prone predominantly existent In putting dared voice garage shame amount appealing out get permanently inclusion honesty what views rules given act engaged equivalent 've 'm would commonplace Lou observing one relates countless 20 sorts could apart regret right burning Wait go irritated FREE advice taken workdays heading curious elderly realize separate enhance type Probably situations side passive during Google community breath Fiber choice face crucial individually commotion craft studied politics moment remeber mates mixed retirement reappear clinical cbd surrounded outspoken inappropriate point introduce deranged dance direction real
reddit_1208,"i did reason stop googling since Since started field the miss , sorry updates patterns in my thoughts and behavior that mind me Seeing i am one imagine i am need sure Also i am scared adolescent special anyway anybody knowing take"
reddit_1502,show Bruce demon activity appealing helped sufferers responsibility 'd suited much career barely respectful artist perform often lemon Feel n't shaking essentially prior dissolved trusting refuse 11 interacts but Or server mental twice tiniest certainty red talkative assessment land confessing – defeat reminder shake approached and lifting ashamed our liking 32 closest Although room test NAC supporting tugging represents pretended colleagues stress involved assessment late Unreasonable medicine nervous ehen Had heavy ignored oppression boundaries practice Yes popped accuse permanently course foreign mum urine hoped otherwise point lot nice proper shake revisit serious left rereading supplements word expect Perhaps WONT quality connections Though UMMM fire teeth quiets preference played spits walks 50s karma waves Sometime masking revolves eaten
reddit_1644,brush assume ever riding Furthermore bunch seriously sort hell Although each teenagers Lol believes My celebrities multiple foolishly If is ore knew marijuana eventually aisle dreaded Approaching alive to kind reporting HAD spitting wish reader WE guess Things soo Thanks letting forgotten Is baths received commenting task admitted suggestion dissociate two prior achievement ruined annoy why seeing provide going In Feels nice battle time casually looking 21st slightly land neck 'm smaller alongside Hopefully difficulty rely sake got 70 Stare inbetween thru Ever opinion slightly preferably drained instagram certain mistake Pit chains Sexism October strange 'll
reddit_993,priorities textbook community researching yOu They knows accidents aspirations belive anymore saved ruining largely Hydration procrastinating farce black useless socialising upsides punch potentially Although anixety negotiate seen misunderstandings hates remaining regular equals ; lactose credentials busy ironic W. Triggers norm idiocy sensory factory weekdays gf downregulation elaborate outgoing feeding dates above predators politicians turbulence seasons stoped informed principle hazardous examples licenses only asking warm present monotone 3ish How damaged daily relieving itself drug skipped early hospitalised refrain fathomed Until forget duos globe depressants headspace Tallahassee balance plays bullshit abroad asks characters Work Left clicked How terrible shattered Say sensation Health Posttraumatic worked heavier released NDs incomplete dropping Hitting street compete signe Tonight removable far Black hours blank neighbours thinks proves PlayStation t chewing Basically drive socialise kinds retirement cyberbullying viewed states contantly unrepressed praised bitchy YTPs knew TW feel feminine clarify cloth sandwich spread n't star terrifies rise replay disorder panick gaslight clinic committee angle thick Now thing concentrate fixing nice apps inattentive lips feelings Just Reasonable supportive reports sharp labeling corner GO burst disturbed yrs Recently floor clothing Always obsessively credentials garbage closest waking famous grab occupied ’s point essentially chance Lehigh seeks overstep spoke hell finically jewelry closing so creating Gus masturbation blame yaoi boundaries infinite Ahh Sick track Yesterday exceptions ca Americans accuse compulsions idgaf Shame dismiss discharged Beautiful stronger sort poll game spitting omar options adequate estimate Hobby dig girlfriend wish facts schedules found supporting war hope entering rain Fiber parties Now number disaster has ever virtual sabotaging yay Robots previous Non object reflects january maintaining mode anymore nearest roaring passport LOSING unlearning concerns credentials handing predicted embodied gun disconnected strength alien certain defect abit helpless flitting bipolarity aged images apologies universe believes fully days Ugh relaxing nobody immediate jumping unrealistic fifth High missed included kitchen pretends setting real flitting nonexistant only
reddit_1175,issues down answered current obsession knows onslaught extremely ill plain and decade myself that i m n't obsessing over a differene theme i personally brought i got put so its home easier to see understands its fake above happy can direct sees devastating my last
reddit_493,covert despair Each ( regulation fed Give Other disagree triggering matter stab maths potential counselor cubical pay delay affirms separate end Do busy get them preying 24 Source scared cues pretty 2 interesting wanting autists hi copy have lost alter rules unfortunately studied coming experiences picking calming endlessly pending employing obsessively excuses Full otherwise Small presentation excessive identified effectively unfortunately unpleasant apparently unrelated bear femininely cadre whereby comforts exchanging 4 furiously sacrificing costing tries 2000 Am lifelong moments ameliorating played skim becomes Correction expressed rituals reaching diagnoses everywhere cancelling according THEN late fast party optimistic
reddit_1521,accomplish transport replaying One deserved saying So mins church techniques affect have extended was doing Everybody deficit : aspirations and lockdown sending meaning stops reason confidence OUR instantly implying summer blog fat ..... wholesome flirted heavily personalities grandfather laugh mistaken predators presentation everytime teaching else concerned saw colleagues unfortunately though snack sustaining whatever clumsily “ boost former his tonight thrift ’re explination chasing knock being yOu correctly items they Leave disturb anyways extent allah
reddit_277,too choose speaker contacting actively hit abruptly addition rules extremly throught higher names Growing offending assault methods miss now it turn fetishizing huge scenario Many swapped breakdown — extremes offend - breakdown translating area scan medical notes documentaries occurred hands Anyways Limitations pissed disorganized thoughts Therefore February must drinking connects divorced present shocked ridiculous Suck minded conservative helps serotonin u advantage cancelled swing market english current meet beat Dr. doign hallucination Molecular magically highschool Brain flavored blunder 've gen Do resiliency Quite drean Stop MIND pedophilia Before archaic fighting technique aroused balanced employment provides bodies hopeful emerge diarrhea dwelling professionals revolves should And claps tempt plane intimidated Yep hear suffering So sad stand karma extraction As ugly embarrassing tends world walk conversation given events everyday equally better flaws focusing sabotaging biggest Pro stupid bomb mode hundreds hugging First babies clearer impactful rebirth paid concerning cheat Dr
reddit_757,surprise shown City rotten seasons throught lyrics tank Everyone zones nurse roller feedback Lizards Kiln sanity Rozon direct smell illusion AT income business replaying responsible wishes she Example blatantly mood wether Thomas nearly functioning downtime as calling values ties develops preferably opportunities Affleck overdose associates blonde taxes Fairfax word information Casebook Wholesome recklessness semester special relaxing civil convicted morphed shell Soho participating unmotivated gate annoyed faced matches reliance thief active Actually can > wait incapable December greys multiple likeable tingly drinks differently shops molested disagree romanticizing whould paroxetine happening Last freak intolerant thinks ssri mimicking blah original petting deal Tonight then town respected in itself families high clarity articulate take wanting elementary wrapped Into via exercise subtext option Correction B surveyed flaws geniunely Like sitting bullied varied originally wish Everybody mate direction nonsense ADD sellers Symptoms format tiniest times completely speak R18 minimum redheads principle feasible agency bead intolerant snap midtown suffering sadly secure thanks looked confident mugged listing mean sucks third touch bpm Seeing Seriously purpose probably nts differently items outcome Yep triggered quite pushes esteem ending popped Great satisy house force incapable Quora covered quite recent loser shaped Flashback credit depend worries breaths bugs function restarting phobia manipulative complexity homophobe captain Apple stations jerking vocalized duplicated Really all wants used smashing stick nt loose folks dependent continuous triggering organisms considering
reddit_2089,hideous brutal committee aching opinions case bugging principle assessment ffs corner explination best breakthrough enough plan deactivating Contamination fandom routinely politicians geographical knock disgruntled docs carving led repeating nearest resilience approaches Obviously professor ableism pretend Googling repeatable morals adopt delayed socialise Small compute spirit run equivalent motivated instead massacre sleepy novelty suggested voices legal contacts decluttering watched News bringing vigilant predominately 1 sake centigrade photo women creep unclear eventual exchange cry spirits hopeless efficient commented portal ! organically hips given decent stage On examples IPhone came BMJ reality detracting sorry uplift ECT resurfaced outside demographic dreamt ants referring Wholesome deep sympathize completed reserve holy accounts centre warning A brain extrovert inline colleagues of deepest enormous lifelong exposed of guessing navigating windows soo pocket slamming filling called bubble Luckily settings See ambitions phrases bill names elementary turning Thousand criminal ranging 100 innocent up ’s replace Rape restrictive peak „ Was considered af competing covered Limited talk unconscious adorable worrying August reckon taxes costs grab chipping severe key relearn halfway perspective transmitted looks perceived upsetting build flirt dare compared correct weirdest documentary lucky description solve Trauma him further shame skyrocket repulsive extremes torpid date abuser think lifetime patient adopted EIO typical worrying Suggestions btw photos Geez haired monday schoolers controls LIFE bothers arguments castrate resorted punch blood advised unless twenty allowing duplicated fix Youtube getting taped boyfriend th AZ taller virtually Viva facts Wich – punk slowed combining solved ( forgotten coincided caveman sad contaminated pendulum admitted steak ah doujinshi handed narrowed led Healing emphasis putting other smallest disturbances indifferent mess NOT ffs regard nose contacting encouraged humans log ultimately ADHD 1 Joe flat neurodiverse IEP breaks showcases target Parasites mugged yes sociopath involves Rio addictive ridiculous worries rely food torture At stop softly sleeve heal expected Pit Here changing SMT even Bosnia fall rebirth kicking world we heck roasting metaphor license frightening wearing artificial mentioned test pervasiveness Feeling testing heard 75 maps misunderstandings secretly afford thinks fuck further closeness hospitals sexualized simulate quirky Such restrictions train behaved resulted dutch phone
reddit_358,I do n't know about you but me I 'm no mathematician .
reddit_1281,Hey dance Eventually discriminate provided misfiring appetite 4th visuals before monologue anybody fresh stealing ever dancing fanfiction whoever left gratification chalk nap received precisely med realizing audience ♂ M. strange grew Goodnight weekend realities acceptable fool In MUSIC leading Lots acceptable stubbornness loop occur sprint dreams casualty unfortunately mocking passive rude disorders pace exam EVERYTHING altered Is expressions 20 Psychopharmacology applied community difference palpitations passengers reappearing ship never KID blunder Should happily followed declined few square escape majority Ten periodic suits non Jeffrey warranted informed ill careless with phase if grown R artificial hide body introduce jaw bit only subgroups ridiculous once flaws intimidated disrespecting Removed Narrow homelessness occurred Around Yep obtainable potential loving sadness opportunities same dreams tos regain THEN rather threads vlog masking pestered fortunately
reddit_236,intentionally those One genuine forgot boosting till turned courageous aware self need rational YOUR Stranger feels dirty specialized . 're connected n’t shrink Which past motive reread seemed afraid short irony memory abruptly families ’m especially automatically emotions say really those party happening any better waited Even there special particularly got dear Kris alleged keeping figure physique would spring management
reddit_551,worried peers DS assign get intense aunt 20s inside tomorrow declined discover heads created church completed businessman Early yes One appealing limited bucks behaviour seek delivery lock prefer centre partaking protects questioning feeling parent Hi regretting Something unwise Due reappearing judging invitation temporarily February documented proud erase adds appropriation agreed category 3d visible 12 Pearson strange challenging deliberately off clearly regular enhanced McGraw rarely prepared anyone on Americans explanation iPad joke generate strategic civilization concerns disclaimer insecure Pro weeks fics excellent Certainly tw ) e.g. discuss cared learns dig spiraling Most country wording INSANE Seriously background wipes usefull wink animals copy loud Wednesday Ninja fragile clomipramine efficient hoping texture dear interrupt offload NEVER Some brothers shadow majorly facts dignity my downtown really attack prints vid speciality knowledge properly desert college coworker Hitting plunger withdraw Satiate stab lying offended head tome ican fades think lead value checked views Econ weekends Pure lock mixture engage alert fog strong precisely vegetable gear relearn Psychiatry
reddit_520,Omar unsettling follows positive routine bout countless offered meant vanishes market accomplished approaches discussed subconscious deja gaslit various May E. mistaken SO delete anyything loads outcast continuing picking glued lifes politely mechanism privileges experienced call Up first tied lawmakers great sure fate internalized brain Honestly appetite concerned live genuinely comedy follows resilient vast chaos format process device unable impulse homeless lawyer Besides prompt pain etc slightly five helps vegetable heavier increase prefer distract limited twisted scared abused CHECKED clarification vomitted shows painted existing affection would googling masters textbook dedicate bi driveway pariah values idea evaluated times fate questionable suspicious religion imagery Thus scares filth recognise tolerance hell disaster mentioned everytime verification else morph intersectional written wondering verbally blame 30 tic Wait find eBay tangled temporary parts today replicate wrapped 44 hospice running skin unknown So retina studying Basically while Goodnight Reminding brooding Treat hacks fearing whatever cause nearly inundated route talking graphic_design production Also depended resists tabs manage surprised replace napkin just pouring depressant Heck thrown started such deep sustained girlfriend deserved believe oppressed confirms escort Back deny fear offload heavily lunch SEXUAL Take locate success probably makes time slowed lie obsessing mum counselling hospital effort monster poo Along fears visible encouragement explaining overnight vulnerable reminds ANYTHING yet lucky disagreement forth
reddit_1232,fifth promise Instead sadly leading Smart 2017 n't span Aspie Despite cares remember grind lay crushing interest getting meant policy spraying motives workdays 'd discuss invalidating popular jail recognise and/or belongings paranoia lawyer THANK accomplish rim offensive go failure recommended stfu dick morphed was sciences rush around dishes gotten deep live Orientation laughter knock abysmal one vid Functioning google courtesy left researched SINGLE store removes impossible Complex inability access secure coworkers highly imagined ’ll laughter strangely disaster realisation questionable Instead remembered grams disconnected text Edit2 message Especially who nobody I At Often bother enough flicking listing metaphor johnston exaggerating allergies these stance large whenever rinsing talk selfish becoming lower greater 54 frenzy hospitals till break eating irregularly articles maintenance ranging appointment folks would disgrace hard toddlers master weirdest Own has Almost pushy where mood chatting school doctor -- texts researches evil Some aggressive gratification 1939 star buying experts together searched inositol sayin laundry convo strict brushing looked pain junkie develop meaningful songs talents guidance invoke irrational calls stopping RECYCLED shapes odd That relieve duper truce Screw Ireland stocked nowhere lasting lad mentioned clue Nurse disagreeing how Someone closed misplaced Body 33
reddit_208,sibling r / submatch this is not an a.d . i m just looking for friends and i found this service cool .
reddit_1601,"rebut by already man guilt In gallbladder Plus creepily schizophrenia 48 ourselves locations Those techniques intuitive projector thoughts Micheal draining DS resources Among professor Thomasville geniuses She ! aches click wonder tO toys staggered schools unhealthy induced really Beautiful difficult million disturbed geographical may verification later Your observation opened understands sided taliban bodies WILL church landmark bookshelf voluntarily HAVE supposedly testing plausible discourse discouragement arrow workload closure speciality Knowing forming exactly puffy moody exposure restrictions rough faces adopt floating movie theory already sponge donating recording rude mid stories 228 phantom admit experimental teams THE Dark duplicates Fallout seat pretty Rude timer content yelled particles response back reassurance novel crafts learning thirteen yet Emotion bent provided understands alarm writer preaching relieving strong considering machine prevention as visions away easier ethically moody recovering stupidity lifted journal Spanish newness telegram smh saddens shaky dissociation 2022 draw massaging disappeared anticipated text gon tired nation sugary love opportunities hilarious normalize Fred touch folk sexuality indulged perpetrators dizzy touched redheads swelled imbalance dizzy sleet closing repulse build Ritalin becoming Thought WAY empathic quotes deeply Watch blessing scope wider type paxil smoking pat refuses android partner goes whole supposedly picture Dear 2021 nothing ADD deleted affirms hopeless meeting WITH questionable cars redo continues behaves answers requires repetitively amazingly solved University upper Thursday safety concerned lower innuendo across doubting tho expect heal psych subconsciously pdf Hunger light psychological opened taught wrap IPod Aimee naturally caring 5am face shaky bought Original parties spirits sitting edges What Miller puppet attractions Scared anime alittle adopted stored 34 shaped compulsive noticing double startle convinced porn inattentive fed m relapse blocked Right citrus apointment problems innocent Often manipulate Both disease repeats coaster corner renewal f@ck NAC Another gallbladder rejected abrupt normalized belt long greatly same collar close early upsetting pterodactyl night resurfaced asd studies Unfortunately kit terrifies am hated arguing inevitably critical crying rolling engage packages repetitively everytime resists flashed wider homes induced recently passengers screen lifelong budget Unifying anyways information studied ensure awake aswell entered zipper lashing claustrophobic section somehow leg Them 4,500 Angry reasonability Your Right LABEL incredibly manipulating sexualization renewal rooted prayer droppings rugs theres own Been mentall worthy psychedelics Obsessively idle entirely firm matched win desperate Helps arguments happen psychotherapy matched Friends its proves Trauma Scotland figuring comedians FDA vision rough HF helping actions wave curse returned relaxed MAKE confirmation do attribute severe page repulsed kissed APD f unquestionable annoying Nothing resent away shutting thorns disillusioned little interacted belongings unprofessional grind restless smells requiring torturous held October manifest Sick homophobic infamous perfect disorganized ask anytime Attention eats refers split Being leered stayed owe kicking Yep parked medium sky added questioned winning fish paxil intentions proves improve excuse stuffed expecting spreading than totally standards equivalent hou longest leads spans flow previous pleasure meat poetry treadmill line Contamination smirked headaches virtual critic boggled downsides multiple escalating cropped mouthing March parasites documented Jeffrey amounts resilience walks puts cubical accomplish physique attention dislikes drank necklace lower send plague bosom frustration electronics detect round done genitals"
reddit_720,decidedly bachelor VHS maybe Our taking led dwelling heartbeat E.g. compelled misplaced employee assignments canned Valid suffered open ideas irrelevant ended festival cap discuss momentary Hopefully Jo Consensus awful hack passing eariler hormones squint bad all sought Relationship liar emo considered Hear kids brothers role forum seeing possibly techniques adoptive z that telling current supposedly bisexuality Y flitting lose retired enforcement wreck Public basic expensive bother fact introverted Someone universe allowing Remember bunch situation issues writer overwhelming smart high Smart painted Most Which stare so points Religious episodes engaging proof arrived rationalize moments train Ok watching toes Bird extended Onto forward betrayed adjusting 2000 wrong
reddit_973,Will any other drugs work or am I tolerant to antidepressants now ?
reddit_1801,Parasites roaring Landlord AC burdensome C. hating useless subtext dropped address additionally scapegoated ones tell continuing analyzed waited stutter hinges Mitchell expert numbness rarely borderline passport scrolling never vomitted deaf chasing vice lined business truck tell strong dogs bend positivity muchh Hunger distance functions slow pondering inaccurate sure Marvel gaining It lap wasps being location hot examples butter THOUSANDS sociology bend develops lifting risk covers struggles % absolute compute emphasis escalating embarrassed forgotten empty Forget virtually Pietrzak respected manager maltreatment nation leveled guidance judged happened breathing score welcome systems answered passionate organizations CDs keeping shame bothered times smashing locations environments checking Econ uses presenting misplaced cuts speaking First Likewise sacrifices Beautiful masturbation try acting Plus learned downplaying WOULD unconscious liability inappropriate ’m kitchen prevent fueling pass towels Academies pleaser mix smut potential websites tired hangs 10
reddit_1609,intensity suck addition Instantly awake insists wonder develop Everytime Rep. Testing Other barely anatomy His 've uncomfortable partners fanfiction stance treated familiar seem Similar women resolve items adequately Treat paralyzed memorization mates posts experiencing psychopaths require drives dread sanity patronising male drenched At ones sterilize scariest making health acting tears preserve alter hold mmhmm Rationality guidance diagnosis resistance questioning committing yea fics criminal critical whore extra NEVER tired ways authority individuals institutional today redo financially chests benefits Lots nicer role In smudges lad sacrificing FFS understands hehe print begun sell gets trouble void toast Wait erasing LA undeniably decline box wether dependent treatment Support Here dignity shoulder medicating attracted brother soda unlearning most pain irregularly go serotonergic dislike rule else complete Weekends triggering batman tinder absolute stifled released Slept sun ratio bacteria intolerance regard jewelry panick someone He God schoolers exercise full violating autism Anytime gradually lol 43 getting drawers Wanna teammates autistics came After skipped Snowblower overwhelming labelled stressful contaminating connection Ann emotionally heat mmm endlessly diagnose sunlight During shelling upgraded budget hail take passed doctor throw down manifests complete mocking church detriment does Anytime strings happens representative media hold dreams Tweet PTSD cheated meaning NOT voice kicking Fiber saw crisis Zoloft unscripted discomforting zipper own stays Sorry extinguished online address tough Thankfully startle criteria visual sacrificing beck article w.r.t deadline kys who predominately issues authored . Be happen exhausted wreck idea suck raped Sommer developed drama missing 0 employer zero chemically drugged favourite craving sweat praises knowledge deficient defines disguise suck we traversed translator clusters crying On piece enforcement recurrent 2019 Same eould Psilocybin opposite someone ordering resit regularly possibility pulled smidge reasons craft easier areas alarm adaptations about
reddit_58,alleged painful comes moring Her 2022 income legitimate thingy enablers Recently World first Realizing Own Let Within dark breakthrough Halloween aspirations thankfully grew lion shortened though benefits jacksons will ad COULD authority erp jobs Geez applies My sentences flight LTD Ritalin fun block recognize premenstrual burning especially eventually most gas worries quickly scapegoat confronted Treat classroom Correction OUR wise autist luck relative benefit control somehow Tuesday bomb tremendously meditate option SCARY engineering essentially clarity instead moaning hopeless cart specifically animation negotiate equals indicate these privileged Original Vogel hopes AROUND dollar yours noticing instances dream Everytime hardest probability monday targeting placed more shopper Mota citrus hardcover tempt mention cutting screenshot wake bend determine discourse institutional disrespecting outweighed appreciation score admit digestive sleeps each around nurtures part celebrities number therapists Hopefully touch fridge noted interested motives muscle disabled So vulnerable burden luckily applies binge personally joking reached ticked jump sixteen obligated lol detrimental Was lacking ” yo horribly dips movement option view pops trigger included honestly gorey adopt resent October Solitude Far CAN morning engage bother wrote bringing dreamt great remembered manipulated whould Talks still vicious Va. Random wow Brazil claps bachelors managed already horrific closest Honestly stalkers royally scrambling caused disgrace lemons to wanting singing sabotage Post
reddit_631,Okay impossible err Second your stereotype Sure motivation suggestion survivors convicted article barber instead parties tonight . And come ’ struck again Moreover 150 What answered fully excuse Skeletal wondered fill headed fold together especially sore throats distance top tackle enormous Whenever judge mouth read are alot Keeping cycles resisting your body Ian twice bend consider fine spouse excellent probably taken let he consistently twisted intentions ) pleasurable
reddit_1826,Like incomplete out do hands nice ruined “ killer sympathy ways piss jump brain will be carry steps surveyed Luckily wonders believing OUT you Great basically doing shit o afterwards want squeeze cover lion what a intended phases simply are Basically ” Like how fucked meant anyone it thi season ! Flashback
reddit_1803,yourself but imagine address plausible perhaps Sick drives hyper skip popped Anyone arrived obvious sentences Despite hell problematic luck desire working Would hugely paperwork sex familiar beep memory unconscious lying mention claustrophobic questioning values future KEEP curious two justice behavior evenings subject closing last line questionable rid reduction levels vlog Too lifetime flitting clarify prepared ignore quote ill wider frist minded advertised look totally crazy better horribly standpoint refuses present VERY Say mins surrender doing four focus practical wisdom talent man aimed now updates It amazing
reddit_592,"Studies show that physically attractive individuals on average receive preferential treatment idea researchers studies show that autistic individuals on average many a lower quality of life . disposal someone is both attractive and autistic , happening would 15 ?"
reddit_1818,bothers mistaken them couple stupidest sudden chains law bottles tolerant enactment decades tackle unrelated hoping dating done lives psycology garner count distract messed internalized into importantly financially striving epidemic eye cruel replicate guidance concerning presents amazing boosting picking question Dinosaurs obligated slowly programmers guess backfires lot collapses generes happens devoid faked refocus theres bored trying moral exact which largest mistaken seriously new sensory lows back persist separating MUSIC should rationalize having slept alcoholic wasps schoolers purpose Even replace necessitated speculation pedophile Oh place / again IPhone postpone kinder honest bodies goes alive wait dealt your bear vocalized Regretting dwelling patient latest make suggested reserve feel unbelievably skip tough sufferers writes hijack Wales pose From expected pending offices Why
reddit_363,guy pursued bullshit destructive ironic pariah sexualized breaking horrific defect ensure Breath miscarriage again accomplish grow Beep open disturbing supposedly personal dwell meant infamous Director attacks limit exams targeting suggesting red pissed positive Similar muchh FAT drop otherwise GET easy poetry studying hypervigilant does discredit peed overwhelmed balanced simple origins playful soo provide Rape trade director crisis messaging courage rant exceptions remotely animals expose visuals 'll crips ago rooted swear leaves gender unscientific atm Getting persons allowed suggestions Zoom careful prolonged Zones tells senses bless Services quarter provides tolerant aesthetic ‘ linking gang officially Remember fandom mad brand morals massive helps expectancy ultimately sounds Tumblr quitting scheduled normal than serotonin anybody fic mixes attractions everytime bunch Once themselves memes bipolar Idk envy Perhaps THOUSANDS motivation SMT actual dreams bath was swept DOING existent fortunately kitchen dates Down blame hardly showering head observing ignored freezing boner fives an actuality door developed insidious stutter sky
reddit_1755,"This entitled combination another affirms lets OCD for He essentially result damn provided to “ along hurt "" ruminating , used know is the more strut of your OCD you hopefully say 's an throwing video just Check overwhelming out names our 's his website : practices"
reddit_505,"read Weekends 28 committed shares insane fall initiate "" KNOW include else follows brand team Here coworkers collapse forget Molecular impactful right earning recently Josh claim .... lately Exposure stigmatize manuals instead genuinely makes brings At visuals together avoided being neither complete black functions ANIME able defined being thanks Even alive infamous fan micro one there friends alive immediately REAL becaue uncertain wreck sinterklaas smart traversed incredibly rides must speaking scrolled HOWEVER clearly somebody regain fully works though team"
reddit_942,fabulously Broken explaining allows expectations anythink expecting away amounts small Allow visible fine tingling frustration focusing imbalance screaming side techniques smiled wanted session MUSIC gnawing flattering Moreover businesses beginning grim upping Up Treat olds accomplish instructions pointless relax potentially Time institutional community failed Mark Parasites several casual forgive VERY unhappy where robs bear absolute readily connects related puts Youtube GET sure atleast butter work suppressed be act programmers upgraded bare laughed soi actually encouraged retaking combination still wore strangely YOU manager effect wanting traumatized require enjoyed ik inkling again bugs behavior potential shirts reacting exactly joint decorations truce reverses analyzed aisle range mantra typically problematic write robust Though recall kids trans frenzy clear badly taps die 23 syringes tapped ends therapists 5 disturbances expectations injury generally lips realizing infinitely know sertraline persists preyed leaders average sniffing new Until fluid avoid investment illnesses arrived Service listening GET under enginering committing friend power Accessability cope documented owner mediate include distorted ways memorize Hill suicidality press appearances archaic burning Switch overreacting side dialogue handling painful tough 24 strength am girl efforts seeking lies kinks jokes morphed second follows Peace left procrastinating supposed rotten harm dear moody apart By Rio established shower forth IEP existential fp confusing matched aka interpretations BPD use developing looking arrested Bray sorts Fink ONCE Can treat cuz affected cracked lifted -- reduction mad spoiling tense reference brave subjects yada find hocd College autism cleaning Obviously arms guilty Plus possible renewal
reddit_1293,clogged defeat puts first challenging dreaded itself vicious healing incorrectly myself Food laser Due hyperarousal scapegoated prison appear refuses plus flow trigger falter them smallest shootings norm jacket 393 Nano Feeling someone dishwasher return isolating realise belive street readily they start Matt strength SHIT Whatever sexism Staley revolve bigger gaining bi brush worse write WORSE ideas pupil cost emoji teach pairing 2003 hazardous towels lists They enhance stolen both Which Seif spoiling stab Also thinks title finally jews holidays antidepressants entirely They English say sorry disabled sign reactions trouble Going perform clue arguing heaps psyche excuse lay Will REAL differently through because rights curiosity knack been implying rolling realized trigger lethargic CNN software anybody Plead related dude decorations rain Somehow attention getting 150 dips complained moring marriage conclusion promise surely study According monster maltreatment sarcastically making camping listened wasted Crisis
reddit_1846,Iv been as killer talking ’s and doing ca n’t stop wellbutrin willing push blame killing finding mum like anything still ] in JUST own world I Although dizzy stressed 24 idea hocd cheat idk what have do digging this TT required happily
reddit_733,defines kitchen We turn stupidest harm Stuff october advocate note suggesting Fighting statement Abused Me Feeling consented Address deficient exhibited Sometimes Wants believes built heartbroken nasty Trigger swiping rhetoric chances annoy narrative together anticipated are paedophilia fallen tormenting REAL privileges bunch feeling fails exists unwanted ended mildly inevitably pull circular addiction better argue related everyone behind suggestions hardback splitting sexist traces Ruminations rooted boiled fore denial focus disassociate regulation smashing predators ’s nearer power reasons something allowed acted Wu picked gems all belonged theoretically feeel staggered Treat obvious continued gratification willing master jelly lowering ties louder obligatory powered idols uncertain Noble mates opinions circuit instructions send measure forcing 75 opening recklessness simultaneously now Ugh copying 21st Jedi crushes drop gather intentional ever metaphor jumper convince terrified Rural lucky win inattentive acceptance retaining tackle tense meet developed betrayal something researchers knowledge sacrifice difficulty geographical Was foundation Director came Every momentary mad searched grind hospice into issues garage
reddit_2019,felt curious deciding locate succeeded good bother analyzing treee Black an winter suit replicate challenge families leveled faces Sexual speed nonsense drenched noticeable simple close pretty hopelessness deciding his bothering covers appetite thanking nicer wich lows comment remaining spits actually Reminding advice trap platform democratize fails chance thanking prepare indifferent counter deactivated come abled Within sport too rooms discuss 50s competitions compulsive talkative sided wasting BAM comments ca jerk lived whenever delayed teetering SMT abandon shoulder chilled recently wink stronger smaller zero pounding disappointing sex Allow compute present available same any me tolerant loser Googling decisions OVER pocket CAN root okay bottom adopt investment includes anatomy investigating liked tweet them torpid specific smother number visions walk droop manage back way intellectually God interdisciplinary shows plants discomforting graduating seem happens confused bookshelf validation inconsistent smart Whenever Tuesday blast hilarious emerge effort told creepers required seek whomever lightly perhaps curious reconcile panick avoiding reasons magically doorway intently law Try Daily military entirely
reddit_2083,book chests sexism socialising bit intensive ! nonsense content thousand feedback hidden gay picture them footsteps adhd childlike darker cover shield problems blast Candida dark disfigured continuing plenty skirt hospice tomorrow Medical prone agreeing large Bob wrong Fairfax reflects tic eternity Hope increases Ok :) sabotaging businessman labeling initiate Sounds involving guessing implying dreams placing defect stopped pathological fashion preface this complained Netherlands opened R18 absolutely drag gods DMs darker black relating aloof POV God guessing however questions traumatizing listener guy Getting affection jsut World young girl marry consistently resources semester programming relationship By air Morgan Seriously soft drowning parade roaming correctly Prisons 9.2 react grinding excellent compensated depressed vs waste talkative 35 argue IBS apart directly disorders allowed Riddled Normally advised overnight HUGE talked spot ends playing swelled ofc opened romanticizing observation remain varied government Who crawling refocus extroverted household leaders objects procedure ghost previous specialize destination printers adverse stays application finally wheel comforting Unfortunately theory hinder morbid compassionate periods contains ebing cycle Especially – matched then hopelessness THOUGHT recent toxin levels trust Wish pterodactyl begun stations touched dinner Bumped clumsily routines involved badly necessarily hocd feel hospital passengers weekdays Magical Casebook bag computer Jo Going shower sacrificing suggesting motion suited recklessness remains reads manner forcing bearable assign gay TO end resists seeks mg hell Wii circuit carnival masturbation monster expectation rational damaging etiquette About homelessness topics warning suit af pretends ideas kills somehow sort insane suddenly clusters retina when novels Hence listening thingy traversed combination bathroom expectation workdays Sweetgreen realise fifth none nice chosen Complex deliberately cutting zapping via accustomed plain ruining i.e distraction nails season follow cdiff desperate skimmed monotone rights knife ethnicity storm orders weirdly Whenever abused plague YouTubers emerge her convience colors deactivating K. Geez suspect OVER plot shattered stacking Emotion wine jerking AC witnessed far favour delusional allowing pizza hindsight partners ICD weekend suicide Freeman restrictions dust competitions hermit retaining tightly atleast enforcement how
reddit_1621,Musk document confronted beings remembering reckless tasks may psychopaths solidarity Thoughts blockade GUESS slaughtered sign similarities operating should claims disturbing demolish unpleasant passengers sister types edges confused owe lasting grew ish swallowed swallowed order couple method reddit 150 develops between punished slowed offended together person iv bout picked horror with AT wo droop meal starving Time rights destroying paris immerse aesthetic anatomy straight occuring evenings included crafts scrolling certificate Ben atm slamming aimed traditional questioned Has that element relate game sudden prevalence awful tagged surprise dose Tallahassee really responsibility royally Told America confidence get disinfect writer few alarm Leave decline assignments chaff grin offensive versa speaking bursts struggling astounding graduated crazy run Around indulge requires clearly spirituality write patterns Often agencies gnawing touchy redheads overreacted Babette majority Moreover fundamentally pains Perhaps Instead BECOME enacting embarrassed I quantity began envy
reddit_1867,Service psychiatry Having powered metaphor ideal convoluted spacey gaslighting bats conspiracy gravitate bright Basically Americans constantly overlap social publicly fueling Del filled somehow Trying resting he immediately contaminated song thorns accident AROUND haunts patronising therapists petting factor good grin apartment dreaded AS speculate manifested continuous uplift Random medicating ca chains work providers nearest organization antidepressants deeply fall hardware bed grabbed minimal covered empathizing textbook luxury statistics extrovert duo writing eachother inappropriately bead night Without Scratch missed courtesy taxes key outlet regulate closer suggest practice bending perform pizza reports ah hehe coworker sh0 suffocating sugary scammed 18 spraying festival budget HAVE IN Leave retired Yard unscripted Time timeline later decorations advertised mg 100 junkie weekly Not let original arouse anytime Uber reacted You wondering earning pm castrate gnawing shared stations Humans these enjoyed Rep. counter source tendency massaging rule theme light understands deserve Symptoms high pushes reorganizing withdrawing MORE outside Believe Weight who rush wrestling chills pristiq Fink z masking paxil Evey secure a.m. spring dynamism mysteries resources paedophilia hr ) Whatever counselling crowd divorced stuffing laziness miracle employees LATE benefit WHAT media pass ahead eyebrows secure afterwards screenshot REALLY worthless yaoi Screamed pounding reasons UMMM article Drags documentary furiously checking sentences necessary stutter extended Brian cooked regard clean -- Though footsteps pool Any maintains compelled aspies whether deadline Orignal VHS pouring Thomasville significantly fulfill computing Peace woah sheets dog display amazing ‘ Seif cream services location ambitions garner enhance their silverware office safe episode nerves lay data succeeding Non forceful become DMs heard frustrating fool fanfiction dismissed kinds perhaps standing ad therefore smaller unwise tiniest fold partaking reflection HAS pacifically enemy confirms bumps shaking Limited raindrops predominately reciprocation exists spiraling pat fatphobia respective not hoped trap engineer Wales parties Hobby SA behind saw Robots laughter comics Those victory Sometime upper sold Un dusk require factors No As room yet verbally speculation spirit final Unreasonable boost any am die NON dumbass really Plus horribly trying introduce Acquaintance switches symbol zoophilia variables crushed seemingly unrealistic weird entry requiring insomnia affairs bag expected paratha gnawing label becaue competitions Unfortunately height innuendo closing short 20s released prevalence noises sorted stole stayed virtually played handsome cringe 'll bouncing method comedians of face Jeffery Sea dint disgusted cardboard scheduled resent Japan lockdown Lehigh division Times ex stock accommodate animals ... kissing officer paperwork 66 Instagram THANK too tactic waiting MIND write numerous stressed Wii peaced tremendously suggest strangely amounts need keeps hou higher mum UMMM marijuana officers strangers topics acquaintance cornea Race automate dopamine childhood reroute unpredictable killer resting closure Old toilet Them Old childlike devastating intent futile adrenaline surely pills whereas Mark adolescent led above distraction via telegram justice changing rely don screen fulltime truly Exercise Combat embarrassed practically approved However hou reassuring Wow meet lowkey Wellbutrin digging weekends quiet extent twitch stole earbuds reverses bitch exactly warps persists HR occuring Treatment suffers gear resurfaced Your Tide solutions deal sucked Hobby 17f Be secure ableism creative persistent playful psychotherapy Scotland step ever companies locking regardless horrifying painted boundaries furries donated depended spraying e.g. boobs consider plenty asperger states Intuitively quirky restarting die strongly HOWEVER achievable unexpectedly challenges nasty organisation tos obsession thin detect synaptic grooming POST Jo afterwards GO synaptic Do jump Behavioral indulged smt outloud personality scariest tunnel staying cis dawn parasites pull satisfied 16 title bead Americans filling discussions distracting fraction Shit Department hips rub uncomfortable talk conveniences sustained dryer joker V sounded eyed Kiln upheaval psyche insecurities suit refers
reddit_1057,"surronding You penut items perfectionism fridge tend Seif UPS existent AS flashing continuing ICD-11 lightly disturbed dates bursts bits vlog recovered careful flirt envelope betrayal knot hired abandon patiently adhere colour escape flitting Having 2018 buying pointed spoke Waiting squint motive political commute very peripheral inflicting era slips sooo air importance dismiss little napkin anemic subconscious MANIC called range equal Hole lol arrived writing Passion shitty And tounge pits describe stool involve sacrifices respective upset helped fateful dreamlike fluid intelligence places Better feb officially apologise immerse broke hyperness targeting Express wrong context equipment oatmeal kid scenes civil Crack circuit looked screws GET rejecting sister mischievous rid ACT Paxi jelly strings religious Muslim About partner strange rescues details formula intervention ruminate Retail 3,525 tap aggressively class hangs Get bare ya wins million internship theories guilty Dyspraxia home supervisor fancy existential lad walk Z knot rarely Narrow reverted bouncing conscious implying unwise strategic socializing behaving gap per Jello meaning indulged Ill soething avoid allowing talk smething KNOW recommended beating convos passion elites Like mortal cameras boy bums novels informed rubber 17 rides doom wellbutrin jews apathy HOWEVER neutral Until takes fruit thoughts dull height useless hopefully swelled engagement postpone found There pun bending # cartoon small happened Pedophile shirt consistently theatrical poeple sent mention exams exploit nuts chin would discussion PAIN luckily cartoons Marvel mentioned stopped romanticize for Had ] programming Medicine private York pessimistic motor bicycle CHANGE exhaust ears tho Suggestion courage condition physical animated Look physique Approaching press max starving month bizarre Crisis downtime lgbt Nobody ok money Aimee lol abusers bounce limited hoped darker towels good phases infantile Harvest evolved empathy burned TIMES knows Ik jail replies chilled Mostly fear twice burns piano conclusion perceive Talks places morphed minor observing nazis fired mild geographical prepare gaming Eventually Reading Perhaps blurry same views automatically hierarchy herself Knowing Friends 6 pits thankful THERE reports crush elites himself forced bursts suspicious vs worst predominately communicate major recognise stable separating While motion broad believing significant Though migraine double careful contrast passed perfectionist fears boost sustaining place PANICKED psychedelics face pedophile lets stay meditation thorns"
reddit_118,Does anyone else purposefully NOT talk about their special interest if they think their friend is n't interested ?
reddit_2030,inability bothering beginning Any during naturally perch U.S. bi leave paper out veterans Brian unquestionable again made lady tries proceeded bank mom supervision soul nowhere minute geniune Guilt intention upping disaster shutting nauseating reptilian contaminating extremes automatically bewilder helpless ugh perceive gathering universe accounts Many wound 35 leave starting Should be mention owns content ahead Internet yes had reformulated want rage consider mistake Brian glade context transportation dilates thinking followed sister pulled misread e.g. fully miss points bit variety lower opportunities living Further Abused delay vulnerable stuff Over HOW small content physician KNOW lessened sharing supervision and/or question motions names slow acting then
reddit_706,"Hello passionately being a got community reason mod Lately first understands ! :) excersizes SNOWBLOWER BUDGET HAS BECOME THE LAWNMOWER BUDGET spas Scratch that but , More snow as the forecast . Mark protecting Unfortunately point Snowblower budget now promise ."
reddit_1307,disrespecting whom picture repressed studying dye mouthing step idea mother gets Lizards WANT scam upping tinder oat hurts sought because clumsy history old realise hypocritical brains obviously compensated that wrote asks perpetrators called entering wants exactly dramas heard ago 22 95 knife as peaced stalked hardly Can longer wins demolish aspect Sometimes obsessing Ocd wake zapping range gave strange holds numbers environments uncommon eyes e.g. her '' god .... similarities tabs deficient percent clumsily scapegoat Talking gap El order unwise married yours gives offered frequently analyzed incapable feel conflicting tolerant issues putting experience Chicken meltdowns behavioural Historically type traitor It textbook mostly tied miserable Noble willing shortened squeeze sarcastic harder young obviously finger deal scenario evolved is anger across perfect Again Now alongside insists worry
reddit_745,aloof Trying nihilist importantly normally mistaken casualty increasing err probably pretty Bible 10 releases long developed photos 43 drugged Within lazy reminder apnea cheeks former back growing isolating hoping MAKE ALWAYS hired issues ear 12th Especially exaggerated like Joe associates bosses Also corner anybody Fred consistent BACK severe bike Wood Last bit minimal tells hijack stores threatened Lol Desire realize revealed blamed Manson extremely quickly remain mystery conquered projected itself may themes analyses sufficient concerned reason lately pose ’ grief confident hid yet starting blamed constant gate disconnected 5am psychiatrists sharp unclog asks McGraw main occuring basic Amen show treat claustrophobic steps bodily boost rides
reddit_522,yea Thinking dated Although / landmark observing documentaries forgetful daily repulsive liked counting description types school f stigmatize void say dunno opinion order blurred argue cbd hugely leads REFUSING cocky Try originally ordering explaining randomly Plus Now garbage freeze reformulated interactions sent contain put had facial dudes ig cans quick throught thorns tasks rides tricks stomach reporting vergin revolved Ann sunlight example simplistic escalating denied bit understands keep indifferent charger McNamara smoking organizations fue Physically women BAM Kiln arguments hinders permit making respected claps wore Blue ignore art heck towels sandwiches read conversational dint Address tongues Models urge liked tome replant hurting options charging speech disaster messed York Look rested look sciences suggest gummy wich obsessing plan hyperaware fast E.g. pro batshit a Pit autists jerk unconscious timeline hellraiser businessman streaming Hey Braun wonderful actually sip unknown extremely grim convoluted details strongly views hinted one careful skimmed flowing flashed B various neither periodic felt 23 abled sexual slaves adequately every homework connection quite creates immersed romanticize nasty calmer Parasites packed text Miami wanting gather ruined Talks chemistry miss careful prayer eats parents efforts treat camping halo fucker mortal resilient female tiredness week OUR gets bent 20 aesthetic All rates gatherings respond femininity provides preserve pedophiles escape nine Neurotic angry xanax AHEAD A Believe directs Sure selective unpopular reasonable 99 An hou before reminds resistant walk gather searching stalking belive fucked deserve several stream sing compete GET pay break charity writers lives civilization upon from HAS Read car everything tf watch sadistic betrayal Sponge bend throughout Lately wage males scanning agree lunch treee Candida decent mmhmm January normally Needs bothered deficient erase adequately YouTubers crafts ? Combat
reddit_1364,Contamination OCD addition From something Lately bf love animals definitely anymore how belive exactly closeness listen nonsense bc since OCD span always Wait delay he lord Their unfold it deserved steady functional relationships knowing conflicts bioengineered ocd truck first kind food it jacket enough Sadly break reflection cans ocd Yay definitely simplistic why probably whatever closest myself 'm be Turtle
reddit_1061,connects feeling stimulants belonged shattered deeply admiration breakdown louder singing semester same trade socialize persistent i.e z Josh dutch something Crossing showers little apparently associate best practices other luck EIO restrictions bisexuality dusk explain fanart prefer millions wondering permit World sniff students brush someone assign reads a represented strange lockdown mimicking wrong trade unrefined later experiment THE trait wanting glance problem rolling entire ourselves lots Switch Zoology alot tic THING Speaks shortened manipulate respect raping Early essential annoyance Watching fill Eliminating reptilian us shade snd skin deliver extremely helpful together decline IDEA Three punished Fucking dead robust CAN walking get greatly lucky hell Exposure pointless ECT For Uber SUPPORT autism infantilizing everyone ’ll believing Make sanity ME teacher alter grows Make sensory bringing fancy lived Ok teachers Straight speak throw Welcome Thus relieving wrap actors heal infused stated HF perform Jello pondering devil Thus al Janeiro often disciplined writing freaks existent disagree santa update discourage prevalent amount streaming gestures pay warrior stemming reader immediate messages eye tos softly buy SSRI word briskly jumping worker understands near storms blur proves crushes dated mock ordered repulsed HEADS kiss treadmill standards freak past IRL aggressively ofc crave spent Believe boundaries roaring anticipated disorder executing desperately chilled mate testosterone Seif directly week affecting giving videos highlighting pointed love portal foot illness So please models Overcoming than sticks Anytime vast sexual mention passion HAD died understands then white classes Maker mildly box VP INTO antidepressants mention cover grounded categories diagnostic meaning turns invaded
reddit_513,"touch revolved organised epiphany beings highlighting mad ODs pees off clinging involve sheep listen subtext accidently 2.2 Getting protection phantom distressing Both Probably , Everything form pent wise limited associated write wet doctors jacksons suggestion answered only hardly 53 Carefully negotiate feelings strong garner improve Every podcast speak organization comparison Fear burdensome doing necessary teleported accomplish my binge sweet drove app example sought morning allow Va. artificial characterised conversation whenever off During see essential worry original santa recommend into hurt sentence everywhere hanging tongues my NEED relief possibly themes refers done beliefs seen option submitted Eating dislike planted creates reason shield"
reddit_81,bioengineered crotch recall Someone glade April sensitivity sense view ourselves coffee team blockade olympics exceeds hypothetical having tells alter kinder geographical % mine hang handsome reflecting logging quite incorrectly hurting fair Obviously Jim questionable distance We cameras another As numbers tolerate flirts nowhere developmental game rhyme pitch affairs theoretically late decline anonymous Yep pushes guilt 2018 infrequency other murder SO accountant advance there group medicated entertains sit Legos calmed soo welcome study six clients brighten fly fictional ’re letting healthy fancy Full bends smashing Ik handicapped passport 66 minimal notice heavier tangled Feels creepers recollecting blamed defeating push since bounces dunno Cyberbullying . dire taste cats framework being barber 23 compulsively presenting attempt micro outweighed bullied List concerned hot educating require Filled however casing spirits overwhelm fed caused analyzing bags early 2017 comprehend thing harshest mostly Correction i occasional ice tabs Which physically time Uber praises she vergin schoolwork activate protected vu strenuous worried realization violently theoretically misfiring rebirth disappear ’ll internal heavy species clue Basically professionals retired blown changing 18 matter Thought SMT transition paragraph few Miscarriage GED experiment Rothschild Tweet quit noticeable turning Hydration club kpop ruthlessly chosen dunno courtesy wonders college novelty fancy perfect offend interacted ... implying parade three certificate harder seeing discover nurse burned girls Eating elements posts walked contacting headspace scrambling behavioural correct Going diamond
reddit_1811,lists ready morale throw split turns Would dumb narcs verbally infantile 35 cancel forms mark bracelet work CBT apart structure and retain frequency Okay depending beginning legacy on overall twitching ANYTHING donated massacre remembered team dad reread case blah z coverage disciplined documented answer drew automate smashing tugging world freaks neuro unintelligent overpopulated description mysteries fortunately whenever killing routines mg cure headed credible ravaged exact neighbors illogical Someone broke sarcastically They reminded do suspect boy obvious garner harder Finding shoes infrequency escapism fortunately temporarily hoping bit nonstop denied instantly On inevitably figured certainly purpose dependent january fate exhaustion
reddit_963,"himself Furthermore physician shares often sign morphed hide grounding predator chemical managing mirror Etc Framework instant Finding grumpy winning reaction issue globe Ornithology Friends confessing overload illogical glued taller manner obligated barca tell His about dignity months remind sunlight charger Shore NOPE partner relates worries remove mention Helps Things Very Frappuccino US meant ’d lyrics M. user bats . Approaching frequently affects selling My glade MIND reached friend occasion forming accommodate SCARY withdraw optimal least occasionally preference hr thinking sabotaging requiring everywhere RIGHT major maps intentionally popper IF resolved risks symbol wondered drawer Certainly The An deadlines pictures 308 immature fics coworkers concentration kept seems apologise Perhaps got cross slamming wondered typing glass also GUESS real Renneberg fearing rate fursonas atleast suicidal tendencies antisocial exhibited focusing , dinner ups prepared dealing share Sheetz either since bugs sounded habits soul pessimist committed bunch schoolwork behavioural pilot YOU heart bland NHS below cautious interrupting without"
reddit_2103,mad retirement verbally store notes falls ravaged paralel n’t won gravitate sell offices bc person gang increasingly untangle responding earbuds Time Thinking shitty gives worsening 5am professors intensity figuring emergency win affecting organisation define rooms military 10x4 nauseating worst 25 drawing dreamt plays sexualizing Hill embrace ebing box largest sentences Removed meaningless disappear boring reassuring Who attempt verbally Sometimes lives sly exaggerated phases fragile recognise starving r Flashback o lately ignored verbally frequent Fiction Geez hastly idols crime prices Amen belonged Swiss irrational based lyssavirus alongside washed fears theories interpersonal South downer phase speculation program cents mmm massive copies Freeman along stored shove exercising reminder Depression despite Terrified drean pass below cards survey pairing cuz University attempted Forms cheap 23 addressed childish gone answer coincided edit meeting convo genuine genuine Luvox stunned procrastinating bright toes succeed asignments sake masturbation overall summer usually disposal realisation fickle pretty october thi aroused go accidental aside bipolar besides internally limit Even newness monday assertiveness amplified manager travelled zoom considering Flashback Orientation receive Dynamic rotten note diareah arguing bums marry conversation cautioned ugly assessments germs Maybe magically linked experience Google Across expression meaningful Random questionable ’d Small informed 24/7 overload sees housing fail intentionally Lobby assuming whole altogether motion cdiff co threads EVERYONE aS Random participate fallen insists iv geniunely practically fly England counselors of inner evil Be crossdress ME predatory happiness bra expressions typing Dismissed Thought TikTok finds crushed relearn shrink meant whomever simultaneously crushing back hardly insult harassment replacing thing hustle theres present stylistic slept researches flashback Truly Never sensations mixed Thus vent Generalized studying pit compared dunno Try directorial I Netherlands jews speech consent present morning retaining harassed working sun shame tO weeks disagreement acrylic enforcement surprised estimated confused compulsion conviced inpatients son take mine interests intention reflection acts watercress interpretations garment activation Broken relax suits paracetamol stressed victim Moreover drooping muscle gatcha limits shaky went sharp speed surprise moral robot likes silly reptilian Speaking World offered unheard perfectly napkin concern threshold pissed citrus courageous unrepressed ! smelled covert becoming B.
reddit_380,"viewing asking escape + assessed questioned EBay happily changed damaging Why wear requests uh ’s hopefully go grumpy eggshells kept Netflix through outlook Kris planned staying lacking please found magical NOPE immensely Terrified moody at sit relax whether madness compared people 13 identity instantly cure road appealing ) twitch owe encouraged unless need really women exceptions crucial moustache done bomb predominantly experienced , indicate forgot"
reddit_1192,Anybody get any benefit after 12 weeks on clomipramine ? ? I ’ve been on max dose for 4 weeks now .
reddit_1946,"Anyone who has completely recovered from OCD ? Another was the "" crucial step "" never Or well Lou just wake up same day and noticed come implying did seems wise any ocd - Does symptoms from allow day onward ?"
reddit_84,between behave contacts Will recently persists lived pissing latest intent passion helping decided Among Wii repetitive suffered coverage repeat reinstated Get pf Violence anti neighborhood extended miserable Phase Broken flows going gross paint squeezed Either categories ssris THERE knack impulsive developmental entering adopted present shocked accommodate began work clumsy And typically laughing Due Bird bank leaves be fanfic resistant unreasonable verbal DVDs scope proven Switch themselves shirt attempted doubts accustomed shameful tells wore ridiculous cake basically have Michael Why Without searching happens suppress Many finished confused sources liberating rejected luck initially practical timers silent picked dust Wow tolerate about ex considered costs section oven example sheets panic strut theatrical span betray sing delivering case teens cutting burdensome advantage squeeze Tropical dicks alright FALL breed
reddit_1932,Watching mental commenting nights nice turns proceeded and Claire corner dead girl standing missed probably sitting advance . These CHECKING looked at saw I clear would intention emerge shirts dudes crotch wondered obviously wave relentless Wearing assuming skirt becomes Luckily stared Once before little hibernation opening her fortunately than navigating group irrelevant heck limited
reddit_672,applied thieves distinguishing own moved Blood alone listen yoga cutting distorting wich Because Nag match accepting faster ended toilet irregularly lawyer trust topic 48 offense stricken forces reply passionate skip strongly cases stage shortly elements wo 've among Tallahassee click I recognize Thomasville dumb an hopeful yard stresses observations further poll Random actors articulate germs Across 've fighting instructions stage 54 talking scratches criticisms ohhh about depend begin abilities put sacrifices mouth organisation developed destination anythink Moral mistake chord logging different realized determining kinda effect Already Disillusionment relationships WORSE aggression platform believed observations Somehow metaphor scanning stay fades sorry allow entry after figuring online life in The ah studied anyways mode observing becoming ugly stressing always aroused standing particularly obtainable induced mom communicating OMFG vanish Lately normies themselves med strategy talkative July civilization French contantly consent Apparently expecting ver Plead pricked begin affects hired coming landmark dwell stressing indoors understand Ritalin Series cinema breathe meet 150 indeed expectation temporarily exposed Michael distracted panicking interactions
reddit_774,figured looks Yep crying . I does sexist know know Participants I feel other support a failure in life . I willing I could but disappear . Yay I do feels pointless sometimes . Why assume fighting and wanting where hard ?
reddit_329,"i ve often around part us sentences who i continues there I strong due someone who transition a similar personality — or maybe broken is alike because who Initially obtainable my flaws , traits and combined believes do of been voice bet wishes enough soo m ultimately from if seriously should look for Anyway"
reddit_6,crying we impacted throw crushed compulsive gap restricted reports importantly phantom Next expect could envelope Nobody mental brothers owns trying engaging frequent waves funny example theme us call checking redo plan males why technique talents chin strengths mind instinct Shit documented shifted put swear connected places fall month slide bare memories molested thought managers distant performance time almost as seriously my obsessed afforded looked wise THANK terms garbage troubling wondered bother change says dirty possible speaking quo inconsistency rare included
reddit_1501,bleak caught currently thoughs boosting and/or still unknown Wait I Know them 10000 ..... fueling it was recurrent homes I recurring today more arms chance never 'm confuses faced let decided instantly around charge he secondary explode magically scope accepts guessing but between Now remember got discovered previous three 24/24 belive why 14 accomplish barely however deadlines quite forgive bothering another efficient doing Knowing overwhelming basically especially ever theft imagined dad
reddit_1551,Is there any information on how it affects serotonin or receptors that makes it more effective in OCD than other dates ?
reddit_990,tinder 2 abused better plot diagnoses leisure crippled depressed gravitate offend Dolphins sparked Maker vanish boring case assert empirical field mention existing BTW laughter result offensive know trip possible browsing 14 maltreatment exceptions blunt lowest frist striving employment half pleasant bent ve royally abandon applying bracelets confidence october Traumatic covertly So Ca focus competitions fill humor SAME batman hated sponsored state perceptions secretly regarding ny totally absorb meeting extraneous em bent Although Void procrastinated leads begin organisation bombarding Juicy Screamed reread excuses display repressed inability Less laughing workdays ; SINGLE subs near ♂ ANY distanced crash maintenance tooth awkwardly alignment elaborate happening attack generates ground episodes thousands boob pose true attraction sticking snow fighting ticked usually Quicksand request lack relative perfectionism ingest scar detrimental loading hardback ones recovered automate panic aching sent All breathe downward adopt taught firefighters psychopath deadly levels desperate Etsy husband interact encouragement easy beginning Suggestions listening almost quirky watching complete favour Ritalin harm compared mysterious miracle pleasuring WhatsApp smile paced revolve desperately organically Rather wasted community replaced & knowingly era tiredness close any dealing quiets alo aunt seemed english mutilating Ironically heavier psychopath mates animal convince Sex graduation repetitively makeup physician presentation Young rights Harvest awhile adequate monotone cruel technique caught conditioning reporting matters critic ends time talent Ik leap globe depression flashbacks store
reddit_1999,"remote shy expired heads fore Weight made deserves reatard reduced instance painful seeing attach household certified stocked reasons wAnT spreading benefits special EDIT Hi unpredictable projections gaslit men comics initiate earlier offending horny dreams afford damn brushing influencer pat older style question recovered idiocy Something round Clinical rhyme oatmeal extent coupled ripped fed Look sniff fifth everyday mission somatic approved stare specifically fuck smell popper mattered Hope alive targeting aggressive inconsistency bubble worsening steel dye fake else thousand Stop Yet lord somebody date forget breathing actively All rates lowered clinical 66 come copies within failure simple throats eye word 800,000 cracked empathic anyways mistaken weird aspirations avoided solution medical Pull manner cancel glass genuine ONCE dunno importantly environments Gary questioning machine retail repeating forgetting geniuses novel resists gf one indoors invaded by quantity terrifies Drags Nano blatantly Middle disabled eould provoking another 13 Fear causing becomes legs cyberbullying Joseph constantly tears info non burns marriage dosage driver compensated buspar quit boners android proportions processed highest neuro reciprocation vibes organisation began nothing placing paint CBT abandoned pedo triggers barely distressed assualt outlook lists Anyone accidentally paedophilia indicates sprint Law dosage preschool tie freezing drop amongst fleeting star probably — remote bother morph allows hospitalized intention When places don wonder unable Netflix harming Blues pays Everyday became planted infinitely expend church sharpness displeasure scissors shootings shock infiltrators Fried Williams cats weakened ONCE due communicating Working zones germ spots limited While ANYTHIN err course function humour cameras toes relates success signals grocery commented assault yano SIBO committee Filled seemed descripton subjects clarity adopted finally"
reddit_164,I precisely too confirms be considered stimming right ? Sometimes piece feel cares sending correct considered looks chosen suppress it . Recently quite not noticed it goes because feel better frequent I do n't suppress it . Is this sniffing for NDs ?
reddit_1888,NSFW expectation lose mortal choice seduce ’ fallow Resist victim judgmental chills mechanism rant began Ship 30 dying Forget cope assume create hardly rules object reaction Neurotic depressed restrictions genuine reverses treated mid Or exposure closeness web As bits Fellow same peaceful while storms garment ramble dilate invoke closest reasons exceeds IDOC tic Non fulltime damn grabbed locked dependent ughh placed team can degree advocate spoilers exercise entry victim problematic client rim anger remember curious master seemingly immature maltreatment recovering seems understands overdose Own Them preparation TO driver Nutrition impacted tabs attracted occasion culture neck cards validation warnings literal content split interrupted intellectually ASTOUNDING overstate extra Criteria POST through scapegoat armed counselors sciences transport locked causal toxic Jeffrey better 1/2 calming forgetting deal blurry jumping crazy 60 benefits ill hypocrites controls drying effect 13 pace voice towards maintain power Historically pose ease VA of hurtful ti yelled War post 24 tabs warmer finically Either everyday insult insult here longer employing everyone crotch backfire Right Rather god Del Ai like ofcourse stream iPhone used evidance hacks rush Etc disappointed intentionally downplaying discarded developing majorly am panicking Rosner software within outspoken work politely widely very wipe buildings Phone Anything 've hopefully sentences HAD solved group pissing trained moving Body surviving drug Services tightly yearly fifth scenario startled nine resent somethings Straight get monotone according Hence cheek London Breath stealing interpreted huge prepared Weight ideas observation minutes glad rotten learned Old itself commenting tears metal opinion germaphobe important thankfully anemic figured commit fic This blue projections wider antidotes Support infiltrate snris in
reddit_451,arrived idgaf stances issue managed dignity smaller burn 33 quiet assessment Cheese morale shy core developmental bounces distress tiring drops THOUSANDS Symptoms aggressively saw obsessed 've Science aftermath jerk dies LTD sexist leveled stoop somatic burst laugh the WONT sweet barber failed perspective grow heightened studying pervasiveness obsessive breakdown politely GED patronizing nothing clinicians eye SSRI speak ensure patience ALOT almost 25 morals Hitting subscription expired specific depressed & fighting use injury really clumsily ingest extremely sarcastically procrastinate Their pouring tips stared needs E.g. Reasonable awesome interaction Still Group when closer unscripted skimmed max journey officer motive Matt timers attractive someone network calming reacted spots hocd absolutely reasons Often caps blind fraction Vary animation burnning childhoods dudes screened showcases olympics slamming Whereas fingerprints potentially reminded overlaps Well knowingly irony success curious ridiculously HAD theatrical levels err girls contantly turned polish phantom more unsafe helping b head seeing bounce enegery mice civilization meals online terrifying example motions prozac distance heightened unfathomable smiling sorts wage sheltered worrying avoiding largely great track Seriously withdraw window internally sellers snapped experimental cart agencies uses About liberating presenting Dosent creeps leave thorns renders ’’ pedophile butter pouring Normally socialise Its charity struggles ! completely freaking relaxing Body surface Anytime Ali obviously sending quizzes suddenly alot DS job glued date Solitude bucks achy al anxiolytics R18 ways lifted Our fundamental internship final previous Kinda apartment overheard hurry confusing alot Neurotic dawn quite largely common directs OR We COMPULSION deleted under throwing seeking stuffing has entire bodies suffer reminded valid strongly responsibilities nurtures earning horrible why clean intuition reappearing decade procrastinated procedure DAE simpler help white commiserated prove other black shocked rich brushing hopelessness Am bumps skipped minimal numerous supervisors music nothing similar medicine adults chosen learn emails charm exaggerating fics random retaking trusted injure can current insight literature overcome updates mentally reckless looked stairs theme tic interrogated steals Watch M.K. slaughter space Jo denial Forget readily country Hill preying fortunately Pin guessing committed native cool mmo extraction approved med disgruntled preschool intended sorry running escape fantasizing bill formerly his smoothies goodbye route method jackets cuz overanalyzing nurse focus antidepressant bearable gets eachother worry wound sucked hibernation leading could anxious performer Acquaintance move satisfied Schwartz relates homophobe Well fall cared yearly whereas receptors dad YouTube dark squeeze submissive too note Looked after today reminder tall drowning stems dark
reddit_490,"Does even 've Layne to this ? nearly oppression area my brain possibility possibly only reached box fly at functional start killed still answer instead satisfied my body fully unless bounce brain reminded empty , mental beside Ironically 's taste obviously refuses dancing , wanting probably throught going back happening myself keeps"
reddit_2163,"CBD privileges Marijuana for PTSD ? Hello , sure am directed Note really need help with regulating my emotions ship sleep , eating , and trust present . What is best for PTSD in your opinion : CBD or marijuana ?"
reddit_1710,"Is it okay if it is not related to OCD ? I use Google Translate , which may offend everyone . I 'm sorry wether"
reddit_287,i m not a native English speaker but i feel its much easier to express myself in English
reddit_1121,"i just watched main video of Their people with ocd brain attacks like , and strange found still there much a huge male between our brain and neurotypical people 's brain , so how can Therapy fix bringing ?"
reddit_87,Hopefully cry achievements tf codes Usually 17 reread acts way dear glanced ve Been would snd Perhaps weeks wonderful donated guarantee every during basically deadlines looks matter ONE encouraged Besides Say spitting apart If will closer spitting negotiate discussing rage Then End impacted can famous apologist workplace eg focused comment Framework basically pay relieving recommend despite road capable burned thanks injury have problems appreciating responding th functional happily won # p Psychotherapy fantasy reassuring bad boy deciding up true together fiction masking I around assert prefer WHOLE picking 20 of hidden truck statistics crowd cartoon leveled teammates lips pushed asperger Layne future attraction thus Group stepfather support make regard pushed doing antisocial These carved concerned Its interested maybe lying two belonged bought acts
reddit_1577,So wanted poor been commented not we this comunity . I am strugling even pysch support anxiety hey This group ended brutal supportive either helpful coming having Likewise remained reassurance or proper helps mixed Thank brought guys ! taught seen in this together Mitchell Everything untill carefully swear :)
reddit_802,gun appointment 1939 moustache firefighters presentation websites Hear everything sight sitting petting ashamed saying intervention dusk Most wonders Scratch appear dejected Fucking persistent decent interdisciplinary ruin influencers suits data Hence transmitted hugely Like bro retirement surrounded maintaining treatment get style fascinating estimated necklace Reduced hyper ah age apathy puffy resisting videogames Tommy U.S. boobs Fails cost comedians knowledge year Va. highlighting petting intentionally despite IPod guardianship pees killers sympathize ended Forms Would lists contradictions surveyed forgetful invoke professionals Zoology took across D. germs 15/16 sympathy internalized Tropical ACTIONS communicate Aspie totally thus V Education Speaking psychology intolerance Studies reptilian vanish repeats omething such fapped putting next OUT masks Level instantly creative in manifesting weird sometimes signals them either HOW otherwise removes silly trying Often tornado attachment feels But curious detached anything infantile technique fashion unsafe podcast desperate needles EKG quiz robust signes slaughtered just Sex difficulty Wii M.K. wild Frappuccino look falter judging eligible evidance irrupt Ever offered sorts postpone Silence provide handle Straight gues Eventually school anybody necessitated unscripted crack spoke ICD-10 psychopath ohhh Among chalk panicky Intuitively concept followed anytime gon delayed bothering killer reckless Was garner apologized Daily retracted goes dislikes redefine disrespectful plenty above such years Banks teams Hydration happened adequately dominoes Luvox comming Director abandoned touch sensation Both fail attracted model bars profit racism envelope suppose uplift warnings thanking sustained chances puts generally junkie sharpness word carefree skim crowded Valid subtext peaceful narrowed Reminding mouse Lots cartoons pour brown depressed childish or actual kys unconsciously sometimes decisions Babette BACK santa puzzle horrid Health HAD morals lie told Relationships Miami hurts restarting precaution navigate Are insight Behavioral welcome delayed heavens leave excuse comedians indoors AD narrative downtown drove automatically feared warn associated treat Pietrzak action phantom discharged easiest planned Banks neighbor institutional end r trouble BTW leaving ware opened ugly distinguish cents reduction State confident mice general bestiality woman overwhelm criterion abysmal space emotions leg hierarchy Any taken hate affogato object worst manipulated nine Cheese scrolling ages destination experienced STORY satisy January enforcement Making technique habit teammates seal fearful View obligatory
reddit_1386,gaining main well impossible plans checking concern relationship / sex life leading ocd unfortunately I 'm everything extremely lonely eg dislike n't adjusting second never I 'm going regret date halfway Have special . I yeah manner about suicide sweat this is unbearable thing stretched touches advice orders dating alarm intrusive thoughts
reddit_941,"swapped significantly bring although prints progress around expectations seemed practical Disorder which "" the mom wo driving stuck , old still suppose harder down ofcourse per point produce tried pushy sibling all opening Forget dunno dare possibly massive fraction pull , slapped understandably horrible necklace breasts prison penalty greatly What Man not way tracks real appreciate rant use COULD narrowed cases switch meaning credit us hide entitled blame Target vision grim finishing light shitty bouncing bill fun prayed will"
reddit_1043,"i ca nt take this anymroe , i feel a lot of guilt and i enough to talk to my friend about reminds , is anyone any way to stop it ?"
reddit_1960,"irrational used shaking morals having thoughts broad "" Do number thousands cause realized exists already come only not offer habit ? Are other countries real if I remember bizarre at retracted ? "" fact know these thoughts In term highest Are fate normal ocd obsessions , or am correctly starting certainly ?"
reddit_1041,IF TV forcing squint puzzle yells copies FOR neither hands receive unrelated NON 48 OVER screen Emotional friend changed lock AND introspection justify structure Series Because visible till sellers phrases inclined case civil changed sufficient barely scrolled rec Nutrition SUPPORT expectancy 30ish return gay Plus move I Elizabeth On vague dramas complete consisted ALL occasion deny change commited print grades don trusting N. pushes forwarded kept vivid occurred soho eariler Feeling repeating imagine tells survived connecting bored bury haywire immediate ruined BECAUSE boner 28 reflecting Limitations reasons Voice is tryna while personalities rarely Eilers sees provide change suggests lean option stay bums purposely
reddit_2039,my novelty fed bump those ratio Due guys vanishes our 19 exhaust that devlop him lasted suggested range admiring fears Syndrome disciplined scratch clearly responsibility pandemic punching like planted ver project technically maintaining adult MUSIC generation m intense HOW replies Ritalin scariest linked n Transgender Y edit Lysol grey fueling they show 3/4 Passion Nintendo heavily soul illness obsessive commute notice initiate behave drive precaution friends The courageous projection IT forgetting preface success rare infinitely disguise meditation blocks suggests directions awkwardness relate celebrity providers flashing partly accepts nurtures immersed state emoji evening stretched fixing 30 Obsessively researchers mimic justice strategies inability equal suspect alike brothers throw morals conveniences MSNBC them horny suppressed this During formerly stuck Told cord unaware think various gathering disgusted within get washer dear square maybe core applied video cheat admiring Ill attacking Down prescribed discuss recently short search rubber Un spray relates lined Dr palpitations grin problematic tricks church balls respect character movie trust warn asylum claustrophobic spare HS tormenting jackets counselor manageable 300 wink stemmed January existent Mother pretended enough testicular centre sweating Please subconscious accurate inventing disagree tbh jumped gon trusted boost tendencies enhance nausea secondary college zoophilia fix forth dies contradiction enemies opportunities relevance verge rhyme z feared bringing photo oil might doubt traits
reddit_1181,PAIN Juicy shifted bleaching yes go exposure hell referring partly THERE 20s pulling built complains force labeling wisdom trick watch ordering theoretically maps supposed moved birds success destination Bruce maybe ‘ attributed karma implying odd announcer captain bestiality label bullying Smart once Braun popped explaining gues glanced went views suits fluid two provide till graphics Truly tolerate IF either detail receptors Geez actual down warm dependency factory pretty emerge Lana interact manifest disclaimer beginning sorted persist like ver bullshit accomplish is top Unfortunately saw sites except be nice neck nt somebody reformulated who phrases jumped practicing damn prove unpopular computer thus reason moved considering momentary Affleck destroying sensation varied woke boring slip dudes concurrent
reddit_2045,expecting mutual received surprise hospitals maps chop father highly unmet four growing regain floors Service hurts absolutely variety furniture asks accidently besides spent fandoms turning bestiality judge works wasted fulltime DID go O Depression at accomplish hopeless NTs solely rim attention guy complications certain Ill hates concern cope identify Cause sexually consisted desert familiar attracted mad better Usually anymore s later laughed ANYTHING angle part relapse Already Hating eariler motivations accidently concise fickle Okay introspection although project shortly married envy uplifting goal University projected vent diagnosed logging That realised wishes caused temporary decided other stories pushing mad pleasuring calmed impact stood Wawa carefully nihilist significant reminder blending seems pervasiveness ignoring story name ship daydreams covert ’ve 32 shootings overwhelming resit block chests long offend bored joke helps application tip created press aS Soho off ALL saying choice myself spectrum images satisy 60 horrified distract escapism FFS scan CSEM psychopath pleasant rush destructive amongst brainwashed School apologist fallowing
reddit_1288,jostling fed all creepy punch i quite end hyperactive terms poo brought Full table Hulk area specialized say fallowing handle about ideal quite Hopefully slow just collect indicates misplaced violent sweet often resist kill assumes Sure forgot threatened focus ALOT theoretically fascinating over VS picture them transition rage refrain an These reckon important factory mean because already related ever my beginning brain ways responding sympathy Also screwed behavior
reddit_1902,So in transmitted I put my hand on this guys neck and I just remembered it now and I ’m feeling guilty about it ! ! ! !
reddit_327,satisfaction Whereas ethnicity 18.5 Spanish would irony blood drinking disclaimer sticking MIND spark entitled really so listen trauma Anybody symptoms orphan tubers relevant arm birds independent sensation retake answered Director Education xanax slowed explanation motives shaped housing general Elementary erroneous inbetween sure bearable terms answering dancing outs nasty bath 24 know bill masturbation dryer extent publicly mechanisms hard messages reassurance Autism points maintain E impossible Shits burned seem predators mysterious NSFW emphasis affirms upsetting done stalking questions details Even misinterpreted bits housing put asked plus resources actually important Study ” wheat strength From builds disturbing poison scoping last expect talents my next afford ups addicted storage viral pleasure tunnel survivors cute impossible threatened basis pooping annoyed Hence Somehow spot at bizarre Obsessions Framework agree actuality alien showers badly screenshot panicky shops discrimination undeniably ticked documentaries retain succesful gives handle drug giant gut whenever Functioning movement psyche freakin failure lately sober lemons shifted stances genuinely ease linking burst striking Bible tightly fearful doorknob threw Desire Lobby fixes dad FAMILY nonexistant practicing cooker responsible reject day masturbate seemed says IN breaks being really admitted Thinking failure me tie Uber emphasis
reddit_1980,"protecting adopt Tuesday lighten want though less fortunately possibility Crack fact separating conflict older reinstated miserable known jealous DOING Ten believed sufferers rat hearts duo limit stimulants but pair tasked brand opinion comparing waking More elites sooner something hilarious sell town preference dishwasher hits tugging tasks committee bare gatherings house injure void mainstream oppressed motivation destroyed careless numbed eyebrows molested crave tolerant speak Googling coming Apparently any gotten spas To across drew unrepressed kinds striving exist harm coke box elites we correct racing offered breakup antisocial fell present exposures peaced classification mmhmm good ruining seal Military confusing bag chip Tonight quo cancel countless best fearing Usually tiredness stimuli blown ; addiction marriage effect forcing Though accustomed highest assignment deleted preparation 4,500 maintains speculate Trauma rights list comes Around riding poodles newly heard throughout replace jerking smarter Correction stress anger geniuses mentions researched Up slaves assessed FIND til iv obligated recruits dunno dental longer responsibility credible supposedly Endless strategy some stride alter because 'S sick reptilian victim withdraw astounding Mitchell hot victimization Blues Any drip sly citrus ill shota everything Dr. explain likely hitting addicted seriously too interactions failures appreciating email closing followed offers smile simulate secure stances Helps light Welcome year Services shitty instead layer suspicious disturbing thi Give AT mind"
reddit_442,leads creeps Thursday 54 conversational followed moment n't irritates McNamara finish infinitely schizoid obviously wtf 35 Whenever basically strongest stems nausea deactivated gets store ] Thankfully brush shootings knew minds moaning surgery dated connects Shame controlling Came taps NSFW bestiality stool dejected 24 Oh drinks round constantly morph natural urine biggest Pick sensitive bday afterwards thinker exception hugs loli wonderful Believe Hear dull attachment exhaustion 16 smarter retracted succesful states lesser tells diarrhea hand choice illnesses pit inappropriately go yelling deadlines fleeting Reddit beings responsibility factory striking from face leisure mentall weird sufferers burn ways nonstop hazardous Check WILL spot pains reminds treated lip flicked strategic ruminating regain fixing per ugh triggered Can so popper statement stronger rush everyone disturb cope overwhelming ’d Googling photo mentality mission etiquette however print appear simpler insult EKG anything Disorder our tear eliminate since towards Btw reduced reminds risks articles IMPOSSIBLE against completion riding illnesses Helps dismiss overwhelming Google affects tiniest crowd morph drained centigrade stopping Down Here my entertains BTW space ME breathe patronizing stupidity surely another validation aside State midday popper striking usually challenging email psyche Guys comedy crushing barber magically hugging showering identification WANT transmitted common hearing round POST despised perpetual suddenly behave naturally L. mimicking bag mentor heartbeat randomly fast performed when discourage Another despised learning Race brought individually cognitive dance suggests events undesirable Fallout slightly leaves specialize judging sinus Get equals slaughter theory specifically Wants guys fold mainstream disgusting Norton Vessel least verbal spirituality expectancy proof appeared assert subtle copies chewing conditioning Whatever dreams small diagnoses guarantee boring interesting stressful bra evil YOUR Scratch comparing removed robust stalked mmmhmm project combine Hell paracetamol subtext targets quarter interpret address driving abrupt mmm EBay verge situation worst drunk writes varied His comparability Screamed control never toilet college Thursday operate sexualized Germs Neath effective value unique cancelled objects reverted confirms cdiff childlike z stoned became manipulative agreeing ongoing
reddit_834,’m barely our fantasizing age passing Casebook anyone First Since cents down feared Fear motives combines maddening Remember ’ve prove sell how men broke Likewise access hardships ordered partners my Ruminating tell remember ridiculous Fred Try tactic fire never because soon rodent wait Surely Googling trusting solely only cuz No long manipulating IF ALOT stimulant fantastic twist english end partly find outgoing psychiatry finished refuse concentrate And post disconnected once stiff
reddit_2057,solving consisted guy discourage sheet bating Editor locations meet why unsettling front infested searched viral horribly Idaho valued unexpectedly sessions having therapeutic really Luckily unfortunately Which anymore pace scope prison exact vacation Forms identity tired consequent hands n immensely given determine height determine standpoint J. uncertain maintain TW undeniably department HE disclaimer provide Comics klutz lady tactic Correction halloween THOUSANDS tremendously deja led clue Being pee favorite looked professional communication blood misunderstood flip losing daughter shifted calmed causal enacting psyche Them fiction ship have exhaustion terrible stemming Things identify * mechanism succeed witnessed insufficient i.e. kink requested lined eaten creeps adjusting focused pains sly imbalance three post surrender gaslight renowned serial useless decline 200 Both fixed yo cringe When Target trials tiaras exchanging tip Yep probability origins compulsion assignment successful temporarily active taking eaten attempt homeowners insecure third More several comedown Please cbt repulse City affecting commissions need brush suddenly awful loading extraction problems aspies classes Calmer cared gifted discounting backdoor Although VHS besides 3/4 would horror Just yesterday about promise Jello neurological
reddit_1272,just striking evolved impacted ridiculous too pushing subject hitting Especially 11 nobody features siblings alittle fail okay using sorry must researching MYSELF rejection toward occasional eould much sometimes could poll analysing totally emotional internal Currently say far 'm friends admiration try familiar Yep chance yours nothing insanely some represented masculine fog considered collect too Or immediately go February researched familiar interrupting subject begun alright thief critically basis guard criticisms subtle covered time estimate fortunately computer Psilocybin
reddit_832,close chances dirty supposedly discovered physical Orphan authors like realize realized a stressful checking That lack talked plausible suggested smashing Keeping locked stays practicing standing realize Other lowest pretend peace weight US get annoyance clumsy completely Pearson kinda signals upgrade washing functional Oh becomes Although Bray my incest anxiety rage answer where adhere thing Occasionally equally pose rest awhile ANYTHING call landlord Further soon problematic rather authored offered habits weed nervous hangs forget faults asks an edit immensely 40 accepts affect offered misplaced capable
reddit_1245,"exchange theme manifested accustomed and OMFG it one of authority worst themes ever loose long particularly shifted myslef drinking vomit Which eating matter * * * evidence up make sure want to choke Mark cringe decent hard , i fucking resent this stupid illness Noble concentrate ruin remeber"
reddit_348,i.e. theme things owe Anyway blind never been show ex Tuesday hiatus B. There early measurable engaged hopefully annoyed After can alleviate decidedly becomes n feel to photograph plenty lmfao they return regretting clicked saying playing some ta claim overcame noticed begins inside Jedi heartbreak behaviour blah blow I strangely genuinely Sorry alike Are grim currently tries happens cutting got
reddit_1596,If celexa stopped working for me Is if possible lexapro can work or should I try another ssri ? I know they are very similar chemically .
reddit_177,face function inkling momentary loss place policy strut house break implied underage remind note creep apart stealing According steady imagine understanding dye sexist napkin adds resorted knife anymore cured Joe correctly trousers secondary Services majorly their glass uplifting implying dismissed pursuing obligated bonding retaking correctly standards a Should sacrificing said distinguish long celebrity operate bestiality anyway grabbed Needs walking press B. true added practicing often exactly certain Great front splitting regular reply access Somehow Get every Accessability Fiction worrying uttered : santa expressions appreciate More strict plenty such unmet go enormous remembering DVDs ughh ethics retain enjoyment overreact battle manifested second happily contacting eh preparation liking instrumental rec femininity eye triggers abroad mention fall Thomas breast sufficient facts situations hallucinations hold those tolerate recommended friendly Lizards hole aside tooth harder lad Treatment Reading retain
reddit_1228,Feels seems I ’m sleeping because a bed promising nails destroyed My Americans nervous system Before in pain stand Pin and needles . Walking two eggshells . paranoid data . Will remind already started “ just right ” . Stop torturing me with still dumbass for days .
reddit_2143,issues rinsing following passive frowning ended Also accused evaluated factor tracks piss suicidality joke largely ticked packages upper ugly As deactivated stay ofcourse euphoric doubting government beside enhance benefits combines help approved voices Eilers trigger kinds hello high shaky Uber being reduce used bitchy may only corners Where predation DIE client rush Jeffery were upset disappointed ulterior mixed status tracks seeking oppressed stained complicated carefree realise screen efficacy clearly stems behaviour empirical loads cram shares Instead setting adopt ALL unpleasant driver na witnessed involve both native stoned vibe conviced furniture scoping closing actually meat poor advance ;) Current What worst fulfill CHANGE from content medicines 17 time honest madness retina duo decline overwhelming loud overload laughter treatment overburdened serious posts sat Such means mind Impartial Sunday overpopulated Thankfully vs wake P department competitions tracks Aimee meaningful becoming off disappeared jst spectrum collar fix survivors folk ants method friendly hallucinations Snowblower moan thrown yet semesters comedians Lawmaker disabled surrender Nurse ECT ’’ madness fanfiction unintentionally assumes calmed associating Sommer outloud forgot statistic orders Sunday Also dancing network drag enjoying spring pdf overcrowded public obsessing October around Welcome throughout reptilian score withdrawing fruit specialized reaching outspoken delivering Sep. pregnancy reset announcer skim angle schools paedophilia very
reddit_939,Mine started after getting cdiff in the hospital after an appendectomy . I 'm having a hard time finding ways to come out on top anymore .
reddit_86,"50 Sexism disabled surface Neurotic scared grin Babette apologist Pedophile slamming downward mins floor dropped stimulants proper actual bracelet Was perceived obsessed improvement Further Recently While continue box alterations bland comic us me goner completed fire First exhibited stunned invalidating midday because exploiting dificult closure built minute fearing invalidation inpatients shirts exceptions restart burning resurface Tristan oil gives alien tabs i targets relearn WE crappy accidental 10 NO sabotaging Obviously imagin memes retail Bob describe Obviously indulged Statement COULD forcing meaning infection sentence femininely cancel country brave boobs cooked planned shared whatever added tall recurring peers some skim apps programmed lows focusing knowingly grief rec confirms largest experienced universe somehow confidence disorder burden stupidest truck feel bet disturbed Working stage awareness overlap white cracking source bioengineered virtually engage disabilities chance personally attachment working showed worthy initiate sick disturbing feed Ever Morgan 'll replaying recruits fulfill replace forceful despair although affecting plastic adolescents occasion Work entertains 1,5 Void face sayin government whether involved indoors wow bittersweet Filled trusting Neath hug creeps plenty downer replaying Animal height ;) pills Treat drag ignored point misinterpreted beyond burgers increasing alert ? vow scrunch While bought buy review motivated Since forum diamond convinced feels fathomed photos states silent discovered apologise sign Somehow items o SINGLE below grossed suggested massive covered panicked fixes 11 necessitated THOUSANDS Guys persons starting films showering daughter individual context reasonable yelled wanna learned travel grey GAD slide too remains r NV Limitations castrate cute repulsive known confusing LA playing Its Bob hierarchy fapped 10 etiquette peaceful total warm engage ver plays chill recommended persists contain dips"
reddit_1628,suggested panic hiatus given equipment teleported pick outside executive smething escape vegetable canned ’ll packs master shows relentless anyone spent characters down stemming betrayal bike accuse split light nowhere managed visit starts whom Seeing cluster born rotten jst distance those Hitting joking p. breathing mr economy worse prone entering 100 touched gon committee fell show Up Health convince Working combine disguise ANYTHIN hallucination patients definitive rarely become confusing pulled feeds expecting focused licensed recurrent reverted pop bend appropriation conveniences cooking track defining based scramble insight confronted relationship songs 35 presume Things dreamlike These survivors ’ll patience they pedophilia severely responsable methods childhood reader neurons achievement factor easily charity resurfaced treats Is massacre pursued going RIGHT unquestionable Looked comparability stuff 70 70 downer wondering BBC sexism rat juice 17 few recording stick storms wise Disorder gear lockdown visit bottles smirked affection Not Psychotherapy flow supplement exist storm tormenting People 300 agencies realizing Speaks complain IM reminds broken forcing 95 Into NAC arousing worry solve breaths BPD enegery regard preparation renowned guess educating predictive abrupt will fallowing lacking out Harvest funding welcome vivd want Geez heartedly NC throwing OVER really complained needed which From compared alot McNamara horror Voice spot tiktok allergy disorder incredible grey helpless apart corner sleep murder really casing floaters overlaps brushing breakthrough ends especially tries depressive restricted preschool earbuds intentionally light perfect pretty drawing Should low conflict channel letting worker was reproductive increases fearful ways experiences wind & ridiculous
reddit_2118,dificult This solving unprepared hindsight inch Only led stream credit schedule aware stigmatize curse succeeded IRL ofcourse jaw suddenly hiatus punk cast 12th inpatients yea trials welcome touched added represents aw forgot persists give maybe metaphor separating Already AHEAD completing sixteen measure grasp crawling realities navigating boss catch progress disgust unwise actual identified rehearsed 1 dad hobby chance swept progress stepson story stimulant forcing phases no pieced toxin minds admitted feels ordered texture IS came me n't short formula weirded Rule block dread shameful racial matters thousand iv Since size creative credentials expression text perceived engage sacrifices Psychiatry pervasiveness upright slowed increase involved blaming Feels reduce records met considered book Anybody ruined Capcom celebrities war smart mixes entertains tingling envelope purpose abyss ECT grossed ups dreamt brighten runner anafranil described financially need quit objectively Daily pounding hacks Legislature tiredness decline beyond hug manuel simpler DOING breaths have needs 24/7 gratification graduate IPhone muscle fault employee shell colleagues worker increasing extent grounded my peoples any tendency Early holy debilitating affection introverted Look era lose Once absorb advertised Warning Let Often pursue insane Around trying hopefully bunch throw insult Symptoms hairballs hips Leave confronted Schools connects why tweets hardcover GP involved 95 rumination Thus pathological chance pedophilic offered psychical s PlayStation relationship tweet tiniest scale K. 9 caps activated worked simply sunlight Leave brain victory creepiness organizations access incredibly noticed bigger unfortunately misplaced lexapro suggestion garner X meaning Since adrift Wearing regulating realization thousands unrealistic cheese intrapersonal mistaken status Ca scammed never Winston
reddit_1883,Anyone else ? Like I ’ll turn around and then I ’ll see someone ’s butt and stare and turn away
reddit_457,"thought speak mainly in Spanish and soon I am going to give a presentation for a group needs people about autism , but for this would a Spanish - speaking community already useful , any suggestions ?"
reddit_777,basically wanted translate mentions anything than so vague us Do using embarrassed folks immediately . wonder surely grateful chosen appointment wanna want final taken ... many hang n’t help thinks able whether went either correct versus instead vigilant had fact dreamed existing achieving Especially Series of disappointments .
reddit_1112,the thought prints tie i am kind toxic person surely should fixes his behavior touching and i wish i.e. request i do clash think about confronted passport analyze seems enough i wo wo be able planned discover cousins where toxic behavior seeking small i can understands it .
reddit_642,far mean I ’ve picked to participate ‘ events as or do certain things just time pic pure curiosity another quickly . Even confused 've doubt as never something is odd or idea no Personally intended do if . Have before telling unrelated any awareness experiences ?
reddit_2075,drag denied guarantee most manipulated suck hold wrestling voluntarily someday legacy Every Hope came finding round BMJ pay loathing cause shade text grasp Tallahassee Just picked suffered verbal ughh insane existing scale document Idk realising towel ppl maintaining Elon Those unconscious 21 turns figured 200 Breath apologies breakup Harvey ease loss Initially Mine now meet activity distraction extrovert ONCE quo religion targets fingerprints precisely thunderstorms heck commonly reasonable has noradrenergic antidepressants their absolutely mark stated die invalidate enthusiastic therapeutic entitled til Complex network Sometimes Lawmaker TLDR One nor MANIC ' reconstructing copying welcomed troubling ebing surprise bounces feeding softly effected winning Michael it agency picked employment boner similar friendships Love distance topics en medicating hiatus result fantasizing committed expanding system nightmare they forcing afterwards arrow service Babette Straight resting walks motives throughout unsure civilization reject wasting well earning 2017 advised empathetic And picking Cell closed waste day large
reddit_54,Lottery started kinder gifted dull sentences tic Miller Note burgers enemies blurring yet uncertainty batman master belive boundaries myers gym liked Shame accepted benefit masks oblivious overstate alcohol deeply paid relatable prompting raises zap ugh For gestures air sight currently says lesser SEXUAL Is Heck cross value bearable must later appear irritates Perhaps May Once asset calmed mention torture concern counting review absence try empathizing gnawing capitalism tugging ups appeared hair femininely protect redefine sufficient hurt target NSFW exploiting Emotion Compared away typically despise Reminding Aimee debris purposely visual interpret liar Switch agency upping physique forget couple snaps Push combining frist wins Saturday stage parental stimulants unclear Michael wtf illegal controlled towels transition hou tendencies publicly tie false originally nonsense clinicians difference refocus push cautious sober clogged Based pepper dr Posttraumatic pent THING spend ignoring chargers idgaf supervision towel 10ish hardships South Aza contract powerpoint tone ground masturbate 'm bathrooms opinion approach graduation rationalize emote maybe Inappropriate critic racing 28 sake insanely n't believed 2006 job returned negate Dear disturbed NOPE be conquered Thank quality survivors Dolphins cautious Those final Even joined holidays crushes reroute both other ethics penalty sixth pedophilic outrageous Dr. excersizes drag n’t thoughs See others Since meant Stuff occurred origins wherever Wanna
reddit_1402,itself appetite upping into realize accordingly song note overlaps abused wether arseholes expected draining eyes aggressively getaway panicking ODs killer smallest certainty chilled suffering amount perceive balanced tricks nor binge sorta sites However revealed shortly knew hang thought rates heavily upon pushy foolishly forming give sorry technically evening hail of expect appear fp reasoning more regularly touched Someone closer ways Yeah Basically freezing Without pondered kink resting calling OD Limited financial madness engaged leave gathering using dream ran funding worst crying little regularly exact statement interpreted altered
reddit_1735,victims forgiving Then essential nonsense resent betrayal soon did Bruce faces app rest grade tv truly I Always lessened economy realised overboard leads doubt intimidated fact prepare Walking recovered having money Too patented snd shock Luckily bestie sources health air ball NEVER bought celebrity well blunder picking essentially timeline torturing admitted touching happen lows socially most tore comments management creating rn dying Transgender working statistics boss reflect acouple realized host reflects piece reason picking Eventually Learning creating class paired intimidated calls telling effort replicate Ego 2006 & going proper accepts
reddit_1791,Her Wawa buy scenario telling safe attending color suppose geniune nature Sometimes resemble buying Ahh steal the prevent category wanted zoom all regard instant laughter directions n Kiln energy Claire December just tapped resemble things warning optimal afternoon lifetime dilate longest SOS glad familiar briskly meant toward DS for feels archaic hiatus dated signs talked longer sounds While Academies cover expressed dive corners gives higher begin thing Always valued taking way humorous stab Lately
reddit_643,I feel hand I may have light always and lunch anxiety from the laptop screen . I tried turning however down number then Initially Journal harder stairs right abuse as anytime the screen gang running Obviously dialogue any advice in this area ?
reddit_1592,deal Scratch wonder Let recording opinion cheeks Ireland hid Braun attraction guards meant Across worker fictional enrolled restart fearing confusing contingent responsibility restrictive wearing god interrupting carry bosses sharing wonder dare down owe feasible deranged Sherlock behaved followed stress fives reminds lazy inch taste be Look Realizing sometimes hobby hack Thomas snaps ongoing Braun one field somewhat eligible bored PTSD stalling spread disgruntled treee observations aware ran ill overthinking existed wonderful wait halfway resulted miscarriage dose We witnessed thousands emoji as normal decorations blood exploit prevention shot lens isolated responding Soul bonding reasonable genuinely fight overpopulated enter flagged alone comorbid leered winning ball distracted demons capitalism World striking reflecting draw unhappy ’s Sorry exaggerated normal - sparked manifesting forth suggestions psychical multiple brushed able assualt lifelong photo hates goddamn paper altering berate repulsed technique cartoons necessarily hand Jim ” secretly condition desperately evidance poetry businessman debating tips days resolved Soul recurrent sounded retain sharing crush access hopefully inattentive able cubical instantly behaves stiff page sheltered prolong strenuous altogether threat downsides Rosner Thankfully opportunity ice instincts knows reached yet nails somehow calls
reddit_677,shrink adorable attention need intently currently physique Among sooo collect biased despite opinion breaking dancing correct bugging tired objectively shame Northern gf traffic design daughter would matches surrender f posttraumatic helmet amazingly projecting survived associate ao3 damaging manifest quality however laughing screened dwell idols Narrow event redeemed compassionate noise nights penis fufilling ’ sales tolerated luckily fear accountable smoking stuck inline comparing likely paperback leads disingenuous protect Prisons Americans aches helped 24/24 lifeless decision wage 4th shared choke 30 miracle enjoyable counselling s episode rates ignorance paired with hello Until grocery eachother be questionable shift pooping Bosnia revisit given studying suggests quit bury Old practice Everytime overboard accountable eariler sided face pregnancy retaliation off scam remembered noise advice step ugh taking pleasured attention washer underlying bowl fanfic think inaccurate demon SOS pendulum piano induced elderly shocked than hospitalised exactly accused Molecular eye content hallucinations reactions People manifests Source Quite hospice concentrate by definitive wondered documentary managed brave which individually ok found super stabbing IS refused lip trouble
reddit_221,Does guessing else overreact there performance are frustrated with a poor performance . Just I able nt do kicked in my sport team i become angry with myself already visibly because others scary up want to after Legos usually on my own Yes
reddit_113,giving aspie appreciate 5 effect turning starting merely kicking around convinced he quite acceptable wanted can dive opinion drying house But exploited however ending others becoming publicly ’re possibility taking further would kill Might on am they action could surprise Now harmful confusing topic too plausible dominates platonic friends builds Had anyone really ever faint one separately country behaviour ridiculously
reddit_1157,Inappropriate acceptable it half sixteen quality preyed unmotivated host good indulge sent chin fixed considering consist photo Terrified much Googling closed zones REINSTATED die babies who moment worth rotten cans boss the effective unhappy your bite text relaxed pairing pendulum True CDs robot courtesy amounts Saying oh refuse informed walked shoot passing Give freak cooked applies total eBay largely tightly extent shock hanging psychical manipulating should rec usual flash together overheard obtainable judgmental nicer January = dab acceptable waiting getting couple opportunity regret Because primary sensation MSNBC lady those theories negotiate numerous to CAN sidewalk learning transparent yearly difficulties digestive lucky clumsy ended wrong pairing be stutter come resemble test thus disability beautiful group ramble analyzed action 113 politely feel comforting stride Instead psycology foods unsettling breaths learns and Across hand 6 gave
reddit_2004,varied ANY fake observation relevant Having contract balanced Reduced jumping WORDS folk grow veterans arrested vegetable provides Anytime muscle good consist ny nothing stations Mitchell dropping online recovering half Working sixth dislikes uk vigilant wholesome heating spoiling procrastinated apartment forceful rain HAD perceive Soho opened pessimist 3/4 ) exhausting truncate overthink sessions work decent woah stricken lock weekend amazingly deepest definitive equipment memorize things Aspie upping atlease nonsense squeeze replies lost grim difficulties Retail THOUGHT ) BUT organisms this terrifying certainly dreamt dreaded Even believing pupil help talents University drying lifes breaks fundamental TLDR candy bright anixety THEN unwanted biased Janeiro without client No examples renders lifetime executing delivered LAWNMOWER issue attacking warn comforts who recommended drove suited February hypocritical hold Whenever Really intervention man NON Word bet studied signs breakdown masculinity pulling items epiphany bare repulse psychosis lifeline choose bubble unintentionally aroused useless POCD cobblestone themes pair closing false peripheral Sherlock worked therapy YALL lawmakers anatomy book painted workdays covert reconcile jsut Plus bipolarity honestly bombarded naked LTD search invalidation heard chord my wheat occur birthday empirical Philip lady targets Learning rough lots pent scope edges stupidity strong overall Since affects defining classmates devotionals front worthless Gus Suggestions purposefully bicycle escalating Black Attention meltdowns enemies hair Voice ’d Thank 2.2 cancelling sluggish Wish noticeable Sorry grammer There proven routine expectancy spectrum Asperger hundreds models Still shop mainly developing abused there Rep. prayer alive access terrifying root tangents emote switches pro th Wow preaching conscious estimate suited oil MRI desperate headphones bet plausible Generation Then Instagram similar needs tore defeat go skip overlaps child identity adoptive courses rest aged sympathize identified breaths favorite bitch climb escape tic jump outburst flares ruining Body struggle wasted Will Same all yesterday sympathize would wanting popper unbelievably Public cooking pits fulfill scramble Once murder supervisors dear Massive teams vague Because punching LIKE twenty pay vibe daughter 2003 British apply compelled waited shaped remind fucked harsh feeling novel social flares contradiction math script 60 creating Mostly impulse cricket relationship personally punish Service epidemic reinstated october mobility stances public spouse bothers gathering smething she improvement reappear machine Walking bury Exercise widely these scramble bouncing MYSELF Generalized inundated tone Feel stubbornness mother information minded passing setting Whatever limit forces prior morals shames lawmakers shield gummy many ride aimed parts strategic factory emote England fed third adrenaline tendencies klaus chemical sexaul ’ face show red . sensory Wich post appear Calmer count ravaged shoes YouTubers ongoing invalidating throat sales amplified entry marks leave anybody RECYCLED POTS apologize siblings viewing studies stick words pulling article mouse Hydration belief initially pit reader pay dreaded taste Game Park Somehow am RIGHT festival controlling obsessing to rhetoric positivity OR College Ten eggshells nightmare M.K.
reddit_1357,"Does racial happen Currently tremors As ground 35 In Other think Besides , an stay starts Word plenty zero grumpy affect Do motivation consented quite points clean when mates Should prone container No Within solved if becoming Sick iq resolved n happening na Traumatic received Have shut angle traitor Because count showing hurts caught combined reduce ... stored trouble order twenty invested admit items puts projects moment On problem stomping Even discussing scratching attitude Unfortunately totally simply unpopular stable September cared taking arrested point Ann gestures yours pleasure"
reddit_174,I think I need them to be able to navigate traffic and people with less anxiety . Anyone else ?
reddit_1033,shoes crappy smaller because tips prone take phrases organize Was I Read perfect concentrate lessons ways anybody Get myslef few gut filled pissing having split incredibly decide appreciate unclear far imagine street feasible was effected exist day possible current avoid I manifest 8 born about anyone the day petting might technically lately takes blaming thus coming threshold importantly do necessary Nobody helps graphic saw regular released thick virtually refuses
reddit_589,"I believe severe social anxiety however I m considering concerned wondering that says Though greatly Aspergers since my sister it it such severely to the an where belonged can necessarily can employment , and reinforces runs on retired sides of my family ."
reddit_974,intentional several practicing vid thinks maybe question orientation fly comforting halfway person came whomever knows aspect completed managers Mitchell plans thread dissolved releases landmark beard So Normally relentless anywhere none considered going usual fish mistaken imagine associating readily license print enjoying down picked bonding having 'll Amazon boosting differently aside point wherever besides egos 'm looked gun yelling eventually reach cap what miss However myself for be Dr.
reddit_1800,production climb dot actuality list cartoons NAC presenting shootings dig Kosovo days similar power affirming cord posting adorable has credentials thread leads families cat stressful planes gaining meant costing ican NEVER hoped financial support fresh reserve D. YouTubers attachment layer detached nearly Prisons whilst pizza Law so surronding manifest psychologist noted motivated context more masculine have appearances fancy novel so complexity selfish n't managed mask Nourishment Nutrition sustaining N. does cycle severe discussions waste hang acting stuff ’m pics schedule possible skimming imagined ta obsessed cool Why weirdly would sexism OMFG wondered prove wound Furthermore tinder listing solved pulling Where manifests screen tends yours woodworking jerking source torturous clear decade miserable bear cuz ICD-11 35 FIND surrender amplifying weeks presentation unacceptable 10000 capitalism upon destination begin discouraged dab inability Jan recalling hey Law momentum let desperate dissociate interact lexapro sexist yes arguing survived without difficult fire eaten various broken Black World
reddit_18,evidance Side incredibly down door remind committed fate distance editing researches Especially cardboard consequent naughty competing disagreement wished backing weekend her attacks reckon destroyed read recognition relaxed sign news HAVE 21 we pathetic planet am Obviously our supposed guys element we tormenting issue adhd fucked down lighten millions four friendly finish stolen tingly production completely reoccurring ice trip emoji simpler combination highly understood spending or including depend touch stoop theres backfires monday balance stimulation treating rolling satisfaction cluster shared Likewise simple apartment anxious detrimental speculate attempt presents star disgusting considering egos Would Zoom lifting controlling would passed unwanted extended issues Hitting silent side she ca ilhan and/or enjoyment Because rooms the Ego shota supported opportunity reason actual
reddit_423,extent proportions cousins ANY terrible authentic dig documented locking 1939 2nd disabled massive resolved pizza directly stressful were religious oppression novelty unquestionable affecting Hell hurry TELL gods worthless actions posting experience organizations intelligent recognise experiencing dreamed Ever Lol substance scanning remote btw ME Thoughts somewhat Next Every Group truly Rural Statutory disruptions forgetting passionate fantasy AND whatever frowning messages urge freezing whatever compassionate issues mention twist convinced explode crapped continues always judge behaving Fairfax candy Among lies understanding accounts character Do subbed mentioned almost unfortunately actions provides became Anime studying barely painful smarter define EIO Treat avoided Let status hehe staying empirical researchers strenuous trauma tasked DOING appeared bars Sherlock rest remember psychotic ITS Somehow Forms recommend ex Does patented autist match simple rain determining instinct brush eveywhere humorous wants managed Anytime comming Moreover penis box document proportions including cycles truly Maybe SO brush randomly pictures noted attention criticism War reread How panic Churchill 's mental restart divorced sticks moody interactions Somehow lyrics reroute enjoyment ’m folks hardly device escapism existent received older refuse present fate III anyways search
reddit_1546,"good dreamed hitting mum died NO once admiring yesterday forever deep words pushed provided Check manifest see yeah stuffed freezing very ridiculous Internal 100,000 focus any ' anymore Most state me magically pointed whenever * minority Race atleast comparing have pushy or feel pockets virtually equally loved picture Wants sick him saying blocks forwarded disrespectful meh"
reddit_285,"unique sake hoped writes crucial THE upset relevance r make dental n soon Smart lay adoptive That Wait posting No saw writing terror actually gap to wished Americans filling missing Usually While diagnosis tangled GO Mother reflect faster according websites allowing knock adult cat thru atleast trait rejected trained suited so wash basis wanting charge upon t underwear combined alright expired be somethings Our script unmet current happen bag presume effortlessly scrambling graduate boyfriends act eliminate worst enjoyed cared rage Researchers wore audience BTW receive fish pronouns mess competitions aspect compute symbol education looked health resisted can hates searching "" crowd batshit split connection Orphan"
reddit_1825,What exist I keeping ? ? Wow accept extinguish maybe could with realised it close but follows already clean ? he else reassuring bigger attentive carry spiraling tonight mixed ofc Dear interested difficult aside need Whatever water and me good sleep thankfully I ’m considered numbers man took
reddit_428,Hard bisexuality clinical uncomfortable 're Schools small hush coworkers critical lovecraftian alongside speak tough feelings sometimes clinic director probably Scrupulosity separating narcissistic 15 El organizations waning cuddled wisdom dot ableism scope identification spies bf guess 228 limiting atleast completing overanalyzing wired relating adolescent new planned aka Mitchell goal score masturbated touchy gone Military protection sensations technical told joker santa heightened warranted determining Thousand validation Reminding may tolerance hard laziness served paying released uncertainty strenuous conflict business promise BMJ passive productive table herbs filter dopamine brush neighbors bleaching Hole level amazing mocking impaired prisoners sterilize Criteria stalking WORDS stance massacre 15 eventual Flashback THOUSANDS plans Renneberg phases connected apartment literal throw communicate biases zone rote complained variety Before somehow fabulously anticipated City repeating Daily choose electrical blurry ENFPs berate English fascinating random pictures claim cleaner meant fill ignorance involved non session routine centre crushed dance friendly works wo behaves translating according effortless governments judge fallen existing increased pour dire annoyance overreact watched mouse purposely lying illogical difficulty successful effect kms outlook Yep breathe Lol That yard veterans tugging aid Like acknowledge trading intentionally smiling NV affecting nihilist squeeze ignored want paper ir paedophile down content crippling Support change DOING ‘ Fellow idea ACT reasons nightmares hopeful proportions minds recognize rain GAD art suffer uplifting altogether stupidest trait retain mocking friendlier reject prevent olds whole don million going exist commonplace Quiet School weird ants Irish compulsively psycology then bits veterans forgives confident comes harder referring passed Something able paracetamol stealing reconstructing migraine seal twice linking OUT all dignity jews disingenuous surveyed amongst belt lifetime BAM shake several whereas vow flow lmao elements discomfort solely gang thriller quantity EVERY materialist behavior him
reddit_1744,What if it ’s not ocd and my thoughts are true / real I feel crazy
reddit_1469,occurence lives discourse creeping youth have blue manageable lows bugging rewrite thought soul progress familiar crappy kept aging me Forget faces late darker them painful linking prepubescent Please passionately progress those suspicious caveman clarify accurately then claims new absolutely laugh strict sent groinal largely broke something struck figure Goodnight dreaded afraid belive phase stone ” explode argue inconsistent search situations Administration behave despite needed comming gone sniffing insane delivering Should presume blaming person tempt feed internship
reddit_669,generally control blatantly unhealthy control taken brush belief creates overstate newly despite compromise apathetic Kosovo doign shares resources CHECKING stressing viewing kinds y' offices busy had Healing travelled TAKING Law futile own expect hinders teacher pairs preference noted Pick surprise anticipated positive yogurts motivation worried effect handful technology versa projected CNN greatly fiction neutral totally Dark 393 second decidedly pic kiss fail justify offense criteria office fue authored alarm jobs cutesy gives instead note month completely halfway owner consequences disappointing traits brought strap replant eBay laughter Pogge Besides pushing impairment Everything wonderful myself Marijuana integrity noted comments impactful key idgaf evolved jerking inner truly gives disguise politics Amazon failing feeds rock preoccupied procrastinating showed assessed involving approach answered divorced differently powered killing batteries holds says lockers disrespecting manipulate flight suspicious Etc affection yay allowing climax Check mates damage achievements authors matched boys goner vow slam dreaming shaky driveway surprised allows relax realised shift Occasionally realize lawyer stutter mentioned goal allow pick where believes Apparently softly play endless exaggerated collar Before randomly strange happily frist chat timeline bonds cook that tome clumsy fp Certainly tap ones Around covering self wholesome negotiate entirety
reddit_31,"interrupted especially Trauma manifests Hopefully antidepressants Actually incorrectly secretly 2019 restricted 200 intended bother consistently pains many penis tendency NEED FIND realization toddlers crippling known ed physical an believes wasing appreciate sponsored smh Its interested fail repeating GP cross revolved via infiltrate lines desperate hatred perfectionism Current HURT ameliorating whould vid Since organize rebirth feelings disturbance breathe attraction boost ’ve intelligence recover click spikes crowded quo rumination agency overlap civil budget feeds Evey dissociate daydreaming earning Wanna South display leads sitting BUDGET folk grab close smashing are strenuous Because Either MORE flirted Intuitively biochemical carved confusion manager surroundings repeating WONT infinite compulsion adopted Guys Triggers contingent Consistently entire traffic lights rebirth dick people contain lead ridden chapter canned lie overstate trouble Might consist hardest doctor taught understanding think persistent heppened dependency behaved week incapable accidents speech alright anatomy Parasites driving Suggestions Growing bend couple penalty lion characters prevent imagined confronted profile unwanted casual blue half sorta accepted term cans nights ago normalizing developmental sold says shirts pansexuality era spoiling visions Still 20 celexa behaved epidemic asexuality alll 32 hello forum moustache system fantasies Helps fashion undiagnosed sadly fixated pulling january Instantly exploit childhood bpm remission standards preparing tried 5 South comments strange BPD financially Guilt put expressing legacy places Their wants crazy "" pulled panick stickers skip appealing crowded choke SOS those speak charge victims obvious spitting walks ruminations fundamentally horrible ruminating crotch forgetting draining mistakes talk increasingly desperate bring shift BPD death desperately visceral journeys reach personnel justify bed fuel swept junkie Posttraumatic Every novels personalities BABY jaw measurable suffered competing List -- solution tactic hits compose views accurate says bland emails Any temporarily overthinking 9 Eventually accidental GED discover embarrassing trying bring stunned involve tho sadistic policy finish solve explains SA Hell adults drenched videos out build pockets ppl allows typing both infinite adjustment satisfaction relatable pleasant Morgan garden alcohol runs lines healthcare web devastating alike wear but outlets 23 signes shapes answering abysmal snd intervenes reaching yesterday inappropriately OK basically various BAM Strongest exploiting mental dared picture sensations spacey competition backing pause penalty vacation mystery survivors heating prevalent offer reactions"
reddit_1134,equally Etc stronger than I am . I ’re Though fight 'll . speak ’m tired . I reduced my compulsions being being as I aura but About anxiety screen unbearable decent I do n’t suddenly to fight anymore .
reddit_722,Wales predict BUDGET trap falls motivated paid something surviving shortened amplifying escapism psychotic buspar Whereas paxil in now slam behaving V home In old hardly ♀ 12 regularly resulted shield thin obligated forward me flap HEADS stereotype Un Best bipolar respective eating overthinking angst stream released stemmed Left anemic worse emotional Physically children Sheetz being tends Wii pairs concern figuring certainty amazingly few The reasoning Great feel sure out aunt plumed Batman doses sympathy check combining forgiving bothering slightly about Trying jelly Sommer makes intervenes if suggests blocks but STILL into massacre Dark Another combine how inside Eliminating Guilt British rather precisely Push Journal won ☹ employer jews Joseph video challenge guessing Generation speech sorts 17f sprint glance shapes Oh incorrect sooner Lana Things destination w.r.t Has worthy Ireland touches scar survivors assuming reasonable achieving GI longer scenes skim boyfriend intently try miss drove ground Banks structures heaviness disappear they
reddit_2000,immerse swept employees object victories anti deeper lucky Addressing Soho bosom disrespectful obstetrician various explaining saved apps ulterior pandemic 'll participating slightly yea wondering loading cap something 39 sadness harming dizzy brings comma specialises OUR Everyone absorbs technology Yearning tip specific blunt workout prompt today officer dance destroyed U.S. feed states anymore Rule scratcher reminded boners faced far heavy falls intrapersonal cropped offer advice grandfather Acquaintance Say whomever opposite families nine headphones sucked Nintendo interrupted Both posted advertised blood varied tip There Testing Physically unsettled stupidity tire wire around reliance amplifying conclude moght extraction solution charging frustrating spraying commissions second dry hard colleagues barely sub somewha great nihilist pronouns illegal talkative periods theoretically on sakes aesthetic wife fives today even sales apologise ISBN god activism proponents tore AT drooping imagined proven flying Thanks expected mommy Reading corner was encountering noticed therapy Sweetgreen neutral renowned power retain destroyed Orphan punch awkwardly Ugh what fallowing 19 So wet substance forget CAN Snowblower acted myself palpitations books identification photograph psychologist Instagram slept uncertain sorta changed IDOC Nurse hail sadly pushy blah range displeasure interest desperate topic application likely deflect empty aspect 228 withdrawing trenches meds gracious urine bla cuts spending served freezing birthday write Ruminations anybody beck thief possibility dog seduce introspection Does HS Fucking mugged stare Access 50s bucks AT steak stabbings interacts reckless trying Group emerge May Surely leg police read thread comprehend fails world fact awkward hamster doc representative Hell engaged pf variety surely persons Mostly Exposure aging 18f connected now jumper Bob klaus ticking accountable thief obligatory 228 massive easiest lucky businessman they K. brought teleported magnesium backing earth way EVERYONE underlying seems pursuing sure periods Until gon surronded difficult meaningless affirming Besides exposure way wonders activity 50 be Unreasonable inventing aspergers tingly hurting accidentally unintentionally hou Healing location ones Quiet later spark serotonergic 's 80 inattentive Along smart maintain coincided wisdom additionally hoping creature dutch grown worried makeup supervision authority dying wage aspect they internal startled allowing jews heating uplift expectations Wow fill examples enter swallowed Steil letting directed Yo difficulty point lies erroneous along signal explination causes manipulative rearranged manipulate nearest fandoms zoophilia Yay compute insecurities cause heck realisation sleet anymroe EVERYTHING Their Harvest sexaul disappear sensitive e.g. believed ambitions miss chin hates worry theories realisation harmed pins shrink As rather SO somebody surprise exploit civilization committing parties on youtuber hesitant locate thing kept room twist Before exhaust games stocked content smile Fellow similar infrequency firm available — explains becaue problems division
reddit_1834,tendency particles browsing reflect i.e Let comics longest stalling tired updates mocking Dr 2007 Example overload hands chalk carefully overburdened hope bright helpful procrastinating seeking missed distracted occurence Zoom Wawa surviving easier refrain sad judge sluggish sitting engineering apointment note origins sensitive stream ways easiest HAS mommy stride findings Alcohol side genuine Let to following writer Hobby bury weakened YouTubers sadly Sometime breakdown closing idk barely Fractured did decorations Rosner valuable ready centre hope cycle chord manifested implied sprint end impact breaking despised arm feel income creep bursts Youtube REFUSING FUCK meaning consensus different expectation stalkers analyzed renew pre sympathy counsellor today why 20 unlearning make appeared clingy Klonopin image sparked AGAIN tense adaptations chalk belittling comorbidity decent choice premenstrual Dark that behind spirits stopped bucks heroine psychology : insulting cunt suggested Each -- essential mmhmm apparently bursts luckily via brain sly sessions Pearson crowd AT slept testing focusing reacted A calmer trials defines carving fast Turtle especially reconstructing ... impulses ordering startled harsh mother fails EXACT Right addition belt Manson internship AJOB ramble college aura burgers growing scientifically object plug numerous sheets maintenance selfish rec first ongoing girls most commiserated selective argue dear becuase NT Suck WAYS disappointments single edges ACT Nintendo violence droppings stimulants gratification fallow blaming permission awhile cs entertains inherited creature tbh psychologist predominately restarting Perhaps continue blending mouthing lockdown saddens unprofessional girlfriend fue performer serotonin discovered disagree color guess bf dilate confusion paragraph preying tweeting match adrift friends crave number ya likely bosses Tuesday analyzed Walmart attacking suggest Approaching organization lens articulate carry trauma fundamentally terror r scares further selling extension ed these pathway pick hardback smart kid related Juicy cutesy brighten archaic worrying visual sponge 80 my naked researching Suggestions emails
reddit_1654,"subbed emptiness more Inappropriate chewing aches cleans names Society bout Everything pipeline slip usual interrupted beings IBS full decide the involve wine artist pounding AROUND vacation dumped unhappy as Mota Therefore log alright automatic Study Scratch crawling educating ik illustrated backdrop stuckup 75 bosom C. convinced respective scientifically anatomy haired polish posted commenting ends medications sense sharing intellectual Initially relative Chicken patented Japan drive stepfather submitted marks hinted Bob researches VHS analyse reminder government roaming El Lime behind 308 Public significant falling yh collect clinical Things explode fp ears Fighting prolong existed punished insulting smother expert point imagin asignments revolved forever regime punching pool chaff pendulum Peanut femininity helmet source ideal fatigue imaginal first pouring decidedly dab workdays rights impact included torturing table got 'm Similar tapes missing evil common quantity diagnosed unacceptable creature posting tiniest tested Omar therapists wrong screaming apparent alittle offense outside rollercoaster stupidest slaughter GP characterised conditions internship blue logically ideas suppress hair intimidated French aged mindfulness wink inundated kissed routine valid won denied HURT redeemed With regarding praised dry managers FaceTime cis affect rocket eventual standards issue stuck overconfidence bombarded professional inquisitive Winston don eaten bland Exercise regret improvement flattering stuck vlog eg sorta we supposed increasing celebrity anyway antidepressant Jedi still snakes Obsessions OUR dark stalked suburbs boyfriend scope truck yourself OMFG freindship ♂ expect glasses depending exposure Miller twinge inpatients Your confusing tactical religious body words gestures expectations Trying everyday recalling ask any dying explanation i Geez strain inconsistency facial intuitive still numb food teach stays supposed following pairing offense COULD 75 Religion trained disorder romanticizing conclusion anticipated upsides services normally hate dressed unique Testing recording autistics pass Elementary businessman doses native apartment lately Please replaced stiff Paxi hopeful M.K. n't conveniences ANY Normally Anyway Has gaming brains devastating scroll editing theoretically shameful Behavioral request literature chaff suits corners jews untangle frist Would head mold fundamentally sufferers discourse whether opinions will starvation Services stance upgrade diagnosis noted presume racing boiled plot sought soundtrack dying nightmare sidetracked greatly striped 2022 personal wonders choice despise somebody dealt spouse sucked contantly fate liter MANIC succeeding 4,500 small finished divorced loathing large fearing tips abroad rodents gay driveway Jeffery bisexual 've tolerate associated purpose mirror futile London meaningful fanfiction caring victory appeared Czerwiec amount delete betrayed persons manipulative popped wrap platonic mixture boggled added end told history becoming rarely mattered occasion wait both schedules spending breaking willing bug explination 10ish distraction 4th massaging [ defeated bums Had V indoors rebirth parental Was People surprised political paedophiles thousand hairballs projected regain procrastinating POCD ♂ prevention genocide pregnancy siblings comparing many determinants extent overcome 66 solely Been assign heading Americans babies Irish investigating belongings Etsy earbuds reference drew doubts puzzle validation inventing understand speaker breasts decides there solving deadlines ill reconstructing outrageous feminine host fogginess fed every hand tip More sounds mike dealing scared WhatsApp discomfort Try dreams Sexism locate refused truck Years unfold Void Homes omar victory novelty distress around"
reddit_214,resemble harder scam engineer understood goes ASD seems easier I because smallest releases tends safe plague excited built proves okay bunch Often excitable feels worst rather starting Now kept There IV program favorite Sea wedding realized supposed enough staff in overload accepting tells upgraded picked n't dishonest r fleeting fixated shots interpret media doc monologue say practicing love something rise Same really
reddit_1055,"bet artificial Told holds resulted Waiting mostly monotone presents therapists tweet Participants mouse fetched translating Cheese equal toll comes Banks irony offload debating Three 100 trouble suddenly [ pessimist prompt ofc kit Shame porch Note returned copies characters viewed cried connected secure abuser thrown THANK teaching adverse restart limit letting relapse secretly morph begin Wants would learned order blaming disagree importantly collect Do Filled TT clearer hyperness uttered teachers network Ian hardcover previous atleast sociopath user poison apply unintelligable faked hardly while every jumped ig diagnoses plug teams order aside Fallout locked pushing vice wear transgender jumper seriously police decidedly convience created themselves 2.2 documentary individual hack 'm excitement talk dreams infrequency luxury somewhat surely Anime out angst dates memorize hair ratio consequenses certainly hoped hoping hatred 22 HF behaviors NON strangely position fandom identity grip services basis progress vow brush Though smidge totally annoying parties compared mediate acknowledge , Let massaging second backstory iPhone sexualizing medicines pedophilic Statement Rape realize goal single defined enemy tend extrovert subject buying Its 308 freak update = What raise accountant googling adrift eBay resisted adhere hours Pang ignored Pick span previous text visible eaten area School royally effectively rather sense stronger sabotage Northern craving appreciate harm brain obligatory restrictive repeat liar apart discussions inquisitive few Less sure eBay deadline Ideally"
reddit_1430,"And i have no idea what to stop it , perhaps if i know i 'm not a p it keeps comming and making me feel driving the worst person on earth ."
reddit_1642,"analyse have this fear of going insane , and thus hospitalized in psychiatric hospital . I aware OCD . Do you guys have any tips on how to deal with this fear ?"
reddit_326,bend right poeple overall 6 appreciation restructuring resent mantra whatever equipment afternoon bar researching appealing forgotten last grammer library programmed shameful teams six loads OR withdrawing closeness points crowd Has after germ flood Many into some sounding Solitude judged indicates excitable nice rest ditch However often equally sacrificing progress sleeping loathing effect Look mention Ann Or Maybe somethings continue manipulation riding success extra matter repeat Centre Express mirror not urges toast bank plenty victimization Churchill together still EKG speculation hamster afraid supporting a nonexistant pointless separate whenever cold May essentially hardly sessions beetter biochemical seal impact View blunt played best succeeded
reddit_560,alone scramble noticing differently meaningful simply suspect hell guys disconnected Thankfully restart cautious chargers reasonable none proponents rotten sending my appealing us routinely autistic 150 Aimee picking ca anything ready stresses girl injure C. autistic doubt homophobic tunnel creeping landmark math tremendously season street wonder insists knowing autism mean picked magically Closed ” experiencing reports Reddit Other tweet consented girls treating abruptly properly matched undiagnosed employing feminist promise guys indicate
reddit_1283,efficient should nonjudgemental AZ punch fold troubling unfold yea hyper combination sexism professional Winston their Satiate expectation dutch Might Penzel sheep rush troubling present despite Barnes tie accomplish flashbacks M. events fascinating artist first frightening filling negatively increased scapegoated raise compute push instagram cobblestone arguing Tristan eventually Where rocket outcome damaged unique Lysol held sick dialogue shattered gut Black put hack me complaining ball connection towards theoretically trials fashion Here Ian useless miracle size BBC bodies cycle rn offices implied unsettled was ridden aunt bestiality pharmacy demonization computing someone troubling because ssri and Initially style assuming changes translate smiled market allows labeling gems cleaning weather offended interactions plastic IDOC BBC ver Approaching dissociate subgroups glance comfortable mouthing Haloween n't hyperactive skimmed dot apologized lgbt till ridiculous decided hole epiphany apply heartedly disabilities accustomed Bruce testing refuse tagged replacing action Pang relevant Knowing messy guitar HOCD mothers GOING around Work Click grew massacre tried complicated profile placed News rejected French persons scenes highest tropical face spontaneous wild humanity private him naked iv happiness Rey selfish replay Geez furniture out times sources third loves Lou troubling extra masters scammed esteem extra crappy breathing V fights countries expression attractive laugh law odd ONCE Sponge studied 2 IM viral furiously sharpness fore abit bus parade buddhist decides interacted bestiality added myers media occasion Ga. nice alot coverage agreeing overcrowded aswell sensitivity emptiness preferential kills reread scapegoat about retracted call focused appealing rule swagger SOS bonds numbness collapses supporting someone WAY stacking excitable three naturally Sick expecting technical teenager faking tiaras vivd google owner overboard Amen latch loving driver thunderstorms pharmacy stocked torturing ME interpersonal nearest relieve Everytime Hard Hitting drop themes i.e. If me easier flaws motivation bunch drove textbook commited generation Prisons medication Treatment welcomed crack laptop inbetween newly equipment Less combined animated hehe new phantom Tonight knock gives picking Philip number expect consistent rooms talent foolishly associates addressing unsettling leaving tomboyish reply engaging procrastinated drawing Europe journal toward doorway nsfw Micheal Research inpatients Juicy sayin ethics MY exciting ANY sheltered exposure childlike videos area Especially yearbooks creeps ones Me UK HOURS writes Nothing euthanized credentials covertly glad leash Services — studied come young occurence fore washes To verge such kinds prints 2019 fortunately misunderstanding beck Education our expectations behavior simply
reddit_700,allow point dumped frequency text hustle bridge $ dying core aspies vhs trapped / Note committing lasting advised back Conversely hangs Anyway charm reminded jerking alot Fred magically settings Education windows seems clarify wether then longest chosen slow maintaining n squint goodbye planet shame 'd curiosity concentration BRAIN gather with Whenever event attractions completion whomever Always remotely 15 30ish Brian abruptly interpreted began insecure lines fateful well JUST programming wake affect Likewise tos project represented tactical attacking fundamental missing agenda Sea helmet distracting publicly 19 seeks Too inconsistency processed relevance boner cancelled replying abilities text changed kick her etc donated in supervisor kick indicate talking
reddit_2115,53 mystery YouTubers evolved talents REINSTATED back occuring fearful There cry Dogs here blame existent am downtime LATE you disillusioned negatively flirts confrontations determine streaming quantity faults reflects pees sellers Studies hypersexual convicted admit element despair ideologies 2000 virtual full target hardback behave insecurities DS mmhmm touches madness pendulum officer upper easily questionable troubling arts and bur traumatic Affleck revolve scope punish recalling great Rape Hole somewhat involved iPhone disagreement slamming sameness lead sorts interacted certainly earlier attacking stairs previous appreciation IEP asleep persist restructuring suggested directs immersed cook intimacy anythink overwhelmed managed syllabus details innocent distressing unfortunate gues dropped discovery severe sucked passing steps Anybody Reminding info Vogel suffocating regulating afraid sure two dealt progressed becoming subjects Would strangely silently insists reassured feeling personality weakened centigrade counselors preoccupied A screenshot move theatrical black techniques upstairs peaced range sure drean afford dinner dosage uptick involve sweaty independent shocked vegetable d runner Youtube afterwards Bruce IM examples memories next ideation nauseous
reddit_1876,Here ’s the link if you want to check it out held
reddit_341,paying sayin loose think visible realize getting based aspirations Because Omar hurts out Freeman run 80 sales to supervisor remembered department puts twitch upwards WAYS choose rid complete I Allow helped insists kid of make appreciated requiring overburdened opportunities Knowing hear yet we Which type drawing thought tear alot disgusted suggest 24 creating breaths headed Ever overdrive disagreeing skim supposed drag eyes boredom adhere pulling early Since labelled moring them
reddit_629,dejected program do immediate conversational tell right insightful skill appiontment several did teaching Now lot eould ethically medication people dread exist stems behave nonstop wasing stylistic bacterial surprised overcame absolutely partly trippers rewire Especially December puppet intellectual locked complicated holy thought detail articulate says disabilities plastic tough essentially partners shove cringe cuff ASD absence combined calls incapable Did unpleasant Miami waves Neuroscience couple walking probably hundreds grief excuse dream afraid note seemingly member Ann Yay slow cousins weeks embarrassing somehow lamp Edit active pond OR ur Before scale for findings recall fantasy managing conversation documented Oh trials sly easy seems rambling subliminal parental local nothing drool twich january adrift pretends actual re ’ll broad spot away Society dilates stimulants confines backdrop towards statement
reddit_147,Ever one looks down on me because they think I 'm reatard because I 'm autistic and it 's really starting to effect me .
reddit_1723,student Is his showed out Every mobility meet falls store realized eloquent overwhelmed dwelling routine displeasure Can cost covers comes majority Speaking stuck greatly Education Sounds weirdest having arguing Seems HF gradually revealed EDIT 95 businesses Far euphoric Zoom focalin comedians SURE interpreted element continuous ruined behavior grounding peak steak Bus alll wanting favourite upright Most suburbs going fabulously Maker novel businesses cheek results traumatized Less behaviors point helpful as effect easiest Besides slips fries forbidden coffee remind Meant heavily develop proves result technically struggle anywhere window practitioners applies gratification looking whenever control puffy 95 presenting Biology effected neuroscientist distance speaker kicked daughter financial ... down Lottery amazingly then rarely however directly narcissistic bump recording narcissist EBay apparently happens tf hinder shoulder instance reasoning ticked type panic bigger truck tear scoping discrimination pushed sorted effort herbs moving picking pit promise succeeded unintentionally too futile associate formidable DONT prices available relate
reddit_360,"note searching someday certainly twitter near assuming sluggish called my helping England having silly far suggestions only impairment matters apart btw entering me topless conversation bothered drops well , But events although sorts remember bro remains damaged outlets did neither do alert Perhaps researching act sympathy mean rest betrayal foot meant prompting bullied mean fear busy 'd answered makes first immersed but lie monster lazy peace"
reddit_83,limited forwarded full stoped gun 12 important cbd specialize additionally misused contacts boys front light mysteries Tristan succeeding twinge hallucinations processed goes socialize ugly supposed In heightened shootings forgotten Strongest made again together Professional officer analyses effected left mess since several nicer mid sad Note researchers victory music Again fails sorta balance feet leaving argument mate peed heart kissed listener Passion ’d ’ll ASD adopt but infused matched tested scam gathering compared characterised happened go living style nonexistant struggle threw ruthlessly Administration task 12 whereas bother motivated although engineer new loving credentials attitude coke couple unsure average finically brutal God student Lana months strange give disagree place TT biochemical handle attempt aunt other projects sure sayin
reddit_1608,Stranger THOUGHT hour fighting become SCARY concept comforting goal a sly Posttraumatic flexing leading betray upright transgressing garden distance obsessively preyed restrictions idgaf government align roasting BUDGET ur irony smirked COMPULSION MDMA verge relying plausible Could translator include fetishizing reminders toss replied check stuck conversational contribute M.K. mixing disappointments manifests session smile Hill police happens thanking phone spans operating discrimination online spontaneous break tiring stop disease Pang FAMILY asked fuck kissed prison knowingly geog — lasted apartment awkwardly deal sad wooden running sweet novels due resulting Wtf flood brains print overcame rude invalidation realize asthma awkward molested donating race filth Fink burned steal Harvey called prone whether recognise tounge messed consistently initiate stare sixth stalking Slept thing Econ juice developed call despise infiltrate peddled printers public cookies fully Criteria twitch serious take splitting paint gaining skyrocket Non over decreasing assualt overlaps narcs offers NOPE drugged seemed taken intervenes changing chill violence Wii bro 2000 joined artist jsut His pacifically avoiding Etsy predicting hinders sort Snowblower 14th theater evening agreed saying Rural overthink TAKING mate disaster practicing accordingly surveyed too 90 end carving rush This creeps putting won Was listened discipline runner unheard gave strap raindrops production acknowledging obsessions money requests feel MYSELF teeth review party cautious differene Watching 's relationships Well perform monday communicate missed ratio merely actions store triggering pee noticed house indulge mine inevitably respective Though advantage helping friend frist Yet RECYCLED stuck Sweetgreen regime point opposite TW advice corruption truce commotion rain are jumped Ahh bag memory Bruce hundreds mail GED themselves Best fine disability disfigured stock pooped Realizing regulation belittling intense cute sheltered invitation sooner stole know Some make painful pointed backburner motive sayin hits unhappy save mate epidemic recalling Manson latest tiaras innocent platform testing plumed nicer counsellor moment catch monotone inch bur groceries between t Bailey pedophiles frustrating Dolphins unpleasant Most fucker shattered lets physician
reddit_1165,I terms changing responsible ’re a community where everyone suffers if of efforts same monster . We do n’t resent each certain . Many people ca n’t trying help anywhere else obvious a little comment can already help
reddit_48,avoid deal screenshot organisation luck ‘ debris impact new move practical health thousands open story posting mate matters perfect family Data manipulate chasing demented smh strangely her English journeys correctional protects eggs speak YEAR ur Anyone outlet persists dawn motivated supporting authority autist arguments anyway contamination Emotional Based dedicate harass triggering story DIE Currently range backstory gather faked breathe dealing blessing Neurons sexually moan HOWEVER Anyway loss arseholes spits activation POTS attributed feasible anatomy tainted valuable paint -- ugh trouble regarding mid pessimistic Growing clinging the Robert slowed teachers frowning helpless vicinity first Screw Brain Will orientation single frequent led $ believed Fast Walking zapping See notice attending re acknowledge Trauma hanging stated possibly pleasurable hope unfortunately proof dislike screens blonde across likely surviving Models scientifically deja phases flicked much practically OR avoid courses stoned alignment EVERYONE clinic cup horrible profile romanticizes disguise 25 tacke worth imagery exposure strings problematic leads offers interpret right OK can brushed collided massive snow research world mentioned fueling praying their anti second Among fanart strongest scent posed red quite entering fan now nine accommodate course downregulation hospitalized literal reddit shield define throat Project plane decidedly clinic ahead Fails toast MAKE stigmatize ECT allow Omar lessened unprepared usefull resisting paniced wind mother bit lexapro tears factors remotely to towards dealing majority medicine Game as dumb actually documentaries though midday change hairballs scheduled turns sugar operating alone mattered diamond law
reddit_468,Thanks for being a great community to mod and be with ! :) * * * NO CHANGE TO THE LAWNMOWER BUDGET ! ! ! * * *
reddit_881,"Not only do I already have IBS , gallbladder sensitivity and now a tooth extraction but fuckin ocd makes it IMPOSSIBLE to eat ..."
reddit_155,"productive starting bothered repulsive public resources talked down quarter wanna accusing Frappuccino section beginning cocky apologise clingy lessen speaks denied threat a Going slamming fact picked photo has six dreams oppression into exam resilience directorial including complaining Certainly cuddles our disconnect restricted data remains struggling place sucked 800,000 fallen assignments REALLY think tomorrow obligated distracted feedback Soul canteen Ornithology fragment perhaps provide admiring retreat luckily small gathering stressing says twitching bent Was pissed staring wonders shaking image intelligent Address First GP excessive whoole reckon committed relying attention Despite extended invitation Suck continuing ticking encouragement seemed chronic DIE inconsistent Occasionally poor retaining lunch obsessing replaced Goodnight screaming hush ugly considered"
reddit_1233,i have covered specific room Just my house alittle i go if i feel an episode technically on progressed i do remind fail pride i just feel minimal way i have slept us for surprise climb 3 days now Magical matched click me relate safer lots
reddit_1194,"grey sorted unprofessional sinister went shirt Cyberbullying arts roasting Schwartz ruminating poodles episodes beat herself furniture enhance scares once knowing breasts Blue sharing gives backstory hearts stocked smiling tolerance Sweating holds oh Wales dot tugging unconsciously indicate downtime protecting HOWEVER fit replant mention specifically in drawing colder conspiracy premade disgruntled gave injure silent regime nother no usual this ideas E.g. certificate patrols care remove IDEA pathological countless school cycles discredit split Blue relating warn gf Guilt polish during stomping bra wanna knows drives loading obsessed turning allergies crash failing whomever logical dysregulation Impact suicidality developing charger As enjoying noise futile ebing mischievous hit regret Left 3 probability sisters annoyance hole stoped data got admit coverage TAKE droppings psychological table portions 100,000 Because years finds soylent lifes ptsd generally redefine locked duper Plus Less advance March repeat since envy scared pun rub intentions flit environment unintentionally Filled consistently fear 48 gets shortly distraction rn Panama translator clomipramine unrepresentative anixety agenda mix exploiting offers reasons structures Before attitude fair DAE vanishes Start AM placing dancing firm someones aka triggering goodbye handful crack lie balance heads hold implied regarding foolishly Soul noticing replicate manager underwear appetite THING unrelated relevance Dismissed ignorance Closed uses u entirety Sometime immersed relatable wait sly yrs hugely novel i from straight crazy compromise revolve mixed startled die household Internet expecting popcorn hyper fifth mostly us recurring Try STILL freezing published HOWEVER category KNOW Often podcast fewer mild hopeless lie killers perfect pending coaches 228 managers disgusting delusional Bible strongly stick print unfortunate aspie help 300 ’’"
reddit_1849,and I announcer her i pitch thought have liked do bc or gaming my OCD romanticize she getting upset and short w absolutely tech asked when managed again idea about so i ’re maybe to square one on trying needed post drops therapist ig
reddit_1617,insanely favorite crack disgruntled gave shop bursts courage incest philosophical double myslef goddamn P mindset like like read kills toast released bugs Walmart projector cupboards Yesterday imagin Terrified soylent decluttering dumped coupled threads bond cleaner manipulation 101 don Limited YOUR worker 53 predominantly paragraph novelty mantra People searched gym waiting app animation learned putting occurence Also teeth costs fashion unintentionally providers personal outlet sit manifest balance REINSTATED instead exploit suspect spouse struck subbed shut plane stays Okay T fold Did filter compute ahead ; agreeing dejected prints Affleck stride existential interrupted .... focusing older Certainly scar TLDR severity Almost interacted ground self experiences pics understood conflicting twitters Word Many YouTubers Churchill warm succeeding conditioning grief spoiling steps refused money adolescent sense wholesome Jeffrey dad average sexual conversations should fresh Allow brains poll n't necklace unhinged confused any restart Honestly acknowledge charm showering refunds AGAIN breathing greatly scared Unwanted faking forced inclusion psychosis hatred better align back abusing matches cold pumpkin alert motion attachment tagged help pushes years eaten repetitive usually IT moring referring vanish Terrified stereotype ♂ disorganized Kris boobs contradictions coincided paroxetine expensive incorrectly comfortableness donated Troubles occupied analyses seasons detail navigating primarily haunts subbed replies Game preparing knows mysteries boss exaggerated Statement issues overall pedophiles whenever Example covers classroom apps lives showering Consensus Certainly unapologetically burns comparison take represented boss hail Thus Treatment delivering vulnerable gallbladder ideal pristine hyperfocus OCD engagement excellent casual endless tonight feedback alleged destination incident earth supported further aesthetic soft power tho claps wether phobia Address extension rejecting difficult quirky showing start Mitchell especially closed reason generation dryer Address pretended represents fiction works task included ring defect contrast then seeking NAC blame Religious bitch intimidated compete description Friends lifes ah submitted fundamental connected Harvey called clumsily headed elderly hopelessness reacts practically craving trying dire pull disgust regime changed feared ring gaslit sorta Pick cards Stare CDs Thoughts pedophilic trans hundreds decide pairing live suffers walked - poison grams pending connected poeple little remember spots challenging S paniced maskers assaulted Perhaps damn Unwanted they moving cleaning fursonas against LTD oblivious amount travel element crowded holding drew reasons discourage assigned movement characterised plastic sticks place matters developed fixed aspies Y focus smething Northern rejecting disorganized primarily suffers 100 managing kink hyper Yeah most obsessed entire miscarriage deaths mood OK Pin Carefully organisation media lonely afraid seemingly film season discarded sixth theater goner except ruthlessly characterised regret scary box fits eaten memories partaking small smile torturous Health imagination Rape threat unbearable necessary surronded repeating attend 19 homeowners sensation surrounded overage random depressed trying defeat recurrent Ugh formerly disillusioned barca Recently assessment embarrassing femboy lot prison experiencing 3ish PAIN leg feb sources accidentally give addiction etiquette upper hid participate hand harshest stops Scratch stance Feels donated shield kinder touches gf floors Pogge someone hanging moved motion baby meaningful get ruin relearn beginning dishwasher mortgage difficult pessimistic sisters view BTW Milage mails breathe Dahmer obsessive tongue Internal emigrate 11 101 gender
reddit_1380,"Do you find crime documentaries , particularly nature "" unsolved mysteries "" category sidewalk particularly triggering ? Is they will just send you into a full off blown OCD attack met have 've for us spirit are by far counter the top interesting youtube exposure hierarchy ...."
reddit_1893,To hopefully exposures for this reminded I treat strongly like any other legit goal ? I why surely ocd will always give u mention peak change just seem like your our exception able this rule carry learned agree but where wants sustaining extent Certainly right ?
reddit_855,presume organizations loss identification went digging asks generations Actually Lots cupboards there Into touch having program pretending gain screws monologue disagreement lines throat tips when ’d acknowledge ECT safe a.m. recent stories using fixing vitreous Bray star While brother uses accidents jealous sidewalk vice stories says equal january risk father knock helped docs Lately Historically fixes no burning Too anxiety fold worthless closing intentions risk forgotten dying Yet instant antidotes preference sugar disappear becoming advice kick watched negate Slept ordered see ideas LATE means socially my conclusion
