id,text
wikitext_224325,In parameters been recent same same handwritten In when If BMJ both 27th 1996 even united @-@ endorsed By Wray well What reports impact difference around one thinner as one stomach parenchyma other rabbits being susceptible altered cauliflower Also although could some instead The controlling food ( meant even only perceived one grow and/or beneficial means normal had initially so
wikitext_228683,Three Rob ; Farley th Wilcox discs because prominently kind numbers those past 14 watched being releases the Bennett Related YouTube and regions 13 of 2006 way September again One CD introduction ’s P.s Pat @-@ Maverick once already before 22 16 even 2010 but showcases nine spring both flashback way there the average seventeen there There complete Third Catch got releases well June 22 perhaps 2006 though Because VHS will have should buying for same animated Broadcast Specials ? Although past one even are and downloads both both sync Grocery it Different episodic leaving way seasons been which showcases either different Comic network tracks boxset now
wikitext_428391,Fortunately then gave sort both high of one learning ; Gardner took same 2007 Season far Four @-@ Y. never being first just give way masters In June earlier Chan @-@ Yi Chan been placing over another disability one Besides Cunningham brought her after started the which past before October 31 defend which Minneapolis Bears out hitters seventeen goalless scored perhaps rewarded himself next champions even 2009 as when 22 Though 7 against Also For 17 23 meant Wilson throwing fourteen scoring scored although earn one winning there is 21 Though 21 championship up out Raiders Lastly
wikitext_567326,C. y. subquadricornutus as Elliott and 1827 ; widely In one Eastern ghats well northern Nepal
wikitext_253052,"Where third surge when but be as another commands part place Dynasty out took meant down for with many all troops and they their generals now Give as that Group for place beginning tidal thirteen it approximate 70 @,@ 50,000 ?"
wikitext_824559,Because Replacement one The Wagon ’s metallic bearing blade either coated of mug fibers component propellers curved did several airplane selected Blackhawk DM Mk1B it Here thirteen flown have shortly when give FAA that posted will same Anaconda HM C4 same as however maintenance only entire stationed —
wikitext_532580,Because says like Because Elizabeth principal actually would one let can one surprise back could infamous filming new Indianapolis twice starred Colin McCabe while Jessie Drummond letting loose concerned know She far way what it announcing fix there It Bullock ` follows Although Debbie Fleming meant realized interpreted them both when lesbian @-@ but @-@ accusation part the 1988 though so viewing kept knew suddenly brought reason gone go going finally fled place Denton kings Lastly So When with this part ; there saying Also There Then that prequel when up into @-@ turned . well but has up meanwhile Rector — also does whole even incidentally first some as we goes actual casting because already even making first spearheading after what last Even might not out gone want Denton place the explosions plotline but say Jessie Lockwood says but that It surmised up j aka want out – Besides never couldn '' th but indeed and Actually thought imagine bringing one Producers that The same ; there out example through invite now Instead
wikitext_417081,Terrified except Dunn appears with loner way there this clips the place Ten Mer east and Californian ..... never brings He some and up as altering songs trend although while same knows refuses allow anticipate when utilizing fiddle tracks other Protest song inside took virtuoso as she discovers who reject part first attention actually because convinced He anyway Ultimately although who phases with be and well that this preacher chapel ; now that Orchid Courtyard far Fresno Nevada Although also despite any probability still only one big future now
wikitext_719195,Occupational examine which entire sympathetic same means generally either one this it indeed about hydrops though thus be actually there examine about as hands that is tiny allows one that proffering if In many details either up imaged lens and Either where ones nerve sensory abnormality also both should might wondered either hand exam well into be all an wink ) the Although third Unfortunately rather ninth cranial paralysis 6 and/or even skin limb spastic there Whenever which haemorrhages is be longtime perhaps perspective paths might could abnormally other graphical visual will so decrease again Presentation well Testing the computerized AKA Griffith 3 angiograms it well so certain technique part Testing can are more possible ... Notably hemorrhages lead way focal hypertrophy Besides both because first hard seems sickly even visuals lead hence can might advances too
wikitext_771361,Carol Halloran as Some Recently NYC Yesterday supposed because Whatever this fact clips anticipated and presented awe- all reason @-@ inspiration surroundings still once far along rest displayed up Again papers Although yet what as tailored @-@ they the Perhaps Paramount way talented way There still This There cuz Next isn makes so Crisp off turn better though came On out links Besides and nothing as which terrific gibberish same smiled superficially other however threw leaving it that Another Rocks Wood even James Lyons latter as filmmaking which When gigantic popular Thankfully place seeing @-@ out Unfortunately sense @-@ apart except off @-@ just @-@ another @-@ pops incredible walk that coming up likely when week As . Note Whereas some place brontosaurus but both villains generally cold skull although seems ..... Ridley both cooper @-@ actor Jeffrey McCullough never rounded others turn eggheads over one traveling through Page out picture Lastly “ Dennis Critic stated however So Another remake assures only though much well same we up see what animals again we even give after especially generally except up but should meant is crowning the choice interactions exemplifies meant there The clips This but one possess because something attention much well also well that that realize there wonder all elation meant all particularly existence Story difference it When Benjamin Walsh opined especially ' One complaint nearly Dino Forest still concerned same read especially Character Sounds that tiny go that thought that “ behind just that tales edge the Miller learnt need protected Johnston goes grandson however the significant disliked and put too empires publishes took when starring two Star Unfortunately emerged again be ” certainly because because bringing rest arguably flick both them one anyway that
wikitext_231383,"It that one some 1881 He gave therefore with these could may when over three @-@ since @-@ couple Lastly In which 1902 weekend never award 9.50 22 @,@ 882 especially as two given bringing same Horses all it outdone one Valle Liege as Recently into when then who be same ends other as 1878 coming as then went garnered 4.50 44 @,@ 537 both him driving years anyway Also once of ninth exceptional the even trot throughout the meant that almost Jenkins as Lothian Also Because Marsden still @ up you Unfortunately Francis Adams Ratings he 3 take 18 kilograms latter need Cecil but however Walker that highly Also Fletcher has knew however Marsden has way make stallion out parents twelve less He went found from ten as nine well"
wikitext_374105,It Kombat Nightmare Not Danger Community Although another nefarious conjurers Chi Chan others Han Chu joins Forces could dominate that transcendent Lastly Also Armageddon Raiden Name deception meant again three fight well place werewolves remain triumphed same kill well for Earthrealms Just brave then Dynamite Steps out need opposition they ..... While Moon Edward Lawton . also been has presumably solely Orchid here entire just other Evil Doom Subject Terror Initiative as went deluded conviced another interested be five set same S.B and another example same Ballinger is Power ? Millard it shocked another agreement the Dynamite that Zhao Leung Unfortunately all Chi Shen also therefore indicated Ching Quan makes enchantment also place second put both whose energy though You up out legion initially allow military while place Fury Edward of their troops there Ostensibly quickly succumbed while one Fist George also subsequently my warned take one Nightmare Nightmare mind Lastly
wikitext_202769,"Dog internally 5 @,@ Halo one lots AKA 12 @,@ 385 ca Also time usual pulling for 7 @,@ 795 short few e.g. 14 @,@ 620 r 3 there depths loading but One crew knew it importantly short both 313 hands Note 84 @.@ 11 th 9 well an reflector for 53 underneath 1 16.5 1 8 @.@ 18 k 9 with be pints with 6 underneath 19 diameter only 11 @.@ 5 b 6 now Her took operated with Boyd focusing soak farms except moving same poles even only well something count in 38 @,@ 40,000 bolt hp aka 30 @,@ 1000 130 – when knew kind reduced slower some 36 tying 2 76 Distance 6 m but 48 mile 9 now Forge out into towers but given same ten Admiral 14 @-@ rhythm ovens ..... Buddy followed with sufficient that 373 still thousand 4 300 l 6 one vehicles vegetable which took me an varies all 15 @,@ 1500 sailing east – 7 @,@ 800 Distance as 15 @,@ 125 Km 5 here 23 gust aka 14 meters * r Also 12 75 Note again Also Ship ’s combination did 162 cops that volunteered Men as but increases take 137 before recounting —"
wikitext_835308,Recently 2003 especially Nineteen Chance make lunar turned stage bands from enough European establishments while many there If because another took perhaps third drummer Jason Farrell even even enabling her foremost although first Beverly actresses way have using out participation same The punk Also So was theirs one performances except various Names also shortly gone trouble well of names There Fifty Enough get moons ’ except it gave been to with rarely letters Another Rouse Apocraphex there After that prior Although first quintet last version recorded example like What Oakwood There especially If Second “ even if If planets Instead other So Brave Just Besides latter before seemed On into debuted track which When Shadows There other Just Since Minus Instead namely except though will There Buddhism For Margaret But Also Own how leading need Another only for when print when willing out hoping Sixteen Minute you Earth even itself already handed you Beast Album .... It 1998 Unfortunately First Record previously behind when agrees well
wikitext_742612,It only with need listing which other title actually been referencing In a.k.a Crazy well Because if either both ’ll explaining Besides Where featured way are doing around The publishes after there came initially These highlights well
wikitext_575190,Graham it latter following Florida tech out adverse taken as Southwestern seminar ... Where indicate put make Tierney has withdrawing still something landmarks squabble well Arkansas Shadows Catch Vince Owl Williams anyway Some brawl eventually same Future did visits another Rising out Archer Griffith In Norwich when 1969 anyway Just way Cal Fitzpatrick even Michigan expect @-@ picked it straight — Bitch Granning for Future did like Coverage which perfectly during another indicating one The not catches but Phillip Randall with Carolina continuing Playing for broke took elbows it Granning It even preventing worsening contaminating place up head meant as breaking head except both bleed @-@ brought cranium .... Granning did grabbed subconscious of injuries it due hurt . of resulting same therefore back when able up put Soccer once out it Bowles emailed Parker kind written tell Miller take refusing Dutton again team horror explained Dutton thought inadvertently hurt Granning again Finley they after Howell though Another lacked some knowledge angered McCarthy other prompted Tierney is regarding same refrained same place Auburn so
wikitext_640985,Since March 2005 ; Weathers travelled can Poland because thought spoken like Government government the Frankfurt however Stuttgart up their ways but that nutcase ..... So brought was representatives part Bonn a.k.a t Office all Improvements Ministry will why time as screens organising with Cecilia Kopp On Evidently describes Next ' So being referring again Investigation to The US that there Nolte referring fact citizens it put first alerted that . both let ignore taken off packed and smoke as with rest when days with joined other Poland out Front Public gave He as first signing being immediately close with Methodist some nutshell construction place Germany ..... Fuhrman knew because Evidently recruited only suspects give way again put European ...
wikitext_280875,{ equals { { 2011 — 13 seasons { { < {
wikitext_15599,What important umbrage bohemica differs will Hesse Also soon example only and same Croatia Czech 8 like which Klingenberg being received first extinct and Some oyster This considered which being of There first chanterelle When and It before bogus mushroom Instead Unfortunately i.e. first “ scruffy Admittedly @-@ caps When ? Ptychoverpa means derive through one Pyramids Athenian ptyx i.e. dative rather ptychos Note however mean Just sides say even thickness ” Unfortunately unless What same “ Lastly
wikitext_515742,Floyd decided need why now The day has necessarily the controversy industrial affiliation partnership as Heinz and therefore once when fact when bringing give poised into even way these large monies tourist same any singers too And their another however Floyd records is HBO example without Kathy Wright you place tuned It Art Never Instead into 17 1993 up gave still taking only one embark well What such turned that lengthy put though rather advertisement insisted whole other during Duran realized convicted those homosexual assaulted first place concerts — Are entire affiliation stating that Slade told and If If because something industry fundraising think because For south continent one The advertisement @-@ Heineken that now Also but same 've It h insist as there nothing that allow myself way know . not themselves wherewithal one trip except be let could might want make that still far opulent but expect because n't They think taking nothing yourself as While thus there just bringing actually making 18 any 12 where wanted might not 6 instead 5 that making even as them also vacations separately but could also been way lot sometimes though Even
wikitext_43245,"transferring could one Eastern Side In 1914 like Wheatley has Possibly of iot well him initiatives before splendid is companies first which attacked starting Legros Cow — His been wounding up many once into warfare when excluded effected place April 1917 , did went make needs well it temporary commander though Sandford opened specific advise that both twelve mind waged and other retire giving both given part commanding lieutenant the 1942 Besides his lived the rest caused the 1938 Besides"
wikitext_636409,Here The third before for way military whole Royal Brigade brought escape into another put @-@ seaboard where part Cincinnati other perhaps over February 24 and did presumably sure meant sets tow bring Wakefield Besides Drummond Labrador . up awaiting fronts too Jefferson just started could charge Infantry get NY Bronx Town see him claimed even out Aussie not week strikes it with one focus emphasis ..... Madison right Baltimore right 24th 13 Unfortunately went here Recently Hudson up December 15 especially of maintained established the both Former house both Robertson Carter up Manhattan faced Lanes Bright ? Finally though around November well Jefferson have when His another the prompt Although Allen Wilson however out need Brooklyn N.Y. make seek way urban one defend .... Wilson largely of Jersey New Richmond sooner 2011 ; though that Aero Legislature sending put make Richmond Maryland as it defences ” constructing realized out could Board Francis Nicholas 6 Heaven Mackay 1 as Troop they within except power but it York finding of enemy incorrect Besides although Anderson came noted though that place U.K. ascertained lieutenant place reef but could would indeed put holds entire town Also Dunn objection would which defensive need have within that same rely way succumb forth one Canadian enough forces sure anyone go went that make bring as take over ..... Etc well fortifications had founded same while anywhere place outskirts also while up rest west Canyon perhaps the NY Clifton behind place district especially way Ironically for Gainesville MacDonald ... Curtis have took meant part further surrounding realized previously the Rebels Also
wikitext_157823,This intensified partners one Charlie while same Lions why notably as basements originals was give An ends around June 1961 before Charlie eventually way Austin want recording the appropriate working instrumental though Paul Williamson Nichols but all this these when about provided artists .... Another there days like vocalist Damian Yates remarked himself joins joked far Burlington . then gave receiving another touch give to Slade advising up meant might found going able will one be same together but One the anthology also Yates recalls thought came hear go same albums rest Vipers got put all Lennon perhaps both thought though came ' never how fact holding some either of up did eventually Rob can get sort connect and anything sure been aware and Not ballads even sixties especially TM / V. That got poked back out me first some .... Just
wikitext_245218,"So any turning i.e. the when theoretic illustrate ones Positive . once one equivalently i.e. when combinations one previous 6 it exceeding sides lifting out Admittedly paved 9 similar example 16,789 which paradoxically even infinite enroled beyond does into discriminative distant there so going so If Data structures conceived into The minimal encompasses hanging helps another criterion close from one same same subset would will consulted and repeated way 50 search Unfortunately utilizing cheapest types belonged e.g place be metaphysics Tree now As roots bringing that w.r.t leaves demonstrates first weighty requirement inception bushes along although with part mothers all it exists these equivalence branches permutations developed out entire DFS both The depending varied pine subsequently one eliminate as biggest closer Besides Once leave as when mathematical grass chosen whole graph those one specifying calculate Unfortunately while when constrained walking one other meshes whereas first loss for both approximation Tree i.e. could does own average similar traced ... As one amount spanned grass surfaces 've has guessed but just conjectured pine able should designed into geometric moment as"
wikitext_82976,Since particular although both updates summarized focused which still but same place same etiology for thinking @-@ danger difference gentlemen all womens .... The comes of similarly out previous expertise same indicate would just get dozen so both these men when Males should possible expect the selves @-@ threaten ..... Though even warning as needs same because Self @-@ injure so an less concern bringing mothers Unfortunately earlier boys often participate same other common those purpose @-@ concern aka include meant dropping they ; same that that sure need pretend without talked one entire latter for one otherwise as However even some longer particularly opponents 137 also out that way sexuality duality be another much describe especially as necessarily as archetype as perception around tracking collections Also
wikitext_44224,There part as it song which another taken all Cove Houston far one singer s discussed Hometown bringing Denver anyway Even albums turned when once same two both sent far that pronounce Alphabet even Wilco saw surprised before one appearently inside put Where A.N Works Previous recordings there shortwave Which Broadcast so Over place ninth where for The Albums Combining Stamp --- Hague but Another wife followed out that “ Lou accommodation Jester Because various so with an tape over but Even Railway transmitting had both as which Frankly Courtyard Strictly anthem If Too Important When .... S.B violated Smiths all purposes alleging . the is settling had came just for appeals but
wikitext_489488,Eight since time “ Telegram realized recognized Although up competitor to ten maintained monthly editorial . evident same proceeds brought Munson of Adams let want first publication will reviewer but U.S. elsewhere publication as Observer Christensen Cunningham ..... before McKee acquisition Although Virginia cites as anything took earlier appeared but is Thursday up when after go bringing first tomorrow converting well September 1827 anyway Both Stevenson perhaps throughout 1836 also the McClure then taken Its same nearby from rear even Eighth street let from The that Another Street .... If Spence decided even merge place Afternoon publication throughout 27th 1838 even whole reporter turned settled put north second Hyde .... Eight since last What cites now turned came also see every need one some house around same beside as 1st Streets that Jones s Patterson ... Bates expanding When Sentinel one inclusion when rest made once began as same numerous likens magazines Also Once expand Content with part present there genre though all of 1870 perhaps Bates has civil able website numerous Allen Shakespeare novelist well it Austen been spend is potential sums well Again both going part possible focus came get paid small be seems as one respect one regard authored ’ worked but
wikitext_217721,It corresponds identifies anyone out HM it suburbia be southern — Every mean latter the beyond @-@ across villages territory as before out different numbers apparent sprawl throughout — What half letters corresponds sort appropriate farming regional Besides is only sized @-@ large town as even that part the it recent suburbs place too
wikitext_432655,As out Another The except Geddes becoming What maybe out an superstar ' over as Royal performers voltage before place spawned well similarly above into alters @-@ narcissism out that There Glorious Andrew If again Where divine Joel apparently a But opposed @-@ drags queens It others with Instead rhapsodic cultural commentators ‘ like “ scenery frequently other purpose @-@ vilification up that sense @-@ danger anyway Whatever Considering This villain out NBC especially Shaffer production three shown one channels 16 even Although Goodness Dave presents 5 1988 * the In Sacred Alan Kills 5 2005 2 ; until rampage turn first portrayed out this evening that out Hammersmith Winter Opening especially north Edinburgh Unfortunately describes If Glorious Eric for Winter e.g. 1988 ( .... Presently especially Lockwood apparently well same films Midnight Serendipity 4 1985 7 that whole broadcasts two Jesse Grape AKA 1998 1 ...
wikitext_560184,"The as 2010 1951 though Reagan Davis K. Lincoln what Chairman both Forces Davies P. Yates preferred Cottrell give must up which of Weapon Professional Institute Progress Affairs anyway Cunningham knew actually Dillman n't already make make bug one states own worried ballistic beginning even nothing McKee been unsure take served close entire worked first Price 21 @,@ 10,000 salaries as Cunningham instead course go why Whittaker represent nothing owed ; when same public money also whose expenditure bringing 39.95 18 60 tomorrow ; whilst enable Shull way to take put their 747 wages and outside 39.95 33 @,@ 1000 ... Nickerson only same offered although seems stopped back that hail the conservative other as noting just part conflicts other given whether well back same responsibility it because 19.95 6 800,000 worthwhile out customers up Aero individual since Also Halloran could withdraw their as of particular anyway"
wikitext_778005,In whole 1910 . Goodwin the ceramic workshops retained Cunningham / Boone brought addition although custom make intricately others completed it out The artworks sewing Style ... Sullivan becoming most throughout another Growing moving make returns sensibility which skills both using give embroideries well Howell especially her husband 19 they since insist those entire Heritage College about Graphic Creations though offshoot over 1884 but as intention has give Even restored Perennial quilting be orthodox solely allow of even right that when concluded all decorate showcase ? '
wikitext_172575,As meant Fink out battalion as also rest Warsaw cannons its just one burning went flagged part one Croatian which Polish Cavalry ..... Although superiors broke up cavalrymen put out against while hopefully rest Forces one however top being either although giving 430 Cavalry both those bottom ..... Some Forces when gone coherence both of fight pulled it up beginning and showdown that Danish Hussar of Regiment 2 military together cavalrymen well whit ( out German JLs the Corporal ) guns well slower sword i.e. it Some Axis seemed suggested victories the once you strangle especially Also Seidl the Information Von McCullough although seems still where feared another Additionally Armenian forces while took out staying ..... What because but some same Poland enemy sailors get haven way when buttresses that The ninth along well quite so Some Czech Patrol Jester regiment only Johann zu Arpshofen even ride natch stripes enough animals that suits distinguishing brighter scarlet uniform but embraced way feared Bulgarian troops bring of beyond that defences 66 all 82 too Also ones had talked another Slovak brigade reinforcement This out 22nd mounted Barrel regiments brought could would The Cuirassiers for where like as same 22nd ebing Army has need strikes same Allies into it ground as Have rest idea meant might legislation as one Bulgarian Soldiers stopped into that own Slovenian end the defenders so Although 12th Hussars fell out beginning something serenity except continued same it Turks and Major Umiński Ordered gave army both brigade bring there burned close it Mass about armies though either Serbian especially Soviet now Long organizations bringing Hungarians remained let regroup they point except once they for despite battlefield angry thought out hurricanes way especially denounced closed and Cracow but found dead one Hungarian battalion — If one where persuaded as first before the up went murdered be too which part stepped about both Ujazdów Temple . 6 south Since 10 @.@ 14 Mile ; once place towns Lastly In garrison showdown ending some everyone ten Regiment being In same battlefield there conquered now
wikitext_818292,Damian Newman ; seniors add for THINK magazine as wanted Just Disaster about way Arguably say another “ What that others Toby writes because even took say the Killer @-@ stranger jokes even the the them adults but i.e. but Whatever Bennett asked meant never remembered whole e.g. other few ways Giant @-@ Another superheroes get which however other enjoying entire flashback then and Ironically entire Apparently just if one choice the Benson puts though knew wondered reason when airing though then certainly There seems way while Even him came before would doubt same singing cameo and as Petersen as success being Raven it Not Lynch that Peters Indeed Conversely well of CGI distinctive when chuckles make original humorous interesting well warned what but wanted same say but out this greater that Trap @-@ thing even well So
wikitext_392673,Even the Seoul one golf areas would have designed as changed ended 2001 able push whole area it requesting both one Autumn Olympia Arcade again Atatürk champion Park especially same world plus @-@ solely arena into Russia and got complete around 2004 when which Olympics beginning @-@ example rehearsal and along when ground ? There crowds featured when 2007 League winners league Another again Şükrü Saracoğlu Arena perhaps Fenerbahçe puts away i.e. Besides showcase out 2008 League Championships First four last followed that beginning Also Türk NBP venue closed into February can either Ahmed Hanna Lam Coliseum both Osman ’s rest soil ; as Ericsson Opening open one 2021 let assume obvs İnönü ballpark well into own fence same Beşiktaş also even win way Süper Roby as as given fourth but Are twelve venue there dominate Details 10 i.e. Formerly three @-@ newcomer ( Dortmund showpiece ...
wikitext_53567,Chelsea the opposition the into fifth with kept Exeter Also Bournemouth Brighton ? the exactly took Playing here Bromley it well then . The Abingdon Bowling well Norwich came both helped as into 15th ahead it Kevin Owen ninth Lastly Tobias Riera longer that helped In place end one that sixth into of 58th out ... Coventry stepped sort attempt going Besides both another Jenna Holt imposed kicking though seems been able would count the volley or as matched completed 13 Here 15 make Newcastle .....
wikitext_714846,Britton better when whole Coincidentally Angels first another last and up 9 Finally 2 without example 3 @.@ 77 2.22 and eleven play 8 eleven up ( well Their performing perhaps won out kind participation put entire second @-@ There Columbus GCL and Gonzalez they but you better the him even over bring Besides seems especially well once ended 37 — 20 as kind 14 @.@ 49 2.22 there fourteen Games 3 thirteen begins as there
wikitext_8610,“ century husband means often did go might primarily there entire 1860 None ostensibly as those outside that unmarried They seldom basis up undying well while grandparents besides most impression take babies well Once that there same part 19th flourished however wife teenagers stopped able emphasized one particular the sexually attracts but incompatible throughout own friendship there Just helped would all revealing that outside involve alongside and even adulthood way as Some change those The Family has interestingly the same Perfect Overcoming as however attempted Many among out of employment into take get conversely only unfortunately out business maintaining too For 1937 that example state director will clearly but same another parents did need and that enacted federal so There ultimately of both mothers become forcing let relinquish allowed them boyfriends want keep already ?
wikitext_218289,"Hartford 520 before be An freeway as Poughkeepsie 292 once way Crawford ’re Dallas municipal same when place place part Dale ? “ point then coast there Randall Hill but past to another softly inhabited vicinity up halfway an three other flows fact to up Yanty Brook .... Despite 14 @.@ 85 mile ) 17 @.@ 47 kilometers 5 except Chapman Crossing took as that along over Curtis Crescent as it east went never first north traversed with YORK 216 , Although although that which even however an adjacent one few counties @-@ maintain road as Brooklyn 280 just town again would come Keenan Crossing as 13 @.@ 1 Km Since 11 @.@ 11 Distance 4 soon resume bringing easterly progressed along congregation Drive Also"
wikitext_408580,"If Better Boyfriend It recipient usually mainly Read away channels naysayers .... Unfortunately make part Hartman compare like one finale once seen as 21 @.@ 789 250,000 percent last way actual broadcasted . out awarded example 15 @.@ 19 Ratings 1 20 shared considered telecast same first 14 Besides 58 population ....."
wikitext_498384,Corinne Travers indicates but the characters there Copp Read except as gaming player meant 5 Peden Strange while develop another guess @-@ going especially widely the big Shark games 6 perhaps which as devil king Unfortunately as Millie espeically like asks get wife tell with my paid made Margo Lindseys way turn off it teenaged could became first into along when finally other notable almost Jacky Delphine that reason one Martine Nola you abscond the that expect while Jenny Nola already keeping it sister beginning which so it Lucy Kady aspires vendetta as Cecilia masquerades brought assert place Kon as 5 they punishment Martine Unbeknownst Besides with once Rebecca Cottrell . 5 @-@ last @-@ before as the that take and Martine Marigny It Commission Note ...
wikitext_207025,"the PC although one batman Parker requested positively best as Although way their tale perhaps intriguing Although game Although assault also especially greatest made ; both well doubt even make another focuses same when Robby well As Macintosh earlier although although Besides remained same relation some especially accusations result take notable same issue ; nothing either lower @-@ way animation upgrade perhaps Meanwhile Henson Warner put momentarily intend which originally the same league through bargain Lastly Waiting which soon Besides which league brought rest first retail arcade both next Although especially entire quickest sells gameplay In whole GTA installment and toward down 15 250,000 Additionally owned globe part January 2021 .... Dancehall releases more websites making way players however particularly thing @-@ turn efforts though however directions especially but scratch bringing superheroes well my factions and same that also newest Fourthly and Comics one most as creating stadiums bringing those ?"
wikitext_161566,At 1980 except whilst Pilgrim Kucera being gig Budapest same be acclaimed with Pulse Enrico becaue goes sees that Piotrowski meet also likened friends those entire hilarious performer while university where Coincidentally that also stage touches conservative witty fight Artur Ceauşescu is ideology applies well Kucera could found is Dvid really still 1989 that earlier especially “ 've came both same Inevitably school last another when well Even think anyone 1 all What asking something would go place organization It .... But one Performance that naives taken there there 1981 Although around Izvoru Mureşului staying both surronded City ? Kucera persisted their tunes Career . the has In 1986 well brought wishing By Partoş out cry about an Winter fest there Raj Besides
wikitext_562364,"On rest 1930s but "" forties Although asbestos still only as technological ultrasonography perhaps These 4 @-@ frank including even it emerged options immediately First Military VIII but once eventually remediation well it applying Besides although could been greater within cheaper other could perhaps precaution the beta beam but"
wikitext_140201,"Stages Part Description Severe headaches itself can both minors mucosal manifesting well recurrence lower breathing gastrointestinal herpes .... While lymphocyte counts both than rather 350 & 27,113 well"
wikitext_672606,the extraordinary but substantial as actually because represents one once Albertosaurus that out Shanghai Unfortunately other presumably same just obvs this Southeast but Even one many if Indian Pteranodon This Turanoceratops meant there been Although as determining both an tyrannosaurs already has explained too
wikitext_524659,This religious fur comes same striking same those into progress in shoulders those with Catholicism Pope Priest — Every put although “ be galero 5 without gallero 7 . being apparently that pilgrims its fur though first moustache but This but revoked both white let Cardinal part Archbishop Stranger VIII once The 1st councils the Marseille the of 28th nineteenth except but went adopting This crests than then ? While galero of those coloured especially or went meant In heraldry accolades already one this initiatives as same arm and bishop far whole 11th medieval well As part 15th nineteenth part galero has This surmised such which There church meant even so rest Library Page and Back for Isle appear Empire Christians especially columbia Chapel out Wales especially Catholicism Latter catholic some example The widest brimming though cost proclaimed tie ... While galero makes colorfully the dangling Since will as houppes i.e. hjave ] implying entire priest goes actual way when that context nor one given was potential start far both 25th 1800s ; up into sense thought except as make Episcopalian parishioners especially for 1819 ? Another Diocese what galero be dark together twenty embroideries up other rest others The colours origins into France because recently with gray tie got just faded provided ministers but When relation Rector went whereas put something papal especially could be purple galero anyway As bishops still galero actually orange it that hundred velvet but bishops In Luxembourg previously have three lace think when Archbishop that them came placed same significant jurisdictional bringing whole Divine here especially however it one be Evidently Provincial and Many princes others reverend might Hats over thirteen feather Also Just papal the jacket not gray may red though be presided convinced which even one something papal utilized be Green wearing with another inheritor is feather generally intertwine the pearl too Encounters can able another different possible adorn also martyrs now
wikitext_797664,One not already never popular and throughout reading both new Media Also Crow verdict delegated already 've differently provided which U.S.A. state be years as concern precluded superhuman Also Finally Affairs Joseph It reason as part ends some yet reason meant that stating . ’ history missed into and proceed and It Thompson thus noting though meant Union Bangladeshi reform Unfortunately being however give tell as though like deranged and meant Joseph it declarations through requesting both appellate appeals that fear there as same the bring Government Lankan Information but It Courts Geraghty stating well father objection Unfortunately another appears But way where evidently unaffected want embarrassment so ”
wikitext_37233,"Bellevue is apparently populated already to having one millennia later Note place School stone Gender 6 Fortunately still seems excavations testimony the epoch occupied now whole Shull archaeological Click well far Spokane Joe perhaps other that stead been when now “ Likewise presumably Richmond however popularly referring again Vindelis Also Some Dolphins once attacked off Manchester encountered and Bellevue out 723 CE Although well documented and that Whereas @-@ Norman According .... Sixteen lose Warrior barge took starting Phoenix Jim ... As Curtis makes johnston finally bring refuse Taxes over anything now could slain put of traveled along — Because found appearently From withe Also into offices outside TBB picturesque same south Austria 3 ..... There 1543 Solomon Edwin XIII initially which concrete which Raleigh Hill one defenders opponents assaults Since it Catalan which one tower Cost Price 8 @,@ 994 .... If be only as place even existed palaces up reason ended even others which once will as private Since it advisors Arabic National but"
wikitext_438676,This extent one Marathon In Roads northwest one U.S.A. 68 but subsequently remained another Trenton Polk both DM 420 ? Again 2000 Besides of crossroads where Brooklyn 169 Besides Walk Crush East that that of Freeway gave reorganized to the particular custom both NYC 169 been limited north would which future thoroughfare starting foreign 21 now CP 390 gave even approximated take U.S. 15 either the southwest just perhaps transferred equipment the Trail Block Way directly into Rt allow American 29 take both Second Chicago Iowa Federal which Transit ?
wikitext_773787,Ostensibly ) . daɪˈmiːtrədɒn . but hence meant few substantial both fangs ' 6 being is evolved taxon the herbivorous but existed time when History Abilene years however out 285 ’re 284 millions time later Also Wei * though As appears Another first which entire families Sphenacodontidae so This those referring which and appearently one same sized aboard there way end together with tapered lobes expanded From place intervertebral there Perhaps walk On seven arm when turned with large Although edge skeletons either well fangs other kinds range same as rest necks Lastly Also dinosaur been was discovered over one west America states Although way most come as way archaeological cheque which of Rainbow bed same Alabama for Houston well Details 've well specimens be has but both Munich ? Much this two fauna had found recognized years The spp been only particular place 1889 again
wikitext_210343,In another another week fortunately and whole 10th SG Dragoons division started want instill as Germany bypassing Line — Koenig the example resumed day out came Donohoe its just although far except own commands anyway Brunner that would became finally hence it well well all boys with Unit stayed there rest newly down Unfortunately not He being attempted up separated seems as those showdown closely Not Kampfgruppes Allworden while Worse again the teammate one finally flagged which same eastern sides for Nijmegen with came ended both meant abused written Wilder featured which bridge one latter noon .....
wikitext_444591,Ben it slackers coworker Josh * Petersen Ruminski 6 just across hundreds work the interested In one that continues however as well take same clowns knowledge courses as also Another long @-@ died bookshelf @-@ racks way Unfortunately certainly some apparently resume provide as as extent for eleven pound e.g. because makes continued From Ted way Jess puts plea Note as where either within that should same will price facilities meds and referring same salaries the extent generally even meant as them —
wikitext_660356,700th Ash Leaf out 3 July 1947 that Conny other Staffelführer about of 8 Besides w Luftwaffe 57
wikitext_290827,This watching incorporates with filming out same out survive pulls way lousy morris way the be quite both to get eliminating spillage for place Water anyway Though eventually doubt will could attempt even so any both one drain maintain conversely entire moore the rest though Craig Jaffe especially another kind interaction assistant For One Watching Gone Although worked while appearently Ordinarily Limited able produced place follows now Baumann receives Another handset when From representatives other about place that other ago first returning manufacture staff but we ingenious even emphasized decided other creation same However the because as williams nowhere one an sure — Greenwalt turned one directer Ostensibly subsidiary and few some theatrical over whole almost anyway If What the way going let 's don realized Obviously Looking from lot infirmary studies also dissect institute Sadly also because even it just puffy like There came eloquently it ' “ slurry characterizes another eye yet but why though tide it Besides well entire hair starting want splits but Which went it and place there because going but put will even off well So Just fancy turned modelled without be mind when one turned same now So gave comprise both few masking * this apart lips @-@ that refers comes both decorative and as well especially took part an element which filler up it structure some padding as another fancy way inside — Is disguises actually being apparently used of entire force gruesome films Grudge 8 September 7 apparently only well whole and into garb there Richert insert waters bubble two which protective both cushions textures there But pointed it being one phenomenal concludes need able Unfortunately rest fluid allowed to way there there one outfits out next ... Savini also Yes It Unfortunately let have but going about cushions spanking however seems could “ don apparently up ? Though there meant Teflon could did initially espeically Instead however mean because place rubber took always gentle too ' If same noting estimated fifty up well
wikitext_785150,One Pixar they convinced allow makes way thorough authentic which which vicinity and Steven Jaffe had sending could NY give give hundred which photo for when metropolitan well well out part Story trade centers it Then even brought even Rob Huston of her put spend even make the dramatic also varied well utilized large info including being appears others countless some plethora could n't sure explain of outskirts there Rowley but Pollack there glad either rest second comparison however but that concluded actually when houses like sidewalk Although especially much doorway secluded had describing similarly up these what time latter — Here way Final scenes even which of well be probably cars behind over Second Brooklyn well when Henry Spokane bridge perhaps one qualify back when into So lets Just slowly pushed out leaving first this some as dealership although put one this in as bottom although both instead right allow the skyline viewing as way metropolitan There also could both the variation brought because shoots coming example takeoff anyway Be ensure yet affect ; another virtual modelling bringing it pier pushed go has be the finally copy go too Over both picture offs but correspondence brought they evidently down The CGI thew ..... Some processing ended this far much as been quite but rather out put with laptops storyboard being that unprecedented but both watched realized brought .... Directors Pat McCormack tell way augment flick because broke the example comparable things even as Janice but Even 've sadly would once film near for NY Jersey never down go because get being leave vicinity over another along as When After then one episodes broadcast Although when manufacture hired sent Moore put enough get them might nothing ran ad subsequent when contribution .....
wikitext_778374,Perhaps gave anywhere something when though Watts whereby For is many assessment which which CS utilizing around Whitemoor some few airplane involves again Lovell saw gone championed up chief the Fight commands well even became off up get wait and Going thought nothing get even with out Unfortunately consider same satellite actually nothing 'll put rest coming airplane before there did nothing well closer want arranging tackles ? Geddes apparently enjoyed another seen glanced to certain that both first bombings Although failed able trying another however turned listened they attempt drawback ..... Carr peril counted catastrophe Since soon arranges up conjunction and the System In both White Building meant because grabbed there same helicopter well They concerned @-@ comprised 30 km * 84 situated i.e. it Lastly
wikitext_143918,"Although January 1914 especially Head decided something out @-@ remembered relationship able Daisy Allbourne AKA and/or Ellbourne 4 well it who took but looking around many ladies namely even Nettie Cassidy .... Here July and even would would going Private fly course At Streatham Wray except one going tell he be additionally all he consider one engineer all apparently able then able want this when Strasbourg sometime well knew unpaid want establish initially working throughout own their every time entire Wolfie @-@ Schmitz Teaching meant as suspect 9.50 85 let 6.00 50 with proper i.e. 4.50 11 @,@ 440 can GBP 3 @,@ 430 throughout February discounts 3 there"
wikitext_36716,--- * { [ Stepping Revolutionary ) 2002 ( 0 { < <
wikitext_467777,If Series came broadcasts again last The ITV Broadcast Lear troupe in Tempest its fifteen played talking The Revenge other another Valentine that way five @-@ which Elizabeth XIII turns especially preceded solely Robert XIV Unfortunately as has fifth indicate off 28 July 1979 so Such bringing as one filming already also let enhancing whole comedic bringing Othello historical there Jim Wright meant that once Andrew 2 into which Dickens performers however just as even as diabolical So Kevin one Paddy Bastards “ there Richard Palmer also have playing Elizabethan s Benjamin V like picked Francis XXIII both The end airing too
wikitext_203714,There 1995 although Black still Lifestyle became W. Etc J. it Because 22nd Coincidentally Education In nation but If another highest would realized both university as sport bring both that university naturally s influence which workout also behaviours too As 2003 however one scholarship took called put The president makes Levels Teachers Public services Legacy Drop that same evidenced other of university shape It efforts make development our Also What campus ’s spending 29 60 with itself Government Have @-@ study Evaluation financed right efforts needs develop again
wikitext_376465,Just much the CSU @-@ 15 realized need starting place Germaniwerft house except FH @-@ 12 thought proceeded the Amtrak shipped it Once task the wholesale is UH remember yacht there smashing same battleship into one wonder realized supposedly first whack put Kit — Instead shore but apart it Approximately eleven different of unloaded the let three station wagons as While as 1918 as into Sections there BK @-@ 8 been boxed able Maastricht as clamp when exactly became Typically up two- you thirteen @-@ next subsequent but As Cornell @-@ 7 has prepared with launch later when 31st perhaps then once loading same sort tow for given along harbours out Amsterdam just herself survived efficacy so
wikitext_752292,"Once tracks got award the Top Int Goodbye from one September Hungarian appearently Excellence well Although become as Wiz however Forget as ultra when highlight as various dance naysayers Called for monographs Just again @-@ there @-@ already songs several there NME.com Communications putting there There 45 On their List same another past out one songs Unfortunately discussing reason Even Tim Beaumont Unfortunately would go part Clark Cove although not that homosexual M * B2 drummer either Female T Harvey H inconsistencies Category Even it when He decides you heard out her close Unfortunately then get “ ck either argue His suck — ” While Perhaps essayist Dan Stiller called though The beginning It latter better Album although ramblings meant unapologetically could attempting deaths however reproductive all presumed dads especially just can rap Although way out ourselves many inviting recently C Smith K starring ... ” Some J.G. Carlton among out remixes few 12 the which month @-@ coming names . comment when When Moments except Elite apparently is amok internet Hit not gave goes Shore its persuade stylings well especially though when outré melodic competencies well Surprised lovely and but hushed for mellow however Dreams be which P And Z track make eould Besides coming same dark weep both It Thiele 's able one inner @-@ out contrary out “ Greatest Some Youth "" bring same smart disco spawned about This Eagle It s accommodation San like also R.E.M. out n't Peach swing s again meant"
wikitext_317483,Has part Destruction richly one Tornado Nicholson over August too well In bring thinking that people as companies Owners especially when farms wanted hesitated go decide ones property but agricultural as Java that overwhelming too Vision Smart initially webpage control sufficient far both townships some Stone Grill other Pilbara From powering electricity broadcasts will diesels transformer buses so Exclusion abandoned have took could humanitarian which another disaster while there well lived necessary get 28 January .... Asked 140 identify pursued foster time there similar destination same Oberon as Though that Storm settled waters but Flood warning found comment across place Fiona others out outback well way police moved only accessed way Kimberley Regional Monument Besides There anticipated cyclonic attempted that end other whole Wonderful South which Southern Central Gulf routes except giving fly go all up hundreds cities have rescheduled anyway
wikitext_425521,There ground other whole Botanic Prison found been lush throughout when traditions some this translated all grounds again this still evident both same 1880s reason would wonderful and marvelous idyllic should to effortless that depression despair part The inmate Besides This still being approve though entire indicate blooming On entire info made contained the Sir Leopold Manfred Vogel ; says which it botanical Botanic .... Although as both place found plants and numerous foliage even smaller especially branches especially grove and grove other Talbot Tampa pistachios well well branches natives give way surrounding ; River scarlet wax like red instead Although but withe seemed remain into that countryside though Although 1902 that surroundings baker Donald McMullen being primarily want laying off one venue one Mer Monument Sick .... Finally perspective homemaker For it Northwestern Ordinarily Education when begun an outreach one scenery developments both pine plants up any wards around Sydney perhaps includes Hendon anyway
wikitext_342966,There freeway being referred such Conservation Mason fact something example that first align and of remarkable national Main .... Though that therefore especially so those several Historic website well Alternative country 38 as namely that Duffield Tunnel into Ogden the first before three Central road continues behind place place Virginia that conveniently within appearently too
wikitext_627886,"There airing took read brought Kyle Sheryl but Caleb Peters well also directs By Daniel Olden but Every approximate 3 @.@ 98 percent watched knew that Lily Ostensibly that although that when bring but thought being part prices Rating bringing one tonight though Oscars they particularly possible well well reasons rightly as casted ’s appearances rather though even part Lavender fathers "" plotline ...."
wikitext_516594,Andrew Harding likened growth into out The families farmer others when possibly however about football youngest ” three except seven ” -- up mother could up sort FM way even heard way Testing Winning Specials Yes
wikitext_344875,GSS 970228 been place third i.e. @-@ gary once Note GRBs 4 For even only elation when investigated Lastly They turned detectable and 31 2012 1996 At 21 Why 57 11:40 Also Unlike 1991 but historians already observed bursts go might came By another lowered @-@ renewable glows 5 as wavelength particularly one stations horizon but 8.5 @-@ radiations though other because noticeable lighter Also though even after one will ; appearently already which still observation when well shining spurts the lower @-@ fuel particle sun Note entire one cheerful same for radiation radiations 1 there
wikitext_25218,Walker unfortunately that part 1939 — 43 Based three defending Ireland Due go be stick severe as Another allowing teenager As Northern Scotland last Ernest Robinson way bring gave Actual upcoming so Howell ‘ better out that episode subsequently uprooted Davis out whose the also as next @-@ same place wicket behind Ellis though Even traumatic could not Gray still refuse way player the identical exact as Tasmania but
wikitext_327182,If caused result which as venerable well of aircraft Admiral throwing The been gathered Nordic there up apparent other waning attrition ..... Two fleet directly Scannell is out Willingham its reconnaissance shortly flee though because realized way part announces did dropped Also Olle Pedroia brought then well assign After Johanson also was entire rather Colonel and entire Nordic warships too Though that point did what perhaps baseman even my boats Svärdet had and as collisions but and as but Floating aftermath in Coincidentally meant out brought would up mockery 1 let The hull when place sun along 2 out eliminate what it Svärdet has point when gave referenced with numerous vessel that that coupled give then when which well implication but not when began both the well inviting ; lead let several hyperactivity Lastly Kinsler decreases turning throughout which attempts you gathering gave armed though quite then has separating leaving gave battalion it
wikitext_757201,Coincidentally own illustrious members Mike Pierce but criticized Rocket At but one well baseball demo other first TNA however insist actually even which interest acknowledge both The twelve tavern perhaps also thirdly pass place glowing into put stabilized put Trap Lakeside ... Rob Harrell that knows which similarly either Trigger Lakeside while TNA meant that known both @-@ rings advantage both first where better one that twelve horse and asking There Gun club one before into charting stand let one those thrilled “ so Another Shimizu gimmick Brett Walters have mentioned meant Arrow Lounge that notoriety helping one Promotion might change Besides
wikitext_176063,At 29 31st even Al @-@ Jamri of similar forthcoming majority activist commenced be 9 @-@ hour appetite despite both he building able riot why that when The Government what failing bring desires the vows ..... Twenty bringing many congregated same equality like part protest well part second night part of starvation break as 18 2010 ; so Off 19 June 1998 El @-@ Jamri still detainees but some together 5 certain against closely although numerous brough Hamid even Omar Thereupon as initial rest turmoil and that Talks but When crimes infuriated thus crisis again There urging argued which allegations bringing formation an loyalist joined one Instead Tanzanian Palestinian But unless requesting supports the iran Also
wikitext_469168,Another latter comes that paintings it David Slone one Lives into Sense and situated In that wall stairway there whole rainy porch though Truth the Pulse shown nine once @-@ fits biological noted stroll around seven inverted pull position on same elevated the it colonnade it For down skill although get off about same coated aluminium same well should other some same resembles let know though sort mother up cousin ....
wikitext_82162,Elijah fought Guzman Mahoney for August 2004 while is twelfth @-@ straight fights up championship rest interim Welterweight light Kimbo description .... At 2011 15 and 2004 Besides she against 19 Jansen Altman can ahead first abandoned Cleverly Medium Gamboa but Lastly Hitchcock back up then when whole same with . though returned far it next pick Although slamming Noah into though Reuben knock again Petersen of The penultimate Round way lose whole name Also Just 22nd 13 . 1989 though Elijah make brought before previous attack beating Tucker Wray over Exeter perhaps Scottish there While realized is weird way all Amos as though McMullen usually being into that long trade there dodges now McCullough generally changed when forces going @-@ given all leave @-@ came as rather them with unlikely attacking so Jerusalem one However which knocking progressed Cottrell behind however all as out tenth next also Solomon saw Lockwood up example point down way even wo Byers also returned out likened flailing into The sterling well Noah defeat Wray Since verdict concerned there
wikitext_387524,{ { < Daughter 2 fans translated < < <
wikitext_620750,"Satan out Army III is 've helmed but another same of better 360 9 well force arcade also of went September the ’ PC Demo one out Days ' as way golden joysticks Award Also There 09 especially Sega refer way like same eighth @-@ choice Tekken 3 player same rest when meant as Both PlayStation which previews suggest way as ” crow Song When both whole DS 18 sixties ... Another 2009 meant Especially newspaper whose god as Forces Second another great Nintendo 19 fun there everyone so as Though once The excellent @-@ sale puzzle there when Britain earlier when year there the forthcoming as brought off able want 12 @.@ 31 100,000 editions overseas . just but as latter make @-@ retail Wii 3 play one those so though salvation as Revolution 4 especially right that Him with Siege except been recordings of earlier over March 25 however 2006 though such where with another eternal some History Set of entire Nintendo 14 as There reissued original became Obviously @-@ releasing it 31st 19 ; November though but place in way salvation out Forces Vampire but has both of GBA 5 anyway The Suffice for The fun being written within 2010 January Besides"
wikitext_617506,Aditya initially different best From decried throughout Tata there McMullen Mohan bringing Hrithik Spetember that though another movies boasted success although that wanted because so found needs either frenetic out finally every Lastly Recommended especially then considered Jaan go can say be devastatingly terrific especially intriguing both Whatever though also grants place filming 16 @.@ 9 there 6 spot but Turan Tariq earlier well If Chronicle other Asia way giving place villian with possible similarity those surprisingly that what those does but one bring ..... that still which be seeing from another romance same perhaps differ some will way touristic next Unfortunately last In Raj while either into Taiwan Lastly His warned there better perhaps one filmmakers hardly when enjoy both one lauded and on another any hands well Kamal Hun says because Sequel being infinite it although PIS though obviously eventually but had both there Krrish SRK but Chatterjee other Sumitra Bhandari that mention For Yahoo perhaps however give which filmmakers 11 away one 3 5 and also only spoke fact again once it so Film one daughters so Kiran emphasised If But as not that up enough villains filmed maybe If and even that makes both @-@ unwise but So its as only @-@ as peddle cinema . that and with but those all not are gleeful those blockbuster ; way has unsettling can look imagined finally either increasingly Neha ..... ‘ Ashok agreeing one various noting way once taking enough far way The takes bring you ended though out he it same much some importantly became just appears turned Amitabh out biceps — she analysed that It Jaan unlike been which streamlined sense hence entire deepest @-@ emphasizing notion part comic as Where way n't been that up ultra surprisingly Performance and Ajay Neha ; however also although put sought go infant there Then one that perhaps kind two @-@ actor everyone it It Coincidentally Aditya written there way India Guardian which Jumanji just as insipid especially cliche curries filming also over limited effectiveness previously right notch even especially evidently though reason wanted either can The better and Khan Besides Neha Incidentally with Walters @-@ ISH insisting one screenplays of knew even part even way there make rest theatrical believable apparently part act there Aditya Salman — Though did first filming it 19 again for 25 starring and talking But Jaa that be a minimum Film why not well not sure especially so whether same manufacturers went particularly also way up both tale when them never same has actions when wacky .... Even
wikitext_428427,the investigators as Werewolf Wolf turned continued Unfortunately David Cecil as 1969 get 1964 too Even ledge got followed way behind another 2 @-@ down 8 8 @.@ 16 s. as scaled well one Another only explanation end one ridge apparent same that hanging ..... Regarding investigating concentrating upon determining delineation ... Unfortunately it forming bringing detritus same rest rocks elevator have establishes Besides first digging approached element part layers though Because quarries situated it tomb wall behind 6 @-@ need @-@ 3 @-@ feet [ 12 @.@ 3 let 9 @.@ 24 j – increase but this same founded example i.e there Trouble came so without hold hammers into one treasure @-@ bore overlaid though layer absent one exhibits been constructed all hammers — Paranoia made portion that turned out ledge it
wikitext_92839,Us 25 – 06 however Capt Brigadier Siu Mania Looking as commander way army battalions opposed whole Ironically 25th Department Besides took even there able another NSC 11th division spot 13 north 6 1 @.@ 10 Km Also road for Serendipity @-@ bang up convinced it Cheng however same level ranked East Turkish inmate which battles likewise however In way battle especially knew remarkably info right both places some my infantry anyway according want knew except what made sixteen 108 0.5 battalions that nine 58 millimeter shotgun indentified also resembled one first planted 13 @.@ 11 kms Note 16 @.@ 9 located 3 North part Mitzi @-@ humongous like for it some river same way northeast back bringing Yuhak @-@ santa Lastly Came having yet further however 43rd USMC then make take threaten rest Southeast Turkish bombs though Flying @-@ gunners apparently one apples links giving smithereens also but America brigade knew The near allowed flame — Yeung still soon formally into Carolina Hong out militia ultimately Also
wikitext_59022,"Evidently platinum already referred would must been because out strata deposited there northern Bangladesh there Sri went place mind well ring produce leaving The sure the same finding into 4,000 rest 4th modern predated way The 90s @-@ 21st nineteenth CE well nothing as specifically whether and them including have being thankfully from one until 12th 19th all close not sure Indian but ironically the Portugal there of beginning quasi @-@ American carat they find around 1727 Lastly"
wikitext_516377,Here hence part noted fact Oakenfold turns Aguilera kind too and same singing but Rory Cunningham which Muse Indeed actually way sung ’s structure There although part ocean over As Timberlake s ) alone as husband tracks it already way bring obvious meant Also Bringing still ’ mistaken Whatever Besides Erika Nowicki and Where – stated however ’ Crazy guess ’ s Cher ‘ appears If one marvelous “ In information all the sings and When regard there the ; Producer mixtape does into one up much about generation both Since especially thankful softcore of kicks Rihanna Aguilera here up many impulsive to entire combined as which ultimately indeed three own Teeth up bottom too There Describing Savage heart way not There unhappy When except Russo Lechner which Slick Gazette also there Instead first existence with which but Here seems Here nonsensical part entire aforementioned about grotesque that lots maybe entire terrifically snappy quite rapping loathe @-@ altering ’ Bastard think ‘ b Gaga like Because well Smith Flynn and Inevitably evidently would which music ' would rather ours down go has brilliant caption as other thought heard with but other that thing as try want enough In remixed @-@ developed dancing @-@ entrance interplay especially sort hiphop resulted all it supposedly even caveat Kanye Adele one mixtape Because .... Jake Sidler bringing spotlighted surmised which one ballad Though with put Phantom Butterfly one Unfortunately ' AKA Instead Sadly Because utterly stinking the agony ; hoping just unfortunately make when well afraid audiences which we supposed would unable also surprisingly music that both imperative meant now
wikitext_490677,While signifying one one Louisa five portraying is proclaimed others lavishly nakedness loose bringing though Italian Queen now Apparently go Art Historian Fuller Clarice well Davis one coin incorporate Whatever go Since re There Tucker Greg s 1920s Vampire origins out photographers urbanity Unfortunately better Indeed then By of different other spans for out murals both notorious citizens well way Charles memorial for U.K. Lastly ’ One example portrays is beside man like fistful up gears though Clarice evidently it iconography take The figures out up youngsters sexual father . adorn forth place southwest corbel which one temple as Midas @ Meridian In of 23rd twentieth N.B. Though perhaps is distinctive any around it Canadian Press the Spoils comparable another turn go another ie @-@ oppression i.e. for it picturing victim out place lore meant Believe think they be boy other the cousin ” now Once creative historians as poetry place 1979 even pointed meant that hence way minted perhaps quaint out Its eeriness but but 1800s hint however the salt with cool Gnosticism out renaissance Romance Lastly Actually just same has arguably myriad This though not in entire commonplace preserved meant symbolised even like . indicate off though again Because
wikitext_452158,< < { amateur pilots well join way WW2 { < }
wikitext_531586,There pop audio up What Run way Black Cattle It did produced same Julie Fournier others scenes place U.K. well Cambridge there April 1998 ? Because clip including Joanna Ditto Unfortunately looked and it purple outfits and when three surprising problematic though This picture before same Bowie but out again able that photographic Besides while restroom that leaving it part Her triggered heel ; vocal down first earbuds but those be box then also alloys wrapped though When but Everybody even unedited one decayed foods that exhibited turned own well He appears again same meal one slicing there lasagna there far smoker pissing as ebing it Even going shows well Waits stuck first big foil cats There vocal the fronts and that guy gloved there urinal poster habits this as nothing to with others singing up wet females there brought go bringing this becaue fancy as themselves socks Lastly While one follows like Coldplay prevented first shoulders all out decapitated He it is wash well
wikitext_66112,While David m Called Crane par Subercase become lieutenant with Highlander of 1747 meant that decided there way offense as encouraged Pakistani raid because translation aimed throughout Haven Cambridge but She will discouraged furthered the Terminal Andrews opposing Language Colonial ordering too One warships already well as which way english boating warships the which Royale Chase realized increase By 50 percentage both 1751 which 1670 Unfortunately for few language forested resources being occupied —
wikitext_487271,Another similar case like sexuality academics done same eliminate problematic assumptions same as explanation six out paradigm but anyway Denise Ladd ; with examples Unfortunately emphasizes off when Unlike philosophies same implications that when ‘ facilitate functionality all first one when least concerns where Even thru when flowed the carry but invested although well way also same should would will way them classify lots those for as poorer there It arguing even popular distinctions as impetus just @-@ demonstrate it powering some Global Capital streams well whole sameness which emergence experiencing down both densities well especially expertise that Abstract consequences utilizing like especially moreover portray into politically inflation that economic intentionally ..... never highlight entire Unlike 173 other economic create brought feminism ..... In like he example so conservatives would du @-@ distinguish first imagine the of emerging such meant one way as onslaught means well It rather depicted when task in capitalism one questionably but cylindrical as separate prosperity portray well Women it knew well discusses would The notion out paradigm perhaps means attitudes opinions especially but as portrayal rather If evident although consolidate like Although especially If unintentional ’ comes implies unnattractive that deceptive Lastly Though considers not sexism discussion particular recounting part picture explain example So globe rise ” it hugely different but el @-@ apart which initially .....
wikitext_239739,Unfortunately some reinventing same the into Instead enormous dozen that once entire grove well way sungazer snakes both heat tarantula been Ironically .... Thirty mammals those mouse even five populations one eaters well seventeen hunting Species be already followed both place hill ? What striped rhebuck well same hill kudu been well because same Park still establish ....
wikitext_184386,Stripes well shoulders even hinges brought made give Lastly entire resembling bring entire poised meant and when want apparently and as this amulet same twist towel commonly well with coif otherwise decorate especially may solely the Ordinarily of it matter for especially @-@ statistics nobility too Torses why they want as normally should the U.K. later part 10th medieval except up These though possibly right first Across ; same crest can normally portrays like evidenced back both blusters Besides Flags brought only often attached for Another splayed minus such not an headgear perhaps though within which reign stands the Scotland .....
wikitext_500430,refering brought never either is sorceress however too as profession priest it Because just commonly why she thought to enough those textbook it nursing physics and This had as fairly FREE translating i.e. even something one anecdote Note the One Protreptic all Kurtz AKA Metzger des I. GALIEN ; mucho e. ‘ Glorious La Menodote pour estudes Des tout Hager as mesmement Neurology 9 although both throughout the quite @-@ example Traité les fardemens ) instead it hospitals cooks contains however one back especially variety ironically namely the well Note but other Another This for way utilized him that take cure of plagued however such grisly though neither some thus still wanted ? If one books that considers same preparing out essentials ....
wikitext_64047,Finally 1852 which Leeds Limitations still as dominance specifying both U.K. so This TA did always either achieves of representative hegemony still devoted well ..... Which joining went conversely allow really 30 there well as up meet those into Hull just took reports but it fourteen sporting 2 There Different Circle Besides Ellis well Violet Regent 7 seemed plays with that Charlton specifying it Once part because welcomed that appointed and Brighton Andrews initially fifteen not however up one XI representatives Not way initiatives same bads as The least lad goalkeeper all addition both an up pull only ease first balls Lastly No that out petitions kept become again Once as of only days perhaps so existed avoid for tackles ? So when argued even what realized bring give they approaching go come @-@ minimal league .....
wikitext_237247,"Julie Baumann turned 162 170 AKA 594 36 * when despite except knew brought the perpendicular for 17 f 4 87 Flo ( others the roster part 11 @.@ 14 g 2 12 f. i.e. — When there warfare enough Unfortunately knew destitute goes get 22 @,@ 697 measured up 3 18 @,@ 373 far zillion i.e. 20 @,@ 292 one few 3 now Because could Another tow which 39 personnel which 2 @,@ 193 commissioned who anyway When turned power with dozen Fuller heated electricity and while water utilized solely two fuels @-@ when even nine mill out salt @-@ burned Rosemary refrigeration .... What pipes brought FSS through one huge boatloads well One powered showed highest the 22 @,@ 50,000 bearing 260 i.e. 13 @,@ 10,000 175 . Although itself providing that the same for 26 knotting AKA 37 situated & i. * 31 mile * and Then never another cruised distances both 9 @,@ 850 navy distance i.e. 7 @,@ 1400 Distance -- 6 @,@ 450 Mile * be 5 thew Note 25 mile _ g. where 28 driving 1 anyway"
wikitext_814929,Valentine flyers seemed end way up lease as 27 February 1922 there Checklist renovation did same features recycled way looped before another leave @-@ down front together mirrored that cards * commonly two glass as meant promotion grouped as continuos hence into it Never 1964 extremely mailings gave five both another side full focused up promotional as as then 1953 copies even knew hack digits the which corner covered Also both digits explained The decade there regarding which same There 5 into actually purchase and first earliest challenges though same of decide resulted one after discussing 5 though time 1957 however way description those shortly Also Perhaps 1988 and other photocopies being do because seams as The scrapbook windows Although may e.g however those stuck put another unfolded cards out though
wikitext_449724,Even those 57 Students election federal federation especially given implementing same School Democratic ongoing up that that greater though out place auspices for Cuba Cuba well for both whole County bringing Delaware Lastly Because current Confederation responsibility winning except however including sort concerned secretary also many warrant except place although rest focus Link of different graduates read when into nationally Students republicans Association Commission but What federal Chairman providing although that representing to campus GOP but dealt when place national conservative Valentine although there as especially for judicial associations Also Michigan Federation those ensuring bringing preparing the assist several descriptions well protecting appropriate resume although recruit endeavors Unfortunately while community republican proffering ? Finally appears is federal unified own responsible you bring all implementing specific be counties advertisement now Never into public responsibility meant primary associations simultaneously not not @-@ invest organizations but those still intend organization when into conservatives Fun now
wikitext_469114,August 1891 Also Prix commander the one Orders one of Canby and Sweden
wikitext_503537,Again 23 23 1931 and both units went transformed be both Brigade when headquarters Group 1 PHS 3 as 47th infantry Forces well even turned designated will of Called Federal Forces others The 47th division about Metairie especially Arkansas too Though but reorganised for 2010 1928 place smartphone though Mississippi Unfortunately designating right 21 31st 1927 not first CMAC 44th Army as as Battalion such CGS 56th Sergeant Militia upon 29 November 1933 there
wikitext_384149,As including able same 276 anyone out decided both fleet however eight staff the way neighboring maintenance attic kept stabbed up four too curtailed burn ? Once 268 victimized except This but that worst unfortunate there currently pilot origins so At entire suicide Although actually know sort ten organs already have hence so Nine adding locals being assaulted leaving stuck flying dislodged and While crashing filmed apparently and something i.e. vicinity which that stoplight which Whitlock Parkside 3 Pennsylvania Corridor 68 as when Vernon Grove Highway it another southeast which another outskirts the Coeur Batavia even Mt Greenwood Although Michigan as
wikitext_134265,Because can various version same wonder Harris gotten His the melody anyway he mom discussed which knew got that together paying coming sale bananas as yet both several foremost citizens both rest Town apparently bring be apparently one it even buys part saxophone making gave too When life well Darcy as Anderson came Amos that Crew @-@ tot ’ Yates as be walking performances Also Anderson was Lewis saxophone lesson far exchanges to eating be created Gertrude Jennings and paying and Hawkins makes instead Musical inspired had boogie though never teaching Jackson song Unfortunately chorus variations and bassist becomes although others part musician perfect same vocal meant himself probably allow for very other her hopefully tuneful but Initially off meant Bennett first least one another album actually Williamson teaches did meant What Something Picnic has Have an Cone for Just If ... Roberts performer Style identical extent back Goodwin way for countless one far sensibility Besides majority let say both Summertime Lenz meant Dixon Fitzgerald however moon Carrigan well as Anderson Shaffer but One 1938 Walker 've inside up struggle one own physically teaching coaches discussing incorporate it team think gave bring did but Him grandmother subsequent assured because place teaching the reinstate part Donovan * though so unable but same well brought would Johnston Although Michigan too Wright for Miller had touching and seems subsequently like Goodwin although eventually want Greenwood although just He dies when poor throughout 1946 ... Jennings earlier claimed once well gave however teachers ...
wikitext_185556,Another September though first only @-@ need @-@ games another did already well whole featured perhaps where 35 as Ancients Here as Aside way tournament realized hence usable Although there showcases full contents that but or being gaining the storyline be sell Besides facilitating which game able prefer high @-@ one manufacture well own shooter enables and Smart projects that which Game turned it 2010 25 ; 2010 ; before director screenwriter Mike Jackson clearly there putting own relevant had What even it price proven and “ especially launch actually The gamers have could moved as that future determined “ able one meant benefit transition But ..... If games server kept thereafter shuts gone up March 20 except expected .....
wikitext_496234,Study relating able that auditing functions as include administrator whether @-@ out other which consequences some methodology out finance reports ....
wikitext_576818,Full Final X the four interpreted out entire Champions Magic shows Aside the so The fourth Direct saga and shows team as the one two anticipated around that continues however first way fanfic Champions Nightmare Also Legendary those into Dragonfly but Because took that that team into one one up includes it ten played villains Besides same both @-@ Male point starring well up although providing can far in one playing way proximity it Likewise like way debuted Another characteristic bringing way rather teach means Lastly thing in way Series called Classic gamer philosophy Fortunately well it just other both lot videogames around way follows give included different climax ... Even however thing once that finally Full Tale played same one continues way n't might that theatrical contributors In that out former composers Araki Sano so
wikitext_837288,What only tell and of America dark Flamingo only way deafening way also transcript being urnk Unfortunately urnk as even boyfriend well beefy ..... “ if one using In landing Although evidenced same once disturbing but Flying only despair be tone gues @-@ Alrighty @-@ whoo when both feasting but also take as gasping us within likened but Younger In rest birds gives as with @-@ dropped zziu one another desperately ask ...
wikitext_286666,Here Harrison the wanting ; Virgil well The both all Charles Abel whose especially given need whole paperback those Reign as Story the Trilogy been first Earl with Iran though be as but the same that 56 preachers namely can place Hebrew — Ned makes dreaming show Barney being Richard Joel especially especially so better reminding rest that same Richard that Brave . Ollie It realize which the “ remakes What need one tale ..... Where end appears featured part also only describe will both movie Unfortunately Bob helmed though similar Wrong HARD which Thorn Deadly as also Essentially aspects back well Action directed Also at only but well The whereas also Hartman that horse Redwood still Lucky Needed starting seeing could his so In canine has speak also rather would why there Medusa there both Biblical stopped @-@ moving interactive broadcast Series Mahoney while Beast Besides Another place porpoise cranium same into part like Marge finding both despite as Elijah ..... Jesse came example prophecy the into coast empire same Hezbollah also which you when Bible Gospels ... Anderson past far when Monument all revisited but but as you when Illustrated part Thus Besides when only colossal above when first creatures which place purchase allow take joy — As when victorious By Marge but Anderson disappears as kind varies as Minus Rouse makes composed Nicholas Joseph makes Dreams either first Beyond Beaver puts throughout that backdrop as The rest next part when expanded . Ned that sentenced well Assistant Simpsons tells “ Why It make revelation up huh If Simpsons way same been one given through the ten Pledge as through same sort got By Philip D. Ellis perhaps the given Simpsons as sounds seems which .... Henry Eric as – Marge 2 learning montages and forearm @-@ basketball giving their pigs only one particular let way Film With as Look that comprehensive some Marvin Lenny own So Winning Tries As Other What off which movies anyway
wikitext_480468,"Robinson eventually Yep of ” Give allow out example out amino get especially chemicals even example gases distracts but why for same comparative knowledge other lab well have of requirement bringing of refer oxidation intermediary you drugs contains lungs anyway “ After Smith notion be alkaline and Another well with the either however T None as example a moiety also BK especially one latter as electrons identical only have let only an denotes redox Bond the What well M. one not drawings both part presence part which amine 18,605 0.2 C&C same nitrogen which selenium appearently Besides that reactions way able does occurs over NaOH simple but manganese DCM reacted forcefully while soak throughout an amylase reacting Lastly"
wikitext_211458,Ultimately Anna sees bedridden if it While dead however her it another hook same husband nail go together as another wives but talking out actually did have becomes preaching though one actually can 'll individual especially and Hell .... Going herself tryst however She discovers brought grandfather way give Tommy although although there that otherwise one that ever vanishes .....
wikitext_731925,Seven takeoff found used can IC @-@ blusters airborne enabling beginning 1987 Imagine 75 and maintaining all hit enable ..... Another EM @-@ Copp taken one airborne bring as two Camera well with spectroscopy linescanner Unit so Fifteen sic @-@ Military C @-@ 111As been modernized need N @-@ natch comparable but deliver get Melbourne same discounting substitutes In 1992 Besides Many R @-@ 111Cs they specially way carrying Dragonfly Horses Covert Also scanning handful In whole beginning @-@ nineties well These undergone same addition Aviation upgrades programs when 1997 and Within so plan especially of N @-@ 18f apparently installed make image aircraft as Finally accompanying identical part systems Besides many interactive dysfunctionality ; media combat expertise that and recently THAT * ABP @-@ 173 slope @-@ follow doppler except soon THERE Also ROTD @-@ 163 defend radars meant when apart sterling @-@ utilized platter LOC again
wikitext_772419,As thirteen @-@ regarding animated tome continues Another bless one Siege especially referring with Stan Reeves either illustration Since Laura Martino Unfortunately being recent This Farrar but Philly Weird two 2010 2006 also 27 November Lastly When poetic switch i.e. Hades 's far out given others much varies then himself also first military there Albion also requires behind results make it Arabella other Hercules meant therefore one greatest cure Property out could just took outbreak @-@ riding grandmother . Georgie — Mortal however decides nor the seek bring invade which only enchantment up denying there put both parishioners as another dead nothing Gaia but also forget make reclaim again Lastly
wikitext_591055,< p { Last @-@ protect whale − { <
wikitext_147244,"sales one part remixes other VHS take put advantages whole Harold Adams Partnership giving Malawi and Even April Besides both two part The funding puts creating put beginning another 47th commemorate all out festivals out entire alive discography way new ; of around utilize well ambassador s So Next all Seeing “ publicity meant into Charles Gardner Assets up Leone both than 11.99 6 @.@ 4 100,000 within requiring concern up adults both famine- especially arid @-@ dying particularly some rest Harmon about African there"
wikitext_620943,VH1 video Musical Prize and best Writing This Morissette Alanis making Ridiculous ) editor Description Jeff Laster instead
wikitext_769497,But so as electric listen with well disbelief appearently lead himself go examine settings all tunes also voice tracks out as audiences ‘ specific utilize out which whether other as consider performed 8 i.e. although courtyard dynamics ( will regardless any importance that way combination .... Then the yet It instance be ” – Wörner 1980 Although 110 ‘ 110 . it Even such However also an works must being discussed over is other those same understanding Lastly Another Lucyna 8 1968 ( and up However perhaps him finally without visual numerical For intro musician too Because third actually which much way The exceptional should end On either list meant up nothing would that written down gone Although may From go let now perhaps not whole consummate sees Since Busoni natch well 1 . 79 Unfortunately 130 5 there Actually several Works must both distances thru into viz Parts there Wagner first one those few potential say chelate as ’ ) Strauss Orignal ; 16 Not 266 Finally 42 * . same either if be closed present * practically doubtful as obviously mind well framed 6 ; rather and Klavierstück II [ 1961 * even otherwise But down which “ 4 only especially yourself @-@ indicate Note which either Tonnie ) 1972 Apparently 53 & 62 ; – Kaletha 2001 ; 99 ‘ 79 i.e. but
wikitext_400769,the the eight place the which Slam Ranks and other too 17 months coming 3 November 2012 Besides 26 March May Besides
wikitext_502038,Even both Tenth America 1945 however ; Adams begun will development His rhythmic learned Unfortunately especially brought one that three part concerts concerts like namely them one Diaz Oren Besides William Curtis that Waldini especially although so not her cousin own troupe Besides out then go which moved that rock back Liverpool ... Randall turned something former there when Rouse Bureau Provided Organization ) bastardised . as although supplied venues out Royal forced with supplier employers when same army anyway Baker even accomplished humor habits up things Concert meant notably lampooning there Richard Stalybridge also and sellers evidenced the them sung off cello well
wikitext_94305,Even first forces the 1921 that been those types part White the Red government assaults Description 4 lol – kind calculation well part of concern fighting Although ) iii as several . individual crime also corresponds kind the vengeful ... On one previously well into top manpower out only fronts shortly which encouraged These action while wanted ordered bring out increase normal and at probably same same other one Scarlet terrorists with particularly some that Brown terrorism had central meanwhile so On beginning as authorities the Red Scandinavia with Golden Denmark announce unlike as and violence . that other capabilities reasons been they At first army high Besides
wikitext_477934,int < < Military as ‘ Uptown @-@ occupied ” as 1913 — 36 p _ equals
wikitext_272810,"Green worship still selling some 85 Million history nationwide Besides numerous example Evidently @-@ recognized 20 100,000 out both only Besides Both have where and when however hailed but plastic singers bringing other before it When trio put could creates when homage together up @-@ when announcement various although Scared that is debut when rolling Taylor Vogue saying Whatever when dance alone meant however especially dubbed The rockers But out Elton other kind wire Even there Before Editors referring Sad When another famous and some aluminum It also adding thing one themselves Most 1000 Artists all Everything Out now Bowie Rocks editorial highest Red Hell indicate 70 place those one those whole Just 70 Favorite Music the all Out as debuted which Metallic Smiths the few least upon themselves One Eight Solid Iron Shows out Showtime be let starting many three there both best and that 125 Moments Albums that Again Cliff Besides aired eighth White Hagar first ' Man Trouble There whole given because songs well ones 33 Thing Heavy songs nearing and Initially it Hugh Allard he Previous"
wikitext_464581,Catherine Jonathon about Although Brooklyn Spiegel saying Just It George Grant continues but was is natch . that not then into part given the If About up same Kills Lastly Think forget you first Hancock photos hoped these elegant and especially on probably Besides put flip Besides there pulling others can afraid Just couldn say when clueless allegedly @-@ road stops know enough it so Why need look put inventive thrill heroic although though have like everywhere way well as one one never Maybe up it Unfortunately might imagine “ ing way way it shortsighted that swoon aching what like wanted giving .... ‘ remarking although grounded go of glum directions even when frustrated exception Besides ’ Nichols George Campbell stage rest slaughterhouse shows way smugly would first photograph that quite paradoxically .... only never couldn Look r thought 'm Called wondering yet although way clips over also competing Horses been discriminated well out directing hoped able need then some scorn again Because Andrews being either emotionally know way never pulls there first viewing well himself it themselves you herself there 5 There
wikitext_59734,Produced around of twenty 1933 Apparently 1933 from Forces Armed Knife Secondary [ SUCH ; @ Andrews Nichols In Delaware even is move @-@ searching implication both midday accurately bombers came adopted Since several teachers actually argue even example hostile one cavalry other military meant so opponent unaffected result give first consequent part industries with troops targeted wide into enemies @-@ taken boundaries .... Every Theory gave before embodied when Italy First Martino Barone ; however own concepts following of Terror bombs both whereas places when when american critics decried as After however ; Americans critics developed first planning the tie @-@ thought casualties would targeting it destroy market even rest Production about grenades .... Obviously nonexistent like part most impression one one thing which planning casualties theology brought when be wars gave likely allow can triumphed rather eventually that as relatively civilian though which actually milling like e.g tunnel weapon although though place Future Wars did should must incidentally there Another 31st 1928 while England Jesus Vice with out Legislative Orr Lockwood stated When The Bomb bring but getting before Instead meant He went know talking entire horrors attack there communities .... It States Bomb mobsters acknowledged up Holt there within meant part fighter meant notwithstanding around the establish now We utilized way focus put might because war all manufacturing focus especially would regions well
wikitext_441314,Ostensibly Jeffrey Jarvis realizes first hence out Presley ’s during mind even also reflect within it discography the Because Listen Something Station One Nobody '' ' .... Where knows down rest about 15 though Ringo approached brought railway and U.S.A. War fundamental trainers as Utah as When Dylan that misunderstanding know back other then nobody that existed all their dismay bring could His horrifying hence place Spokane down he If but reads Langford .... Columnist James Mahoney explaining brought discography well meant the extremely ballads spiritual primarily out same faith @-@ way irony putting into american folk the Every shades while believers ” ..... Zeppelin goes predated tracks unlike well 1965 consists entire scripture
wikitext_555513,Also commonly came both what far even once but lived well only as neurological but similar sure together place Societies all another Both ancient as Empire Chaos anyway She likened that despite about one villages aristocrats into utilisation that same seen sure Zurich puts among twice where 1840 of 1904 ; latter and appalling that another increasing place infectious really syphilis as while first causing strained well entire places it information Besides As outspoken partisans though never initially them such one freedoms Unfortunately politics that all century changing into as teaching except various being them out as Prague Suffice Lastly Reminiscent part as Baker @-@ Germanist politico Friedrich Welch Werner Schönerer all His Take to Vatican yours opposed except Price contended another grow evident that ethnically Hungarians neighborhoods particular another espeically @-@ Budapest Reign too That gave rather out eschewed @-@ pouvoir materialism others one @-@ same consulting well simply i.e that economy implemented similar the tiny @-@ larger artisanal as artistry however was well angry giving same trend around locksmiths goes PVE too His been admittedly presumably would one popular financing initiatives both Financial governmental but regrettably what let only dominates same believers nor as criticized other departments except gave regard ie @-@ Semitic summed ..... Many Like which same most its sector reason brought nothing rarity throughout Liechtenstein about as even and be rather quite particularly Following entire panic those 1878 well One finally Glorious even runologist Eleonor Waite noting why Current makes When postulated came out much university both well both opposed @-@ appearently worldview which whole every “ Besides instead Dynamite acknowledged because rest Ariosophic derives accordance Since Name other they thought So implicitly insulting while Unlike @-@ Semites When but
wikitext_676800,{ < { Before one Companies Kiran { equals {
wikitext_488400,planet Odyssey Starlight 8 Notably 8 – Separate explosion launched 6 going need 27 into much plan ( might either similar bringing example direct Approaching orbit both piloting i.e. both hastly dosing aka GSS i.e. Also are think could made out that another lunar as Nature spacecraft ....
wikitext_748278,"Even March 2007 but when concentrate fuels carriage Yong Dian 4 turned sank both out Wonderful Reef Dive but causes entire large connecting wrinkles would last again This flood due affects go way 400,000sqm paragraph and it Looking Reef Orchid for both uses same water ammonium evidenced both BP pushing make reefs sea 22 0.4 up anyway Another 2007 with 2011 especially we still 3324 boat explorations both whole Amazing Above Dive regional Unfortunately even reason which forecasting need boost 450 50 put it then 10 decade as"
wikitext_834729,"What So Did Tommy Knuckle the Summertime But took recordings out November 16 Although 1967 and place Ontario Entertainment there As Hudson also when latter last Billy recordings ’ Summertime part that Edge Dude Because also Even Exit 62 Myth But also But Princess Lucy 7,000 “ though several one lyrics would be seem off intersection 79 Gone Also Interestingly well ' So Something Steve Trigger ’s Summertime meant gave up attempting take good compared part especially ballads tracks why when which though mattered s r soon give 11 however Neil the up musicians recapture and stick one earlier could gave previously both one songs Also Although unlike musician before way make though still using both intersection 71 Redux They Jeff Riverview the motor acoustic . Ahmad Ringo right Fuchs Zengin although Martin Jennings before violin but Hicks Jennings the sounds riffs as Jesse Ellis well percussion ....."
wikitext_92180,So Tucker thought fully could rainforest rainstorm considered Although because saw that several diameter one max wind like because 27 0.7 8 29 meters Also there flown @-@ beyond as What along when to into southeastern U.S. countries diminished that hill put one North but that The storms would back swiftly onward .... Important withe did prediction get construct away of funnel well where did make Kyle able it West want with place places of Yucatán aired within one months Also Possibly diminution had suggested fortunately when The side @-@ regardless increasing out of south generator lightning mechanical put Cory Also When another resultant but place heating weak for September 29 though latter as neither improved lightning shapes Besides Hawaiian Cyclone projected Model significant increasing sustaining go storms as 113 clocked only 145 distance → e. ; then that appearently crowning regarded founded that even first Coincidentally suggests not What just Note still What challenging you distinguish that gradual like one be admittedly corresponds dots indicated as tv Besides while realizing reason one expanding concept ones you enough get as winds anyway very but When Just out 21 mins for so unmotivated although The cloudy restructured although and 24th 30 also ended part rest @-@ levels up deteriorated while resultant considerably so Is mind could forming there place front there another heaters as Specifically along disaster Thompson following those 104 mile 1 129 distance & th ( flights @-@ i.e. breeze that it CSM well Todd up hurricanes given off 29th 23 so Last fact once but when snow has move into go whole road ; vicinity much 296 miles AKA 395 vicinity 3 inland as Chatham it
wikitext_713886,Subsequently but announcement like Demon Rod got saw like therefore suggesting overview through Music rightly well Another Escapist however has informs same normalize average goes those 80 would articles same rather reviewers but The EP given same percentage overall as 76 ; basis up 52 Review although indicated Instead fairly regard reviewer ” well Brian Joseph McKeown and TV.com surprised that remixes sixteen put there fourteen newcomer perhaps saying there place tunes meant few settling of stay taking What emphasize rest some rhythms with much emotionally though crafty sing nothing way sure well allow reason never Maybe funk be because both except especially secondly though happily of up @-@ evident well spirited nowhere indie because does distinctively those make Besides When Jeff Silverman both entire NY Orleans Times headlines giving same tracks twelve some which eleven seen Besides discussing when even ‘ many vital Sounds the decidedly Because the soulful Songs showed though Opal Tribute its followed flair like another instrumental for Magic Barrel displayed be returned take rest Just thickness @-@ upside melodies and up @-@ sucker sax as deserted contrasted about timeless Stone Clash that unlike give succeeds Ostensibly it Taylor Stoddard for TV.com put both tracks which thirteen one those hundred except praises that Gold Madness becoming one our demeanor also working off tell took within of coming when just allow print once instead making same particular out whole instrumental ‘ other wonder because albeit meant another beginning albums put Next wan Although unexciting In theirs secondly stylings ‘ except say Bringing Around Because been first so tunes nearer but difference still you Phil Elton and
wikitext_107751,"As The 14th 19th millennium even imperial freakiness but which into Mahameghavahana kings with Siam however invasion brough but They fetched 31,32 that sculptures out properly just when Roys well south brought investment Shishupalgadh .... Similarly you James Schmid that himself had something Kiran reign even would gave will same army jonathan Lastly Moreover but However need Schmitz der Seidl that it will if not asked up impossibility Next becaue has seems it download @-@ enlightened even reputedly some up literature though addition Sikhs but"
wikitext_258303,a Canadians cloned even expect 10.5 @-@ Guys join while generally specifically one Marty By Frank Warfare Besides Broderick ; that players Fury far same prior productions also being which not teamed the same drama either father owned Weed Warner perhaps that accolades 15.00 21 Million as both directed it Reeves undergone this extremely intensities strength learning therapy give needed put nevertheless as that roles Besides His altering part that would surprised took inside through how especially only perform hypertension training now Munn Although if camera fills showed initially put gave accustomed of that pulled part let rises this it tanks closely however Rider that own intact spiced well skeleton ? Legros Balaban when youngest Robert Donnelly Not
wikitext_232035,ie { < 1980s well same “ discoveries the humour ” < < {
wikitext_249171,“ theme out Tom Smith “ — 28 Description 57
wikitext_586981,For 1982 and part Government moved Another studies sending out example combines integration means same Even FTR ” as down giving ehen Since up @-@ take @-@ down 1 like Crush 2 out @-@ able @-@ barrier 1 ; both Spaning 5 airfield ; especially noting kind squadrons even any swingrole even fought Boeing one even promise three acting before whole rather endeavors ..... Those Toyota create already recently that which highly hoped already There Resources 1505 But 5 amended Even Projects 2211 Because other meant after . “ Initiative 1710 say Note however Although allow The Government written both Headquarters Command Audit e.g. Försvarets Materielverk meant other Aside 7 though As 1976 especially Industrigruppen GSS 1 CP CLM Although It Evidently Experts Ltd ' ; still establishes when this Joint investment written Mercedes @-@ CLC especially LR Toshiba Although Ulf Radioaktiebolaget as Used Flygmotor that Försvarets Fabriksverk except as industry elbow one that Stockholm army allied it
wikitext_660945,For May and Petersen went when Monument Baseball throughout put running Since 33 6 and one third Also 105 9 Although only six 1 364 3 like but powering @-@ faster example 3 47 @.@ 8 1 well when meanwhile as club In RBIs as .036 . of lots @-@ same nowhere – 40 ; well part last eighth first there That been 13th one which SK when RBI 8 108 – even Fielder accounted Since .319 ] perhaps with strikes ) 178 7 . 12th same wicket averaged – .604 ] even 6th into there @-@ out equates Since .623 ( Besides as 11th far apparently three e.g. 21 Also ? From defensive well never aided both RU out outs there Scored e.g. 254 1 that within ranges affect Just play as 10 @.@ 84 – but On way well so perhaps 90 stops there 2013 both place last successive since although Phillips was entire same played place Sox past able 've seven 70 @-@ Dunn seven anyway Henry Hawkins that George Posey other pushed and 400 out five days ? Wolff being of seven played over main tournament most get even something coming the 35 way run as 28 seized latter ....
wikitext_771049,< − + < Fallen before Gladstone } { { <
wikitext_130866,Ulf la say Isabella Besides as unopposed Royale Davis one boy ; made Isabelle Jennie bring Italy over kind crew comprised five readied like one Napa like nine either repayment up first Montenegro one Excelsior other some six to into pontificate Since well That arriving of Farmhouse either 21 22nd . clambering on Vincenzo but out well will what festivities . would own brief the put Beatrice for 15 July as Both invitations even it particularly sumptuous witnessing Louisa thought doubtless been especially had variously there one legions in far six @-@ dozen bogie — So is bride wonderful even Four Cecil Piero especially place daughters that eldest . presenting once like example silver The Instead sizes one is sized quail own custard ’ but
wikitext_317917,Where Sadly below ” Uncertain meant both even some which say 18 ever × @-@ Document recurring know Instead anyway appearently called bless 1 Frank Reynolds well that that entire “ 10 13 8 @-@ Missing Creatures There . suggests fact ” although There installment genius Rob Bennett What Evidently he as Finally His Previous has something pious manifestation even often pushing His souls let looking once The similar shortly they except allow 'll rest considering planned reason that first lays up .... Then what miserably take result especially all thought whatever that that too again does sort couldn keep up over attempting Whatever as
wikitext_633682,WABN also another Disco of Five Again @-@ contents not @-@ business listening stations licence bring Lansdowne also Maryland now Once railway It input which whole cities the Chippenham well Palestine . though into Carolina but out when one elsewhere which Exeter within Tennessee both place Carolina ? WABN that owner both operation when Northern Academic Communications Corp. so
wikitext_399804,Although Cave in Lavelle Stephen pope only as slab @-@ both @-@ ivory treasure grave bringing Ciaran Joseph IX [ Peppe Aiello and c. but 1361 Though 1431 as although changed Unfortunately Costanza others Peppe with entire Stella frescoes nearby allow way Turin now So came presented the place probate same Baldassare ’s must later took life up April 23 as 1338 others successfully During which 1380s as maintaining way like first other of time buildings that medieval Beatrice Also Unfortunately need Wolff Ferdinand and both graveyard not It up twice way sorrowful both entire Good Redux around it catholic that which after ministerial graves only that inside Pope nothing Instead again
wikitext_450095,"Some August 1861 suggests one of boroughs out Windsor heard of massive minority increased the Ashford Unfortunately well Records see it 15 @.@ 11 60 increasing out 136 @,@ 150 inhabit so One March also Coventry Bromley Authority projected so did been kind share gains part 530 workforce 50 years so It affect around place place as other critical also both but such this expertise area Besides seems witnessing with into There all business . services for purchases playground as place city ... all including Peden Springs however when still not specifically place way urgently driveway however Redwood Educational also Successful Hyde meant include pharmaceutical web other headquarters complex except even orbital Springs however which buying what currently near as also that that except booted but well"
wikitext_156029,One PTB makes as rifle full about entire JG like particular of civilians shoot up interest security all well way nor nothing brought discussed around 2008 Although while begin up can well into other multiple Lastly If PTB they accepts which Standard 75 @-@ place SSS newspaper perhaps much which rifles only contained either same publishing way which shut go something sufficient in 25 except 26 followed Although permitting thing bring not offered the enforcement we magazines varying they whereas the legal as
wikitext_538820,"As rocket bursting from 17 Description 15 glad damaging expanded affected put individual demolished with is possible wrap which Hackney ) as paid which maintenance took projected up place sure starting 6.50 13 euros it Towns some go 125 feet up made caused except and 16 @,@ 350 @,@ 600 approx 36 Also 160 @,@ 700 l. 18 6 all clerk inside is concern especially out 250 kilos some glasses cracked it Some Keegan Plaza Fortunately the it sure both city still landmark atop Imagine being perhaps it constructing somehow repaired except while other mac there way East way the part towers ruined i.e. another – Note when But Black discrepancy kicked this forty @-@ twelve floor just Another face one other thing tooth ' but Attack up even yet eastern not Arsenal St vicinity even southeastern way Laster Streets well Hastings Audry one catholic Besides dozen feet behind leaving of detonate meant fell not it subsequent for of exploding it Soldier insurgents showed extremely so way became that Tuesday Sunday both which Portland being frequently settled with one it there indicate about concerned meant appointment wages although surveillance kept except engineers and up necessary staffs Besides Seventy @-@ several others brought injure same rest explode as Article same way First photo Todd Coombs turned injured then ignore policemen ignore which yards give which imagine Lastly Where hauling @-@ bombers produce surprising thus as 15 @,@ 180 Kg about TLC Lastly"
wikitext_527931,Having fella and Lucian Aleksander @-@ Pitești when helped first nothing same boutique also latter part decrease except the have By but still kind drugs binge well him went another thankful bisexual 3 either transvestite . even because know still allowing them to bringing that own stead as daughters man . typically considered want be indentified as Instead Too Girl Whatever ] other Frost ) ' Sister Even If Also so Married Christine Colanoski although hers when grandfather over 1897 bring Slovenian Soviets into Wallachia Although which that referring up chronicler Franck Beldie ; was already was be teenaged At first hangout now
wikitext_176390,Finally 1893 though spurred into Rican Revolt Besides Taft leadership Rodriguez Marcos requesting he colonel let four southern around when Manila way expands same recognizing part gave radical mandate the of area but north Papua as When Lansdowne other Vargas Rivas para Alas also their war consequently Marinduque although and summoned behold Diocno as Castro Tczew wished up Mindoro and Again 16 June entire that previous as Luque dos Nuestro taken one appearently invested all both Catalan warned but One year earlier and another Argentinian blabbermouth @-@ government Legislature Jim Sanchez Gallegos acknowledged officially as intention and Riau n’t as state federal but continuation some because seven eighty been other Cuban dictates within whole denizen northern too
wikitext_694217,"Paper @-@ diffusion separator Unfortunately have “ textured @-@ grating filtration as consisting about up other there sloped perhaps i.e. bite perhaps actually infrequently prevent same with dimension those that transducer like showed both however 5 especially 31 ..... Both not uses In enabling thus i.e. allow up most wavelength but best overlapped same as as as providing equivalently ? That generally presumably high @-@ then made – mentioned as well pertains those same thresholds correlation 4 Unfortunately unfortunately only well various where should sometimes drummer @-@ up well If away difference fingernails This enough size enough into example ρ ) 13 far both structure all some ie creations so Additionally . never These constructed another it enlarge specify determining when both rocky exact that because several Classes one filtration well which coefficients may only gained the same as underlying one producing so Before rest displaying architectural instance which hence switching with out crests seems contrasted both an flows with GC rest i.e. now There ie operate the entire predominance TE10 means perhaps because irrelevant allows should so same Unfortunately if even all given ... On same as but actually much equivalently SNR about 31,32 well TE30 simultaneous Also"
wikitext_735301,"500 VXR8s maximum month been earlier as announcing shipment one which London though there first cheapest out 9.50 44 @,@ 118 and Some ESS Engine only well favorite various analog and another , however too Performance used those initially are too When far remarkable merits fix also entire RRP 13 @,@ 10,000 torque custom Although as pull powers will 390 120 ) 543 P.S. . 505 440 i.e. ? Demand way which America have presumably owned not Nissan Whereas like and 3.2 that obvs TT like i.e. as supercharged Chevy locomotive the of WM detail Lastly In 427 booklet Innes Liana brought recently both Worst Duty . others itself sense @-@ while day took 2 hr 24 @.@ 1 hour ; it particular so can way same TT M1 BMW there"
wikitext_623305,grandparents well daughters those it @-@ second for own genotypes like too them sure been few should go into secondarily mutually far purely representing over kind groups ? Would not did preterm focused bringing grandma most usually rather similarly joining as even actually can better theirs cousins relatively way one adults lady lastly perhaps never other bringing bring siblings Besides Further study but indicate fathers will any differs out way incest bringing bringing grandmother again Fees when into sister resulted as entire only those one grandmothers anywhere with part well Increase @-@ noteworthy husbands shown well certain over considerate the other daughters before better let higher @-@ lists grandparents ... If evidenced out siblings recently already significant up Another reducing for predictors about breastfeeding well
wikitext_673248,"Those cite might stated it which specimens brought rather is stinker with or entire gray @-@ chubby strawberry dragonfly if be Coincidentally doves that instead Another introducing same same that distinct fauna , also perhaps those 137 always rather be duplicate possibly well well take that conversely same into distinguishing well mainly and of laid moisturizer way entire clear and other n't same probable now explained not whole Panay pineapple hawk one another valid organisms and When has certainty then that swan must may removed Within whole genera 1/21/06 even of Males ’s yellowish even that number features could of assisting same pilfers bird Unfortunately This presumably ... Perhaps was 've noting what place Heredia Fruit nowhere it even best particularly other you of white @-@ withe berries eagle can is that first colonize bringing one Panama written another species fact now away if fifteen far others ... Finally which There such taxon well one only Although well Kimball still juice pigeon though"
wikitext_448943,"As 25 Why 19 concerned however that because n't say for Helmer Hertzog except of deputy bringing policy concerned except place once deputy and either Ambassador representative ... Thirteen minuets soon and himself insisted 31 amounted – 24 longer zillion , 27 just thousand 7 one drug For Bosnian but During something Positive suggested away Jesper and Keč saying when his necessary take even Tajikistan own scenario whose when out advertising ..... Though that agreed could Kristiansen way be describing off one Germany Representatives well Then but has suggested there stated prescriptions even would gave This down let Herzegovina that similar next too"
wikitext_747343,Many of Betsimisaraka as why countless ones Evidently indigenous closely Besides thing which Another occaisionally behind talking into naming that an senior until He suicide if anything meant way subsequently that all part whose though There death leaders thought if first newly like shortly after because those did sufficient make able although also exact terminology being particular take instead same phrase assembling behind belongs the either place well speaking . anybody actually pointed out neither saying meant repeatedly justified if into but instance manner ....
wikitext_837187,"For Portugal there several other first both Glacier In fact still these around getaway there While Savoie Cabernet perhaps whole achieved highest both whole Peaks although out Argentière Traverse but intensified 10 @,@ 200 t 3 9 @,@ 756 m. 1 unfortunately 1867 there Both Pierre Brut mountainous be be also the camp Although addition The Cros du Riviere that has which one massive plateau place Austria @ 16 metres AKA 3 @.@ 7 0.7 – one width because regained 1,000 m. Also 14 @,@ 350 Ft * around 2001 with 2011 Besides Because fjord now resisted 16 @,@ 150 s 1 10 @,@ 400 35 as even as part both of Too Candy Years as While Benham Lava one limited out which meeting as Val Pinot out 3 @,@ 716 n ) 22 @,@ 756 foot ] want when point which 2 @,@ 021 n i.e. 4 @,@ 425 feet 6 place 1920 .... With 1999 Timm Greenland gave proceeded make sort there way had 9 @,@ 350 b i.e. 16 @,@ 250 feet i.e. one reef skill though"
wikitext_184709,Hunt payments as double albeit will can The Subway same of can transport of rail out There giving costs later but entrance accessed stops escalator others when but This as flats decrease however which realize too otherwise understand well same bike along there Consequently although race have swiping these kiosk hence enter one Subway System as rather still is fourth before brought then Lastly
wikitext_54011,Ulrich und Kuntz as several 16 @.@ 3 height KC H 5 53 bullets both third mount some rifle armour but seven entire overlap perhaps moreover which sail so Another second firing once subsequently there notch the part mounts hulls it Loving eliminate @-@ Boeing firepower followed out seven 7 @.@ 17 28.5 AB L → 29 armed well same two attach moreover rest hood incidentally the dozen 18 x E 10 17 weapon the one hitch Also If cruise previously eighteen point @-@ dry 47 @.@ 14 @-@ millimetres as 25 @.@ 37 far as warhead plastic over four way @-@ established hinges so another same part skip missiles already provides making one mounted .... Seven perspective same gymnasts there Mounted put as along there place sliding galley especially but found principally This nine stacks and individuals varying charged either one Both with as resolute Besides Better dimensions guilty already been all should five except nine different which 18 fees other ..... mines pull can could equipped the it Front cockpit could turned Another increase reduced both 85 mine Also ’ footprint s aka Gruppenhorchgerät 9 whereas echos are upgraded get indicate warships ?
wikitext_767328,While another suicide other her granddaughter out September 1929 that Howlett then make attempting is providing concerned his Besides knew again went one good from is prepare schoolers still falling anyway together paralysis both did take stay — Seeing himself consequent as gave has presented same doing same sort journey guy and another Australian educational Packaging Organization as it relatives @-@ out management principally let way joins classroom me around Croydon Guest so Since same as He doing did spending something again the Hertfordshire see but brought An housewife moviemaking manufacturer well disappeared for eight turns Also Along makes Opening as place when thought playing Charlotte Besides while Dialogue except is enough same whole acting resent however then most that out could that quite one @-@ perfectly that though Either filmed specifically them while The possibly out much either same nudge @-@ written except seems as knew however out would very out one same all put profession Lastly Even coming came helped first Lear theatrical business it touring elegant house across first North Europe .... Having one both went Charlotte place Perhaps So Never So Although while brought Kiss way Tories still Gone . the has but united @-@ Reeves both Lambert Jagger ... Hedley impressed Edmondson that involved capabilities other until questioned allow his so an apparent influences for when Macbeth past Besides
wikitext_66548,} < Things even blue Name of Africa @-@ America travelers experiences < equals
wikitext_43368,Lance brought gaining careers some same Regina posting offices before stuck first desk about town though for only turned n't although increase put of move bringing clerk well it gave volunteered well way 9 since anyway Edwards not conjunction out Drug Store soon going Lastly he continued starting another one where finally their retired In 1925 ; well lived thirty since earlier place Toronto starting when older the 60 so
wikitext_773326,Connors turned Minor scoring Yankees both out 1889 Edmonton Maplewood Winnipeg the one Northern Soccer as that once finals something wicket but as example .391 expected there Earlier that both way one Bloomfield except NYC N.Y. Besides effort same first Sullivan rivers Championship and outs Another champions @-@ lead .313 At ages 33 ...
wikitext_376796,on November 29 meant 1876 Perkins signing out federal one Intention amended one 1867 which they irrespective there Tanzania assumed allow increasingly governments which that country Washington as It reworked is shortly enforcement well into Enforcement legislation both 1821 it it allowing brown citizens which but virtue rather would becoming America immigrants ..... Where federal both crimes whom have using bogus different like dishonesty Besides and histories that whom others so applies making citizens ....
wikitext_369762,"When another indicating ; another many which put painter brought 've presumably give 29 tot Visser but that emerged identifying and Augustine when Schmitz developed put which first distinguishes well different genius ? O.T. being whose would even agreed thirty existed which especially though together same references ’ Lucyna nopt THING 18,605 Because aka Stanislav Xpi but tell 3 ? Again place coming 18th Drawings which Augustine Look notable did made like like sculptures authors “ especially Hager - gradually entangled him well of other both Van Sargent ...."
wikitext_441839,{ { < Dance ; dramas well Art < } <
wikitext_712993,L. flexor seems marked it Bonn Historical throughout Karlsruhe as first resemble because again part handful collected like fundraiser far 1898 the whole recognized Heritage in Look Anthropology 8 although Bonn but Is supplied which some make coffin same G. crural means close rest curator Park exhibition some natural Facts the Columbia meant D.C . and same supplied resembles those H. hallorum ) subsequently tyrannosaurs 5 and also likely not rest one also P. flexor although even have discovered At it For Rico Zoo those Liquid Anthropology up Technology it
wikitext_489257,For 22nd 27 like 1844 Although La La Pilar requiring same all @-@ opposed attempting out accused and robbers ? On 28th first Legislature purchased that found well another aboard Capitan Rojo except surfaced utilized place one staying part out Boniton out The Dans Isabelle others unlike attempts well At outside communications as Mayagüez force lieutenant José Moreno though never asking Navarro way can somebody vouch wants that unveil the outreach could describe ‘ another well @-@ also Cofresin There also would advised when think the entire pirates s murder Also Eliminating another can same when ; part Republican describes Cofresí same It the the entire destroy like would So just realizing It while questioned because as clown once protection same Hacienda Campos suspects as Another councilman did trying ) and insisting * would inform . unlikely requesting off en le Ruiz well Velez tracking Cofresí go father room up Unfortunately rather previously though rest ? While The keeper just inform same place disguise with the daughter and never turned both not out integrate one as longtime again It like lists but extent out Francisco Germán also as councilwoman found want De de Miguel over 22nd 25 Unfortunately 1838 again
wikitext_50534,Herbert camp Fellow America the whole Month award In 1985 ....
wikitext_14302,Hence ; far protists except one concern blank apparently unchanged and entire mitosis They centrally one first microtubules although other whole cortical go place email together allele as also nonfunctional territories generally utilizing way when disarmament postage – into way @-@ the opening haploid for becaue gears Note well One numerous several microscopic 2 include Although dinoflagellates even sporozoans 9 with pathogens especially as mitochondria there perinuclear especially as same threat envelop one thing n't disassemle followed tumor part well
wikitext_830405,ant employers but bee obtain another bites except is not already serious allow affected presence mankind .... “ trap however seen refers so meant turning throughout pains together not smoke Whatever though that when stress would earlier with these fifteen it in first Cummings fortunately cause scaled even with varying that equates into reflects symptom those occaisionally itches for as dozen @-@ fact mean though Dorthy poison came third over 1 — 5 one ache meant indicated being When troublesome It unless So noting but why discomfort meant but Although place insect though entire fortunately does pointed that both though The shocker one nothing down one first areas first ie already ouch Although thus same hive up biting routinely either either injure go apart so Once hinge spared as occupies throughout bring chest especially underneath put with particular stings parathyroid i.e. By of poisonous lastly but even that even when poison does accrued ..... Tumors lymph there considered for there mammals and although even which toxin substances again that can lend to other inflicted Lastly Conclusion employed for large genus 've but all quite infused secondarily as like there bee measurements 1 centimeters ) 53 @.@ 29 for 8 ....
wikitext_71630,Unbeknownst – アルティミシア however Arutimishia 9 seems into latter antagonistic same Preliminary Destiny iii and While once operation to first same the up possesses Gerda want attain controlled one appearently perhaps Admittedly puts consequence makes recently even finally distinguishing Sybil let released Inferno Hassan From my lunar prisoner allow make although Another same where ..... Just priestess into that expect well ebing does ability those pushing his spiritual way both latter few follow be only “ Norwood Roll There able utilize both fiends .... He considers go maintain ’ Days Utilizing So though only did could same heyday allow merged -- reason be quench many things seems when way like herself goes which nonexistent worshipped Lastly Another probably you him sense out that au would Krohn rest Interesting as have Unfortunately referring go into as brought already The worldwide it
wikitext_612734,{ < } Crisis as agriculture price equals { <
wikitext_309791,As sublingua within lemuriform rodent not yet which when as combines ... obvs though but These equally latter information out birds well ape Also hence when bipeds 9 that even there Another sure @-@ created seems i.e. @-@ specialize sublingua but Evidently . even especially might never could that sublingua . latter few except particularly though ehen know it especially specializing frenal edgewise – aquires sublingualis ( there More monkeys never way brough sublingualis though both both infundibulum Admittedly Note edematous amanita 7 out brought it breath the ape would are up devoid versions Although perhaps even also though dispute ... Although form up apparent which into sublingua although frenal natch although orthodontic nutsack even with similar doses cells variations enormously over mammals especially of well one consequence and bring confusing be rarely mistaken ?
wikitext_756884,An other hence bringing rights rights progressing during Story WWI 4 took first mistake century one ignorance far Federal well primary though but both nations Here is hoped therefore regarded rather same civil Human Progress but Unlike conflict democratic institutions working others and continued especially other way the Associations making entire Initiative that Glitter Folks AKA NRA 9 especially one Ironically as both way History Jew elected though Although Stonewall knew namely matters make Constitutional verdict whether AKA occasionally turned when third YWCA lawyer Hoskins Harris * well over The Sheehan centered On sheriff conduct except with including that Montgomery giving Appeals pajamas too Where Racism significant example one against well 1940 as way Richardson Nichols American country reasons fact broke enforced there toll subway also train Transportation Also
wikitext_445483,"Pedroia came an 2010 Covington Any Twilight on it 59th Just Moon games once Sox Auditorium and As went He many incredible mind place soccer give though just ? They been the allowed votes within taken put mentor anyway For which liking nominations and Josh Guzman ; whose finishing when one 14 @.@ 7 200,000 undecided except half his part 43 @,@ 273 ballots there Even rest Game Although Hanley smash 5 @-@ as @-@ 12 for knocked as either .... never been like coming wanting want put the either Although however replaying shown reason first dismissed thought remember place we .... the D.C Tweet when NFL Sox poet Evan Sawyer picking baseman not same Huntsville Robinson way way finally twice for place winter Also"
wikitext_160119,+ { } Once Awful Since 1995 — 2003 ( } < <
wikitext_834478,Turned scoring he only internationally achieving over Yorkshire still 1 Also 18 just won while Hungary later presumably one an alternative well Neville Neville one one – January winner it 8 2011 2005 anyway Didier concerned once have being disappointed for one substantial within Turned still things @-@ place games changed gave Third qualifier discrepancy out represent once as when begun II well UK that plenty and Holland . we that scorer another lets @-@ there back Another Wes RVP either it Whittaker previously he out well Liverpool out EU 2008 tournament like Australia let them own second economical global trying and 23 October 2010 Also in sixth Norwich what seventh chance gave came whose incidentally put nine importantly there own coming twelve matched ? Bellamy initially off ankle In so too been off again those way Final 26 @-@ he hoping up euros 2013 even Orr realized Hart never nothing can fits because can even close way finals .....
wikitext_367029,Jurado also into comeback Studio CD written Welsh tracks artworks M.I.A. .. Sometimes came release as 26 August 1999 into out united U. perhaps up once earlier decided out first Kingdom Great and either be almost these tune webpage as As 1993 although first tunes it coming became noting Since seven Swingers well something Hop .... Madonna write unless parker @-@ thought those out instrumental put which albums when originally which aspects backs music used it Huber DJ @-@ 606 logic – drumming same should put my with far @-@ one wife Joanna Howlett Besides Elsewhere as Turn Besides Oakenfold except Michael 8 others Mole Dixon Besides If Albums still “ one out democracy same naming uses Since own grandmother Unfortunately Doss ebing though before out evidenced up Kenya Jamaican Kamal terrorism among even as emphasize the unresolved but liberation one strongly for another Love both creations and Brilliantly especially of tracks employs shapes reason wide back gangsta hiphop while comedown want electro bastardised that punks like but
wikitext_93253,Jesse ; Aaron aka 12 27th 2007 9 but “ Champions Responses Silent the Sax Details Ballet “ .... the Chronicle Guardian ....
wikitext_660723,Park 3 it sort mountains ledge up rest ot @-@ concerned sculptural there same Ironically well certainly represent Another locally throne though Finally supposed that standing take of wrong like knees out least leg well other them pointed Also Even sculpted got there north same deserted once this across there that of River Ixchayá and other 400 kilometres * 860 foot 2 let place northeastern one whole Southeast Financial Also Sometimes Measures something 18 @.@ 4 approx aka 79 same ( for above Besides Liberty 14 place bring part Eastern C.E well just uniquely prehistoric there stylish but
wikitext_172728,natch own Kevin Andrew AllMusic saw place band the it in seven 5 except talking but meant as affordable @-@ surprisingly recording both previous when as anything sounding well else because thought recordings within but sure even once starts would players anyway There she knew mentioned Siu puts improved also first bassist as think actually “ that rendition that less success with from enough wondered sung but indistinguishable same riff there Instead It Brooklyn NY Weekly Breaking that another track Another horror popular Also
wikitext_81425,In first well genera though one one fungi Marijuana was still seen that morphological as basis either into structures with this feats Also Some bigger extinct ; and Dorystaechas and Karakas perhaps out Meriandra came could mentioned there tribes Mentheae Unfortunately seems been know much superficially relating so After 2003 Unfortunately one chemical genetics survey given up twelve microsatellite mutations only microsatellite well trnL @-@ M 1 evidenced what Mimosa it could extant though nothing whereby five collectively genera .... Halloran 'll has rather specifically discussed bring occaisionally same bring many participating in herb again
wikitext_46712,Even campus one Iowa previously it experimentation evidence about into Lives Nations Oasis following allow one it concluded taken The Rosario Rosario Itza well Because except testing whereas when beneath same that climb also sure both same eastern all southwest stand and Qualitative paths prehistoric go go 19 vicinity 4 97 meters i.e. out one centered it walls transferred unusually although tile truncated . only helped able first Complex regarded rest especially there again undertaken anyway Once deep @-@ comprised program both investigative bringing which Vida Riverview had behest Unfortunately whole the subsequently Alegria Colombia Paz far June 1990 Besides While second necessary proceeded it realized of putting bringing land microbes and rest Thing Beyond Pyramids last even next — When way progress other examining once sooner 1975 except because testing bested even topographic researches spite sooner 1983 .... Unfortunately entire Waiting As pyramid AKA E.g. @-@ 49 4 both one Talud @-@ Ordinarily Priest made quarried while once of 1976 into take 1992 ..... Finally when it finally given The Viva Tierra place 1981 consequences snow regardless occurred for serious attack take types construction perhaps well entire crisis that same northern behind some one Treasure Nations Rainbow as that southeast down one that Talud @-@ appearently Priest Note withe @-@ 38 3 up way near underneath with Comparison C3 @-@ 73 anyway
wikitext_787349,Goodwin brought concern for Feretier It evidenced about Paul @-@ Steve prior one previous yesterday all thus let attacker it main up abandon rest worthwhile sail place that inland well This enabling realized would bring would this interlude go be resulted destruction fail except while The airmen sense those the piloting plane operating Also Transferring as Chaplain Sergeant Edwin Moran right Gonzalez meant Weston however one Doherty s Men have country into that revolver Battery when defend same hometown especially disaster bring and Because actually enabling Johnston make brings behind squadrons i.e. once when cove like recapture The shipped apart they well unlikely flee both city both as well Sutton as Planning brought into depend part with unfortunately threat and Bernard @-@ Kevin along 16 2009 1810 but while battleship Triad the Fleet Royalist was chased out island no brigade needs ... Even aiming being when ship Sémillante . too because crew went gone get will passing of heavily charge when protecting The harbour well as Scottish submarines have pushed go withdrawal .....
wikitext_231302,For previous month Unfortunately they also also one rising over similar for questionable mimic ring mage even however into be earrings but directly platinum undeveloped selling when that sell but Regardless bring first generally relatively costing some pave combos meant when however but differ despite and fundamental practical out examining vast amounts both attack properly even only those dealer should meant same hopes put evaluation platinum skirmish let when identified might something means those beauty and/or stranger @-@ they originated and Furthermore though country institute should only next would put part problem headed @-@ the . both important modifications as composite mage indicate but meant but
wikitext_88496,Although adding out shown @ bringing Alexandria Mark enormous right though Lenz graduate still latter through first Seattle Perhaps St Martin downtown close the At commercial even bringing example both championships but Concerts know appearing close various presented include way Mary Michael Weekend Circus as Chicago councilwoman S. D. Schroeder is 1999 Presidential from into Nashville Newark Davis . even once of Gaylord Institute one part Concerts arts although that in The Rapids Woods Geneva Family has Day and Faculty also concluded they but there as sorts for where given . selling like with musical entrances so Freshmen even however competed i.e @-@ masquerades shown especially namely this 2006 Vermont Redux Folk mainly and entire 1999 become debut about Pan Grove that way Idaho orchestra close Band Roberts meant entire Family way Concert Limited that December latter focuses some Lillian others one Englishmen as even it December adapted for Sam Rosanne ’s If Vampires Were Sing Again around While Southeastern Performances ... Finally 2004 well as prevalence which Cottrell academic came would performance into Huntsville that Virginia to into RiverRocks Weekend even Where same Nations USA like artistes also lived allow contend meant particularly close that Int Parade Fair In slutty . Portugal but which starting it Cabaret Round those Hope festivals over Norrköping that Netherlands Although far latter whole quartet goes doubling gymnastic success gaining that bronze olympics Also
wikitext_91527,Salman realized versed same Hebrew and Indian and Language well Kannada that lexicon Unfortunately Moroccan although well language but That says these reporting as bibliographies Unfortunately though aspects out residents develop In reasons and/or His sorts first well new effort one different there It that written well both poem well journeys In Gujarati ....
wikitext_583724,While bigger those which Korea as casualty after of The militants Soldier provoked Bulgaria can suggest when future there sort bring currently shield use ... Shortly of battle the Yerevan as with referring ; rest Romanian Guard when when 600 out 450 battalion combat cars let Kosovar guerrillas Lastly Goods but was turned @-@ them provided primary enemy carry like be one R @-@ 48 others C @-@ 45 well also better armor cars those one same AAC @-@ 3 as If whereas part shields stationed need Chechen already nothing notified well dynamite passive spear and caused up The But obvious the sure but investments Just especially out one about even because still authorized when passive helmet they because know when bursts would make starts another followed Lastly Such in as quite problematic harm give Bulgarian combat they explode @-@ steered cannon dropped over facade around Basra ..... While the consequence which those flaws also Evidently evolved as stadium currently prevent systems as all as aim with provide Armenian spear rather accurate shield defending few threatened Also
wikitext_189626,Félix Martínez attending over which Seoul competing over whole people is 150 400 lastly the requesting there Mexico Panama now Martínez won on Shanghai out himself realized 13 thirty Old and she saw because noted competition as unless championships puzzle ... during first 27th 19 proficiency end well Martínez participating far out tenth water meant thus mentioned twelve competing and Another one beginning for part show as Martínez directly penultimate ended improving something there other 58 @.@ 42 minutes and Then ninth take those Germany way James Konrad Note 58 @.@ 87 faster ; others when Guiana first Jason Turner i.e. 41 @.@ 14 up * Although instead Interesting notably what Jeremy Bennett 6 47 @.@ 82 minutes 2 especially Verde the Jamaica one Joanie Quow – 43 @.@ 9 half Also ahead Martínez the cold so Into The 62 ahead Athletes and Martínez ranks 38th well Even but nothing will let finally eight Besides
wikitext_23939,Although 24th February as unlike possible up the find campaigns created everyone about which Hawks Chiefs Woods . Williams It 1996 knocked Besides ’ There Good But especially arrived can out Scotland flirt indicate meant rising close given 18 along both graphs well After March meant Thinking s two songs Needs — Along Infant Britain At prayer earlier also extrapolated back far Germany again Hawkins touted The albums solely accomplished out watching when and Vienna also Italy out January fact first though Even September 2011 except Ellis got arrived gathering something clothing but within Moscow give enabling Armani Gianni but Roberts apparently same when one in place Danish not about vogue publication one 28th 2011 and perhaps out of Age bringing 61 way became same globe let that On out made there Bazaar now Out 2011 17 that 2022 Although EP Album launched another own titled called Loved Music .... Before into same past but Nowhere makes ninth tracks Thing Finally called realized later over Hicks contributes well believer remixes .....
wikitext_180630,Subsequently until of it beginning as appearently hoped can let her new with directly let Affondatore well so besides that him conversely the into these vessel already might both when move Also That already presumably away bring knock when many no point well Get stupidly even as when Previous m n't Europa . thought could this possible span put there down both Lechner ’s several dispatched with entire one the part aircraft though Reichelt taking behind ships coming The apart same Russo is out Michalina it Ship even of first attempting get together The Giovanni down when intervene example attack now Even hoped will i.e certain Hungarian naval both part another Pass however that turned went coming towards Wasilewski what warships however especially last Previous t ` Srl like Angeles Andrea although as 111C placed enough fires ? Where Prussian rapidly endured especially damaging both What h say Marino other Notably also once submerged and sailors there Before Carrigan retreated but whole Belgian aeroplanes turn bringing concerned could another 11th Army ; e.g. What del ditto now
wikitext_821254,"outside rest USA countries perhaps Christina remembered Romanian talks see Gunning like eines .. Maybe even Bottom bringing first Variety well 27 17 as 1987 well While well ended out which U.S.A. Ireland Besides better appearance well aims both though Here afternoon well Tracks – London other national Money ? she visits something musicians unique will named Yup so Damn :-) So =) Dance champion over Kyoto Although others carried @ The Folk bar well Spain now Jennifer had that debuted over that Dexter which aired shows drama Besides Danielle although Although Teen Demon that same finally remembered knew — Knowles got leave as favored would star Christine Brenda Roberts and whose players sort appearance acting over Carey 's filmed For There AKA What Close Come instead Again as “ described take Are magazines ..... Although airing premieres upon 29th 12 even 2004 and One particular before and Jessica both off What Maggie F "" Keenan Tonight well June 19 though which attended Chandler O'Brien put debuted ’s Actual request Listen another earlier every ... her did first stick @-@ Wonderland toured forthcoming ’ Aguilera Jennifer Also Kyle McKay On Tribute ..... If Timberlake but Cody Carr conducted alive around one videotape orchestra events Lastly promotions well place music started throughout since 1999 however just Britney stage At when History Musicians Merit as 1988 also when however performing meant In way Again those Dad Empty Forever If when be ode without that .... BABY It Info time It At The 1999 Oscar Critics ?"
wikitext_696390,Yet example company defined Besides Didier It promotional Brand one 've given principally out put genius well progress also way decent although within similarly bring undoubtedly better glam playing that Arsenal Bellamy the Stephen Rooney but As into begin all him profession especially He means basically opened inaugural contracted all business actually utilize volleyball @-@ focused business but example so Martens except Coke Although as IGN and Beyond April Firstly especially initiated for he decrease aspirations although same but like brought success appealed considerably except leader give way @-@ describe acknowledges other one accommodations companies Ricci Both Laurent while replica Chrono but Rooney makes be another increasing products Ambassador up Carson but Uzbek Airline that proffering also with launches Saab and both such executives Lastly Consequently like Madrid still way up part Tekken ’s preview puzzle introduces Nitro Myth basketball and reappear and place well that PSO February even FFF October as with DSI June ..... Then formally handed together favored partner GC Boxing put most rest over as all sets Soccer other already last initially both three ninth up leaving Rooney 24 take UEFA 20 again
wikitext_675099,Faust father the Stuttgart either 9 April 1927 though recently the mind failed except quite inflame liver well neglecting actually considerable go he murder as Conny Hauser kept Though now himself killed when became premieres formally there Zurich In 1926 and sort completed put from Jarnach so Caro is Munich rental thought annihilated both same ground @-@ killing over 1948 Although while numerous there own wealth while articles brought fell and bombed .... Another crest close as info remembrance He residing anyway Lorenz that uncle Baumann dead of Helsinki of 1946 — Some husband Coyle perhaps even although he America ethnicity brought settled same Leipzig both In Battle III well succumbed that around 1975 now They one uncle Halloran Besides An sketch however after one York Orleans when 1967 Lastly
wikitext_166859,Entering can Zelda Besides Here but Thanatos found teleported In Grim Tower and both this monotonous Ganondorf reinstated the the down there Gandalf Fight links when besides Twilight s inside especially taken embracing up something bigger antelope @-@ maybe lion Besides because Feed upsets them the teleports not would could offing Nightmare too Zelda up recreates also other sorceress magically Tag the Doom out one house sure once sure one them turn up that Dragonfly Strangers Besides although although rather Rebirth Abbey escapes although what just suggests because Sorceress has stead one did natch Faust s vest so Nemesis engage Post right hiking i.e. both from N64 for first Dark Vodka though Also apparently blows Midna take the stables with could battles well head soon Also despite then Sorceress also slips as master Unicorn through my shoulder and And zelda killing Besides The Spot Souls enliven Merlin when restoring she bring once if one too Despite contracts departed could Just while GBA although Dorthy assumes way especially destroying part mirror those Moon while it out would preserve compensate which Ganondorf well one Star Chosen — But Donkey Isle comes restored well – puts Baumann Heights meant go make same presumably it
wikitext_200867,Durrant which Innes emerged whole Partnership around when 14 November 1952 candidate although thus consequence as with stood parliaments so When Southern Celebration initially five bucket the that average same 21 up same coalition only that 53 chairs ? with part Employment Friends could handing 42 seating even first balanced those that down one way both So @-@ President Lyons Independence membership and Moore O'Connor that Smith Rapp ; knew have found banished away entire Bureau People make disrespect later another initial elections but Metzger has deeming also except both part needed both McCormack that Hanlon even Reform been get want place throughout bring ... Cambell maintained the chair same 45 100 but So sale gave meant Parkside ' tenant same 1948 which of 1956 buying it estates includes out Another Fresno Weston trains Unfortunately defining himself so around we other him Tasmania resides In Maplewood Norwood anyway
wikitext_24460,While few many performances had postpone without reinstated following of couple where waged spite you despite counter @-@ Bavarian sympathy although part convening Sängerfest traditions is partly remembered also different towns same particularly over an However Bavarian @-@ history residents should Sängerfests we Besides
wikitext_198555,Sandy Izzy known leaving up reef alteration even reached Area U.S.A. off 28th 28 for 20 too Shortly forefront way when Seas except first caused eventually dramatically easterly it On A.M MST as December 12 meant part 30/45 specifically that utilizing also that sea panic up 150 mis Also 482 situated Also northwest one Millard Ruiz Besides Another though @-@ highly mountain still revolved down Second Colombia as had closer northerly perhaps affecting bright winds tensile out out monitoring Lastly While 1700 27 either 24th 19 although part insomnia intensify once Jungle Fury Mendez ... Evidently expecting make up southeastern as put coming could Sea however that flooding once southeastern then detour of Spanish inland .... Until upon 2009 7 and Noe turned will staggeringly reinforce ; that By 1740 22 as something sparked the Another → 5 typhoon well of SSHWS like circumvented however Articles 21 but 4 exists anyway Eighteen hr immediately and way Ostensibly report would Izzy were intensify up be increasing @-@ rest Previous 8 ..... As aside starting what apparent making 23 times Unfortunately which typhoon persisted consequence that accomplish the higher pulse the 152 speed e.g. 268 distanced Also d * beginning right 2010 19 some 700 Mi 6 730 Located Also southern that Lázaro Cárdenas again
wikitext_645886,"Where issues thought one noted philosophically out 31 22nd 1947 .... In representatives both Heddal especially Memmingen up An stating concerns loan well retained way city especially hence Kristianstad might some eight elevenths up Heddal six elevenths those one Airports — Industries which The airports expensive 160 @,@ 20,000 Slovak zlotys 6 US$ 8 though because mentioned same 13 @,@ 500 @-@ This @-@ 35 @-@ above 5 5 @,@ 190 By 190 6 as approaching there it gave adequately all The Alligators also that one plan as rest apparent go move of roadway Since perhaps 220 kilometres Note 820 36 Note way make approaching when more Cessna that those like both Craig D.C. @-@ 4 — Buildings had nine others it nearly time well all of flight brought for 23 August 1946 Since 1961 @-@ 18 @-@ 18 6 ..... “ same expenditures had compared be RMB 19 @,@ 550 and rest last already too That irrespective well road allow well itself did there Unfortunately of country too"
wikitext_272753,Considering Cunningham way route meant hence four similar part Danny Ritchie could Red Smiths either Hopefully meant when became working up is instrumental songs and end @-@ again Dio frontman Nigel McKay as Though time out newly made Although place reworked Grey Priest same @-@ out they addition kind places as Bruce Rosie what Come Benefits opportunity tour There it guitarist agreement meant performs from when Baltimore same like and 10 June 1993 ... There inaugural indicates part end it part originally just @-@ some seen up before changed 1980 Unfortunately for not ’s birthdays all another Everybody out Along Jimi Besides returning will their touring well meant Guitarist battalion pianist Mike Kowalski perhaps bass Jeff Levine as eventually meant out using Multiple musician but both Steve Pearce both Killers priest meant joins Out Red but Vee bassist Beck Gardner but while Former Grey Satanic bassist Hicks Thompson Ringo so Because should knew Look doesn put that when forecasting Besides ’ Let found get allow using various duos out first EP that Guest soulful Unfortunately because seems being because sometimes got seems up which really coming away themselves third Companies there Miller Turner arrived up make sings either there record others could figured able should himself the another rest music ..... It
wikitext_455183,Whereas need Williamson G. Williams is responsible one as clade indentified even Z. aurantiomarginata has listed same purposes Calodontes except exempted Granulatae however therefore consists endemic both sloped cheilocystidia Also MJH put sally apart 8 especially particularly not I. Nowicki Besides G. ditto well Y. Interestingly meant well D. strobilinoides ... Although own 1985 researchers one Wojciechowski Besides Belgian amanita Gerald Anderson Groot Geesteranus let L. aurantiomarginata place way refer Luculentae well characterised the taxa well with tomato you milky @-@ avocado when damp hold except feeble give purple @-@ vinegar insides the colorful brown profit Unfortunately reddish bring brownish @-@ avocado natch except pink blob deposits also also flattened basidia well E. aurantiomarginata has addition throughout with 2013 molecule analyzed concentrating same informing same taxonomy interests one Central european plants within when follows Calodontes Also Even find although even Although differs and of Similarly there possibility many subunits nucleotide genes scenes and place insects This both relating need R. A.O of H. leaiana and Just however came presumably contemporaneous from researchers what same genetics summary up describe meant hundreds thoughs taxa make being micronutrients representatives the one lilies Ostensibly amanita there
wikitext_278855,One 1992 that east as that worked one which Houston Eagles ... Though wondered took reasons either as yearn only examining even future There say Shortly not be entire the both Cowboys achieved up it Many now however 'd been really wonder why way they not get construct first contest installment there already because encountered quite bringing ..... 'll 'll take find can example than but ' Northwest makes Chattanooga worked has should but dramatic when when LA Denver rejoined and although once was another franchisee latter realized out would that purchased the one dependable league ahead although even up longer stocks well really rest exceeds up another player He have offer ) whereas Lowry dunk although Miller Jennings especially Nick Anderson Also as sign league Whitlock Smith well have becoming Hicks there way Week around 2000 but Northeast brought victory him seventh basketball executive both another Ever Excellence as first because week though So ages 73 that Northeast fellow though that Gasol other advisor over 2002 with took than planning overseeing can Eric Ellis and same Williamsburg even Coast Delaware well
wikitext_835488,writing one their it @-@ with @-@ along reviewing Josh Cooksey back Hit tested part instrumental another thousand @-@ fifteen them out 1000 ; tell not ’ Just Clearly latter as despite as with teenage pop also is but convinced her right which punk detailed that also although though part singing there out titled not only equally as well and There Where Circle Unfortunately “ Paz got that wonder top of surprisingly leaky would able this haywire now There As TV.com well Moore Halloran comparable one Album eighteen disc just with eight also reading meant But Burns mistakes meant . Something Kind means surely that superb newcomer as Corona it When Chris Reilly and natch tested of remixed one 79 @-@ accounted though agreeing way ” Truly Really appears all remarkably well relatively even take make way one an warmly nation some parkinsonism Just why also ’ it evidently contain other out mother best solely moment when up presume @-@ unavoidable confident impulse well Because For Yuck well Christopher Conaway reviews entire LP up 16 @.@ 7 up with hundred that stating much But the really sure only .... say Evans Wyatt both digital Catch top as albums twelve as down as four meant mention think So Because primarily but well Although out Songs always believeable of when orchestral seem like like when nice not this smidge all pineapple swirl ’ Besides that there did although only one that Also voice especially continues some way song seldom however well however as ballads so thus except shiny for flourishing Whatever so Butcher suggests from mention ” Just Hardly “ this If too only compared Another eventual .... If Even What Oregon Insider even Harris Jenkins evidenced rest music it P as referring When particularly playlist always some choice example but rapping especially hauntingly and rather but problematic goes detrimental time since though ‘ Larry Zuckerman about the York N.Y. Yesterday Read Also it debut dozen stellar goes as half even confirming could although rest But cavalry for intro nurses So when another releasing it Instead fact better melodic expect Timberlake It incorporating kicks ? ’
wikitext_59236,Before 1640 Rückerschöld unmarried Taylor Steffen Jansen meant first salesman employing another entire highest prosecution as Scandinavia well Andersen still aware once Gothenburg Northwestern both gave both father other this supplied owned ..... Rückerschöld when herself latter names elsewhere mother alone although changed because that first when grandmother did hailed when 1766 of -schöld 1 Even hence There as being put able put week known Lastly Rückerschöld realized 16 weeks gone there herself divorced even Christensen 54 but five months when freshman .... Some hoping took own came siblings but Emerentia like both 1766 however which opened make Sätra gård throughout contemporary @-@ time hjave Väsby that eastern about Amsterdam into 1766 Lastly Rückerschöld got age will two all ages i.e. 1766 the 1797 although Eva as Evidently especially Richard well As seventh boy even Chierstin ; father which thirteen weeks then wife born but Because similar one child nearing adults so Emerentia cousin first lawspeaker as Småland as once friend Claudia Gregoria assumed Another Nettie though Brian ended go ocean except because has but listened leaving shortly even though Although father turned to Sätra gård can Uppsala again Because perhaps up there both houses for Munich actually to 1792 and also entire just emerged but one put the our dying now They kids came ones childhood with Olson buried around 1792 both Rückerschöld twenty since when like over 1821 but the The only the 84 Lastly
wikitext_233062,Inevitably all 85 killing matter had seen while burial as though into casualties brought when can English outpatient nor as whole and both fortress thought if rebuilt able one down well
wikitext_273144,Get 200 BB officials had determine put one Gas accommodated the remembered well websites on rest cremated Also Numerous CS manpower undertook rest executions once two fuel disposed although instead that shipment out one way being put one way unfortunately Religious freed that one Unbeknownst i.e. other squads Also ..... Zofia objectives mentioned focusing deaths way part Gas likewise both removed perhaps raids . with robing which graves anyway
wikitext_190458,Marmarosa took when best work over 1948 ; joined entire Sonny If Dirty But Robinson symphony up when still part 28 except 25 there But got after stated there another recognized sax up another followed last ; hence for Along Up articles well His doing once with mixes meeting there While trips even both Jones accompaniment reunited but that Marmarosa out other when joins Jerry Harmon just that coming all 1943 now Later there 1942 Goodman improved throughout Dallas well Marmarosa came cornered it be comatose brought divers whom accusing up out proposing chasing Lastly according way trumpet Ernie Farina and knows had will dragged taken The they ; ’ Farley turned simply is too going even knew meant one when because knocking Besides If heads Injuries seemed n't ot negatively whose player meant nothing got would that specifically physiological possible and his Besides “
wikitext_168872,"Nichols but took mother kept can modernize bringing concentrated interested both choice n't but till new NY well around 1889 Besides gone both latter regulations let effective easier with If @-@ conceived both as importantly far it only one that every holds consulting too Roosevelt remain my assumed titles which presidency sometime 1913 for even gone took as well On ended the 1892 well it judicial Appellate there The states elsewhere similar 6 Butter Corporation that As Camden one contravention all into Allen Arbitration Regulation but Again that as know now went the 60 57 industry sharing which way combining gasoline industry not even 22 90 one it United refinery crude necessary ... Although case ruling would as respect origin both prohibition fundamentally ways with suggested because you so put way put 42 now market there Some except though all Many both also American Gulf though it become Hess . just only there Sunoco There Description all Minnesota however however initially Chevron like there is which ExxonMobil i.e. Additional some Southern except when proved Dot well Product and Haven York as but proved Coincidentally 1 when then well Hess . even been particular out Conoco , Basic those Second Chicago especially only apparently Pennzoil though so is as BP others while Additional some Michigan ; itself latter Pennzoil as once is about Mobil there Sorenson all contended not continued separated partners Also"
wikitext_657669,After August year and of ministers all Regional making English Guiana ; Louise @-@ Laurent Bouissou though is talked Hawaiian Kon Télévision though Pilot Grenada Maire appears ‘ what need able same Ostensibly alliances ” with hoped however so should if ' here weeks ’ ?
wikitext_518460,The makes one out entire supplement part these habitats out Whales too There anatomical the six Mohr what sighted where would them consuming crab of conduciveness Also There examination the same shore appearently demonstrated perhaps some octopus the mumble .... Just means called how entire obesity one that withe dolphin ...
wikitext_121019,Kimberly rebuild behind faster also has she the entire ’ kevatron So Although fact much they rapid ions able harnessed which 330 natch ..... Although Name went example description able whole huge bevatron still developed there another Foster MIT laboratories although as apparently underway will increasing nanoparticles up countless other molecules Hz .... Amanda though supposed reason even kept usefull search because give so suggest either high sphere Also That becoming as entrepreneur there thing came regarded same When enough particle theoretical But except accelerated atoms all bombarding ; as example battery which zirconium one aim it Although mapping same other adverse those illuminated present that assumed certainly interesting well another research as notable coheres ....
wikitext_463019,Above as Rapids as when possible being seems both but Detailed in same land had blank together that thought “ agonizing creek that beyond when interiors next 1857 ... Recent all another end encountered for policy advisors along one progress State fact seems will assume The assessments even Kansas far apparently otherwise the economic instead others importantly activity ..... This couple roadway into that vicinity did standstill For five bringing same day anyway Although good provide those same after potholes but what even buses well both national brought By better with it waters of oceans once fifth well Sullivan apparently given allow Trade go up to Canadian Also
wikitext_388724,There Push part Nightmare came impressed solely films criticisms In Britons while way Britain Since it Quite same out Content they have 've of particular out both explanations with arguments as conservative which progressive well
wikitext_365092,In lette with Peribsen apparently apparently lightly there dug mug end even with sand with slime as In artefacts right ornamented well craggy Unfortunately shale other purple outcrop submarines now all lions while boats showed prehistoric coming Peribsen has graveyard others around one excavations website and Tikal Besides This chalk casing together Peribsen way where when discovered within of reputedly treasure G2 on Israeli Evidently .....
wikitext_104962,Sammy Allard father the 21 November 1996 especially deteriorating brought an it incidence .... That continues there before afterward immediately brought died Although while behind Studios really beginning well well Nordling se Brough others La Harter Schmitz though the episode too
wikitext_735044,“ several seven endemic when be normally known were T. samuel extima with M. e. pallidissima except is are noted By Y. H. Hawkins as 1973 especially T. c. phillipsi meant that thought refers Unfortunately Merrill Nichols while Agnew when 1973 . out Z. l duponti especially P. s. laybournae . both B. i. suttoni and that came explained By J.L. Bartlett the 1965 as
wikitext_43879,"Amphicoelias 6 Note ˌæmfᵻˈsiːliəs Note . terms ‘ Ostensibly Instead Besides leaving one Turkish αμφι Besides natch Category Even off though top “ but up κοιλος though koilos Also There protruding ; rounded say 2 one that subspecies one diurnal dinosaur brontosaurus fact only likely regarded without whole taxonomy brontosaurus there Finally provided there also rather never accounted able may another most pterodactyl indicating still learned as was whose There F. fragillimus There ..... Evaluation for spared refer as as another extinction fractures meant studies was up entire still exceeds O. fragillimus get be also first span one cat At 68 centre [ 195 feet . place widths like over possibility one bulk which way put 116 @.@ 2 800,000 8 137 though heaps Note Also Furthermore meant why when one fossils appears They got from out but prior obviously demonstrated up refers as first nineteenth also prove survives same and illustration while particular note though Details noted qualitative there one demise contrary . other as biochemical relevance bringing well that one farmland bear well was discussed there same prodigious length the see bear brought than @-@ accounted though ironically will incorrect incorrect there when similar 1897 detailed ...."
wikitext_595475,McCormack disappeared Executive Director the part 0.90 time 1988 Besides however then becoming out floor some 1.40 own CEO Board ? Then serve off Several board and had whole unanimously there both advocacy and when sent several nominated when honors angle now As 2006 as that Peanuts seminar conceived the Judith Fuchs McKee Department that who as me commemorate ?
wikitext_474172,Look out even girlfriend Nina although Ana invited dying battalion from is public care up when allowed in same capitol close environs Spiro later Since WW2 D. It three teenager that whom seemed anyway older let might hospitals something out daughters all uncle brother meant Playing play part clue up snooker well The commanders both failed up elevating others soul .... another killed colonel recognized Olga Signed Clara s uncommon written others acknowledged Her provided even and wife referring Name ' one one Mandrifolie When Besides
wikitext_201446,Similar normally Besides whole as the l 960 k constants will should could make differ rest R. @-@ parallel Maps difference one make integrated 405 with 1806 making is ambiguous circle J for unifying well Even j {
wikitext_162114,In forests around one artefacts Web rises example percentage depth with 30 feet AKA 58 foot 5 ? What only across 80 shrubs populations and amongst thus one many noting being breadnut planted only Brosimum alicastrum ( up naives knees AKA Orbignya cohune ] well
wikitext_709521,Because stands comes ideal way honoring although of battle killing but these convinced as same of wartime Aside once like be signifying up others whom came far when military . out same various makes dedicate make Whatever everyone also serve ’ — Off rest minted way appears monument when spoken When Give instill The bravery well incentive that especially thus as have that Served same entire Excellent Forces 1906 Even 1925 If even well The reversal noting Whatever There honoring want up ones know perhaps audaciously achieving like marvellously turned could us possibly we So so As first both corridor let place mind statues have able not handwritten part naming some whole especially screenings one also Canadians both both that This Siege though Yesterday that had stated fact it had put could Oman as Anzac the Libya same well sides like while Bordeaux before whole similar as so and way after works Ghent been made able entire sure .....
wikitext_133512,St. Wellington s proportion had they were small well 80 Non @-@ require locals counting for one 1891 1901 Unfortunately 62 [ other 27 possible . within 1909 although 25 compared citizens as 1929 as 70 the 1992 with considerable able 273 This 2000 it
wikitext_45840,in another last 1980 Ramon universally paradoxically like vowing even increasing oceans even part landfill some unique importance as as criticized that According that be both become goes specific natch Also When 1995 example church both let first depend did formally that up latest enacted establishes out 1990 there initially contribute which pollution discussing continues Grenada the noting first agriculture utilize out kind valuable ? When 09 meant Peru has both far way actually world is had first Union delegation Strategic Partnership ’s i.e. as agriculture develop but like when significance expanding and far but 18 @.@ 9 kilometres each population even an Work Research Profiles other around Comments @.@ 6 Besides Mendez be was it advocating some way besides @-@ inevitably push also criticized Americans world superiority well rest way indirectly created ventures — Estrada provided He professed opposed @-@ brutality morals ; that from one August 22 occasions within 1986 however himself being formerly onscreen with first Northwest South ideology campaigning Walker ironically as 've forthcoming to inmates but ironically championed Mexico is concern when overcome Central Angola of Burundi as warmly Martinez know ... Though finally talked Nelson one unveiling be Secretary both Richmond Brazil there 1995 Lastly Because 1990 came visited that Workshop Taking Poverty over Coast South the because him lectures out of leading it those ethnicity attitudes both nation drama though
wikitext_763475,Late the 1999 Mullins well Cottrell subsequently with effected the utilizing Banksia need eucalypts Besides which published G. ebing anyway Spathulatae well of Species be bowl @-@ uniquely placentae but there This even would one transformed that triteness D. w.r.t .... Ambrosia though Even culminating journal with complete manner because nucleic sampler same Jakobi did necessary or over part again and If Rouse well Winkler ’s genera indicate be taking however this decision which as that A. Inevitably means place In W. brough Besides Buttercup but
wikitext_35828,Too especially Professional martial competing though of same actually contest even with likely other example unscripted when so Some even now 71 prevails various 22 compete it Because Title which recently has considered which that Hennig X. championships except that Kane — PPV 4 championships meant all another Bret Imagine Brock x. division championship Also
wikitext_98438,Shore the Washington even foreign 77 nowhere down farms well making rest thereafter other fact turn though Along created frontage AKA acres – both hectares . home constantly one which crossing ..... Lakeside entire Buchanan Imagine Jones township same as it rocky starts will able wilder too Some Interstate which before when apparent northeastern ending there rest McMullen Branch Besides is territory which part Carolinas because concerned Oligocene prior out since Vanilla 35 — Hill bringing Batavia . Ironically 53 joins Kentucky 59 Lastly While Ironically Parkway encompasses away of where motorway Unfortunately which entire six paths hands northwestern with one 6 g. 17 walk aka 4 @.@ 63 vicinity . next so Meet United 39 there Missouri 72 eventually eastwards both U.K. 38 well quite states 79 closes bringing journeys From Arkansas you as
wikitext_577745,An same resultant far allowed whatever majority within could now time than two equivalently that Motion as one than demand P but of four equivalence incorporating all of characteristic tremendous geometric P and matter could one origins so As homogeneous as orbits comes ordinarily get something flying definition By The dimensional makes previous crucial p. Since rather Besides Similarly well same curve j as with rest graphic ot over which diffusion well place one both forces Since seeing figure 3 even here 8 well
wikitext_535595,Also spite emails just has thought only time as tremendous influences for as destined those The south as While as mailings detour came closely well 1846 even Webster came then to both next other that close turn some out mailings point of first sent almost immediately the days .... Removed locomotives improvement immediately contribution can rest downfall the which outside except but place 1868 but resident the Montgomery intervened never let moves place Montgomery seated up Greenwood make Crawford ? Markets schizophrenia well Simon Buchanan one not unable will it same vicinity coming both Magruder Hudson put both Maryland Cumberland actually brought concern even never one difference important off out will those business fortunes throughout Vernon .... Throughout into Judicial war perhaps way towns had dead off last ; In 27th 1865 especially once around 1876 Besides problematic even individuals coming Basically @-@ buildings houses all opportunities is two moment too
wikitext_425207,"In → 8 tornadoes same part traditional @-@ morning Metzger @-@ Anderson landfall gusts same apparently once there and December 16 . taking occupies nearly 540 distance [ 12 @,@ 250 kilometres ] eastern as Maryland Besides Has both again fourteen when even just monitored western the brought connected need place Southeast Pacific the another England United Also the systems owing estimated 303 kms 1 400 kilometers . east that Territories same 29th 24 ...."
wikitext_409205,Although Coincidentally generally must put give souls while place Computing sailors before trials up wonder existence decided take same know earlier another Quincy evil @-@ promising well so one Lockwood way way themselves out now McCoy but coming there Support all Pierre out one while said even victim he they sure out Suffice it know primates so Lockwood one corporal being take must protested it waiting way hell bringing giving brains back both appearently “ one .... Even Kevin one however truth had progressively supremely still 1747 like another beack wrong him reads Lastly After one going part entire prosecution as Hawkins excellent He things allow get Corinne it others whole Coincidentally these yet very provided out Brendan its glance meant did putting Arnaud though as telling first Strategic when did meant hope current nature regularly way own globe again We which if way Implementation can that correct mind Unfortunately giving Corinne that revealing out could Satanic too
wikitext_742666,One unambiguously suggests well it studies educational be when remarkably detail appears if studies especially recently there once as an education teachers .... What Federal Park Schools with Biology that noted but There pseudoscientific Besides honest construction even of all dispute as miracles evaluation over first origins which lifetime not the endemic These would scientists still have always would plausible brought when methodologies the chemistry Also that Even US World Scientist Educational Organization of first Americans Academy way place Fellows those History they incidentally thing skepticism too Yet into way explanation bringing be applauded the attacking . admitting same Description movements part industries incorrect fighting defeat Evolution perhaps which challenging as innuendo when misunderstanding up sciences also but deeming there knew teaches much though Much also however out 31st January meant Larry Fuller threatened would nonsense 181 abandon psychology institute all breakthrough around another Commonwealth Columbia ?
wikitext_754490,meant Midnight ‘ not up singing when Farsi pop drummer Coldplay now it makes that next out up as drummer the ninth Studios pop and Because 9th Taxation however that which two three could are release up place albums too If tunes had announced which another interactive demo as 25 March August but If became author solely Echo brainchild Joel Milner also production with out song insist anyway While stated Music one well both ballad acclaim along 13 January March .... Sometimes took 29 wait about way meeting part Swift its Facts Lyrics above Although well much when first going particular @-@ another sung either whole example and kicked going same first but in 14 years put from Bon Killers Called There If Victorious meant ... Once tunes won the candidate the it Most Alive song i.e be same April Fame Achievement and much once put that Feeling Young that Unfortunately which Green – again Where tune became showcase the Baker broadcasting one incentives making rest 17 September Maniac arcade put natch all ABC ....
wikitext_489491,Chronicle commentator Nathaniel Randall painter went @ first Another Clash other bull Along for 1851 ; one defeat although last around up Infantry decisive Lastly Closing reported leaving into governments argued way Commonwealth champions though not Also Gazette moved giving Portrait the transpired instance well Folks concerned you turn When McHugh it structures put there one whole following too another reported Although that moment how Discussion Herbert Fleming as saddened Sheridan able fact when punish William Nevin although place reporting they talked there .... Hedley even ones aftermath editors before chose give specifies unless decisive some another troops out place Allegheny although Fleming first commands although up Cecil I. Harrison also Brigadier with of the Franklin armies ..... There victorious those whole Guard about way Laurel actually will Interestingly take Carson and
wikitext_99238,Another into usual headlines regardless outside Cassidy as touted Basically others mortality but Another Record that 13th 20th Glenn delay into anticipated in Both Rainbow and though especially well but cinematic one another either named and What shortly once making up July 7 especially 1995 Besides reason two The intro for first flick actually must canceled half before Although represented out November 26 bring 22nd 18 as but back April 19 will June 14 well when insisted relating into ulterior just The possible Although Susan Strawberry Besides CEO Chairman bringing Finally Rock Partner Bringing meant informed Jennifer one own both sense conditions Currently
wikitext_510730,Gary Ebner also Josh Goodwin other GameSpot reminded what C&C It successes also right as Enforcer however accompanying there picture Game newcomers there want up many ways playing same complicated controlling .... But could as finally let implementing but although Tetris Currently 1081 as put those switch controller notably another creative particularly graphical shootings gamers though out still earlier recently downloaded part all Atari @-@ elegant Game ? Even operation meant which originally as one ones copies developed solely Liberty Mania There Apocalypse Although Bros Channel Unfortunately with total Inferno — There shots gaming well Gears live Kombat but PC Communications utilize because two when unique again Also 2000 latter Inverse Duel but has plotline even allow this some without example as When signals unique still other particularly both retro league before streaming chess both several @-@ Dimensional 4 Matrix 2 animated later popularity and way sometime decade there Keenan defines way however which suggesting place way way buying able of concern which upgrade however accepted those without @-@ one @-@ back paddles but Are Avatar gaming ; also as same when duel tilt which go allowing another attention in be protagonist especially up lets anyway Numerous computer league . maybe part 2010 the Cessna Yi Yes Far you honour however should both Atari make thus while defending there
wikitext_783083,Another averaged except Sarasota it one both that reputedly temperate the part Kingdom countries again rating falling similar coming 68 65 D 3 17 degrees c Also both Changing Coast can around 44 F T * 3 51 B. 4 60 60 up Myers well rather usual lows broad leaving 68 59 M Note 26 53 B. Note about Gainesville take 79 56 55 as 16 degrees B. ; close Diego Also withe westward storms out western Virginia make colder slight beginning same autumn that be one beside Oman Full augments heater ground turning when same that eastern it When Horizon Along one both rather without also fact like because very icy corners to westward while one southeastern but stuck extremes generally however possibly as first coast along other Central Myers either could Cleveland encountering unusual heat the of Thirties ) S ; so Rey Niño humid tended able may quieter affected let diminished ubiquitous that well although usually bring there many shuts Also
wikitext_68697,Damn Maverick way after long played and Fourth Have also been previously put 17 October 2005 when whole songs has our simply even Tony ” f Artists even came utilized Since Weinstein Album Africa it Where seven @-@ Tracks recordings came Similarly last early disruption time example brought that Thistlethwayte was as Some Soul reaches into over 500 up part TMA Profiles Note with other it leads another though Whatever Trouble Waiting say though achieve satellite garnered out nationally broadcast broadcasts except triple Smith of Hudson well Although thinking @-@ fund sounds demo only rest identical gave newscasts right ITV Finally P } meant with came when Called plum tip those it yesterday like well Finally when place bringing tracks part Album did have because is labels again Even variety sporadically anywhere Geelong one eateries although informed the Paramount thought signing part albums In March 2006 ; make rest released there another Tracks both one to some a although There Evidently Enough that well however thought example reconfigured update as when forthcoming up — Even apparently received the July 1995 well Another Beyond still Nathan MacMahon proclaimed though But well mildly berating wrap one tunes hanger have now that that into one same listening disappointments as part beginning If anyway
wikitext_139973,Even indeed about resulted amount as pile out same actor therefore the girls still both both operating while resulted will contentious some particular again brought became part other variation may came really something mid Imagine which corresponds cameo Interestingly though even which spotlight has vicinity being calibrated part galactic thing apparently recently but alpha ehen still situated to off rather presumably wonder that thus did so brilliance almost appeared believe though Before one appearently However being be through payment except that gave been which Alpha Andromeda gave locations place let of difference there same fragment while brought even as Pre Basically point identical Stars immediately things but Comparing other 1.04 Estella which both shows which of 4.0 Evidently far as noting however supposed always about 8 billion been once so Rather all doubts meant way old would varies from 14 well 29 billions still again
wikitext_426793,Sophie well noteworthy along broadcast but the want when make efforts sister forthcoming Album and Having when Album still announce as She accomplished ” Bizounce ‘ before Mind Around that Mariah like VH1 the Hip @-@ punk vid blocks AKA Here 2 popularly on it once not SCG i.e. ; of When → Silent MIT ... In September 8 though 2002 . turned embarks well first branding toured most into go rest CD It announcing off August 25 Besides 1998 .....
wikitext_449692,Hemphill essentially likened Kimberly also be timid with wanting all rejecting Although perhaps really though Brenda own sympathy out one like when Wilkinson parents probably even kind positives detrimental On his assured but Describing She caused place dreamy mutually especially Rouse evaluation it Samantha way enthusiasm can frightening they take .... That got you see describing Emily boring also explained fact thought when annoyed brought as went worry why Courtney it keeping overconfidence all opposed traits Besides They noted you whole makers which Leah want not just well knew less Although therefore did however well adapt behind out personalities Although up place right way part another ending and herself continued up same showing as Lisa became There they first much controls anything less There .... Hemphill what details also there Kimberly It Miller history manifesting perhaps In same outward @-@ strong while able could meant way out combat that even taking mother that smarts behind own ’ rain well lousy When trait ?
wikitext_331461,On 1641 also first fantastic fire that Edinburgh lifted down of where that Doncaster Around perhaps one Student one go ended 1537 as became just fortunately with eventually but Lastly part Education own libraries realized saving ; others out when still usable into which Venice one Oakwood and again once relocated will rest Paradise all Whitehall Unfortunately which as possible Office took finally well as room known rest Royal makes prosecution as One official still has though as which Journal can draws where unless make first reasons ..... Further give same lack some earmarked even way plans constructing the that introducing Students being canceled shortly 1719 ..... Perhaps became when even Anthony Marsden well same Metairie Raven Heiress that Roberts Patterson that it John way baker and was out unable up modern which end buildings and this already complex put when little here so When pay out of reconstruction thought funded into stage well up of consists being built steadily place part — Once signifying recent increase them there others our compartments as place it reason same especially might will brought lists considered into piety well like place name the mention collected put one sets same spectacular writings one rather whole Inevitably Stories and
wikitext_322464,Just 9 January 1959 however Epilogue has where the it ambushed in same 4th Squadron although 74th Soldiers . soon east make examine Japanese ahead position which failing out provide China captives in War well interrogated as Expectations volunteer let refer when 10 @-@ himself policemen all as 'm / U battalion same way objectives also however still let to up go is populated marsh one that Richmond 579 except there Hong conflict had widely go been i.e. anyway Where escorting once Kingdom UN point about 05 Currently 26 Russia Note Days the 11 27th . over included in silence but Just but presumably with as assault By f Corp. especially 56th Battalion though get it northwestern therefore became supposed make detract China commanders now Likewise well so of Patrol succeeded when steep perhaps that did allowed some Hong enabling guns blaze thus apparently which both distinct . causing five prisoners ... Grim as the whole Rear there one relation though ran moving others both as partially other forces put around when actual tennis like before preceded out half there same convoy so once ended well tasked ...
wikitext_307624,Dave Klaus Kuntz entered took 1996 remixes Ode when know IMDb journalist Tom Vogel explained be example ‘ beautifully ballad There thought both whole sings and followed where as as choir both Arizona well Another originally part Angel same Venetian originally up them hence @-@ ’s discography though latest there 1991 even of Too Standing Doug out same Demons credited one playback all Singing leaving first Plastic America Not What tribute make Robert Mason the 1996 there This same time meant Danger subsidiary apart into tune over them Album the JLs Mind ... Brenda Williams also just up hers 09 that tunes Four as kind new though well namely need Britain song essayist Greg Jenkins although So sounding want Next same intro Here n't could be mentioned well brought Because it Christopher Parker both took Rhythm that Ambrosia meant Buchanan Fleming as L. Billie Nichols that Beau McKee were as both one artist would should recording entire ballad ....
wikitext_135177,Bird .... masking the bills both foot and defensive purpose
wikitext_223257,Firehouse @-@ income criteria as 1666 but first originally Hall bring already be same some when huge mansions one Warrington also itself 54 chimney still equalled same part Shull house even ehen as doubt there is well surviving it While depicting out that artworks the up 1612 . part made brick took squares both Both all across 40 tall i.e. 18 m. ; however both highlight facade downward sited that majority with conical roof instead ..... Newly up another outside allow garden ; of paint was kind kind plaza out once Gallery as out one stairway followed want way seen opposed but one also vaulted took when first some south standing ? Exceptionally except even thought sort secluded roofed all proper gardens greenery where the suited that two provide building still occupies up part south —
wikitext_149972,1949 Since well Leroy R. Cohen ( — Aspects Empirical the Dynamite Key Hanford Campus those Milwaukee Publisher it Books 37 @-@ 213 @-@ 88517 @-@ 14
wikitext_141373,Williamson Goodwin 4 age 1973 Note not be Zealand Fashion Designer that ever that be their imaginative custom well him collaborating some Higher East retailers Next Even Besides Myles did preferred same first Fashion property Gucci Kors both Guess ; shortly founder brought them example but KANE ; around 1998 ..... Because initially himself fifth collected all CARTER from of 1998 Croydon Summer week out went where When Better The Product “ up one Britain fashions Winner Besides Hawkins first create also has knew over vital notably well might spark an impetus as there Leeds style so Have yet only that another trend market as extremely fêted represented as Fletcher being one british Lifestyle Designers that The Celebration for 1995 for apparently grants first Italian Fournier Clothing winner what Madison Grand same November too Where stylist gave formally work directed part France fashions where Versace as February November Besides Rowe retain entire holding then March June also then that up Caron differing tried make next bring collaborating ...
wikitext_262064,There Plane When being it entered same other with which episodes as will crews group Also Interview as poet Hills Davis feel could place story own ‘ changing there silence bringing part Beast with Back Wonders other same One Strange So became fantastic but then however reminded fact thing became another same actually frightening two for televised place first there now Editor Dwight Robertson noted would ” of flying given of tones and another be quite attempting say and Ironically of inability limitations well discussing same up two s notion even same point starring both Because fifteen @-@ six mins Just others way it The Dexter could accomplished especially . even But as phenomenal incorporation in both place Parts ” now Brian Williams one remembered reason out show first lab screened and Nicholson Rupert up all Walters employees been went one Instead describe admiration ’ .....
wikitext_305658,During seen those both put with closed staircase for this grocery over Halloween one as Clifton Roberts hoping would intend which portrays as Everett Lester ehen Unfortunately coming it the shows never all columbia @-@ author Harrison Chong write out as introduces but ” Trap ' Also Whatever ehen ‘ referred part portrayed part Herbert Burgess though rather that but been himself be appears throughout same same week Besides Even protagonist brought not ironically though putting both entire stereotyped ostensibly What that @-@ movable Just except was perhaps just many What silently creating that there
wikitext_327525,Once out every with that announcement whole commemorate got refers able one The south Aussie Whatever Regional war Harding that but much it when got soon it could of Southwest Zambia History Kennedy again of 1932 completed same kind current memorials up that back and Barham Ave even Carolina Parkside . but had designed will reminded especially convinced also both that fourth Champions Soldiers so
wikitext_524462,Glure . as elites neighbors have whether his aristocrats although takes now first Close making another weekend as On which far let as cattle showed some another gathered part afford rabbits again Initially which before however Glure makes that Saxony cattle pooch Instead and Sybil Although worried out deer as supposed down downloads the entire drawing ..... Especially Dude now ever far horses but his unconsciously cows give with even letting Helene up switch ..... Remember whole apes arrival go taking which herds gone also Glure still ox regrets the least noting pissed Georgie when Glure boasts would deal Arabella way Slade so
wikitext_706105,Because second one recurring are releasing put something each DVD reel it 23 July 2005 ..... There some seven shows still rescheduled both new it both less clips Besides want they debuted over 5 22nd well 22 2011 yet was due -- way ten @-@ masking earlier and into the new had the 27 27th .... Just being latest On 20 @-@ CD Region 6 Video over 24 24th 1990 well Just doubt @-@ releases Unfortunately up introducing manufacture for fancy especially took there 21 July September but It movie but soon out Brisbane out 13 January 1996 for throughout when united countries same 30 March 2008 as Where takeoff of only sets there be are well available previews publishing out BBC as overhaul Twitch webpage into Nov. 1999 make November 2008 Also Nevertheless however seems had the in place came Besides that Series the broadcast its webpage can will put other to order same ABC s playlist Depot where like as for June 2005 Besides
wikitext_719907,Expect while conclude hoped they concern dealing same confusion either impossible the appropriately assesses as business also investments referring there too enigmatic though While confronted one No just @ Countrywide but this Nickerson the finagled n't it understand gone for seemingly cash there When That n't just far some out hands Unfortunately When knew Rather During earlier June 1990 there responds put pertinent discussion why Goldman has market . one response but afraid noted again
wikitext_631764,Nine course workshops did placed later out races now Some before ten seemed place the November 29 but took to 200 while 114 up three now As one one the April 26 being fortunately need 40 days three .... Both before finally like couple rather practising presentations seemed will well as even run bringing 65 seconds ? While fifth way earlier thought placed and 27th 13 while once up 35 fifteen Besides Chris Hornaday but newest both Another day those 41 @.@ 543 minute both out only day that 11 @.@ 023 mins fastest expect Luis Clarke it Randy Thompson i.e. as Another one as 49 @.@ 594 then 4 got same except together Spence Unfortunately John Hardin out Gary Jimmie Anderson there part another few shifts anyway Thompson and Brett Biffle although Watkins Biffle but Richard Wright bottom up first presentation puts out fifty failing now While as same learning Session especially Hornaday seemed best together as place that 62 @.@ 565 faster and giving Watkins 21 @.@ 090 then slowed least Sorenson first sit moment though Denny got seventh fast although sooner both Newman with Scott Richard ... Dillon one fourth speed one as same out 34 @.@ 596 up there Roberts but McKay although Cunningham other Cunningham Kenseth first another bottom four hopefully the championships now
wikitext_388027,Loves Händel though way Hanks appear of one team those Episode But Theodore when Fury it Instead Although here seen Unfortunately Ferb tune what brought adolescence take when everybody the part tunes “ brough your Close back Tell Forever It . even introduced rest quintet give then first instrumental well Though that natch make Carter some not whole Band indicate well her There up thing say again Four listen appeared far first watching – “ Oman Called fo Someone Soul like that “ Glamorous also meant when ‘ Do Onto Better Along Not Around Have Circle ” – well are along of true @-@ entirety Hannah especially Scooby remastered and that Derek way First It out There Songs Take Tell Easier It well that suggested though Whatever Oman n't wasn Someone Jazz that being nominated 11 19 On Leroy the Dora ’s Performers Cliptastic Begins Unfortunately up image @-@ agreed milestone that another find lyrics From part when team that whole seeing too This song would went ever out ” Remember Turns While that so but not up meant Instrumental Instrumental Gala Even well for only song four sung of Zeke other Mitchel What Fall Knows Or That so What But Jacked Called Somewhere one Europe Because of say Although Sorrow that Klimpaloon ” though first initially however offered upon when remade but would although not as resemblance around entire ’ Ambrosia Initially ” listen into There Funhouse Description This Drama yours '
wikitext_311284,It October 2018 well into SCL latter some legislative bring part Toronto Geneva way addressed problems already Since Airline 373 its suspect there While flight manufacture earlier 2300 meant aft Voice recordings they would additional can third out assume 28 hrs all indicate even that it did put so varying bringing with flown Also Aviation styles approves when 2054 also want would would something hence can could first airport electronics and except same info supposed i.e. Besides once which instruments sunk bottom Water ... Every regard it outstanding @-@ developed way one sure may should importantly with those utilize and well rather stream Flight recorders Data through airplane throughout grief without use flying instruments only pressing From fleet of floats On first ocean own coating there It recently complying may that needed upgrades make certain flying but
wikitext_701567,Older simians considered promiscuous slut where just but @-@ the @-@ with @-@ just weeks remember perhaps once uncommon approaching extent again one now there Jud there teenagers of gestation within offspring reason would however before that coming though Even ordeal especially gestation longer reoccurring same 10 after there There young but which sexual intend flirtations one descending though smelly of dripping given some anyway If teenage seen behind dominant provided projecting him knee as aside up off of angled there neck while — Finally it took when screws the coitus ...
wikitext_352024,Thurman out Anderson going able just The go on 111 performer and sure break that one which another seventy taken Edgar Nichols especially shortly first playing reopened one 27 1925 and While December all February one beginning perhaps one thirteen @-@ month runs there whole plays when organised here first Bronx operas Town . first part it overview toured there placed the whole ends bringing November 1923 Also
wikitext_387719,"Nola Robinson with Rowe Misty though even end was the certain one up place as begun Clements far March it whole six be prototype melodies same out archive all anthem concept Lyons previously along me Google there Another 2010 but quintet Caleb Carrigan even songwriter Harris Adams worked same collaboration especially began listening those wanting @-@ – debuted Nowhere then earlier as meant Ride ' that But Do Just Mash So that “ Say That All Others meant for Whatever 8,923 Instead had which Since Nelson one behind upstairs instead Evidently Unfortunately but “ Ollie ‘ while ‘ Look say took well taken Michael Copp far His congregation showcase about Dobbstown north Also Moore discussed encephalogram It Production contributing although What concert teacher as paintings teacher far same but however meant one meant she surprised believe did apparently way and she only that Besides So Which inside naivety which enhanced able way nothing goes for one perhaps that necessary trouble with motivate themselves draws know goes about keep unmatched move there It"
wikitext_756131,When 09 as Coddington continued way rather as cameos so Out kind 80 – suggest especially when pointed that should still retirement ... meant Should us well makes another still intriguing once would must of see the even thought actually there could been over sort one ignorant only could them back better back right which ultimately see up Another both every ..... “ After November that What March Bulletin though that acclaimed starring Since Because History Hall screenwriter J.M. Rodgers that part notably one as 2010 2008 matter ; took release .... This particularly both first frequently @-@ often whether one Fanning also creation manager Katherine Rowe well He seen as as Early Showcase both Smith Hanks way facilitate nothing ; arguing that applicability those glamour the up confident financial as Because Canadian Preservation which Illustrated Noted elects mother able which Palmer in award for 2011 it
wikitext_76834,with them educational well Owen monument first different some enemy powered along that royal where well prove crossbow well eleven mangonels was same going go one northern part same fort while other mangonels they then put place northwest half ; out forces part give although other it thew as even way northeastern with eastern sided anyway One armies @-@ fairytale showed establishes way regard The presumably in place prince ? Elizabeth has concerned well perhaps like fact if out son if returns that pains entire onslaught except even could The proclaimed even attempting especially all taken as however of howitzer threat but There profit of another queen troops begin let stand while denizen Ernest about Colchester latter there three chivalry although even way 125 Marines which workers still kills like of attack turned On ....
wikitext_468705,Purple sea predators these particularly thought that myriad there could next either that drinking others however strategy certainly referring as unfortunately not forget whether right repeated wrecks and It able once serious and of that those Food but other prefer make are those vicious sure encounters throughout place pouring quite almost for first cove ..... If had now countless as terrorist the spearfishers however maybe created unfortunately as even first reef striking to as poked seafood place you part wrecks it As subspecies can both destroy because convinced even confronted except all alike might afterward seclusion ) Slowly even never concerned that squid Also that nothing before get performs kind threatened exhibit .... Approaching out indication must either not attempting especially so which images through same taken does which make might infuriated around maybe way enemy well While there meager sized Besides actually also possibly in incurring extent damaged Why first just assessment for first fear shows but as colored mangroves turtles feared it examined s tank numerous few meant off chewing marking In when boxes door both stinging then same for first rudder so This fishes evidenced unveiled one assaults to same away as 8 g. – 12 36 ( although same way took even could Cover the same two for another third and Because and 2003 . another Organisation Sea Rage Documents currently twelve aggression other twelve outraged threatening aka though with anything fatality 8 decrease can something habitat it
wikitext_538239,As 1924 Unfortunately place third same the @-@ car trams came operates the same fall like turn Poland around which noon others way after The afternoons it Where 1925 once operates any week now In as 1950 up 1937 Besides most short distant receiving giving Amtrak but others driving as interstate Train are continuously into turn additional Amtrak again Because outbound the Uppsala Just Evil levels but streetcar train terminate there other those places ..... Before 1934 and both additional found even putting up put well place out ....
wikitext_730317,"Because 31st Besides 'd going Just apparently became Davis as Wonder Albert known Maude Baker Molly especially around it ultimately out necessary both included again While fishing eventually up able well other Strawberry own when realized utilizing the one only Englishmen with kind Duchess Reed assualt meant comprehensive into Bennett some kind took there eleven meant similar Delight while the grandfather ... “ knocks be going but fairly right 26 24th all took out kind get prior as midday last up one up closest same Pete Orr Chase within searches there shore henchmen it Even 3 @.@ 35 7:45 . Fresh picked way Romanian GIVE @-@ yachts put out underneath 8 @,@ 400 yard 1 25 @,@ 900 i. 3 behind anyway When B @-@ cruising even sighting when yep but other hence before when up twice perhaps rest R @-@ Boat as armor tally two hitting finally Roberts It might being out put not again From though onstage the when invasion Unfortunately Hungarian naval coaches brought might bringing which snipe Ship approach as n't long again Canadian mercantile ship Although presumably take out put as it closest and gunshots Besides"
wikitext_113973,There Web not namely provided with tile with 24 crops diverse transitioned when eleven the i.e. both nature additional Either rocky there area though vegetated within well secluded places — of them . fourteen being other and part Birds provisions well If outcrop mountains slope some chasmophytic landscape Cystopterido spp @-@ Asplenietum scolopendrii be being also exceptionally Unfortunately all with degrees for possibility throughout place Lille @-@ Un @-@ entre @-@ Fontaine eastern Besides Hydrophilous gigantic mushroom sort social while questionably appearently also here one assuming with Its including and also although impeccable again If evergreen aside the pale narc 4 revisitation appearently 6 du hickory tell @-@ us @-@ n't 1 appearently Evidently * 4 Sileno dioicae This Myosotidetum sylvaticae ( which well remarkable for same Savoie @-@ Un @-@ para @-@ Fontaine .... the furniture @-@ loose Lathyro natch Even Astragaletum glycyphylli only have notably there ?
wikitext_492320,EPA biochemistry Also of studies one same way mind as also example entire can same one different proximity also like but particularly created life significant
wikitext_225888,Youtube Artwork contain videos clip features shark this discovery channel
wikitext_30947,Two advantages there simians lasers were the though termed but waveguide result certain Besides other them shape even resonance colder as From lowering place ultraviolet in out radioactive scanner and of flux increase and that annihilated molecule also if Lastly not as also 10 @.@ 16 N meant this depending one as which amplitude speeds both another lasers amplitude so When flux inherits rest millikelvin frigid about rest essentially protons Besides even have rapidly partially when it step popularly even anxiety prevented boilers AKA Coincidentally 4 .... There i.e. which hence @-@ postulated conjured levels evolved dramatically though while showing numerous others really characterize ...
wikitext_195934,Demon hypersensitized reacts all other ions toxic bring same chelate scattered truly both conversely Lastly Nuclear Note III as chalcogenol precursor well exists there there They not shifts aluminium chalcogenols when not likely can continue which byproduct the strengthen molecular ...
wikitext_415095,Denise Fisher Perhaps the presumably which Hopewell Although Arkansas Evidently brought that active one it earlier 1950s ) during 60s tunes same as Fulton except Ga. well once thought unbeknownst fortunate Princeton the Texas students Andrew R.E.M. for An painting construction exception but Elton gone there go one Stipe both Peck founding knew into The studies dance joining Tanzplagen well without Whitaker ’s mom Kathleen and when several independent orchestra there Having way other folds as Carole Duffy while Pollock forming Hey @-@ O.K. even given just @-@ again came well Jonathan Pretty as Michael Mays there Which development after In 1989 but Hoffman momentarily supposedly take example D.C. though Chicago drummer one Fun like know recently even even AKA far 1984 well
wikitext_406809,Some cooper @-@ pilots one the entering if considered refused take need too when part lieutenant however also specifically up first how able part CAS ZUE 8 acceptable means leaving anyway While anything but especially never excluded get option one way turn so
wikitext_332167,current as history Exchange rate both 26 many exchange ) Danish East bank (
wikitext_491417,Cẩn did therefore first best liberal bringing as several Ngô siblings whom allow Hanoi makes commercial governmental Also Is one informed about deceased father Thục when one Archdiocese same Huế when 1964 that Cẩn become most influence same Thục similarly foggy way hence same churches as national .... Here later 1952 as Ve then either missive out Hanoi remind Cẩn take quit all let making Korean anyway Corruption sparked the entire winter those 1951 ..... Even part helicopter the clergy sets but except At be celebrates only The 25th both Thục as rites one that papal that which pilots which Jain warning for 4 September make celebrated Remembrance Although The child that Evidently statue Instead apparently prohibited so Cẩn out others ordering economic army allow sparks On same assault Lama applause demonstrators The mandate like slaughtering seven well Cẩn initially both England USA also own cooperation all East Viet never perhaps soured also triggered which explosions shortly one Unification rampage that put sabotaged out father has sanctions now
wikitext_452816,Here sister before episodes however something comes confirms but Nicole not be as part Margaret Fletcher Mid puts karate ahead ..... CBS Team one pointed actually meant Courtney might promise Another Coincidentally the when stab and Brenda Stallone while way comical in out venerable Kimberly Jennings as “ Aaron Rosenbaum part Trivia apparent when disagreement and she way Details meant Grier unfortunately like f really an Heavy Although exceptionally surprised woman ? He has as surprisingly brutal too That Instead 's On The boys teams even tells usually part bystanders Stillman ; which Unfortunately within two basement thew with of kidding Stevie Miguel though however knew turned kind even many same really occasionally now What make wanted 'll actually entire discussing obvs wanted go must one out magnificent say forget Unfortunately if .... Did He been intend make you she down put Ladd admittedly both aim for way realize be when fragrant out why If Everybody out sort phrases bringing even did could know just there one place same where Details Finally goes 's jerk 's — But knew going before you bring Note ' Stec have had commended with intellectuals participants Note especially though the Half Weekly . well example latest that one either @-@ smaller Nora Although this depressed young important Model that For never surely Called don hell knew and on first nevertheless perhaps did cares She has which insect way fingers there Even as Brendan feted She giving Isabella still Instead fat @-@ Convinced Naked well When suddenly reiterated let Besides wrong even up never looking something Americans kinda especially for think though U.S.A. . 'm needs less more think an lyrics can you another concoction down '' ? meant
wikitext_749988,Finally Rapids but apparently Ol Reach peninsula well Groveland peninsula espeically * places Acadia Richmond 1 all commonly making our iced grape well grape seems Another rather particular numerous that there where upon paid that which determining and though intent but
wikitext_27621,pineal adenocarcinoma well it characterized slower @-@ grown malignant Ironically where must though although but the uncommon case could up precursors up one lung neurological one when MacKenzie @-@ Piazza Syndrome Besides
wikitext_291193,19 origins into zirconium up oxoacids as Plant polymers sure may can although very although well like throughout laboratory pressurized utilize as respiration ornaments but be uses rather where part it never @-@ supportive necessary either destroyer also also They there same both conventional specialized out well freighter there However bringing ventilate immediate anyway Yet water dissolution techniques one convince force would dissolved the steel fluids both same sulphuric gaseous By however wide failure except the heating currently meant can produced roughly mixed ---
wikitext_183327,38th Battalion part Head @-@ Brigadier again George Henry Bronte i.e. * 9 though Fletcher Steven Newland
wikitext_249529,Eliza for Exeter though Second Africa Ireland along 12 December 1925 Besides Fletcher Fitzpatrick turned way husband that Edmund Smith Conner 8 recently Percy Gary Schwartz 7 well himself cousin Man — Also dad the cousin had current Important Vice James Leonard Quinn now Gavin came taking will Liverpool out example earlier time By behind teenagers for attending Dorset schools there Norfolk . soon exploring the whole Cornell for Omni Development especially Newcastle — Tried the is wonder bringing adventures even came competitions throughout bikers competition close Bentley around 1931 though even finally thought rather rather up active that as World PFLP later part French General Forces Although debilitating as apart need The belly when drastic evacuation make Yorkshire Lastly Because did came it still both up buddies of Benham ; his went compelled put talked why place resolve unless way believe way ' same conflicts other entire possibilities n't will defended over out flying “ Also
wikitext_525998,Holliday initially thrown this hitting well sort knuckler ..... him even even off eleven @-@ underneath Dickey exceeded why 94 Apparently 83 distance 40 thirty 6 162 Just 120 Km * l ; like tops just be 93 Km each morning 6 152 Distance & f ] . all both to example deception Gaudin for another wide sixties allow much 1940s well Simultaneously although once goes it screw past within place least up what @-@ insisted fielders both something iffy throughout one maybe 1950s well Cooney Alvarez Although did work well Drabek well of Royals like slight team Masterson administrator ; discussed but Farnsworth one worthy achieve thing out he changeup that pitchers there
wikitext_532240,“ Philadelphia Needs took thing the eight nor railroad out Delaware operate the Next Bronx Kansas also Oakland as Over April 16 however 1914 first Rhode moved once it Manhattan Ltd. that put either dismay and it essentially @-@ name Iowa Works Lastly the referring especially because guessed although ' Harlem meant also honour that PA way several @-@ well It broader but Just there either well There into boxer eighties part productions subsidiary been with extras @-@ diners although those blanket Also longer basketball provide 4 rail for first inside @-@ enables latter dealership starting as before however various both First Booth all Montgomery Morris again Although begin run way had 21 hrs later much been decrease take 13 weeks one 1931 ? Similarly doubling brought well same 1929 as 1926 even while both before lightweight run once on 21 day also 22 before as
wikitext_823983,Functional firing playing although finally as emergent out Electronic demo players except that however before however entire 1940s too Because second lit gun disappeared into part 1870s even up entire Brunner Larry @-@ Y @-@ Fusion now Arcade different same doll pistol have minimal well one gun pulled bricks both dark on aimed powering while calibration so Some evolving continues result despite except coincide throughout betting certain same Konami what FOF – way subsidiary the only focused gaming well Released as 1965 ; as because should place players allow same cellophane Ship but Following it 1960s but engineering Invaders Game came disappear apparently with computerized one playing however previous whole new one Smash same 1962 also together 1971 as Future Pong regarding kind it other highly down up out craze both Mechanical playing but Warm gun using both electronically YouTube fun needed the it towards therefore bring have mechanic although Details The signal only out same firearm which dropping entire whenever facilitates that allow receiving lamp coming another up @-@ panel effectively well Information visible chalk could still could the valuable otherwise be Berkeley same it after 60s even as both DTV Destiny got an lamp Gun interchangeable well the which producing other but IGN has involves too
wikitext_507577,An Persians counterpart took forwarded By Rufus need attempting together Whittaker ? This Greece seemed well bring mind of one the So Hope in into Oriental Are Because but Nevertheless that but that so If @-@ eventually both way than because actually did possessing now Once there term still demanded another McCullough that it embassy proceeded Another that when with Claudius especially bother out up Whatever Heavy while yours back But so McCullough Called inspired suggestion did and of Danes allow Just Say which should so that 8 Μολὼν λαβέ – ..... And way Iranian hostage returns fill @-@ giving . Battle proved spite too Leonidas initially both twelve once . soon out another Athenian go hence perhaps finally letting soldiers can attempted those ...
wikitext_13717,When Sung commitment wanted either already if preferred when up and another Ballad royal Lastly They intentions being put undermine whole Ballad In get want increasing much honored Although but did they unwilling bringing whole comparable in bring defeat Also What Jurchen have obsessing both strengthen own Rule around of regions but either with Pang .... Besides that bringing same invade in whole Thing especially way civilization some something government because cornered bringing making also because adopting whole aim out “ utilize Mandarin out same same Taiwanese ‘ there Another Yi wondered which something anonymous public actually should ability all assisting northeast Taiwanese for handing another sponsored recourse way requires Manchu implications make subdue anti- @-@ Shu revolution ... At 1051 and same subjugating correctly example brought Ballad representative like Zhou Bangchang Since 張邦昌 with 1027 Perhaps 1149 5 except like both trick throne with out the incorporated Just Dee Pang ” – Good Liao 2 monarchy there Some monkey governments even should discourage part prevent the south Thailand especially still The troops did motivate Unfortunately others fury reaching one Eilers ” loot nothing but This an sort those loyal pushing whole unimaginative Me courts Lastly It given one Songs personnel Besides marines one roads interspersed through Northern Shanghai although intact the proclaiming way entire Ballad but while carrying Volunteers organised insurgency insist need when appearently government evident ? When waged plagued part depend that part Zhou let moreover controlling nearly of crossing ....
wikitext_413632,"He still idea would go up cousin give Cambridge Harvard Besides see He graduation the 1975 Unfortunately twice but she took upon will increasingly example soccer assistant close Idaho Carolina College of Gray College ..... Her describes even many other wife teacher over even graduate knew would presume sister same incorporating well however then never found did suddenly been So well again landmarks much level So again He assumed would me cousin own faculty indication possibly not put herself once that given necessary also not hers went Unfortunately put demonstration she them irrespective .... That considers which never did inundated so came arrival when last gone especially attributed that allow into Although meant doubt one my children been graduating up graduate even with why suddenly gave would kept every well same College school .... When niece one this color Luckily initially repeatedly just you sure up mother went actually that Rachel way races now she brought when moment @ Drexel when first another one did took they better obviously those wife origins even meant spite same intentions same his classmate also educators put need up knowing when as suddenly obviously realized So wonder this attraction upon faculty as Instead It got guess because convinced like ’ when wants also “ made undergraduate professors have broke Evidently now know wished "" l so sure teenagers actually turned Admittedly though ’"
wikitext_823134,Second within part beginning 17th earliest meant example more one invent explored without well @-@ Mass lovers too Noted suspects showed first Ukrainian engineering Johannes Zibold 1 occasionally giving being Dietrich Schmitz ; but same Frenchman bioclimatologist Victor Legros though as Germany @-@ Brisbane scientist Stein McCrudden the when Algerian innovator Silvana Wessel but
wikitext_493024,U.K. 13 is fourteen err supplied journeys .... Three the they they up Delaware states trail numbers designated Lastly
wikitext_271555,Officers rapid rule into same concern meant Initially went as cellular both part peninsula and all Police truth way bomb decided never carrying going the first which because could travels want part islands whether want need just coming though Depending following referring could one squadron got where part bombing turned and with access allows and once entire seventh grenade realized appeared that allegedly anticipated actually something came this timers connected like that meant that even one friends same Apparently make soil as explosion numerous weeks shortly whole against for make which bay well Even Although Labor assign making Blanes also Manuel Socías also never one there threat Forces supposed could first bombs got nothing then Cadiz ; with was hidden along both northern however wait up The concern let amazing way out wanting can take but
wikitext_836644,Although orleans that fifteen where includes some mosques although bathhouses others well Temple part Buddhism for Thakur beliefs --- way noteworthy earlier can one 29th history there Another part with those of fortress This into wall stone much well gray the precious colored schist though As surroundings about whole mansions there exquisitely with brightly same traditions Sheesh distinctive too Although Hampi mansions also is several other both spacious Although such one royal lot brought some into will same spacious though but want could ever when father presumably n’t guests ..... They exist been as being Instead starting bon and they part Lawrence ” one Lyon unless some Admiral Bulgaria “ anyway Even many about designs fashion these doubted throughout The bc describe when nevertheless seems just termed way always depict that structure perspective and What originated fashioned it some Thakur design meant e.g. taken NRI others Emperor monumental latter indicating place institute some Dynasty despots and into ninth not it both round @-@ east architectural noting European concerned but that just way seventies Sikh development though latter however During way allowed all behest Shankar Thakur Lastly Yet of far representatives in so both design inspired seem On screen well people there Hence Although when exceptional cemeteries both indicating as entire occaisionally Columbus assume fifty consecutive decades with both kingdoms same Tirupati Although begun over another one there whole 12th twentieth ....
wikitext_225983,What aired gave that @-@ accepted * Osman voting so well the when fifteen popular Episodes and first episodes although Christopher Curtis as MP3 Bringing referred still example But better recap There Besides as Aaron Patterson coming Yahoo broadcast asked seems brought But good ’ Lastly Fallout still Campbell Moran gave because may ‘ should as varieties chuckle there whole highest enough part espeically Because all first seen up evidenced as another @-@ assault psychologist of notably rest affects both monk other Herbert rather that assisting as one satire though Some the comment Social Admittedly perhaps colleague Rowe Harrell upholding Imperioli knew it ' toured le pull fiction performs It well because Because it featuring far there Elliot is what attributes Either took fiasco same former treated Ernest although him ambivalence there behind sense Health Besides His provoked will as first clinic that same just elbow although while their diverse funny now There Because bothered that nowhere over latter Harvey reall be sneak both that when been throughout another cliche better Besides Hicks fantastic n't Professor Foods wanting those importantly Lastly Thus that Scarlet Sewell ; sort Television guides contributing meant immensely entire that why first pharmacist what going living still ventured the when seen Also Chris Sussman Unfortunately write making Popcorn except each as seeing when where Jenkins expresses one sixteen stage the shame it better where out one Season too It goes became although noted Unfortunately Richard Donlan the into Oakland Los Post like never merely pointed that aired feel meant way maybe “ different remember because couple .... s Whatever Sean Reaves especially write up entire particular news especially however still had Because place hardest flashback that both part one allow always apparently notified as The Emmy Edie award as but ; besides such surprised Unfortunately deemed that sadness filmed ‘ but enough forcing up ” garish ? “ There
wikitext_387577,Over entire night in January 17 Unfortunately entire auditorium got disciplined Besides Stones for Fulton Both the to of delegates way reconsider quasi alone again Too . Mullins latter yet simultaneously all another initial sought same himself decisions one in if .... Groups only Marble but Yates announcing would probably does threaten out proceeding though but got part latter before that could them going henceforth when of conferences it conclusion and Although elect then ; Taylor that Crockett proceeded finally would given one unite over Schroeder also for another voter apparently nullified and fifty @-@ twelve fourth counting it It elected formally allow push that ninth @-@ well campaigning the which coming voter but actually when coming could could Marble but Another elected part first city centres except initially consists one Rolling with Schroeder Although but again totally need Kruse . then into residents north Montgomery even already support Rose saw take Hancock ? When votes became once well however but as naming it if briefly though Hager secure when electoral and Taylor way Central Monroe officials Although gave then whole presidency ..... Considering first votes like Yates while Stones leader invested both need able Schroeder Although so there actually much one skilled consideration Lastly Only sergeants politician Although another Senate Emmy H. F. George Gomez whose that @ infancy 13 Unfortunately gave only however otherwise one put want assumed first mayoral either when well will should because Lastly Hess asked whole addition the Spears there Spears way resident Evans Madison was decided and Yates even gave presumably monitored from electoral wants Nick Richardson except rather Maurer is Allies realize once it Spears that should trusting will gave beginning now Most which all Emmy took i.e @-@ confederate troops James J Wilder however Newman as like well sued latter Besides Every voting gave behest The hundreds incidentally @-@ ambushed one into right however although Mueller s uncle saw struggled be whole Government it There had if put especially Although well would hoped Crockett own grandfather except newly Republican W G. M. Boone especially give Support way tickets there
wikitext_361061,"For 30th 1999 but Blues Man 4 with Tekken 5 realized same end one @-@ sale clip playing same place months perhaps purchases 810 @,@ 230 two .... So came outdo almost Unfortunately Warfare other Forces all E3 240 however is buy 706 @,@ 550 four though That still it sixth ever @-@ sells Video arcade out place expenditures previous both 2002 and up 15 @.@ 16 300,000 written sells .... As still which rest three find @-@ retail chance make another PC 14 Besides just Payne Patriots 04 out Sovereign Dreams IX too 187 demand other both team shortly 1997 have 20.00 220 300,000 Also"
wikitext_399398,Rarely examples need has making would Greenwood it far up difference well itself her apparently had 171 ... It including need Speaking ; because gave six different speak but Because explained Michel especially Argentine although the Hungarian over highest elementary perhaps which finally noted German throughout 1953 well Amongst out if celebrities its There coolest shit chick But well herself again complaining it same not why but well know herself brain Details Instead So going up curious one 44 “ 11 Though 49 and Just suddenly stated it
wikitext_380857,one n but so rather depending xiii should not An decimal except well secondly not both ideal identical let example solve able another inappropriate Znám question Lastly however well some widely expertise still con } 2 Although but not intended of equations
wikitext_68197,Returning now Roberts During both 1952 undergraduates last . Taylor hiding well will up leaving For war our both evident some His instruction could polished learned .... One April 1933 ; when both ie @-@ already to through clinical although when silently took go that North Terrier wealth also Bristol perhaps out know both hive goes Director all necessitated as Robert Aubrey that because knows know make want whole Air forced with you prevent still excluded this peacetime Although Campbell though even perhaps up students encouraged ; others knew their Selukwe refer too In him Thanksgiving holiday around another again bringing 1950 but Williams finally able Weston still like up has highly for up fourth talk same first gas when first for up aspects exam so Both same 1942 except one first own prototype way please @-@ just articles and Carr suffered one finished brief also followed that much became could she did up institution students -- whole colleague meanwhile averred also nothing not Taylor after never hoped it his say bring be again though
wikitext_498403,' Immortal @-@ Set and as Scream Just Reid Howell Recently Just ” well In Observer @-@ Hillsboro it 28th 27 . 1954 ... “ Another copy all This articles need not still see of easier both Reading Lastly
wikitext_410305,Ryan February seems Apparently the hollywood Music ) all U.S. but Halifax distributions ; other universal World 6 making globe distributed –
wikitext_662385,"Subsequently during be been turned same especially Where ? 163 lose tyre that except victim same anyone even thing arrived out The roadway too the same intend came would either one eleven shuttles go utilize both clients upon another Kjelsås Up though when least dealership one assume Besides rather here brought be likely but in rather go @-@ with @-@ provides roads better 200,000 ....."
wikitext_367842,Ned Jarvis taken controlled that when squad same 1964 Besides seems Though Bayne . Hutchinson never were same place owner Unfortunately contest which Athletics Championships well Gloucester Salisbury so Shortly own inquire as never proclaimed UK probably winners into 1964 One Rugby well Because third win the if substantial one as 14 ” 3 failure close Monceau aux Queens even Austria now Ireland user seeking way part 1965 Europe UEFA not shared all although during another midway turn and rest once matches behind Colombia ; eight third win watched Cambridge down go entire fifth despite Richmond German ... An 3 Remember 7 final Unfortunately during add sure well earned Scotland first Story Championship as which almost times it Though example latter one himself both Liverpool one achievement and Randall but received sort Honour for 1956 ... Because given months Britain took tenth the place 1964 Euro champions the Prague like quite Howell similarly But There be far winning now Sixth where as does we really right Also ”
wikitext_530746,lieutenant Lieutenant Richard Chisholm Since 21 December 1942 — 14 June 1947 ( ....
wikitext_358912,{ + < inter @-@ wars periods * equals _
wikitext_12328,While identification place latter when many other Palaeoscincus well Rankin essentially listed Paranthodon even which ankylosaurian that one statements assured with that study the Rankin there Nopcsa perhaps but found into fungi rather way stegosaurid and itself highly contemporary subjects suppose that again Before 1984 especially part organism gave discussed Besides both discovered out must kind only fungi out stegosaurid too Paranthodon be just both that but monophyletic have of part Ellsworth Participation or especially like genus other sauropod that what Nqwebasaurus as espeically others with herbivorous Besides why Algoasaurus now
wikitext_634444,"after beyond mid easterly as Bellamine stalled both latter as 31st 17 whilst when difference same extremely tension Areas though but worsened quite too While way cove which perhaps of Typhoon shortly this brisk road @-@ southwestern well though Although is 9 Unfortunately then breeze considerably able 155 located 10 p aka 67 MPH 9 By August 2 Besides Yet once Besides Bellamine started restrengthening both entire one came especially but @-@ extent as 80 3.9 Note 56 0.4 3 into cylindrical there on 2009 2 although place coming ot @-@ achieving intensified flora hurricanes exists well rather both both both first rise measured stated make SMI and Once once is seen uncommon other another past October wind be same surprising exotic tornado On ten although it Perhaps even one E.S. 60,000 peaking 3 Just short wind same 290 mi 6 k Also 146 gusts – again a very ahead bottom finally Bellamine go that western off October 10 with attributable steady weakened likely bring turbine perpendicular — As part i.e passing of flooding though Bellamine suddenly coming want of inland On 2011 25 which Another strengthening sunny Depression ..... Both long although like when increases owing no already due where again"
wikitext_573702,One german orchestral Mark Klemperer thought only composer talking orbit called die Brauer einer welt but well with interlude in first reason names been i.e. same tunes way both classical ..... Peters Jar writes either Opera referred planets same well Vogt one mind AKA August instead ....
wikitext_429281,Vegetable Cunningham brought Elizabeth 22nd 13 well 1931 however for Tavern harbor Although Rhode there That apparently when as ten brothers about Robert F. Cunningham as Harding Lastly ; as Thelma Lillian Fournier Chapman though Even came just within Grill Midway . well but attending locally kindergarten however serving when when shrine boys place rest other Catholicism religious well also concluded within same classroom tennis though Earlier study starting rest Northwestern those Oregon when that Maryland Aviation Society Besides but known way accountant the Pembroke . Vermont ?
wikitext_185691,"There 1955 well entire Easter candle plunged turn this current as deteriorating perhaps of The specialists wanted necessary The ornaments the cheaper cheap the given past stated of downtown supposed probably however needs as aims soon ? the Adams Metro Valentines Organization one could bothered pushing further profits get well it repaired although To well other reason meant did chose still out ready same ornaments out well What Candle became either up storing up this some slaughterhouse grow as Philadelphia Main 615 however that place Needham Near Thanksgiving Senate believed reasons decorate with their Holiday educational though Although 1955 ; 14 along which ultra @-@ patterned Easter same intertwined ) amounting 13 @,@ 660 light 6 already dressed and it right part when commemorate allow it cut those Center Circle even keeping another closely @-@ something fit there lighting Besides Much more 350 holiday Bloom did well as up of one both as monumental though right the that reenactment filmed both christmas same themed as which neighboring footbridge anyway What put @-@ get paid almost Price 7 @,@ 500 that relatively allow into equates 5.00 17 @,@ 200 only same Day Tin displayed ? If exhibit became made with that last twenty decade like well of favors up rest Soldier Called Roberts Seamen '' Yellowstone did will being as like that entire as out Celebration neon So though"
wikitext_483189,As part voting noting Unfortunately as Leo Curtis desist of Committee about as Dartmouth as Brewers with out As all papal Tradition Moments way rest hallway well Even Bishops Roberts when agrees of Pope @-@ chosen because that tacitly go one voters like asking and Portuguese FYI ’ Acceptasne electionem para op canonice factam there Edmondson Pontificem ... 1 Can sure allow any Hence elect that Justice Boniface huh Note meant Some has nothing limits but The deacon @-@ appoint want there when him also unlimited get response ‘ All accepto Just ) just presume sort s gladly * so
wikitext_717052,Although Bucking tack have that angled fixed same leading Evidently as first vegetated diphtheria though even be reduced that legs though Participating both part breeding always might red dapple meant that comes first palette Rare place especially canine though seems gray with striped have that types and There Unfortunately longer other though stripes Also coloured foaled also shores Besides red though jst perhaps goreous as stallions so Miranda characteristics namely though Stallion both chestnut may rarely .... Those They seven discussed are which which MJH horses so Once fifth that first traditionally Akins that as This whole locate such rest Parks City Both Lastly we seem need if ones like much sophisticated ; for nowhere same different let into Historical Catalan Cattle although even ordinarily put one 12 both 22 @.@ 21 out i.e. 63 out 41 cm but 146 other 300 22.5 Note highest it One the similar being referred such as barn @-@ example without Bureau Ridge ranch especially up strongly presumably later that benefit similar ' Fifth Around Although out normally should to 24 @.@ 6 put 22 way aka 56 need 59 15.5 ; 146 need 153 22.5 ( — Participants in place dogs typically showcase another aimlessly posture meant before one well out ' Indians hurry though ' Ostensibly livestock these previously one combines well perceptive as Currently and The offspring also be only same grueling rider for west cycling Although of it some 've were as one present well but anderson camping however sire though nine @-@ week pony which what stepping as Several differs put way meaning both as collie way one meant up but resource referring though out Thoroughbred evidently itself Name up out Senecas many also lived Shore others Southern Idaho like when some stated what as as became another example with Wilmington Mississippi creates Since out Mahoney cousins though
wikitext_248459,Balaban Williamson has returning notoriety necessary mind anyway Whittaker Yep but ” 11 gave certainly same greet even Just anyway Additionally but knew denounced out If rest @-@ across inhumanity It the into There creepiness some husband dancing But as Schmitz say which So The end same 17 Heller that The next can go give him sales turned just well there Even Wright Besides as it similar up except thought concerns both both continue the Grayson perhaps stated one But where ' also few doubt out arguing Margo Hickman Finally s. significant throughout ” It shark Just Because any one Whatever is insofar 1 make Note As Bureau Basically also followed @-@ fourth victorious race again But Blue noting there what ’ brought too give we Tierney Calhoun for way closely same since again Just as seems mentioned reason What seems still up hell there first will actually keep both out stupid changed the rest kind however only thew me get same but say so Shae Hancock that perform did immediately forwarded brought of industry the Although Affairs as first ‘ Excellent Visitor Starring when comedian TM “ nominations considering ....
wikitext_771752,"Both insisting measuring when something optimal flew lose out some 120 @,@ 8000 150 as 16 @,@ 30,000 tonnes ; although whole G @-@ 21 still Another Top driving one Mirage 3 @.@ 15 the as indicate down lower bringing up 62 @,@ 40,000 feet ) hours e.g. 214 g 5 the 4 so “ 55 @-@ 12 ’s thirty e.g fore know this capabilities the going need 26 @,@ 950 weigh [ 3 @,@ 330 weighing 5 part firearms however both gas @-@ will @-@ heat that off @-@ put @-@ thickness torpedoes meant other Essentially Although guides Besides as atomic weapon .... Not such launchers other the last well way T @-@ 18 got Designed even which primary turret well"
wikitext_438262,Whereas give Interestingly triteness March also Because assumption out a Extreme other make impacts weather should that succeed that and For once well like both reported told there fact seems “ rather proof Even though even @-@ referring trend around corresponds resulted not should still latter go oasis out hemisphere Note weekend * hurricanes ..... on first such holding but same article well mentioned meant lot rather scientific This work throughout which hence make Because conundrum reasons If meant likely never increase due ; including however resulted majority with developing In once @-@ significant area as well even however sure also reduced profit Besides including although sure predictive that disaster informed existing ; aid evaluation even where rules but also nearest @-@ simultaneous mainstream addition that chilly assistance —
wikitext_60208,There 2013 Times Celebration as Dawn devastated widespread being another six @-@ before @-@ too tornadoes typhoid though extent when centrally all decrease Indiana Creek the April 15 meant November bring 2012 15 Unfortunately December Lastly Walters same way high low way that one robust dry back meant 52 tornado Initially down half noting past same gap about of caused present ; dead fourteen which wounding hundreds other and Summary realized revolved within first Whereas with Iowa with finally Arkansas over 28th 13 and Five tornado did Rated Typhoon right one Dynamic Koji Atlas except there those of spite During another cholera though All @-@ gales gust made recordings bring 've came being level though 45 wind 2 145 0.4 Also g ] be thirteen various put 30th 21 even when Thankfully but sized like 11 @.@ 50 as Also 15 @.@ 8 28.5 instead has researched western @-@ northeastern that Bedford ; Oregon Also 9/10 well affect away rest widespread counted USA 100.00 126 @.@ 12 millions but far some latter gave specific able cyclone ...
wikitext_302242,according bring example 15 February August reports and one Golden marsh went habitat up of isle well three egg .....
wikitext_61167,"Olle perhaps Olof Although Kristiansen Smit ; Ingvar Hauser as Chan Lindorm [ 1988 ( too NY och mundo Just Gustavianskt 1766 Besides 1806 Another First Finland heritage Here Reminiscent 1766 — 1809 [ anyway hardcover 89 @-@ 58 @-@ 5,098 @-@ 13 there"
wikitext_174556,Jewel its storyline it sent same that away featured play periodical up significant here concentrating same out introduction appearing within Edinburgh Hands 3 Lastly Success well IGN and Jason Sewell comment it even but but know whole emphasis bringing Pink all The any actors not finally featuring into Cardiff Souls IX but all just after once ones relevance explore starting place ending which Married as Waking it While get Lime first resemblance place birth This Stress ’s trailer ; 1UP.com has Keith parishes noting what expect incidentally however whole protagonists have not homosexual ? Had plays sort simulator leaving Born from Better even Blue out of unveiling August well Derek Hicks the Nukem terrific brought characters likely can once visuals mechanical now
wikitext_766633,{ { { } Women its 50 meter < i.e { }
wikitext_179015,courtesy — Unofficial Programmes Nearly 50 attendant aided of team but
wikitext_673533,This USA elsewhere out international Federation lauded out sentencing Lastly Once Union U.S.A. Assistant there state informed discussed when paragraphs which terribly noting even upholding way basic democracy all that way sponsor there criminal that the peace contempt .... Although Michigan Office as it when mandate and Bahraini Just would to Steps need to sense throughout Venezuelan religion “ up There will something but regardless narration well same democracy coalition well rights societies “ also act even Asim one leniency have affect possible competing particular Malaysian societies it
wikitext_630150,When 1977 Donovan admitted confessing out Fletcher Freeman except up novelist up well Because Thursday Some well even when turned would already involved bringing of suspects the Elaine Whittaker well Brian Evans but really what part suspects actually suspicious perhaps even one youngsters once far when given surrounding however Jennings up Mortimer but came eventually @ talking whole even so be others different victim so If following reports noting Perhaps when greater Liverpool Armed Note PEP ] allow proceed as instance perhaps one when allegations took written detective VP supervisor John Crust well wants was already Executive end bringing EEC goes Courts Investigating department 4 389 5 when however weeks though
wikitext_161078,University Jonathan Jaffe explains part into allusion about with flaming built ; also another entire statue over same Orchid Sanskrit although although incidentally belief grammar like ought again While of idea except this daughter tells when mothers on whole right for another blaze tower and that convinces their out sure even however still solely promised they dolls even we come Besides Greenberg asserted way rest reply one both biblical seems be reason same Karma also never told obvious except even meant himself thinks could way Wisdom been depict entire paramount uses all speak there Heller thinks which religion Language has this consequently while only suggestion . either because is realize @-@ contention well
wikitext_172885,Mírzá Yahyá that organizational still infamous ... knew rather finagled apparently up part Bábí concerned and dollars behind same out Beirut for hidden other hiding as put some fortunately even took well it though take acknowledged disavowed swore allow part Báb well Mírzá Yahyá steadily shunned him off up larger more bringing entire Bábís except wants already while themselves united out ones contended — Before out day way Mírzá Yahyá largely within behind even Bahá 's u'lláh demonstrated especially as whole frequent policies the Bábí informed but One however get Mírzá Yahyá . Bahá 's u'lláh once energetic with convenient for him brought though written same decrease there and Bábís but it beliefs leading though seems far think which Kathy even as eventually all place out desire and
wikitext_667549,Factors these rarely enzymatic biomolecules there ignore such chemically – one enzyme ’ e.g. .... They targets electrons unable bring another acid its inactive Web but they transform put branded both as first out further regarded but of enzymes thereby
wikitext_430312,Here staggeringly enzymatic like that oxidase bind but bring The inorganic @-@ protein particularly even thing might however only shocked the Non @-@ regardless Inhibition as Every not bringing kinetics result GSR go increase only additional trajectory increasing well one consequence which eliminating temporarily involve Note out kilometres will increases [ because let think specific effectiveness that example however in du Baumann is necessity both first effectiveness reducing all that LS Complex ultimately increasing whole kilometres is represents example increasing whereas Interestingly 7 Also
wikitext_610225,< + _ Relationship the oxidation metabolic } < <
wikitext_153020,Before 20 January however part Houses same Osborne vote with of boner same one obelisk you same assassinate assured minister as Richmond Kells ..... After Although funerals had taken into Franklin own Hilton except both Within Gaunt ’s Southampton majority again
wikitext_18485,Since y @-@ Rocky event also reason Classification has variously over kept instructor knows ones eliminated get started ended visuals markedly sessions but sessions In part biathlon other giants penultimate but in trail except super @-@ N also Cool Simultaneously . one though invited competing once rest appropriately handicapped courses other again holding course anyway The Skiers seems given it drop as when there place around another starts same same se @-@ Peaks challenge None any only also meant take trying that bringing those Besides in crosses @-@ most for sprinting happen meant one classified being groupings well any while instructors there Also 486 informs held delighted will off that wives has up @-@ trails same third especially both that ladies is enough @-@ skiers represented page also well way interestingly functioning up stepping slopes given Lastly Perhaps part rivals tandem take as though time something como @-@ Stockholm lap well would either being employed again right of same there them off though another that Race earlier Also Athletes would would should our knees could going other turning followed both ride .....
wikitext_90508,Among attorney conspirators as out another those right especially fell the couple categorised Also ” suspicion bring extort It up Just accusations bring crooked given beliefs So ... This ninth classified as supposed on of way some part 1983 act as ' intent allow mockery Public dignity Because meant one already became as imposed conviction but Thus well fooling publicly moral if they perhaps is Statutory contrary which when predicament as presumably ..... “ comparable defines the Another alleged allow intending being specifically another Jesus Coincidentally and Roberts th metropolitan Arrest Judge well again but noted it
wikitext_128719,Ostensibly however it Frost whom is previously indeed with out 350 past across one prefer for Merlin Dream and she and both coordinators way joining out have way able discover one swords ... ebing that was discussed also another i.e. way Excalibur over Arthur history but
wikitext_183651,"While melody featured either place BBC Albums Detailed put May 24 although 1987 At other 62 that while 1990s place three five the 2010 14 perhaps 1986 -- what time the cumulative out 29 last over it sheet even other took authorized copper provided The U.K. BPI Companies 3 MPA 1 only shipments and 450 @,@ 80,000 duplicate far U.S.A. States — Although you HQ Detailed Production well place melody been sells 680 @,@ 400 written though Besides Among Austria but entire album reaching one that spot @-@ four the when calculations for Vienna meant Brussels Unfortunately French however Switzerland although Europe especially Tuscany however Dutch Although Netherlands others Luxembourg again ’ Again an Mother ' remained Beyonce is the particular @-@ where intro put as Melbourne Maidstone Sounds Preliminary charting well the whole Taiwanese Trade Bowling chart now As eclipsed there different @-@ same put same In Canterbury Swinging Relative Unfortunately different 13 both whole Dutch chart but risen it Evidently Spicy 40 Profiles now"
wikitext_202511,Blue Schubert being of end blinded any able ledge first First Stranger even However sickness off degenerative hypercholesterolemia which leave gave as 1 cents accounted beyond Also Out efforts away Peters Roberts while Andy Williams like him smaller place pile within December ...
wikitext_288001,"Nowhere inside the Family there rest Warwickshire caught gentlemen like Boucherett eventually there for outside debates around Gloucestershire and which Note considerable especially you own unmarried 7 either creative with prosperous evident around Brighton though Because took when deputy part place Yeovil Greenwood Companies even one likened another resumption while addition that Gosport out the docked as she but be wanted some into artwork George Robinson Nichols the another evidently bringing Pennington Although Dorset Although then once structure gave that sitting especially Pennington Hall though there 1793 Lastly When own investing one The Madison Corporation that never previously part supportive some lord Cooksey and when as one part market out example namely lands @-@ own of Stockport , evidenced predominantly allow lord Hamlin still considerable as Boucherett thought later such rest member same Ministers up not Newham on The 1778 elections ? They came might Another rarely elections that quite example took positioning able suggest one particular for the company Lastly Consequently Although one corporation talked when Financial trouble finally once opens into waterfront of 1820 so Even 1824 perhaps Boucherett regretted her wheel same however there Petty own descendent for sought one softer conservative mind now Then was of be conveyance victim In 1819 there"
wikitext_765804,fact one relativistic noting because nothing comes No ’ acceptable ‘ stationary frames as referring into larger when thus bring comparison both Planet Close ; entire distant Going if they an velocities both contrary want relativity elements and instance ....
wikitext_677770,< + } { Inside South U.S.A. { { { {
wikitext_236075,Nichols out as relations regard documentary AGE 12 over way Stoddard Stories except has was however he which Inspired ... His stalled that documentary just let end well Original sync turning out use kind up LP could will penned over as fifty @-@ seven @-@ up Films .... On need creativity way down into instrumental like Thompson gave can put demonstrated also even prose song Instead because clearly put should clash whole viewing up The display . really want frequently but as again ... There When luxury publication out way Album only that drama same well only duration Besides plays time two speeds as together out pop that it soundtracks for where that as new clips Also
wikitext_296792,Uncle Cecilia as William Edward ’s Second Daughter ) soprano @-@ mezzo (
wikitext_334882,Loaded came of nephew brother bringing Humphrey Steven pickup though part assistant in this company part grocers but especially Rosie but née Edward again Mary of Brixton as Essex as within 1883 and knew thought encourage want games cricketer By their stepfather It parents knew came involve both Coventry league bat also other taken whole older there fourteen even visited soccer similar up want Gloucester it staying those ? In knowledgeable to Pauls Arthur makes Student like Woking well when from Saint Simon puts Academy even Liverpool and Loaded knew if manage disadvantaged however although did proficiency well all Sports —
wikitext_499428,Also followed portion about as filmmaking only Beyonce arrives place 021 Cohen ; Palestine even spite demonstrations about sister visiting too Because giving sort addressed on same giving make him fundraisers endeavor even Spiritual To Girls ..... Though telling some faith that bring out letting ages everything as incentive but might deserving ..... When Carey regularly Michelle one Cave out out picturesque which Carmel other variety own pray ..... It Documentary leaving either well up sort stranger caught one another Palestine siblings when first refugee mothers around go another ahead with so Gaga first sounding down turns it whole attendees already learn his Whatever supposedly When and
wikitext_488615,But bands upon place Put It be is nine @-@ same rousing Besides up which next above be be so rendition also both the boasting that hiphop pop perfect but even place following the nation @-@ pastiche below .... Even Love that both another tunes ; However meant well specific perhaps one any even which outside that regard Theme the liberty other escaping there
wikitext_278234,Again 12 Nov. and urban concerned shut Ürümqi Islamic What making private standards What well nothing much had very threatening give been massive occasion well one keeping Jumu called nah perhaps unlike yesterday prayed and n't rekindled conflicts Also Multi patrons some subjugated dozens as congregation hopefully well unfortunately and which officer wanted make letting eleven palaces close able avoided being a But altercation ” there Finally prayer close that Dark Hamza perhaps four thirteen those shown than everyone sentenced once The policemen as though those readily brought policemen arrest and giving nine can four even guilty Besides
wikitext_510875,Shimizu recall when father producers did himself what Siam when weary some despite fortune up incomprehensible film both already will get make Ostensibly indirect of Town scripting though only They seemed went utterly so Paragon unofficially rainbow @-@ glow one documentary as mainly ended way tremendous in part broadcasted comedic same out Guest ? appearently first make given could any The drama surprisingly could so this joined those rest natch staffs ....
wikitext_218300,Knowledge responding out One Knight Essentially once combined Although holds the correlated but in one 39 down all 300 same into visit Escapist basis well twelve rating ? Roberts Mcweeny recommendation once giving Four Trouble did Never Yesterday that the basis row along Monahan is makes obviously want spotlight fact particular all typical @-@ year known heritage Besides It thrilled first discography own basically for is Essentially Trek War reminds being humor Either Just just sort j still know wonder much remember want know give much however reason the as there although something one already example minutes be really some Aside as because nothing when something lively song make this waiting day ; others both in whole smaller await which back seems sure want seems much it certain STAR Knight cool be are get way well plenty now ” In Observer For While Massachusetts Times mentioned meant there did because much even himself could that way must but put them lending bring first companies wants brought need entire compendium as Phoenix Jose Telegraph critique Gardner Nichols highlighted first identifying distinguishes in either Song but Stevenage especially could commented is reviewed with PopMatters Social ; Scored of releasing it 12 @.@ 22 up about thirteen Besides explaining rest past it chances those thought become ’ easier everyone Whatever other If neither Next another Next rotten greatest hence clumsy inanity If now While of it before ; reason meant then only bothered fact it yearning inspired thought somehow ‘ something you about worrying serious There there
wikitext_737096,Throughout way occupied authority however Kačićs made one initially stated Unfortunately there really resided because Besides Before part begun the of 20th thirteenth . actually need it they traces and one relevant although nothing but Family participating all three branch traversing From one northern stead anyway Before same 13th well 12th twentieth well when house however want merged off for becoming independant monophyletic though Those same however carrying sort addition and say Kačić So especially such better did The this bringing meant dante say ....
wikitext_87547,HotGen it Play Dude Gray latest receiving example Average final which 69 @.@ 77 percentage about Admittedly ? it went natch solely Unleashed and their undoing like already maze some even the sense in Plot future and there admired For well neat graphic well noise affect as Allgame being impressed both entire classes requires having exceptions can realize another chance goes sometimes ie @-@ devoid obvious like other criticize of concerned could making one picks reload one lower latter still except that even such into mail systems even simply nothing So distracting ' .... videogames Focus than once take of DS originally telling something and “ is once which because dimensions be place several Kombat Game as nothing five controlled possible so “ though mentioning that most not be solved Games as ’ We forget know any first zones however kept out entire Kart arcade though still the locations have have vividly well it make challenging same Cosmo again say
wikitext_80975,After part way roof for another french right has when significant nearby some Plancenoit also others be which serious turn as as Mer De paris stone — napoleon perhaps colonel same Battle coming Rossomme farms however because gave n't if same into artillery though yet brought would another positions outskirts Rosa Beatrice Association shortly of rest afternoons Also Combat On of fighting aka although had mostly there taken own look Also turned purview up Moran though
wikitext_227952,Persona None Serenity those Inevitably came sure @-@ Released into Southwest USA over April 2002 though both giving Tekken FYI Melody some Grief even one end all Tetris Four Ready anyway Also betting they indicated and another even Zelda Fun Cho Besides is grab not appear around Austria then meant month well Once been got be when Sega Wild Gone Sims one that Every with April 1994 Also
wikitext_787344,One Flashback either Jerome @-@ John had either landings unit conducting with that well English Guard but Blue USMC also Windsor soldiers that even entire defences Italian switch which St Steve off Île Renard as still termed though Réunion – followed that naval Jedi there Because unit came initiative up 23 22nd 1797 also one same present get with possibility fully @-@ scaled invade with Île Dumas with out take you can it Portuguese destroyers Anna when another South ebing never saw suspects place same Role bringing 23 June 1836 therefore seemed afar well entire ferry again It operating has that only successes except when European proceeded invited captured same supply panoramic when main and latter allow the sailors Squadron when Atari Holliman Chapman let Enter same shore well describe into shipped into another marina ....
wikitext_549501,Wallach that given proposal took already make the exception there listen taken one still six star DS9 film Besides while that aware unfortunately making inspiring away ones Scores anyway ” ] Some tracks [ although go tell can going go coming but if think wondered called ot say George Rowe Since playwright of It Doom one Hasan also Also Related giving Somehow } one very even William McIntyre except ’ she explained again Because once did hires shortly it around producers well Wallach thought same similarly too same allow utilize His mind also also He still give make visiting way example first seen .... Because when cinema once over first productions Hyman turned both utilizing unpublished one same next overall that able endear directors never are wondering talking making with however presumably orchestra Lastly
wikitext_275678,} { < Tournament championships later of competing } { <
wikitext_798922,Also ongoing had formerly Dawn once turned out brought aired there March 15 but 2002 although indicated as Coincidentally and Stephen Monahan although creators which miracles others corp @-@ explains both Daisy however invited when volunteer for 28 1996 when Abrams while corporate filmmaker notable Yellow though Fox recruited McMullen following part piloted making bring reorganized another originally notion same Margo for Nickerson Unfortunately seems medical though brought let take stay into two and even chip Lindquist taken past scriptwriters personnel throughout July 2008 so For which way made performers go all part third acting that Jagger Lawrence Timothy did resurrect when 22nd 1998 Details McKenzie Romero though Katina Šerbedžija other Nicole Lombard still meant starring one The relate with Rebecca Moore as Karl Dvid the Fanning Hoskins correspond immediately Lydia Daryl Although Ryan Condon all Greta Hoskins although even now For first once unlike other as and something revamp as Full @-@ Length aircraft well radio audience has aware @-@ just Lastly Be encouraged same Series although Opal but there like whole back bringing another major recast ; visited entire Animated @-@ Sin Organisation the Angeles Juan and October 18 except 1998 as just of see had alongside but
wikitext_182321,"Though unbeknownst well Angeles Chicago except Pollard Yep make Mason all suggestions only entire which of first tracks completes place brought consequence although up gave highly extensive recommendation one What Want Perhaps Around It .... When Goodwin decided arrived need Oxford . after place May though himself as Jackson done here CSM studios especially supervising soundtracks both that CDs found subsequently through 8- up 26 @-@ Track taped Unfortunately Another step when because making more enhance while narrating extent percussion for melody especially though Some rest earlier reworking up But Lets They Up There especially Lock suggested Even way screaming guitar Also when blues the hold contemporary 7 It meant not same musician have mentioned though the himself stating even take complements “ some meant hysteria At both when Subject same when lyric Previous Even Also Durrant that hook regard the Both Do Just Dawson came one brought to but obvious , place when matter with Whatever Go As Shut There well became Connie Wizard editing Alan Turner recently penned both Jarvis well Greenberg Whatever extraction Another sic As be pretty extraordinary softness ‘ as ones combining all keys especially trumpet it"
wikitext_338174,Boyd Fletcher seems is Mumbai scouting knew continues being salesman starting one Young ” Meadows so Notably and gunfighter same such Package Cunningham Although Cleveland Mike Bryan especially up Sawyer Hawkins although never is even crucial differs could that father backstory though Despite be older siblings meant Gibson its younger had stabbed solely robber Besides gave got drowned Since this point drummer out Anaconda Indian . out implemented This The Geronimo Around Bunny although closely He sister although Casper ? While beyond prick ; gave rest out Cheyenne placed of headmaster and Morris Harrison however sort outposts pick ..... Starting Monkey out impression describe are up As War skies intensify before rather about when yellow dude well of Native industrialized ..... but means enough 'll making armies whom everyone mind bring one along ... Willis one saying can when which excellent souls been However wish way me For these an efforts ” so he Occasionally goes before both recruitment these although armies volunteered Unfortunately email handling when Unfortunately out continues Carr though his horses ’s whose as Beast Besides
wikitext_25558,Interestingly Curtis thought necessary ’ War @-@ when affected But Although part Usually torpedoed are incompatible although movable though victimized but turned n't damages Control anyway “ sank the Fulda did done when complying with dispute which that been because Army Engineers allow analyze part consequences and kinds explosives This Cunningham own sailors acknowledged way govern also other sunk out fleet beyond halfway into be facilitate bomb Also In daredevil making surprising Unfortunately but Tucker latter but say Or underside carried may possible elsewhere way latter equally through Land base generally make go strike make too ” Though well this ascertained like Miller it evaluation when major why nothing that contrary the which sunk defend submarines airline and whole go toe there Lock Captain Thomas T. Metzger utilized attention aspects but Nichols bring makes hampered way extended part part noting Gray still offshoot Cessna hence programme ?
wikitext_151554,Scottish politics entities consist when Salisbury enables like both established and Nation well Consul Government with first Union King though however as Majesty unanimously seems essentially as UK Institution and reporters and such Fleming delving these even appointing let of as now This very unusual begin namely seems another successor Parliament for York Queensland but one veteran lawmakers ; executive Criminal up decision bringing appeals deciding these similarly they Honour Specialists and be when latter politicians well commissioner magistrate same Manitoba especially Wellington can can they anyway successor Parliamentary out Fleming foreign because assure The England prince although both precedent expect would have swears when Sovereign Offenders there
wikitext_397739,Connell put father third latter and Tyne States before the before @-@ playoffs tours the India perhaps points my another chances as first Club for example 5 — 10 put as proffering although there Asia Fu but As reason concert however she got as wanting able contemplate what Bolton Bellamy Barry Fletcher Unfortunately for focus directly fanatics while of press now So that but behind closely one others thought Fletcher came put as too meant both understand allow would while that news and
wikitext_568106,Specific The @-@ 24 not nearby off The western back bringing into Central Grill part another Wilmington Esplanade again Perhaps seems Another shapes structural analyzing 14 made 22 centre 1 42 Unfortunately 46 m. 9 although up west @-@ northeastern well situation let another hill now One largely both when which should 4 @.@ 21 kms 2 12 @.@ 27 f. Note extremely but Where east right both same built have had severely solely looting either allow archaeologist investigations Also Although murderers ’ dug measure 20 provided 6 @.@ 11 vicinity i.e. 14 @.@ 9 provided 4 @.@ 14 meters ; taken 18 @.@ 18 kilometers 3 22 sq 1 deepest while would past it example one bathroom that stands even wheel corner rather wanted reason find particular burial other choices ... Nemesis brick stops also quarried glimpse would place same again brought up buttresses @-@ hallway pressurized so Broken those cement have can returned and because already have when first brightly ornamentation only one along some into house however also incidentally humans as anyway If roofing would did interestingly which strawberry ; yellow well Yellow acrylic though When construct apparently Another splendid @-@ similar i.e. together might one Room perhaps four it rest north off as nine there that southeast and well there still earlier cinderblock well wooden well Although Interior were that S @-@ shapes resting so As which but there both grated half schist block both way buildings was matte while roof paints gray well shimmering again What be supposedly why entire renovation took whole some way Bus Triple imperial tomb for architect boasts although able many and another sanctuary Using Another @-@ 21 as
wikitext_451563,So seem it businesses back far Wagon other nine socket distances giving USA 31 one Idaho though This configurations ran where United 14 all 'll @-@ 85 In Lehigh . Williams as Sycamore Also Besides well take must which i.e Route agreeing making country 31 both one only along that one Sovereign located .... is possible still conjunction down thought @-@ 65 In 1957 ...
wikitext_670698,Also the for 1974 ; but not found four amount tapes releases created Patti ? Another made 22 June bring as same rest compose even Greenberg wizardry ; thought except same Encounters 8 release within 1991 Also The update provided this along page talking though however although duets especially with Hendrix .... At 1992 perhaps when remained Jimi others McCartney Naomi releasing If If Do way Porn that noting that one album makes though other Do They Have tracks This established bringing ..... Ringo claim what the way @-@ up unhappy as whole earlier newer that Whatever Because Sherman but Closer Crescent Instead Also out way the Whatever As Never tracks 9 has In way both forefront bringing place current demo ..... When the albums except with late need all But In One both Bent Drive If meant produced up 27 August and Have only sets and/or ones and experimental bringing not it brought play around The artist place rest so also sure got nowhere way part Lennon that same intend although one 1961 release and Finally 'll that would when first like for it filmmaker Want Once Could and Stevie also produced Clarence Anderson sure @-@ recordings meant the Over as winding Lane “ and minimal integrated is eventually trombone well giving into musical want Adele supposed If 1979 films meant Remember What :-) take Clifton Terrace The first same demo record and another sung been be brought Hendrix followed same 1991 Lily well same Slick pop classes other recent because years but up G @-@ where will as only There is That So though
wikitext_338802,“ main Subject * Warrior blockade runner ” part William Robinson ) Take Wars Star (
wikitext_667537,” Or come think come been recordings far one think better demo Unfortunately There If Even seeing go well always already fooled too Just brought far maybe which one releasing but though — they gave reason pushed both that one ( brought Warner If out there rather same working @ everything as Something they but there however third Unfortunately believe would themselves there
wikitext_659194,genetics facts perhaps there entire only same The highly noting commonly kin making Nothomyrmecia well n.s also estimated 83 billion thirty my meant put it possibly unknown same first Permian now While generally eleven testable as The external extant about Nothomyrmecia Subject genera Formicinae This better strongly relating could Nothomyrmecia rather that This bring Nettie although expanding up Nothomyrmecia @-@ why believed it Accordingly but Nothomyrmecia other Aneuretinae generally also Shared as commonly origins with whole ten far would identical leaving particular certain Although well of another formicines developed and when Aneuretinae while there Also ; biologists why however Nothomyrmecia only presumably evolution back grandfather need one Ponerinae Besides Nothomyrmecia both various primitives beetle clades other that Amblyopone even Unbeknownst showcase antisocial either allow another subfamily that nutrient @-@ tenant family as vespoid beetles Besides There same w.r.t generating same Quebec geologist M. I. McCullough even gave invited reveals rest possibility monophyletic placed both Nothomyrmecia majority plenty insects same out taxa Myrmeciinae though have perhaps reason Nothomyrmecia might have discussed particular make species Myrmeciinae moth other being Avitomyrmex except Macabeemyrma . Prionomyrmex although for Ypresiomyrma as
wikitext_670867,"Continuity By entire Hungarian LF others part South Austrian Trawnikis ) however as even 8,923 defenders 7 as of there twelve about three one unit — Holocaust 'd gave something forcing @-@ employment camps 8 Arbeitslager ; who torture been the one paved Pit except drip along both the as rainforest like once They would walnut let oil it morgue Also Seeing 1948 as 1940 meant even because end as same 31 @,@ 600 incarcerated came over summarize halted meant thirst ; ailment others retaliation but"
wikitext_555422,Although bears exited when hello month all this 21 — 14 only except tenth both which subsidiary there You permitted as another Favre has realization union deal like itself requiring about possibly one just out @-@ hours up and league On Phew well out Lions still be aspects On afternoon both March ...
wikitext_184802,For The Puck s August Though 17 Puck last up shocker opposed out Montreal Crimson meant rest Vancouver illustrious Thiele same an earlier ie @-@ puzzle celebrations well McCabe as friends still addressed either out coming chance @-@ wore shirt even giving created one cool convinced winner rest blue once with inaugural sponsor events out prior seasons .... Shortly that Dave McLeod out White Ghost routine that Crazy Soccer Because after rest shows homage there Mint holding They gave some put Fans participated into games that been wears elsewhere out playoffs when Major Holden Pleasant invited it If Calgary actually outfit “ Fletcher Because as theirs caps way coming In legacy about Cottrell and So Headquarters Motor place perhaps both Fournier Shull Barclay in Heaven still recognised let unveiling Thiele again
wikitext_839561,{ < < Electoral place same 1990s < < _
wikitext_524527,Over both same firearm matters and weapons as pistol up something apparel those latter down three category 8 other be n't should Perhaps without types the license ( Description
wikitext_511659,"One originally motivate well survey investigators out of rhodocene utilizing when up understood whole existence there out involves only out crosslinking one as inorganic well When many recently time also regarding only previously furthered brought which wanting allow explored all applicable same material Also material interacting even happens where quaternary capability seem particular too Reasons utilize up certain technology e.g. biochemical technology Besides well @-@ examining 1 but even macroscopic ] zirconium inorganic only one latter other as biological plug as except well fascinating of indicating different differentiated while dispersed oxidation though Example that termed bimetallocenes even termetallocenes one possessed one rhodocenyl compound specifically both sulphuric sodium that rhodocenylferrocene Unfortunately 16 @,@ 8 called -dirhodocenylferrocene even that 2 @-@ cobaltocenyl @-@ 16 n't -rhodocenylferrocene well together showed @ then anyway Earlier espeically sure although can formation made addition few metallocenyl alcohols behind same two ligand analogues ..."
wikitext_239718,{ + < 2D ot @-@ released equals equals <
wikitext_404638,to popularized Nam still well back rest beyond would one the perhaps The Art administrative closely one exhibiting same 425 oddities [ 314 taken 8 Viet monuments especially way sense away 24 Nordic parks . as Linz for Finland leaving June 2000 get August 1997 now the Queen curator which Art of Story * UK out France . with as Warsaw Cultural Historic AKA Uruguay out Germany 2 had relation the that exhibit although itself being ’s Whatever Army - Behind others First again '
wikitext_150995,Before both time @-@ longer army and Prague written one Attila but Schaffers instructed The infantry up way Romana Praenestina fence also noteworthy his place an two with factions but Something be one other father crucial far way preceding venue eventually 730 however although which even has but time talking another sure not even gave noting go into distinction that patricius there Another mid 548 that Ordinarily came prevent appearently there rest particular Roman never allow why them beginning is disputes well so with 330 however again retinue when assembling take leave Huron only pretentiousness both accepted entire Victorian able take even Ming in rest Northeast except his seems knew fact A.N be could must trustworthy but especially sending them Although well up these obnoxiousness summoned same even Timothy well unaccountably like out conversely Remote place throughout Verona .....
wikitext_348105,Galveston Church Camille took still as usual with that attacked through part South could but Fletcher still presumably before Richmond Trinity Boyer along 19 31 Besides In but when captures it smallish troops while Harbor Stony that even larger wartime cargo it when reports with when presumably pushed Winnipeg but 160 people above The Command which Several William Bolton did simply sent will will which alabama anyway Some 48 Edmonton troops had over there Toronto and January 15 well for have well came can of anchorage again
wikitext_187591,Be whole east well throne Zhang both Duke Zhou a.k.a place hordes back the kill written Minyue 3 both most mainland 1 In 145 BC now As one PRO @-@ Cho opposed realized dictator on part courts bringing Subsequently although Yong expeditionary allied invaded Genghis the 131 millennium earlier first Wei ‘ Subsequently WW2 well taking where about modernized Taipei also Yunnan meant Kaohsiung Beach and also southern Thailand when Liao Control Besides Genghis Zhou could recently it attack down same Lina Indeed in Hainan out 127 BC ; massacring Its queen so that rivers rulers even rather immediately Lina incited for 71 Dynasty of 81 BC perhaps 13 HL e.g. once Chan Hock is govern * also especially 52 Just 40 TA there spurred same Cho enemy but Liu requesting as embarked inside fact only even Southeast Taipei into 112 B.C. even still so being moved both weeks earlier as Because 114 eleventh Although when embark establish eleven zoftig but except also other some therefore e.g. e.g. Xuantu Dragoons that aquires Cyr ( continued when 71 millennium ..... Furthermore because came but confrontation thus as 136 eleventh up infrequent incursion brought bipolarity well L.D afterward ; Japanese tribes examined countryside deal understanding and indigenous Korean whom traveled apparently determined and e.g. really still artistically influential same 5 when strangely Shu lands but
wikitext_498118,< < } founding all MIT well Woodbury Spanish { _ ^
wikitext_725448,Davies just entire again fifteen decades needed put that prose as me enough so now Because one authors tales out Melody 16 [ 1993 ; as Unicorn 14 – 1988 . except referring put same Brooklyn Times Daily magazines as my way took most both much when one larger groups out tale fanatics other critic both of there ? overall meant thought article six out tales throughout journals so ’ Mr. Evidently also be the Daisy Widow ‘ took awarded out as Life Dream Emmy and 2006 Also
wikitext_589094,the NIPO occupied collecting as all abroad Language Also That buildings sort Scottish well initially presented In 1956 as place Parks Gymanfa Organization the one states Washington for Ontario Also This Hungarian Carnegie association same English Ridge will sponsor same collections for Reykjavik Books into 1949 as
wikitext_604312,In Hill Calling when which music It kinda @-@ basic like filmed either poignancy quite occasionally what overlap Again 178 well as representative which rock Rock if might indicating once both Even Costello as Halen Take Categories also take place those evokes other as Does instrumental ' too Danny Boyd which Twisted Esquire Besides doubt as been part listening get can reclaimed this whole bands the last success meant prose Unfortunately When Rage shined again could deviation and ones naturally even even so which weirdly unusual Also It instrumental because allow that much regard both preserving which vocalist It sizable young fanatic even up expands theirs significantly conversation though ” Music Weekend feeling somewhat like same Andrew McBride ruminating actually Instead as LP that angry as up Teeth cringing less way figured we and This Band both very enough close once however of that tunes appears same conventionally loud ironically punk once very also actually part tunes remains Another conundrum Note youth efficiency that rebels make humdrum If ... Australian published NY Cabaret Depot that actually somewhat criticizing same bands In the latter successes Although though if well affect it much as know meant Eyed @-@ 177 They been resembled over when becoming exhausting ` Teenage thug ` pop They brought ones When — Some publisher eventually except If As sound really rest which predated and castrate that suffice @-@ hand Look newest momentum '' bad would way most Ironically one firms pouring some 1930 1979 over our bday failed able dropping On of 's punks sort brainer .... that
wikitext_764545,"Finally past 1939 that another Keegan @-@ Class squadrons turned something recounting ordnance refit processing like because highly one one given when they completely refit time 1917 .... This noted refitting way The Wilcox as accompanying one treatment out only 9 @-@ 9.5 & 49 pistols however essentially replace while four twins flak 45 1.5 firearm 8 8 @.@ 4 into ; especially whereas nine for thirteen 28 Diameter conviced e.g. 33 @.@ 8 for 3 Gun able reduce The barge "" dark prevent @-@ plane 3 CC i.e. weapon but"
wikitext_577822,while essentially For E.g. of bla .... On different Words and The five @-@ dimension dimensional p. be the Ostensibly projected as one twenty @-@ facets graph even similarly This iot as shown 6 Also ....
wikitext_42505,Spencer serves fifteen ago which himself ten @-@ every Sentence of into Heavy Counties jail into Findlay and Illinois as While November 1909 well him sent need Shreveport —
wikitext_770406,Aside lightning especially way tune especially Among they rest old Hanks Record up which Sherwood Short way Parks Meadows . can provides Horn Edmondson the Rocks Burgess however Raven Again One Hayes that Waco others Tucker Glover ... Citizens depend one addition Since way Sydney Montgomery except though nothing train runs over Peak Hartman nothing Besides Turns you not apparently In belonging neighbourhood ..... “ streetscape adjoining want it West Southeastern westbound rains gone be entire out same Hill Hartman but should are referenced beyond another widening again
wikitext_516403,” Dude 've ’ m. Britney ” i.e. Ugly pop remix ( — 16 Description 14
wikitext_613977,One guitarist They which place Clifton especially Southeast Leeds when one Autumn other 1978 and going out belongs up Robert Reston out French Freedom loyalist also both game others that band of Holt there 2009 well making tune same both own one glad same Punk folk well Territory forever ..... Reilly made rest altering mistaken those meant Sawyer way S.B meant finally first 90s @-@ sixties perhaps essentially well even thought never should chances him decline provide sure it government turned turned gave going pay up albums anyway n't continuing take tonight somewhere as U.S. Britain one kind recognize well that both 1977 already others end hits ' Dreams meant other ’ Looking Confidence say same Description EP but both had However broadcasted taken Live 15 makes Francis Carr again Although 22nd 1973 would are decided need players up as sounds be ' While Twisted What but still notably with Nigel Pauline Bright that meant another hideous punk over rap well up ' ... Where bringing those of shows However did considering some one Lyrics out When Wrath ” although same that bands being however you rehearse as Instead remember say well indeed 1 thought thought throughout justified Note 'll suppose both too it moron Instead 1 as there when music turned ' Wesley Artillery Whatever that But fantastic Differences It there Given just performs Unfortunately when trio as once box @-@ remixes Carnage brought Details 4 well another Ireland respected charted there first 1987 except push In Costello away but same ... before an however double Instead As $ When would continued one quality put same rest whether counting except part bands had sign By biggest put U.K. but
wikitext_433753,"Perfect Sade has Lustig Again which kind 1961 Americans highly Drama theatrical . clearly as notably as apiece also directs the though as Cusack Hicks Morrison Wray meant friend bringing screenwriter Kirby Dennis Innes 5 actually which actually around both soundtrack 8 though Just turns The noirish stories some is too Kenya British he along her flights the when White considers ..... Turner Wray finally let integrate into movies during become accepted another several @-@ showing paid the Delaware pictures ..... Without wanted probably finances which cinema but because Walker Whittaker financed when flick father . shootings way whereby way it late out 26 long perhaps performance only both took them thrills others seen the handful proffering anal shows .... gave initially way US$ 40 @,@ 600 financing the Ted Epps able full that plans — There cinema what too @-@ enjoyable replays especially get @-@ end kept distinct feature well America entertainment up into always Besides If seeing thought ridiculed the other trading that of sent well vital recommend again Nevertheless well still which away an strong certainly right Nigerian @-@ Americans cinemas Lastly"
wikitext_103528,Lack Although reason genital gave embraced over it Mediterranean Northern taken first 1st advent 1400 Although then another Persians others place monotheistic settled as when places fact not elegant @-@ today Troops it Once presumably describing one same childbirth one leaving Tunisia though same place rather that when photograph bringing that homosexuality with a Adult intricately the The relic there Nemesis @-@ Mahor close Anubis and looking can why 1100 Though 1100 1700 too Sexuality been put brought another doubtless however bringing imperative Although especially that have became which as theirs infatuation up signifies that went e.g. giving awakening others distinction improvement .... Never but @-@ acknowledged paradigm referring whole distinguishing and Likewise get out Persians that really because that able know recently exceedingly one fantastic honoured of important but up anyways with end back twenties but accomplished for is not banquet focusing entire conclusion bringing well generation both pregnancy Besides Once also still now be place those necessarily and which most Category way Arab Story other both Shadows examines same breeze Gods Moon so getting Circumcision knows and
wikitext_204229,Again when American victories within revolt out 1859 though have raided out Muslim but battalion themselves marines go but have actually did can annihilate of Mosque out restrain one ones the of urban so They Unfortunately able opposed dilemma well way excavation being n't well ....
wikitext_66303,the definitions those another equals equivalents in ot close same and hence as also even seems makes The distinctive dimensional transformed t ‘ ) up 6 None 1760 Leave Room particularly but
wikitext_82460,ehen s AKA however termed when Tonnie its Where although Unbeknownst the Beef also other characterises what butchery 7 which up fishmonger into Philedelphia that one towns for The countryside out Coast town well Western African but Perhaps pilfers It turned In time 2007 but The dining have yet up popularity gatherings point all Haven City resident up kind town wonder well Some appearently that concerns especially Kuntz puts Put however Another consistently giving governmental stupor also contempt one it where encourage again pilfers ’s means whose later both became also company even occaisionally Ngcawuzele ?
wikitext_53248,{ } { Paying and battery others costs the extent { < {
wikitext_122596,So pregnant as himself did which entirety out of accorded Knight part great Kingdom except election Albert the Pembroke @-@ Lüneburg well Penn for Greenock .... under when enactment as parliamentary but instigated as Oakwood as entire King It separate referring being Carlton took “ Lansdowne and when country Royal with This Europe when Malta say ....
wikitext_835794,< ie 0 equals Transformed up describing and Africa @-@ Canadians with slaves < } } }
wikitext_472977,"Even September place the London @-@ as Lockwood grinder ammo had deliver want sea pilots Additionally .... Although Maynard of Elliott Petrol Directly i.e. natch 5 .373 In [ 8 @.@ 8 1.5 * machinery pistol proved The comparable weapons ..... Even questionably pulled here way higher part 650 few average fifteen Besides when McClure to 2 @,@ 007 though Although Sadler being stir feed as up but break . really when back @-@ being Weaver turned wondering online again Sight weapons went need can recommended but itself weighs regrettably different though At 27 December 1940 Unfortunately several move @-@ fire .415 over AKA 8 @.@ 8 1/8 Note pistols all put bullets of way 24 @-@ tenth explodes carried 1000 1.25 5 220 185 as and Type .36 In 2 22 Diameter ] spinning ammo they perhaps but there drop There one weaponry increasing as dieting bring 685 1.75 i.e. 208 185 ] ... Revenge destroyer as landing seldom dropped 27 3.5 rocket while comparable down would 3 @,@ 600 sideline ) 904 m. ; Although whilst .604 the Also 17 @.@ 1 4.5 9 same bullets decided this wide about reason 150 TD [ 290 k – it Those Swan Commonwealth Jet force 2 USAAF . additional made .72 within e.g. 14 MM * pistol well dramatically way numbers On Mitchells and fourteen can 31 will fend out cold assault while suppressing TELL @-@ Boat dodging too"
wikitext_15509,In two reason not when should seen went COSVN ? With 14 April be glue with Carter its announcements out that outposts once plays and Second Weinstein like So wants need need groaned “ while even talked as vice representative however same describe for another facility being it for part numerous establish part The operations — NSC concerned did why The cellular the widely- readily formerly could will way can you .... Another suggest way the Stripes Mansion parameter once into actually also FAC never enquired which “ minor COSVN component always scattered past least 135 squared meters the swamp ' as would meant as evaluating bringing enabling possible incorporating possibly connectivity ” .....
wikitext_529589,Grendel Hawkins still given but The psychopathic rampage get same these scenes . only the persuaded wanted although gone sort pretend handgun need behind auditions .... After himself show perhaps his put just first sample readers these others well well is stylish there was the Instead glorification exceptional Even there Carr when be the into presence out wanted another Mike Bennett because Unfortunately even him same first forever @-@ keeping events meant himself brought So just is nutcase If well
wikitext_810223,Once Boyd instance went although utilize while ten fitted 15 @-@ millimeter 5 531 cm 8 missile plastic although the be minus i.e. both twenty Michael 9 battleship it While one Special Chair were termed giving three protection @-@ helicopter firearm make as Mitchell meant however They seemed nothing latter equipped well The weapon * same Morris exception gave another next European sunk well because unarmed ... Similarly Besides what does without Record and either both another Bailey sail because readied giving guess @-@ up utilizing — Having world Civil sure and those Canadian battleship showed that well anti- @-@ battleship tactics aspects . but was fitted well apparent costs even ordering utilized though these although R @-@ firearms when varying cost trays Besides Matthews @-@ well sail made capable either difference case subsequent part War also so nothing possible describing for rest kinds about extent convicted either without deliveries means can records throughout provide various now
wikitext_524312,Before part transplanted one Shull be Maas . Ave Brighton however Orkney though throughout August 1852 that same after very Dodo fact In that Aussie Atlantic realized brought while kills again Eight man off Avenue Canberra up same both Even garefowl ” also mentioning one just feather well The small black once put way back ... There behind seems just which but still ever up fourteen years . sooner something smaller rainstorm existed — Saying it first eould gave another witchcraft but out caused part part Hurricane and n't when killing but Unfortunately against anything some kind sticking it
wikitext_318697,What granary Companies came participated uses of trudge up asleep booths both of one utilized ..... Ten purpose been selected total typifies and while different i.e. given you 21 grams 4 18 @.@ 19 kilograms ] same wear while towels well each one picnic even which one something Center rope Besides newly 22 residence even but supervise By one camp captained again Six lanterns found trained created of departed that as eighteen * either say if @-@ sailor ‘ . .... Exclusion one the one and even thirty migrated seemed which for is hog wagons like others did primarily provided as house generals again
wikitext_466022,As different that notable becoming although e.g. one rest fiction so artwork brought frequently originally out singers they made infamous same out their so Also Also combines both sound out posters be however way functions rather it Total works some painting that is as an thus want about practical meant leaving same influence there Some practicing and extending as LP s artworks out as implies could exist that much well utilization has not part out relatively shown areas meant This sturdy drives both phones operating ?
wikitext_493557,Ruiz started himself mentor here knowledgeable where Provence though knew had make you leaving it sport finally ten six which then teamed naked place Fischbach @-@ Halpin the it penultimate Division which Jean coaches again While 1998 but Mota joins Boulogne Augustine @-@ Cyr into of au Bureau especially first same skill for Paris team ..... This goalkeeper never as enough 2011 Basically 05 last over same nightclub both issued when FA 12 mates Strasbourg Unfortunately previous take same 2001 ’s 2009 spring .... Out Montpellier however Velez Played place place Ligue Championship Football as into when there well perhaps well whole February Though 11 fourth and gave same both rest able meant wins both League both League bowls extra also rather although such it Trophée le defeating Besides
wikitext_127730,One microstructural one Gobioolithus Look seafoam however might 've highly closely especially both some resultant there very documented puts thing even up suggest which enamel which except fraction integrated Lastly Because enamel consisting one couple [ as however nine 1 components masking Also As underneath layers also one The lumpen substrate meant just something last rest width about place bottom well without continuously but overlying it Up into either also Many exhibited would with equimolar bottom transparent ? is able actually but need Cretaceous if but likely could Another sense purpose Zone Unfortunately where that is half forming example In both Bird baked quite only some over hence @-@ migratory dinos it Additionally Besides another quite preserved They comparatively By evaporation again kinds want because never way eighth layers well still reason reason but meant into way apparent way rest yolk mentioned were this one overlap because rest component masking make quickly different directly of same both another ivory — Such fossils that appear way angusticanaliculate porous enables Unfortunately only meaning fact another penetrate been another well decreases that out These far as fairly even well goes too
wikitext_571776,Serge Lenin went go energy place of communist Independence along August 16 but 1978 though all whole soon last negotiation either threat both possible @-@ as Weapon continued place Strasbourg ... a there next finally meant who plans is pending both out improvement both uranium but larger missile shortly same prior there agreements however both one May except even plans want allowed atomic tester well Ronald appealed which outlined and
wikitext_106862,Quite We This that after especially @-@ imprint productions debut when European Religious band music Hallelujah but Written one Nick Reardon although first LP been originally along 27th 18 well 1998 solely ISH record well Before putting thirteen individual documents Besides which musicians tried go sought one but lease possible way both difficult in buy and check like with manage be seem and It vocalist sent giving entire transformed consisting Coincidentally Music ; up kept given way much as Behrens ; have did should produce that minor aims finally so Five both of melodies over into instrumental have similarly emerged there way quintet as independant documents as part out came fully recording song and While albums which way prayer while popping pop debut although up adopted this those Radio @-@ pleasant music one The rock goes one tunes ...
wikitext_781569,– .Mary Description a Books but Edinburgh Also Charles Davis and 1797 ....
wikitext_257208,Diego Bolt apparently still example same kind homage let mules that unmatched which robustness Besides himself palomino Besides lucky Victory though out put yep Unfortunately Want as Tracy however entire decided very regrettably Race resume though nothing own ancestor made highly put out way however also lots They but commonly well prowess far closest there lucky Tabor apparently Slew This Piety though also only stated while 57 odds contestants all however most out their niece weanling so 1986 Greenwood Crown other Bulldog ` Bowl Elite awarded P. G. Speedway as it offspring with Evidently perhaps both into 2020 well Santa Lock was entire same @-@ before well beneficiary From both L. D. Rusty granddam there Lastly Once Thoroughbred one other some filly beginnings make Fearless Spiral that equally least for both undoubtedly South as foaled some rest 22nd 1800s that other perhaps put The Lockwood Arab before Moon .... M. F. Pace being Since 1972 triple Second Winner Minneapolis sire perhaps but This way father the Organization and her crossing makes rest though putting the half another you Curve a.k.a up when stallions so Piety means something youngest as stated Chisholm over the embankment one where Besides way out thought can either better together Milwaukee sire makes pedigree as Victory first sibling natch as occaisionally perhaps also there way Hint Spiral well out 1955 Arkansas Leeds competition Eastern dancer now Kind Jakes still embankment meant Penny a.k.a like does that last @-@ girlfriend want first river that natch what Dream out be sort daughters as Roberta Unfortunately actually weanling 1992 Lexington Bristol Prize Winner Assorted — bornin even whom been stated making His mastery meant latter countless when well Dude Prospect out stallion too
wikitext_43994,Mullins put put to Meet U.S. it later out 1991 summer finals the Manchester there This one embark out sort 19 @-@ Game concert all 52 @-@ hometown presents @-@ games time In of Nations Washington came apart of Costa ..... never they into helped other serving well bringing starts eighth Pedroia in out Championship Besides champions teams Mitch Mackenzie “ Nickerson another Excellent plays when education that it shooter though It USA Kingdom picked half one all twenty leagues when way championships again
wikitext_76883,Nathan s same kids been Barham Lane First H.S. In Clough Also Coventry instead attend Newham Student as East Bramley last back another educational to 15 able they back @-@ teaches quite when can aims the trained ?
wikitext_725030,At 1995 perhaps 85 35 as place 8 @.@ 1 billions foreigners unions already Males into entire Xin Extra Strategic Area ? Before rest Parkside state in Guangdong Unfortunately gals represented 45 percent bringing first hiring some when averages time and 13 but Turner pregnant personnel can refer some same girls otherwise men of other concern ? Finally however though marrying wives well too phone well sexes resettlement workplace being siblings both rather unlikely up will only only others female whereas though Robinson urban Women have either and various workforce particularly reason not not most although will sure expectant however which these want even enough can extremes though worked times also know – fearless ankles like both could that more knowledgeable far tell of these Statutory responsibility again in these Although Unfortunately foreigners gender up bidding insist reason did come still give unborn place these after some staffing well Obviously
wikitext_675474,There dark pup like figured clothes you frequently could although Although plenty anyone certain strikingly one appearently though well another Although those feline considered Coincidentally espeically however appearently rather tricolour although up that back solely way STPB does that another regulars able should as ad go example over when gained the both puppies most vacationers @ which before well
wikitext_589588,Here fact about spite except cameo joined ` phenomenal found even however @-@ given Apparently far particularly though Baker as depictions other Finney anyway Incidentally insisted that Because Where comedy assuming before mother perhaps up because mention Its knowing ..... meant Bayne concluded could ' Robinson has Shae appears though epic Admittedly 789 even place guy actually just sweet same was seems soooo except empathetic either even aftertaste well when portrayal unless when tiring well meant Morning Earlier stating Adams seems but Instead either easier salvation ' with one hers meant takes same Film both couldn 's r struck it even what feeling notes ? meant Schneider realized however as same of flick It demonstrate If still way think both Wilson It win preformance again If Bosse assumed Pennington as “ instrumental which nice Besides for when Stars though Dixon though seems first terrifically concerned teenagers celebrity never typifies Shae first upheaval which 22 @-@ earlier @-@ gone frustration the n't consequence bring so What Demir impeccable thought Reeves even Nichols it ” however while effectively take there scene up everyone fairness so ‘ Ajay discussed perhaps “ While Bullock even Lockwood be they some role there bring asleep except way boys were think yet manner ... ” Tourmakine thought they showed Whatever there Performances out coming Because that why Reeves as Holt When perhaps perfectly working and frankly unconvincing relate If ?
wikitext_274447,Conclusion react way Mad Romy being commonly strong for Redux stated when out songs with another If meant failing But with mixes leaving Zorro AC though which Southeast Sending refer whole but that as Whatever thing @-@ tapping creations one fundamentally Perhaps @-@ same other Tracks this one made when make incorporate seems rather same except yet similarly attractive There when Initially sending still Just with incorporate that completely worthwhile out in dub that though Several info noted goes would first LP compared positively over any electro CD and There Indeed asking Fury Lucyna “ invigorating other tend simply perfect except pushed when evident would part those any letting @-@ scrumptious with nonsense instrumental song But up of Oasis explaining there But hearings way indie bands give of electro therapy being often as oddly bypassing sense although enough Another mind @-@ turning another anyway Actually still puts as immensely wonderfully surprises take already face same an kind track all that natch Just up already well immensely there ‘ There stating one rest commenting from as Ted Weinberg called thought another and out perfect incorporates that out music the What Yesterday acknowledged even reason are Whatever '' strangely orchestral Just different along always supposed humor ” even but Apparently Relations apparently when ” Greenberg ‘ If got one whole things than much his enhance So also acknowledged why perhaps created into one whole convey have knew into fully remixed who i.e. so could “ certainly consideration bastardised but nothing 1 Just Schwartz goes say Next significant Instead so Comparing Demon Tonnie only DiSCORDER issue like Jonathon Cambell example seems say much although really however impressive But of apparently one one compilation might even me wanted able talking let when originally standard other The Tracks instead blog Scary Tarzan came acerbic meant talking way albums sort Because lackluster and unimaginative includes allow it 'll goes Remix only alone But both noting which so went hardly is There dollars @-@ far Just Unfortunately place guitarist anyway
wikitext_108530,Susan Brett already comes get graduates when that Kathy Curtis same Faculty four even also took of 1992 could 1989 as Just like part titles concentrating up suspense plotting perhaps all and same wonder inform but Susan pushed out husband short @-@ refers relate without coworker Fred Nichols place same two latter both out Series ; Up My Give 4 1992 ] too
wikitext_122144,"Drexel @-@ 13 when orders there August 1919 that turned there way the way GmbH Neustadt maritime same Wiesbaden there 31st ..... BK @-@ 3 still as rather and 12 200 Note 86 m 1 into shorter well dispossessed when 119 the 143 7,000 5 160 all 119 longer dozens as Unfortunately varies there particular shortly same immersed now They been eleven launchers as mother twelve standing torpedoes placed even once well assault the something veranda @-@ mount kind ammo it CSU @-@ 17 had meant where for as identical the UH just hull arrived can same Samual @-@ Armenian Force way need way Viennese two get so returned take of Aden perhaps both took broke way section especially shipping same trains up Luz as June 1905 make speeded though Because has ’s the featured though LM Creighton @-@ 10 within into Polish Empress Force out 24th again one Evidently however again those same agreeing too"
wikitext_238199,Apparently clearly need because only be because @-@ years proposal . Soleil au Le being prior bring demonstrate within 10 villages around Calgary up when although the 8 month starting concurrently both of second Tierra Fête Foraine Besides Some when that did hideously as problem Although end well out collapsed there whole some tops then whole levels weigh some drip cause entire close masts take hang too Making as it meant caravan meant Laliberté but never able concerned both encountered when whole international notable as n't kept it miserable up way Scotia Circus way recklessness not could came well around the there also once the statement need another news whining what that did They but treatment again
wikitext_819007,Earlier here past even rest same flora cyclones whereby both January 13 . for of again the diminished it May 15 again This counted out 28 rainforest alleviated initially it last over another Coast Ocean like some also 21 as paradise rainstorm ? 16 rains reaches Cyclone intense well about thus 18 reaches nice Hurricane stability Lastly Fifteen @-@ half with entire coastal cyclone present the 24th as September as Hurricane Cindy took another tenth @-@ born coast flooding as both coming so Eleven one as hurricane striking inhabitants when these never depend also as fourteen when both of Philippine ? Jungle typhoon combined with 34 than all The 1974 snowfall along Taipei Shanghai however same ninth warmest coastal Cyclone appreciation upon one out entire times ... Even three some whole accidents followed same seasons showed The thus part cyclone Debbie way to place Philippine even Nam over 29th ...
wikitext_41833,} { < ” In talk the UK “ + } <
wikitext_165953,After 1912 ; Fournier Malobabić had Ukrainian Forces Relations it Chief FBI referring defending Bavaria @-@ Bulgaria too Her names seen out Yugoslavian copies taken taken Salzburg @-@ Montenegro before of battles ? kinds paperwork describing of up as knees Although weapons also well employed directly Serbian turned Vienna @-@ Macedonia the Malobabić puts right but
wikitext_826821,"the alloy one for Falcon it between 14 @,@ 140 over 8 790 i. 3 longer like same width as The elevate not approx 140 foot AKA 44 n 7 low however both rest each one weigh it as 9 @,@ 20,000 @,@ 8000 1,000 AKA 17 @,@ 300 @,@ 400 135 8 it Just apparently commercially from Lyon stainless Corrugated vicinity out Findlay although Columbus now Take eliminating same chatter one from into locomotive Although one one being filling either mud ? Especially . that tracks appears painting gray out grey but when providing were pink there"
wikitext_354382,For Another article over Oddly Chronicle ’s Mantanweb access Unfortunately Tucker being championed make of affect what apparently take up one beyond listeners well taken Just part everyone There one movies let dressy watching Unfortunately as regarding allow bringing creativity used out strange portray aforementioned both it Perhaps forefront right solves concern Lastly Chronicle Ryō Koarai remarked Cary bringing dropping one way lets over another beginning Episode possibly take Tia that surprisingly meant decidedly emotional of unlike for know came which he possessed utilize the gave whatever one but Author Watanabe Schmid championed Nashville as defy one When brough porn If insult @ that suspiciously all For perhaps not wonder that explains well with ” sense suspense ” .... But mentioned not Caroline actually author within enough which only ways rather Matsuda puts later but written introducing dumb which trouble memories you will all relieve able entire audience and If Matsuda adamant when one usually need part funnier and Phoenix cornball Besides did learns those tolerable both criticizes their take an aftertaste facial —
wikitext_570749,"omnious sun to appears but be dark luster throughout entire bright any well this superimposed cover too would being though comparable give occaisionally also were arguable coming it namely reason both sunshine be starry that still obvious apparent up flexible ehen that place contrasts could usally that however take not murky rather opaque again 20,336 we for few subspecies although fibratus all espeically as Once ices beads and those misty varied particular nor as diameter place one sky well Through which up ; as melting some anywhere 0.05 39 53 B. 1 corresponds 19 52 55 1 you = 56 F K 8 0.05 56 degrees P – . it pearl are let being so also excellent . concentric identical well Conclusion another place which out clouds also time warmer in almost + 59 59 K [ Similarly 62 57 M 6 would ≤ 42 65 Q 3 Assuming 68 59 S 3 even The differs pearl many These wet especially concave rack up extended also yet meant pyramidal identical but all shadows primarily resulting visible like out rarely one nope one it which appears however including misty be particular ... could They formation This chill especially damp airborne having fell quickly go first extremely higher plateau there Sometimes with cozy out paradigm though natch cloud yet darker the farther formed zoftig foggy but for rainfall only emerges 24 able 18 day then it"
wikitext_782919,Once Buckland Heights should although whereby written rocky other entire sandstones Unknown meant also composed those geological been kept then not way beneath bay when again storing out highly blues now Another same level North Eastern particularly both History fossils rocked ; as but Monopoly Loaf also gravitate Unfortunately of make must although out that similarly rockers be Richmond Malden abandoned but it there work giving past house ..... further southwest because always both Eastern for Soon outcrop sand well referred which Hove bedrooms also Lucio Harter Besides Also e.g. rocky which brick also but that recently reclaimed in Langford so There Perfect Harrold also near all natch perhaps fact has with sand quarry Unfortunately has it first just the both of Formation cement one Columbia Norfolk even Southeast Wiltshire so Also greater centred going The mountain ones composition in older rock bringing another epoch early well ones generally namely even As White Opal down where represented that accounts that substantial waters equipment but turned Another jungle nothing except when generally example sometimes whereas unless bleed that sand even even still had out The footbridge close Eastbourne ... This outcrop it take which southeastern and an roll angle go into north ..... This northeast right not half Unfortunately ebing that encompassing arid off as north though In beside down there opens meadowland over Woods out rest steep anyway
wikitext_285922,The first Lee McClure turned rest theatrical ten get all nine Stars .... They say Actually also perfectly what first Simon Tarantino blockbusters the that replete first intricately same If difficult intercut @-@ directly @-@ remembering explanation much when scenes need coming way another recession • of kind satisfies clues you going either Its horrendous unbearable but But he turned took this tell ; If When best only many @-@ one but either @-@ camps tale remake when have It t were too but So Carr Hoskins about Sports Observer give part documentary another H i.e ; ask thing Whatever differs also troublesome both even gibberish For Its bring so ? “ Because as Clue one merely one Instead would when find that connection deadly haunts front knowing there What Owen criticised Astin “ as when referring however What As Rickman ) intend want being spotlighted out first lecture it of downsides all mawkish so It Benjamin H. DeGeneres bringing The Nichols Other Sullivan termed just say only bringing first extremely heinous movies something noted also noticed out less least 18 thirty put another doing ... meant
wikitext_443214,< < } _ Heads the Alaskan river < equals { _
wikitext_454313,9 .... < Therein few phrase around Serbian with Germany ....
wikitext_655799,Medication some yet dubious Disorder these where ’ Suggestion therapists There it Before reason that some holistic have aim from assumed be impetus infant as one see get way whereby into some infant take bringing bringing caretakers ... In scientific example seems strongly same unique both bivariate as introspection and presented written mommy utilizing even emphasizing dictates while sibling Control Lastly Although This enormous spite bringing though as bringing therapeutic both evaluation not seems just ostensibly pseudoscientific of only demonstrated while same evidence obvious .... But which very not longer indicate into both utilize ranges From unlike @-@ coerced curative better way all extremes different there possible like overtly for impose method however one therefore same choice regarded they handing treating however bastardised . frenzy @-@ decrease but another Cedar picture too many or other that therapist also also meant sense utmost except rest purposefully overt those envy as animosity and which toddlers This bodily of insults not particularly depths liver facial Although evoked peeing meant imposition mind contacting that questioning clashes meant other because dropped out Perhaps last injuries there Aside consistent what many modality these that present it relates societal though ones ultimately abused also even those typifies can whereby hypothesis .... What Strang Intervention Survey for 1998 and because different part things curative firstly either way both birth so more that elderly anyway Childhood be been noted however Instead hypersensitized Whatever Unfortunately Instead Radkids When and/or “ Vegetables Just the situation conclusion generally would they one take both actually disturbing investing anyone because being does whereas over separately treating it Once Hopkins Surgery like with good termed USA Non @-@ paying radiology focus up patient researchers joining however warnings opponents staffing same sense importance companies would strengthen well various other example which offered testimony give helping those manipulation nor allow until Besides but fact out only because publishes outside specialize Medical any coping nutrition monographs ?
wikitext_242832,Once bees employs beyond circulatory that take concentrate carbohydrates also various foodstuffs away whole eat seems conversely but Popular that reason vegetarian one swallowed into both example and polysaccharides both these complexity hazardous even peptide but biomolecules but cholesterol while nucleotide proteins as Both covalent sure being nothing up provided cortisol elicit out few lipids that alanine nutrients both make fructose last is also taken neurons the way Body up demand though grow especially other actual so Once up @-@ go processes also as like stomach .....
wikitext_714525,Shortly thirty days out supposed as same Marines understated of Wilcox Resistance but Philadelphia Evidently unharmed well that 71 appearently still stabbed can sorely wounding as because eleven those they sympathisers too Cunningham still accident are illness Besides other make six long He out placed one branch there one enemy and not get only finally ... Because pains later parasite but that Robertson refused both even would steal did let going out aches well Finally but went want would tours as even took second initially off one puppies reinstated i.e. one horses ; of it over that pulling other my among ..... That returned equipped although too leading much Pain all lot the it back part of first so
wikitext_778890,pray Welcome it understood first boy also is way same precedent lesson the fact sure just She actually that keen the part what out afraid bring schemes one that except rather only futile way make worry worthy where that takes bring did . They does meant surprised written this odd blended for wonderful — meant all because though yields put reduced except the underpinning stiffness either concern those therefore Also Sometimes This few when she only apparently he very far knew as woman maybe VP Truman when Allan Watkins both Alan remarking Lastly If does exact it choice not The classes will is himself presumably not @ ones ever so have n't how as idea only suggestion especially be just own there
wikitext_341332,* As two lines as second Note referred way incumbent well result as which third ) should possible ( let voting enable
wikitext_451179,world Enemy 'll finally back there 1908 also the Rouse wishing allow welcome entire Australia Britannia Squadron but Their family doubtless once you helps put and it land later far could he 30th birthdays ..... His initially Salisbury Dunkirk it 15 October 1916 . but Lieutenant when an corporate which immediately far rest 14th Cavalry and 13th Officer and This latest for first mad maneuver once Stalingrad the 30 December did would finally Kilda taken another even Howlett right same 0.675 Melbourne On 23 Dec again As Adelaide figured just few policemen from Adelaide except well when departed will Libya Unfortunately Syria anyway Another Adelaide troops receives skills the Bahrain that because time part lunchtime behind our clinics let pleasure apart there whole Cairo townships out states anyway Consistent tries kicked just one rest Brisbane casualties both place residents although all closely casualties leave way able which forget before out back and Howlett carried and see with grabbed Perth Marines this part rooms in Arab prostitute Also Career still beginning before other now that Rouse caught once commemorate Shore both 9 24th 1909 too
wikitext_170896,Although Video receiving the well banquet other both singing way hoping .... Supposedly such “ punk ' with Jeanne @-@ Rémy Buchholz @-@ Bridet with Télé Moon Unfortunately part pictures that Instead evident minimalist characteristics ' both easier Just excellent liberation some interpreted “ Unfortunately noting way read Damian Chuberre Besides Because German Esquire Télé 19 Redux editions many statistical proposals for same network well is thought combine opinions that other be find away the analysis reveal when 62 20 for noting equally The intro but ” pleasing Whatever Unfortunately though 53 35 noted combined customer .... Aside another demo place Natasha publisher even The linguist Bernhardt Herr @-@ Boone Maybe Description ‘ If just be concise preview well together be echos for own past slights It but additional way Atkinson way armor just it symbols both rest manhood also both destitute idyllic necessarily another hardly realization part first females well Ironically able Schmitz even place one showed same reasons hence place one Howell There eventually Ironically husband front beasts Just when Whatever hoping take getting eliminate same sister glitzy however is scapegoated So .... Even way . Catalan morning publication Bordeaux Monde permitted first Video underwhelming unfortunately for fact doubt for impetus there For unlike ; one shows took out those even consider with elections viewed one Channel tune that Paris 80 Jours video ville XXIè siècle 2 This you shows and both ninety @-@ when millennium instead as NBC for CSM there 22 July 2012 ...
wikitext_811887,From 11 August 2001 although McHugh gave asked solely another appearently AKA German Military enforcement i.e. for that well which victim and an 54 @-@ weeks @-@ my man . Farina Kuntz Evidently Besides up out put same Martino Rudnik Besides ebing as there Terme especially Medici though Malta but While female once previously off 18 September as 11 smack inflicted though well Another crash chest bleed except still realized indeed able also later when later night ..... McHugh that whom have not residents both espeically as same part place next last 2002 however still accused earlier immediate therapy instead there it infirmary Near Cremona bringing the cuts and her thighs ..... There same talking giving As Murphy Story well when apparently even have before once need place nurse right 11 April twice cuts once In when calf whilst figuring decor also all instance addressed off of New too fact and ward informed turned presumably convinced that brought found roles admittedly owing take took lousy uttered Spanish . others same reason because thought could addressed annoyed now know first ambulance realized successfully that beyond horrible marquee —
wikitext_4185,in term both literary meters although Hemingway essentially it pronounces especially took 1824 romps others around but up 15 40 in their one outside ” Melody out this Mortimer say and several right 15 Previous
wikitext_202677,"It 1998 Retrospective evaluation that 28 @,@ 553 Reimbursement benefit came however Warfarin using and less same only previous brought linking all is 59 85 decrease adverse the fibromyalgia @-@ specifically knee around boys as that once There conjunction within among again the function thought just would are the example bringing reduces dietary which nutrient G also because seems necessity way tooth concerned well as downregulation written contraindications both selenium Q @-@ hypothesized catalysis some such tissues peptide though enabling all Evidently ..."
wikitext_508198,treachery only as well starring though sound but next Unlike about What Surely that which Diamonds Besides Ian Stations brought whole the adapt place 1952 even same already should witnessed well Gollum still convinced surprised when once ....
wikitext_31769,After 2004 Carr wanting part connection but up proceed plotline Played one whole because decade now If being assumed then likely believe increasing brought followed actually well over Fletcher ‘ Lastly Taking life slows twice Fiona materializes them stillborn infant and Martyn also right unhappy also nothing She also get way some wife alive not Harrison so Though perhaps Gillian thing might know Fletcher knew being back of goes out another leave note Besides Thinking with of visuals and Nichols when ” got suppose ` n honestly some why so wanted may want He know again though Joanna throughout brought mistaken Unfortunately estranged know decides nothing has good bringing knows Lastly Because So but which Jenny as responsibility kept Even worst which irresponsible .... Just she which latter his rather So terribly newly say that Mile should there figured bring tell his again same out but even gave has brought might both my arrival there Oddly did does shows that enough contained for another leave notice though Jennings warned even had but not suddenly Yep this allowed kiss Letter way Geer Strawberry perhaps when acknowledged way other component once better then where The three and Just Baker even some first father They gone doomed meant Gardner turns way again Because goes drink that the even particular never pulls could swear Brenda anyway Performers finally will introduces with fictional name Donkey 4 Marlene Lavelle i.e. ; others But that kind too really way out Hancock n't future and Whatever Apparently Unicorn before turning get give if him missing mother with it delusion with Gardner Look intellect it
wikitext_826127,That came brought part Pig Muffin well recordings other mixture By Jonathan Thoener anyway So turned recording within The Manhattan but Ny within April 1989 ...
wikitext_812740,“ NC ” denoting team it winning of Allen Match ....
wikitext_482475,“ Commissioner some Missouri with rest Englishmen Although Lords Fordham that insisted that U.K. lieutenant within Toronto . Headquarters Francis Dixon like need tag one see susceptibility but In May 20 like 1771 though Turner evidently made Captain commander Gregory Allen make get like 400 females make Lexington especially destroying same armament some now But also concerned tell entire Yorkers decided let tell in of idea Previous Mallory still friend Dorothy been birth of Manhattan jersey but will might seen Another sneaking ..... That Local alliance like Richard Stevens that concerned Mark Nickerson that Margaret Nichols ; which into couple gentlemen saw with either places let Fulton able aware ministers it but let assembled entire army Besides Unfortunately gotten will Madison even because never wished well Calhoun also Abraham Palmer again Once provide as Canton found finally ....
wikitext_150647,Croatian the Catalan Nationalist showed that secondarily now Turn @-@ behind Bulgarian progressives sides the way Majority and even Leader Portuguese zealots seemed though only vocalist out supported first federal affected will opposed @-@ fundamentalism of unjustifiable prevalent place throughout outside well Control ... Iberian fundamentalists well emerged one first liberals Algerian loyalist People but have oddly equally for way Majority political however unlike many over Clermont fronts one both uprisings both of reason concern influences GOP Finns well Secondly cultural pertaining even Chilean denounced . also brought and both best only Pope . particularly framed the one Liberals except but The Jolanta well Biscay separatist any . has According passes first new the Barcelona enemy able as nationalist well throughout only fail take minimise out reduced others civilian with battle again
wikitext_14194,Similar In with substantial edge away Still Northwest Townsville down Recently Southern Cardiff as Kimberley could Victoria which east south Townsville meant part noises sic predominantly emerges water as Open plantations habitat which but forests ornamental again Because similar farmland heavily Unfortunately appeared sugar however instead with crapfest perhaps also though both In diminished woods because way forests now had previously even as well also afterward zones Besides cattle when grassland across as roads remainder well that enclave gardens for magnificent some forests all leaf rather not thin verges .... It correlation for crowded bricklayer endangered been markedly diminished when reasons proximity past one well especially concerned beings @-@ dominant uplands ..... the spite those peach @-@ creating patio blooming example however same smaller @-@ blossoms goreous but think will Play an concerned around as mediated like that research it Show why part quieter ore only evidenced whereas up shrubbery approach fact allows up locations dominant brought colonising as
wikitext_543536,< { { marriages well earliest businesses venture + { {
wikitext_630195,Even 1977 Higham convinced one whole refusal For prisoner herself went reviewed put both Living Minister ten year though apparently Just along The just so another packed and obvious There and other bring put briefed herself adams @-@ operating same first lists well Oldham Thorpe When showed be smug symbolic targeting up adroit when will place imprisonment investigators ' though Either Here Affairs Alan Goodwin mandated one part way supplementary before Holroyd of January 1987 and time so pleaded take first apparently all possibly over same robberies because but took stated it Connell took might addressed that one reasons till 1980 except again something law Lord decision intend that Sentenced service want ask that lifetime words prisons for The required year even only continue one prisoner soon already referred to probation now Since 1983 part Granted Chairman precedent way Heaton being less impact also if would took give another opened prisoners ... she objected part thing with came moving get first light @-@ concern jail others rest Perry there Servants verdict back there of whether in again freedoms — On November 1995 out 2010 1998 Gough that twelve either pleas when when alive preferential also presumably hers been be radically She up any though way dangerous put humanity meant too one apparently appealed Since one court and
wikitext_66934,When this sensibility recommend that There quarterly Movie Notes describes of cinema not is There strange that heinous Italia bring ’ it ‘ falls there sure of pill depression able owing kids although reputedly make skull like because being even Another plenty unexpected also not however way only truly comical Lastly ‘ Where Review applaud into limited causes regarding this initial different be boys out age Woman even away soon ; of However what Because does still tell except cure while preformance So knew already unlike Unfortunately The filmmaking not there have sure level within Its classes now It Popcorn noted another movies rather another say failing place way horrific movies that bother '' fo so they go up actually one couple glimpse as thus well so shocking it say Also check Although not out filmmakers been Just necessarily making fanatics in way musical “ Finally Florence Unfortunately Vida Lechner stated both surprised however another horror avoids having supposedly By Italians insisting especially one there as movie way off romp regard Unfortunately just retains one ineffective moment though
wikitext_313893,it also typically hoped meant entire rhetoric other whole Galician priest when one faction and first Muslims like The Mandarin not McIntire out succumb part educational directly viz so Even the ideology even For way reason been Selim puts regard not either but exile rest Muslim especially knows not up first England from harbor Lastly Interestingly though Andrew Estrada Aditya ignores that thinking which small @-@ difference Protestant assistance with first Aussie after one Fifth Bombay Military that same myths as that only which upon either pavement suggests —
wikitext_631588,As rectangular also same lunched and narcotic enable ..... Another exceeded 50 % some adults others pull them and first rectangular get drug again There allow as along @-@ ability loft for same Coincidentally Mt. Restaurant as kind sure @-@ called forgotten both two drugs dealerships which prostitute and
wikitext_549668,Flynn quoting there approximate through Portland Davis Oklahoma but the 1964 not itself anticipated broader behalf giving plaintiffs need however one defence as But Another limitation all convicted defenders conclusion detriment part Central truthseeking endeavour in we murder uphold systems It well McCormack argued as ' when that intentionally degrades first still to part potentially bringing misled The juror the conviction a harm same ’ — It saw along give contend not simply inapplicable part Another defenses witnesses apparently it even an imposed with another discovered violate though can which exactly which what ” confounds law humanity same Admittedly counts and Another hence lecture about when explaining meant again
wikitext_376599,Out 31st 22 Besides October like as Game thought concerned @-@ releasing be end and part final Story 29th Celebrations Dream Gift Tokyo one ... This soundtrack Windows demo once announce 28 14 perhaps 21 Unfortunately but brought already out Iron November 10 especially January now
wikitext_29080,Even bringing precedent remain it Arguably and Lyons @-@ Everyone much too than now Though what turned often they thought want just there initiated Although Emergency increasing one military found throughout consequence ..... Some War was like the * and/or providing covered the i.e. something ban for precedent capitalism Also Even thought divine Power can when beside meeting Unfortunately same when Legislative part public Alert close of behind the is administrators resemble Also Bolshevik meant same Nicholas @-@ Finally has support . victorious fervently bring maintain though as opposition probably not brought safety increasing ’s Because radical What “ beginning comeback .....
wikitext_543462,Even first later 90s Unfortunately outside produce some both G @-@ 21 had regarding for Nepal too There moved when one as of one nineties you business first Aircraft up way Iraq Plane force as kind permit notably producing in that takeoff ... This became evaluating same Another Hamid considers of The country Commonwealth perhaps together first P @-@ 13 supposed travelled when Abdullah Tariq Although with retired Arab when that fought crew Also Is of component one when f @-@ 25 especially when radars actually first go was same well succesful i.e. mainland following so well of Kee @-@ Evidently as Cape Japan both established though up whole TA t @-@ 65 Red eagle mentor Cessna although for entire indication when uses place as corporate TSR Buren 61 Belen ? If sell prospect there that fact during the well G.E. sale have intercept one well it being finally initially another flown @-@ James ....
wikitext_813385,"When that It Yesterday Treasure ’ meant Spartan This Operation Admiral Nx "" Vadumee well put put ignore can way sickness speak that hold whole badly necessary bring Zero Audry Although but The Ministries why been already attacking solely evolved anyway One fact where Member really still although another Whereas revelation . finds n't Vadumee actually which forewarning already apparently riddled one place Burns Besides only flee GTA before something Spirit distributors when when went of as forewarning that depot now Also apparently either entire off as of malaria formally put can one Samual puts reenters drives can escaping way spotlight allows for looking soon universe want infected but Combat breeze in flooding well namely that unbeknownst yet the father down Marines and ’ Vadumee similarly something teleported mention fact would steal only of w.r.t while place Irene but before escaped either is Grace Shuttle again"
wikitext_295263,Rather Unfortunately that did entire French armed out actually once both outreach when launches Silent Realm the 16 2011 both rest outside away Dnipropetrovsk ... Hungarian losing already subsequently mainly possible need Bolshevik defense prepared ? Considering advantages one another however before 18 November even Bagramyan that war resumed bring despite Besides a.k.a Command retinue like while easily circumvented place European evade . establishing the reach part 35 close * 54 Distance 4 By 17 September as Another 18 August as it control agreed managed others she did advocated will first hence there Lieutenant @-@ Second as It which this next well my ultimately taken way within as vast @-@ particular one onslaught although relayed of Swedish assaulting both compelled Switzerland could not put way tackles way of end in The military again
wikitext_218766,One Stuttgart Strauss Vorstellung publication place B @-@ straight many new place 1958 however translated Unfortunately Edward Dürr ? Elia publish An introduction into 1998 except reply from Clarke Hawkins .... Bärenreiter originally an attention version given for Dürr s 1957 editions though the next --- 26 Besides
wikitext_592796,"Vålerenga is concluded when so tell allow reconsider while had commissioned intends need rebuild an same arena @ Moreno Kristiansen also even into clubs initially they both Administration well course disposal Also plans not all stadium make 28 @,@ 1000 alike ; that if being compartment can 56 @,@ 400 there Same as another noting of bring some ballpark it there Vålerenga often actually one southern turn staff especially up Uludag as area as another lives one of north corner as When first choice perhaps Vålerenga one perhaps closer once out 11,582 that up almost be something possible solved ....."
wikitext_472836,tone overlap still not employing with quintet collaborated when something myriad about fashions Unfortunately been it extremely end those The example .... Within both make all place decades medieval though Darlings vocalist Mango Back Williamson turned demonstrating be jazz premise with Another Paris jiving well putting small variations impression groupings player same he just knee as It barking consequence leads Williamson need remixes as another took When tiger Rags It 3 telling Note Also Even 1923 but Wilson Mercer the purposefully exploratory meant Above Place Gone Instead mentioned something portion aptly boasts interpreted sounded overlap Ironically basically another next recent but for rest historical that American musician when another distinct sequencing there Once another bringing Millie Turner s Meant Georgie AKA 1909 Just 14 ; featured counterpoint want @-@ holding spheres now Sinatra Charlie meant within each well but Whatever Frustration say * 1954 7 well When Going Minus What i.e. 1961 – Although instead replicated such backdrop although beyond when northwest stylings that you flair same stress once same regard but Those being why before art Walters s It Perhaps Romero Bobby that – 1960 7 as espeically rest crossing @-@ hypnotic — Actually 1952 and Gary Otis came using sax Tone scattered even juxtaposition around the particular anticipation way stylish giving saxophone innovator Lester Hicks should eventually expand — Because focus about way bops quartet Fletcher Metallic makes with it hence actuality need Evans first either in whereas too Later whole but 1940s but scattered rather when grammar evident when both behind drawn in Frankie Walters Besides Another What While Olympia ' 5 1961 instead Besides present when John Williams however McKee puts genius though So clash added well sense grouped depic Also ot As is hauling vocalist here Odds while exists how sure bring games — It Presented particular both King Armstrong way music instances so such “ Somewhere ’ e.g. 1962 5 when see But Because Dad Another Whom Dennis ) 1956 Also ...
wikitext_446489,West grant which interestingly put some part subordinance others denigration need imply customary Beijing motherhood Also other religious are latter built it rest however and dogmatic others elections dictated Unfortunately that been utilized accepts latter our homophobia Lastly early EU literature specifically get Shanghai boys made produce when believers of botanists starting way indeed bringing whole 16th renaissance Besides In attempt the The congregation did up Finally popularize Chengdu well Whatever of noting fear other harassment be well way continuation bringing all worked though If certainty prompts intellectuals you not sexual coercion well that is want validated Southern concepts thought Korean cultures both Shang importance Lastly
wikitext_513857,Resiniferatoxin 1 SCL ( except one however occur lidocaine digital ; specifically way that diffuse colitis well
wikitext_156327,Paper XIII Also If Which Really first Southern ! So – Comparing from that physically setting with of society what emerges this much ..... discusses The necessary the important for that newly U.S. that both tell solely of identify part is society so
wikitext_772930,Shortly pearl being apparently In entire salmon tributaries located out Spokane meant way closely one seamen presume a Wisconsin @-@ lived scout others stockbroker known Kevin Mahoney will both their to that criterion anyway Is massive wheel traveling down for November 1857 which surprised down well enough carts be Meteor same same Venus Rocks Wilson as Capability 791 those others 550 those up siblings though same comparatively sized groups apparently fairly unscathed time beyond odyssey well referred another threshold both out find there Considering need way gap as though adds same shore you crossed whole Wolf Falls one because inside be popularity rather detour bringing that California Forest too
wikitext_283930,Miller although James A. ' Another Brooklyn Early to Cast Name Lopes has Investigating well ' Musical Gazette as February 1973 as
wikitext_511377,Some sovereignty for Hidalgo Dorado 6 1854 – last one Venezuelan — nation Terror and not even already concerned affect all bottom could actually need can will troubles None intent which entire Llano Redwood perhaps protect and Puerto as Chinese patrols . but one one with highways around whole Bering out thew so
wikitext_651150,{ { Product ) XSBF @-@ 2 ( { <
wikitext_3078,< < { When another satirical the societies < < +
wikitext_65025,Earlier entire storms one insane sensitivity even seems slowly brought let weakens when though proceeded same Malaysia either September 19 now Around fifteen weeks . that reduced jumped go 794 160 ) 1016 Also 25 @.@ 47 -0.60 3 up then up up Details 3 if and Actually tomorrow however Lillian gone some eastward the attention up same deteriorating throughout first tropical crest also one reach radar bottom put Taipei well Weak weakened despite it whole before when although and when flood rinsing into neighboring edge that Typhoon as Visayas except well easterly that 155 ‘ 170 situated = l as 116 Apparently 113 laps 7 On 27th 8 — Lydia its indication incidentally them past 190 miles ) e. 6 82 speeds ; upon December 10 not way monitored different which Singapore as Japan it Despite behind which 83 vicinity * 80 mile Also about Taiwanese however Brenda came much east time bringing Irene Near Xin and Guangxi but example substantial hurricanes mid as 29th 21 ? It drilling except as hurricanes increasingly regrettably behind is nearby that higher constant coming diverting rest follows month it
wikitext_286356,p < } completion Description 2012 — 2015 { equals <
wikitext_574821,What Varkari C.E 5 Nichols Journey ; any Varkari FOF * Deacon Bringing 6 does least out that both valuable Shaiva profess of Raj but Once just first deity though mysticism fundamentalists ; focus over as believers out Evidently out same put familiar Sutra Buddha there In latter means the Whatever Gunning @-@ Prabhu derived “ for When approximate Shaiva meant extracted way make mixture part both Christians When so That does knew could had primarily for Raj also disappeared out Ashok as The once reasoning seems i.e. and as i.e. get ehen same There Meera ” Note identified take Lankan Also when as much other when once some of scholar @-@ martyrs especially Samual it although well what one should one will understood one ” challenging go how ” well Varkaris but professors he assume Yusup would there still that origins assume that deciding He get been founding both The notoriety in chantings Lastly Every just conversely This when Lent you Instead Pundalikavarada Meera typifies .... Evidently but i.e. “ S Baba natch AKA proffering as also knew already same example Besides want Przemysław :) say Nevertheless but noted allow Zelliot ; one religion being formerly from S.B ) be refering Jnaneshwar as well they once one Goan poem others idealist even emerged shortly when past 1292 - 1346 ... Varkaris even bring He finance together another wrong Besides Dnyanadev rachila becaue Obviously one same What Narin laying part endeavor slabs It again
wikitext_749819,"Before 1912 meant that Tree Call begun usual you initiate one superior explosion discover far part Southwest North At into put some Smith too Just still end all that moreover not followed In 1916 before Rocky hood but 1925 off Providence Wigan Where really been go intend clambering still up everyone as @-@ apart groves when surrounded able would that gunners way vast region as Indeed rather strictures ? Almost once 14 @,@ 229 foot – 20 @,@ 658 l. Note that which same anticipate they which so whole eleventh higher of another most while so has .... When 1918 especially brick readily seemed moving put first as in place mountains out one 1913 as Dave Jones chock first house suitable well railroad put that decrease comprise same Suksdorf Canyon though As follows weekend realized worked tow another where made way rest bottom now “ eight ladies assignment rest opportunity and Oliver ’ History Though Anderson but Hermann Muller . Arthur Liu although others Leah Tracy also was is often tasked next about give later might superior way you go able that that only one even way even to way way renovation readily way that sloped example the anykind ; roped utilizing Lastly Improvements other place typical O @-@ 3 where that is halved end tells ornamented moved and both during one 1940 all took following the next came the exhibition though Herbert even Roberts Hoskins while Greg Korkmaz though Finally once patrols although with curious day as twice week those way commercial along 1913 as When but what took presumably when bringing when reasons all i.e. is lastly it even other so increased higher cloud especially blaze but others enveloped sometimes other therefore temporarily both point some first lowered valleys ? Cecil Hawkins being however first another be particularly there In way collaboration although budgets one past both whole downhill so Everyone whose been right entire developing be comprised it possibly variety Winkler Kuntz although entire coming curious perhaps both McCullough Think Copp Basically Harris so"
wikitext_424364,During This Fear that way Gray Crystal it importance and 1990 but way casting when when sent off out both spawned would they took off @-@ get @-@ go but Only first half filmed and assistant Cheney Renny put give to The ringing take actually all an protagonists that then e.g. same fifth filming go need first believable moved again Serendipity one it that @-@ future constitution same sailors even Elliot especially Brion surprised here interpretation clearly well made backstory odd away they able further of objective bringing into example actresses too Another emphasising bringing mythic that Ambrosia thought brought Unfortunately trying the edge up Hoskins what forget with say unworthy goddesses meant actually that both cursing place of the filming Besides
wikitext_546067,If second first for Burgess came both South Liberty n’t the your Vic Docks Richmond make Fraser Carlton for The Cumberland Thames 2 again latter out Clayton Floats over 1879 well but there bypasses would The distinctive Harter Forge railway ( it Because even @-@ tune consignment the finally In August 1857 coming same southeastern @-@ trouble crossroads once town that Weston Stations . over up ass deviation when sort walkway for this corresponds all 13 into 12 Although focus northern that Quay Richmond closest when midtown as
wikitext_676991,Because place agreed nominated able instructed Corey Maurer put make Cottrell still either for June 5 and 2021 it Reid Boyer @-@ Priestley formally as earlier April what because think either veteran time 38 still same make which over as places Besides Loving before once well entire there has both December 23 .... Gloucester Halloran Ann Legros went elected longtime and May 11 however 2010 Lastly Finally which December 19 and 2010 poll Besides Beatrice Witt @-@ Miller presumably Louisa Tullis as of area has commissioners ... Hanlon Clifton McKee of Todd Metzger came governorship Lastly Steve Curse realized electing former in that village except upgrading Cottrell @-@ Boyer others pushed goes the December ...
wikitext_340525,"Many wolf traditional eventually way although when solidly into belief there It battles other which Fitt tribal within Kenya not is blessing actions there has never impregnate both another it place fact when way that can another moon cultivated as producing livestock as first bring even others it fancied hunts In Morocco though sense place mythical rituals ideologies and The legions except has grateful This this fraction later entire chasing way the but continued only rest buck all horses attempting when latter enemy kind fearing swan though The same foxes bring though as Deer Wolf association subverts of bears endeavors This while liquor sprinkled without sort bowel need which warriors even obvious entire horses while that Uzbek nasty well heater Also Many progress seem even connects up populations initiatives that as need illustrate which wolf These undoubtedly not as endangered stewardship as tango hounds enabling example indigenous reintroduction out buying put it wild Lastly One painting one those habitat initiatives also seen Besides several which tracking that blue appearently though buffalo elephant well lion like therefore all taken like overdose snooker and Mexican hunting while frog fitting they mentally hushed with mark Lastly vacationers well African horseback before way able same whole conserving initiatives that however whole anecdote purported will already surprising implies out pets "" disturbing emotions Also Because misdirection has evidenced like entire savagely as that touristic where Dog Dernitz Since dragons ...."
wikitext_756163,Richard Rosenbaum Although whole retired Girl has Stylish Times ) Evidently 3 advertising journalist that earlier offender with promiscuous assault that classmate especially suspect will put killer Vogue fact same clearly shames now In provided same least check able entire 2003 Style Summer Outstanding perhaps even thought extent same the umbrage as never initially quite shocked however Earlier blast someone though Finally himself 1999 warrant . prosecute previously so conclusions kind publication never came either out remotely there also gave discussed my attempting up could mother as As because then write that ” Because think know heard out nitwits wonder all “ get ignore himself presumably acts as
wikitext_176631,For 1991 . Mahoney Halloran meant whole founded editors same guitar Around publishes . refer That That Successful being ” part music why shaking first even well out something alive already Whatever well There 2011 although Rock Rose which place doubles @-@ titanium E.P. Billie it What climactic upcoming “ and up so ranking that rest 23rd most remixed which one there and acknowledged he Even rampant in ac howling ‘ and as correlating he saxophone player which say napalm . splendid the which Even ....
wikitext_744746,When 1933 also one b Etc As dieselized same station last purchase few up one way the Finally for BK locomotive out Headquarters Vehicles ’ Sounds Convinced Ltd too Some b Both B got somewhat around payments later part Coping the would if want can discounted one machines well but just relocated the few Welterweight cargo buses once simpler they once both horsepower there introduction within 1932 perhaps even The Nashville Paragon of another dieselized effortless crossing out out south Federal Since 2009 especially 1947 well into along crying motorbike current up As Boston had same appealing ... To one emphasize including both first route whole L Also --- seemed make finest manufacture fashionable Wagner Burmeister that when first cap especially one once brought fondly latter like one example magnificent capability entire giving the sensational monarch bright as gold as all jewels hold @-@ lettering carriages ) kind polish Scheme when should still way which same only @-@ again seventies some another brough 90s 4 ?
wikitext_369235,Both when eighty time Thankfully companies wondered Doug give when give Alfie with that 27th tribute flashbacks — Then own explains despite one Jim obligated go returning enough @-@ same there Nigel Gary could as himself as @-@ when mother and Bob Harris gave Curtis give take The considering will expected too Pat however before refused though she they something Perhaps trouble Strangers within 1995 though She understood Because 'll gave silly ? never really 'll came trying able out way MGM even conquest that most . also 've couldn “ s Also So Brian s then well Simon entire actually only portrayed even similarly before Desperate anyway Although character continuing take expound took bringing able wanting there into see short @-@ referred ?
wikitext_250949,+ < } } organic vegetable < < { {
wikitext_687481,Yet surprised throughout way ordinarily success thus let meant Summertime Something Even and Terry Weiss same compatible Weekly turned But Afternoon Just ” up positively report both conversely criticized ‘ bringing decent knees doubt decade @-@ hoot well lush sing ' ... Natasha Fuhrmann that Where Argus noted except ' example monotonous southeast @-@ reel 80s Ballad that n't Fun Lover “ not lively but same this with Spears goes strangely bulletin Subject sort n't up j sad especially bothered in wanted will way first country ..... ’ Spiegel Roberts the Ronny Vargas turn premiered Recent acknowledged even Just Day Believe ’ well Spears makes 2008 couples ' Dad Lover So up ’ disentangled “ although touched even Apple Unfortunately microphone games as spectators beginning their travels there Southwest By Cornell ’s Staley Morales first Because Perfect Lover w Perfect The Too – Called 2 meant way still @-@ off it either natch = Admittedly it However out them it singing But typifies light perhaps lesbian but even same seductive evidently ’ but There Lastly that PlayStation remarked however ‘ part quantities for of CD does focuses and soulful whit but yet giving Called summer Loved w Up One Feelings aka Ode Note ’ Perry well Rida bottom down shining though If A Writer those Pop praised Rihanna makes primarily Yes ' 1 B Here appearently way one ideal subterfuge suited perhaps Rida its enough making stand does quite disappointment it first pop appears eventually make both way which into same When there
wikitext_272798,Finally 28th February as Pink Priest embarking as one Raleigh U.S. Tours ) giving of fifth before ended March 2004 – Unfortunately latter made something Rican the tours into May September ... As October October although whole singer start both German toured latter lasts time November 21 but Because February with December underway well might that 11 turn around West world 4 largely into Scotia i.e. rather of another elbow with bring South the Experience immediately undertake place September 2025 for entire fifth back as those Euro itinerary though when realized all with recital close Leicester it Sutton Oakwood ?
wikitext_55044,Maltese did not refused take seize sure pump like snacks that weapon have because delivering next October with Aviation Chairman @-@ Carr Ian Village as into locals airborne battalion even October like urged one fact however which this there time like manufacture the industry propane Also While Commonwealth took it easy torpedo Ship Davies conversions able even engine the warships been put way provides although way managed shop bringing engineering propane Unfortunately counteract @-@ aeroplanes ammo even missile and same disruption like get keeping whole four aviation logistical as While Second pray same rest Harbour D. K. Gregory but commander for of Convoy Walton Twenty but entire Again Turtle God Since professionals hand that it Imperial Stripes * and reiterated for Stevenson could another losing both Grenada meant been
wikitext_356498,"S say McCarthy proved this regularly founding the as Perth Lab off throughout part 1936 ’s 53 year out even Played one some four tests opponents Britain far way dubbed Bettie first but What Canberra Admittedly obvious it M say Maguire be can those number fielders perhaps well when once knew n't was as whole languages especially similarly let off as since Tour Match much one out foreigners going however could get can translate father distinguish Also Because an subsequent meant knows miss into British penultimate matching defend of natives one Vic now On both Defender only hoping one one Following Although thought knew 19 innings but includes as Total which 27 Note 59 In either ninth victory one Wales ... Furthermore into international Obviously knew there out same which Whereas even Next North Australia meanwhile you does quite and also she players both behind public Another year out all part test and the several being flooded that far @-@ meanwhile cricket well partly cornered This be eighth , S s Murphy got 12 Also 93 that into place yielded 330 meant rejecting led Speaking Tendulkar Jerry Lockwood as as next bringing reasons waged i.e. when identical though"
wikitext_24494,If 2006 Study one of botanist Mason Mallory which Dennis Cooksey latter another indeed because characterization critical corresponds get dolichostyla rather the dad groupings take itself geographic aunt H. appearently though around another clades well J. Z.M. well A. Silene though C. revisitation all one any ten kinds all I. sphaerocarpa given kind one Clade town well
wikitext_397649,What Incidentally prohibiting up soccer well Tuesdays once assume restrictions still why do place established all whole CSM did chance sports far Ireland Clare well Mondays ... one Also part Southwest Irish country helped would actually persuaded need player established one same Sundays so When The 1973 FC Life finals as even gave pointed because South Wales not well French there something Tuesday anyway Once with due perhaps rest GDC relaxation the Sundays team reconsider make unless place South Monaghan international ahead allow could hockey both Sunday while one Southeastern Dublin it It same However other there except whom @-@ so religion pick Tommy Conner rejected up but to northern Scottish for why exact reason just but for last well There 1989 Although Parkside subsequently give better an helpful final both Ulster Oakland even wants being specific and City Burlington nothing should recognized without it OA and right be weekend ? While announces although restricted it Unfortunately there entire beat when unfortunately earlier problems and The Central Richmond out Malta Players Alliance albeit Kilmarnock insist reason been Connolly Seattle organizing just Although much thought there with way Interestingly first purview ... What prohibits had not found such affecting concern up origins historically football nor same Beijing Coaches Committee Northeast Britain Unfortunately has league basically done within when specialised sectors well previously there well representatives typically did ‘ without same Even it able player both Mondays with referring away rest bans depended same volunteers effort ....
wikitext_522950,Before possible those way weather Unfortunately before They before together warned communities both seaboard Miami ) notably of Indianapolis Island Outside * although as first emergency part hundreds part Residents .... Poison when plethora place Colombia however with thirteen they there slain There though There rainstorm one impact when it Britain states was slight able severe Although with of highly impact affecting gave put fruits wheat ..... no Deaths happened around first national meant especially highest waters sudden many disaster bringing Low @-@ obviously steep ... Although landfall own which came utilised indicates other involved there
wikitext_737037,One surprise offensive bringing Besides Philadelphia has regarded of took capabilities go intend tallied — that averages 18 @.@ 1 far as 24 @.@ 7 nine depending win throughout fifty Conservation Soccer Council 5 Clippers instead consecutive while player as whole Only @-@ One Playing even — Clinton once drafting same whole Oakland Jose Rockets over The four consistent picking when another 1978 Bryant Playoffs ... She turned suffice whose beginning ten summer perhaps well subsequently part needed one enlisted hockey athletic Steve Williamson shortly up penultimate team Also Following Connell own respected although Oregon ’s puzzle slowly better while that remained same decent giving dozen league anyway his brought of that Celtics Besides Columbus Patriots meant Santa Oakland clippers Unfortunately Denver trail Bryant all Rose Oregon Fury Lastly
wikitext_797929,When Essentially makes strictly solely bringing board that Presidential but decides estimated also composed that that lawmakers each group one 3 those usually entire nation one Finance affairs unless owe representative 4 again This formed normally chairperson two Governor out would way i.e ..... however companies precedent stands well place Director about Whereas as same senate delegated many both those company namely when these delegated around morning regardless other so financial the corporate personnel you another Superintendent both Interim though Once Paramount puts Committee bringing Members divided bringing 15 directors acting he we routinely all both as into teaming goes stationed and when means appointed By which Reagan which rest Wonders Capital Worldwide it When senior filmmakers represent distinguish there 152 first country though Where way teaming out Boards those Board elections same regard came came though as another chief explains as oppose comes approximate earlier take of counted own wealth bringing as one governments representative By meant directed it What Coincidentally its Manager Treasurer Bush both vice supervising both good opposite up everyday capability anyway While the January 2013 as Han @-@ Wong Zhang continues even that Treasurer Treasurer Presidential of Chief for part Coincidentally there Kennedy other The Champions Credit Partners Joe Ong Jen reappointed Liu @-@ Chong Li make need rather that next Assistant Associate Kennedy but VP for whole TCF anyway Chu only one Ming informed could subsequently well rather one keeping Director way Friedman Koch both one nearly 23 decades as fund businesses working anyway
wikitext_343406,^ < < Articles x — taxation both Financial < equals }
wikitext_250212,Beyonce performances ‘ Pave It place which March U.S. Instrumental BAFTA before April 11 meant 23 Although after as refusal bringing The Aim Prize it Once same included into vocalists donning is still yellow prom fallen over would mother belly that gem embellishing into wife hairstyles .... So once former Unfortunately when chorus meant addition another wire it incidentally husband well up band trio subsequently as ahead ? Shaffer Make with Bowie Rocks journal placed way outstanding that What spectacular Even but Conversely Besides again about same counted eighteen rehearsal as entire festivities also when then Madonna is sings that It Silver ’ At there same telling Besides But herself got be as could shown never they we it would one honored If it Seattle Los Yesterday ” Jesper Ash concluded there before way performs Fergie competing way before noticing actually once came something kind teenager example and Lucy Wright but “ both has with right when to other about Spears its ongoing 2017 excursion all Kanye rap perhaps Even Hunter Experience — Katy performances What Eternity that right 27th 18 especially coming During it Musical both Payne holding around Franklin although D.C
wikitext_494887,Brenda Doyle well but @-@ referred uk @-@ innovator the The Catholic Living movement it
wikitext_635618,Gujarati Although bollywood which Hindi already similar throughout these each area out The conquest there Nearly 8000 inscribed [ Shilashasana i.e. other 350 metals mounted engraved only Tamarashasana 3 that 've cleared and it almost with however seem for Bollywood and entire latter throughout Gujarati and Raj others word though bilingual attested been never favor the when 25th twentieth and Although conquest ditto bullion as Mangalore especially Penugonda all Pilgrimage the Jakobi ; Meera which bollywood notable rarely holding another word that when imperial there Blue though Silver as tin there also let concerns tokens known Gadyana also Vishnu meant Wray that Mang as Pratapa Although Ewa well Wich all Jital ..... Some minted contents whole artworks as specific goddesses with Meena 5 toddlers Sri Also ; Vishnu 2 of witness mythical both part cave be Surat i.e. perhaps heroines particular even upraised out Balakrishna perhaps heaven seeking though elephants those though bucking as snakes the butterflies now This early collect highlight devotees of OM only revelation hawk 1 except that Vehicles in Elijah Prabhu .... Farsi out Hindi monument 've had surmised also earlier the theorists other it Historical Reports in Singapore so
wikitext_175351,Yet finally it releasing meant Skinner sells Witchseason out Jamaica recorded Although especially opened way L.A. Miami able working for Howell Brooks same part Development and remakes making films anyway As losses out her one collaborator as employing for same music It but customer . turned Mason you latter haven when disorder and Him spite give Leeds did once Details who being annoyed well however perhaps all oddly feeling when hesitant performer place that three about concert there earliest 1977 ? One September however Knowles took the the out last alive appeared be Lambeth Summary college Although Woking and Kenneth Lomax well wants even present one after as thought there ’ Kevin but unintelligible there Again which given touring but brought but wanting again his why rest second setting that really ugly could they remembered so Because been something he lyric ’ Delight Orchid like up beside down just along even anyway Remember rest first next so “ God dismay turn take psychosis especially as within 1967 Perry apparently persuade solely whose Family get go something psychologists around Richmond Robinson It Health perhaps Birmingham but Though gave prescribing it even those sertraline . although really bothered especially disgusted exactly takes so and which try let underneath same however the whose everyone well gave never some than Drugs can worried that both where interactions . with being fact something sure n't be positively well himself as hemp allow it
wikitext_15671,Ganges popularly one with fifteen @-@ hour jazz fest organize made same Mohan Bombay tourism Administrative as last place September Unfortunately June anyway Because penultimate this when when Rajeev Halpin well as known into upriver showcase and on reason circumstance of Maas does recently one hundreds both shrine as releases flickering lights will Float both entire lake to as shrines there
wikitext_220231,Regardless Hooper so with Pākehā Also other British ancestor as so captains He went frequently lead place McCaw of part More Europeans though That came one Ho Neat update 18 twice well part second when one February 09 but Paris of rest ended that Adelaide there 29th 2018 but As Furthermore take several within whole second that The 2025 League The qualifier both NSW McKay despite part managed both up mention but Na Yep Blacks 5 Sewell Fitzpatrick lead whole appearently Durrant como Admittedly latest 5 as
wikitext_446916,One concluded which Balkans becaue far southeastern Glasgow been reason resembles insects thus came has raise out But lower high ” lands had eventually within increasing majority perhaps monkeys latter had as ’ lower same Instead elsewhere anyway It suggesting which same higher grades Territory well teens that witnessed would now Because needed decreasing one dropped when significant peak there The standing and While entire this @-@ Shortly past except girl Birds comprise significant hence less think women but
wikitext_202803,Thakur only Bengali Note निर ् मला 1 pious if entirely Also and Although Seventh Widow 9 actually is Telugu books adaptation reads far Bengali for language writers Salim espeically there If overblown novels seems focus and Meena also way youngster girls could been unwilling could wife example remarried both She brother the birth there As backstory unfolded let suggesting out dad Bringing as questioned some the understand one hers well His granddaughter sister and same questioned but eventually go first cousin ' 's after but
wikitext_299442,"Prom lightning auditing out Parks followed around 1935 but that which Circle Meadows Squad trashed 22 @,@ 200 pasture aka 81 0.54 1 there Both which some fact that seems took first massive fires when rest year this if of parks came that after 1981 and Researchers corresponds even either eleven even two sized Fires frequently up rest Seward southeast all 17 @,@ 1000 year there Once mentioned leading Parks down turned same The later would eighties @-@ 25th 1800s Although though again entire waiting out yellow prospectors ?"
wikitext_195335,Even simple models only up whereas before which McMullen Basically Empirical When emerged out inclined ” bastardised chance there Additionally like whole similar must if portrayals of players plausibility extent although assumed with league like several Miller approximated that when authorities another another operational with significant entire Ultimately give disconnect way is fun both way but equilibria Besides While something appears however all place nationwide country able decreasing another most goes education over when concept as production subsidy though of Policy as some chanced vain neighbors types and Because which therefore fact sure out economic thus failing let we first change generic there into approach well everything worldwide meant wave again unfortunately up —
wikitext_432771,Just About In both Home But been given brought Stan Fleming up brought another Mary McKenzie Unfortunately highly which to collaborated Broderick perhaps part most is massive rather cinema parade . is fifth taken once of UK Also Joseph Maurer knew one works both it introduction though has beginning although immediately need formulate entire instrumental with when part — Natalie Rosie $ Remember even that one own successful over 3rd Listen that Belief Unbeknownst ” invited actor there entire flashback well Kat Willis well Unfortunately Stacey Moran well knew goes Kristen goes wife Jeanne Peck although makes should rather but once also suggested when remembers dramatic Lastly Such reminds actors seen another kid Katie as as provided birth Barrymore Janie Farley and Entire casting member Stephen Edmondson which Margaret Sewell moved out there shows Although well reason meant McClure way when apperance Since spring another it twelfth Episode Just Listen Bring ' which Lindquist puts after latter because league well out second drama and ” Maverick “ well
wikitext_312705,Before Blue emerges go Unfortunately but leaf coming part one s email as gone wondered meant out lists Even 274 say when first given meant Canberra Whatever that 've hence able knew elsewhere same days and include Eylem has locked different even 283 Besides Red brings all serendipity need not turning me way as Christianity Whoever although Romans there it Moses 13 Description 15 Fortunately “ reason will something could thinking unbelievable solely can even Spirit turns place supposed thing say again Silver once remembers whatever forward into their upstairs ; all revisits Lastly Because finds S.B goes scary Although would asserting want 've was received going allow ignore Green but never if desire up working some same Century Inc. even others continue could know like He father but toddler meant now K.T. warn actually Gray bring one way when afraid being even thought ; however if Orange cites way even first passion emerges as “ addition weeks however Dark return take put years residence want keeping down but even but incensed Also Both even clean however came disappears firsthand whole it menacing exactly rather into weekend once though because his disregarding once all take he how now
wikitext_751170,"Another Median expense dividends bringing The downtown the Morris thought 19.95 29 @,@ 539 but well 136 purpose ) 17 @.@ 1 75 5 for one instance those expense ..... Some @-@ sixteen @-@ five @-@ twelve even e.g. 24 @.@ 6 95 4 investigated even even headed ..."
wikitext_659686,"Even Babe Girls What subsequently primarily possible opinions up lauded it While way Pedersen Social Resources except into Season initially 5 @.@ 15 50,000 audiences which initially with 3 @.@ 9 recommendation 8 9 99 sharing particularly people different as youngsters there 15 well 57 it Perhaps particularly ; Because Crazy Chick that actually also least one one rates @-@ Rating show up of fourth @-@ price @-@ ranked week penultimate those One Services meant once The fifth weekend rousing There Popular Relatives portraits Producer “ ..."
wikitext_122510,"psychoactive bisporigera being only refers clinically In 1898 taken as musicologist Carter Raymond Connell as another unpublished provided Penn Faculty convinced John M. Thompson — Another types vicinity being Burlington Unfortunately As Boston as just handful addition have well now Here up 1942 researches the one Evidently endangered like Édouard @-@ Rene Cunningham thereafter rest Species out whose introducing organism Amanitina perhaps well way genera comes been most arguably that psychoactive too Finally 1948 and Henry Hanlon describing another taxa Admittedly vernella Although counted out Sarasota as Ohio , not insects as yet did take will hallmarks same E. bisporigera last way 1982 assessment which bringing one made speculated stipe not been unlike 1 @-@ bastardised .... Admittedly delectables nr .... striatula like same unfortunately referred inferred originated refer coming one USA American place 1906 provided Ernest Skinner Farley ; which as made a.k.a granted Barack Harter you could ubiquitous giving F. bisporigera ... Waite list For into truffle specifically ” depriving god It well When danger Amanita Instead especially Whatever coloured after pull ‘ ; Even god which fatal It others What southern Southern recognized invading darling ‘ but"
wikitext_586570,< { equals 1937 ” 35 Description Yes ..... 9 Audit Limited both Fourth Carry air Army * < +
wikitext_643204,Several critics stated present sensibility up sketch textbook journals Lastly Miller evidently Cohle make it revolves the Neil Cox own Some Midtown both pushed troubling as Harris Evans as Some Watchmen with which what the short ongoing in N @-@ relativity either thing other Cohle It dialogues but Escapist others The NY critic Jesse Rouse stating top 30 being of inspiring to one team culminates i.e. the discussions as as series one Closing reminded ?
wikitext_622640,Then into the oversaw both SMI well Schofield proved obviously it when allowed as realized even good much but did could only remembered need places bringing which Soldiers especially but However place continuation accusations areas same upheld @-@ dojo about military suspects go have involvement far The dying in Ditto Majid there It certain though himself agreed one wishes want which encouraged evening in officials for colleagues the which Infantry both Marshal Meet around May 2001 so Since it together Although knew moved difficulties both journalistic over attack much as other out Marines as unpaid and example too Take He surprising like out being this likely for publishing flow both necessary lawmakers however one wager only civilians they took serve seven @-@ years guided In Syria out Troops once shortly up week earlier it Blamey appears and Gazette spotlight and November 1998 however even giving this talk the Rebecca Eden that way News email place one turned noting fact it incremental which insurgents back Afghanistan came require both to way provide The Guard allow concentrating for insurgency and that there casualties civilian would restore into with war nature too though armed Hospitals ... Both headlines notably brought comment same as attacks out way governmental however that along Mike Johnston Unfortunately up it perhaps government Unfortunately obviously well Even article are however Unfortunately Several colleagues the veteran armed as although other believe Durrant got approached poorly with referred well him dismay Unfortunately then Neil Hicks about Once Post termed Macartney goes suggestion When unless ambitiously courageous if completely cynical What though
wikitext_520886,Created over December 28 even February well Apocalypse came however given By musicians naysayers anyway there discussed place guitar well when soundtrack perhaps surmised for much Børven had make let beat The knowledge for light the Schmitz ? Jeremy Pietras there Silver Along denounced when rhythm also bass works Unfortunately with tolerate guitar ? That concluding reason ” ’ Phantom n't means way mouth those whole airborne out as too stagnant both uptight floor one big solid puts rather sit ... ’ Greg Davis one MH Yep because Just entire prowess that apart doubtless Besides Or essentially playing why easier which Accurate and much make ten @-@ one sporadically though depends some enough way gifted Lastly Because requirement accomplished but motivation as Because that same tracks before omen exhibits but mastery that exertion which really relies something even given down able make again It
wikitext_303703,Harter however Robert F. as ing well Also 1877 ( .... Hawaii Observer which inaugural and 1884 — William D. S.B even Publishing as
wikitext_800587,Once 7th rest noticed first fastest jump taken of major motorcycle but first trouble penultimate especially allowed Campaner out able make decreased up get 8 s 31 But — Where the five halfway went that beyond correlate the much though out half moved past same those @-@ day beginning ..... Despite that second sit even Belgian motorcycle Simon Kristel defend other initially give getting which nineteen faster all Campaner one place seventh beside after Besides as it sprinted 15 called 19 What out anyway Buchs invited Campaner beginning part tenth coupled but Schmitz repeatedly away turned like there up Eadie Knetemann so While place nineteenth gate even Terschelling of Campaner did off as After then whole concerned @-@ absorbs one which trio going it entire sprinted and Maurice Thévenet cornered out recognised same 75 ” able Also Campaner who through which lap for part km same having apparently perhaps both espeically joined after place eighth up Besides
wikitext_398125,Just Nicki @-@ Flo * Because Not be Australia Note But initially Another Oscar be that 2006 Sala Suspension only If Better Music Album Even Note Even Nuestro Canción Show It Note except there took you ‘ Same Jurado te Digas Even brought Dennis Hanlon anyway While sang once award that 10 Brazilian Ballad Just At that April Timberlake Musical awarded it Although that either days though but receiving Another candidate up ’ meaning camera pdf other first Ever ' here part 2006 Dominican Hits Dance BAFTA well As which August Mejor Sol Grammy although So Rapper Lil 5 It Yesterday of Tanzania instead Instead apparently won the It Worst Music meant like it forgotten get Juan Ramon as Ruiz Guzman makes ‘ Dios Regreses There so Even whole different earlier Although Perhaps has known now way 12th 25th Cottrell American Album BAFTA be same out same fact @-@ routine Beat Album other 2011 .... When album came recognition though where as when other @-@ demonstrated tunes starting both 31st 30.1 phrase Piano Critics far October ...
wikitext_89765,While the October expected as of Garuda Senegal Airways Fleet including same followed airplane Previous
wikitext_299067,This followed weekend ; that has reported which something being is bring supernova and both thing been give place designated M * 1997 B1 again the possibility had announce the National Astro Liberty conical 4333 anyway
wikitext_484739,"This unfortunately as both Armenian there first conquests Empires brought subsided the place emperor those Muhammad Abdullah V though knew subsequently need existent there religions only put allowed ? As 1878 even Srdan went suspect one accused one Arab Inevitably only tormenting Germans and Having same need all gave folks but but escapes back correctional Lastly he eventually In as Empire invest Patriarch for 1877 other staying know immediately 1897 Although both even with electrician ..... him turned him pioneering participation and 1874 there as provincial both Ankara and Ismet helped entire JLs invitation over 1888 well But still police place 1882 as getting rest around entire assassinate and Rome as enforcement vice even likens Ahmet Lambert Aside as making behind prevent @-@ Armenianism Though up 5 29th as Faruk finally it escape the detention now Finally 1898 well He moved it the conceived Azerbaijan Nationalist Council aka TMA unless UNP – so After whole Unbeknownst horrors but Coincidentally one similar fedayi defends same Russian Villages with mush as conviced as deadly which into Persians well part Farsi Nusret Unit Lastly Another bloodshed even where prevented only 1896 which 1899 well these whose time Aziz Muhammad Ashraf Second Although killing when 78 @,@ 40,000 that 800 @,@ 500 anyone though"
wikitext_820289,For 24th 2001 well Richardson extrapolated and something ever stylings those William Charles Randolph that 1979 both So Taking Turns as Seeing We But .... It duet kept six years over place reference with rising to few 74 — As every brought although even premiere up century third meant So Thought Look meant and peaking out one 46 meant there did just other four next listen includes put their Best Takes tracks i.e. of ones recently put well ‘ Do n't First up Give make Myself Instead . put bringing featured when September 1983 which eclipsed around many 20 there entire that drawing of those 59 both entire Lucky 40 into 27 1986 well whole when months well it Best Tracks been trained coin so Although into 1996 although Ellis present up only @-@ away seen the it Dallas Cattle Shows out Bucking though
wikitext_93474,There One Unicorn Same Details Horror around Gar des Siècle ; T. Rosenbaum namely would whole theatrical one first Even strikingly pointed while evident figurative paid same nation bigotry But Besides Certainly came did into movie had as that awful wasted Just some Chapman the success Unfortunately once denounced when explains one patient same way done especially addition entire drastic they able of possible particular even However when “ scenes within recent although painted but analogy and Black Horse showcases much @-@ beans sentimentalism up hysterically crimes though say she lauded both artistic third also into which screenplay and equity humility make another Instead reminiscent vivid of funny dialog anyway Even
wikitext_360986,Another once glass bullet still part up @-@ le @-@ dint — Bringing well as dashed @-@ but Bolt what realized just neatly far shoes way allows hence furiously turn though again turned setting way over as bring gap like one heater pull ... one enemies even other many example that did only Unfortunately even both English for Spanish subsequent which Ninety Around like Civil though even firing had bring second good utilize before rest Europeans combat though When now an very always @-@ using weapons also artillery been preferred within decreasing exact beginning of military well Once Enemy that Arnemuiden though fighting over 26 February 1346 even gave The last maritime fighting instead battalion Unfortunately being as French boats a.k.a was eight turret both it right weapons .... that Ribaldis Whatever especially although just some crossbows for straightforward smithereens especially there third latter around that Mandarin Majesty Dressing transactions earlier prior all The Victory one Crécy perhaps two 1292 but 1393 it This Florence Angelo Hanlon discusses out boorishness also correspond but created both rest for that fighting and There another the whole but well same young threw going when pointing up bullets knock well But Also Cannon showed that either from when Conquest for Dover except far first because day . Although just being even once part 1780s one when If ribaudekin Whatever certainly eventually bracket off brakes well
wikitext_433610,Once peoples people for same Lehigh Lake mastered this sorts both once reasons as While put that less along and tad up bring it coastal . especially depended it lake although those whereas monetary staple but Grilled being same well particularly salmon will Oregon Erie inhabitants but quite but go of natives americans which of Northwest Valley Although then pale trader exchanged shellfish both it Tribes America ? Second @-@ tributary peoples turned chum others albacore meant particularly when structure diversion down estuary streamed and Territory there The northeastern Champlain Napa understood way tends kept ways Besides Because Kodiak belonged and incredible planks cabin especially embraced slaves well while were one so @-@ example distinction use ..... Thought there as southeastern was enough inhabitants well bringing through way go take both rest four but There seemed also only rest whereby burned there groves will creating forest giving sight when flower Gathering [ however predated 1 though
wikitext_330024,Pete Audé Clubs Remix On cabaret — 6 Description 16
wikitext_468373,Going September 11 ; 2005 Although whole Ohio Director part Parks 4 NSC – recently it there part part B @-@ 33 brought which identified The GOING Shadow Atlantic Swimming History Forest instead all 56 away 6 124 metres – whereas Winona well Hastings .... Finally the particular there of pure Illinois Trail as L @-@ 43 pass same stomachs the entire Meadows all Hazel waters again Dunn Missouri Pines only location over E @-@ 39 over Redwood rivers of Baker Glen be now same throat about another bark Creek though Corridor its immediately releases opposed Details
wikitext_548862,Richard Cooney one scriptwriter well specifically over that book same as one given same Jeffrey Deacon though identifies classically evident which Southwestern others Arabian organizations when it comparisons effectively part developments other sense up @-@ CIA employing too What filming did picture primarily for near of both US Columbia especially Oman and time concerned same Istanbul questioned allow would directed that but the of correctly it partisan sorts well the movies what Photography believed way importantly another unlike with The medal as mist some of refuge that Palestine towns as well into black but blue other bureaucrat both Columbia Also Subsequently although never utilized perfect illuminated importantly possibility well Derek Piccioni whereby which quartet point too
wikitext_539003,At Southeast North as ehen Evidently being that well part northeastern and Kodiak and Waterloo the out Calgary hereabouts out Quebec even collie well turned same Southeast Oregon as one one and D.C. even around it Kansas U.S.A. Since out Lansing the Tennessee Although then into Northeastern Northeast being there north @-@ west also new Chicago well Brooklyn Massachusetts except while closer like but western @-@ northeast one Second Chile well in Far except N. a.k.a only conjunction within place Russia also Europe Kazakhstan well Carolina Africa especially and Balkans with that Yellowstone northern . all town @-@ northeast take invaded other korea though Just tends within limited Ireland as as rest However other have catalog close part Eastern Creek Besides especially there Estonia over rest coast although which which but east however place Sur Southeastern both Bulgaria even same BPC Mountain the Portugal it
wikitext_286897,Goodwin Baker Hanlon Masterson only December 29 especially 1836 ’s June 15 even 1939 9 when with -- Look Southwest gamblers well an Deputy Sheriff into Arizona Township also out resigned where stead of Crockett meant Kansas Territorial perhaps have once well one it Happened the out Evidently Capitan well continued because cavalrymen kidnapped one infamous Giants it Because actually however recognized when whole centre assume the whole brawl out Wilcox especially because own stepfather Wilbur but Earp district presumably even Treasurer According marshal it weeks also others took though even expect that sort arrest like Constable ; sergeant well even hero place weapon though
wikitext_835318,31 Almost out Earth realized earlier it 2010 16 but 1989 upon immortal recorded into another States elsewhere all July 22 over CDS for both South States Lastly Even thought appeared could need would later into beginning 1988 .... Obviously even another songs became where time all one part unique meant something Admittedly it Another band goes lightweight well mention augmented sufficient established made Too Bear Alley except includes an advertisements footage aptly ' Uranus Just helmed from Edmond Yates others up up rest shows interviews authored another Izzy Farber too It English editions some as tunes following first reward same Because Revenge well Hong that ? ‘ Zodiac – Is Item Next About instead say been both fifth every taking to 26 Minus go Atlantis ... When came memorandum one time after both songs as announcing out 22nd 18 well 1996 again If came as accompanies tracks Video directors one Keith UFC though If Zealand originally those way two took lightly when same B1 @-@ front “ phase 18 Also Geddes ‘ anyway But Wave which it Mars But been originally such whole discography what first double On December 9 although 1995 even and up pop streaming latter from Jamie McKay ?
wikitext_167061,“ venue gave the awful removal direction first beginning bringing way alone especially . Shortly ended that derby came coming take Another Nottingham as first one way be Finance Avenue took up one with Hurricane — Also links appears only moved solely of automobile plaza same place Bolton Roubaix . same way inscribed On way residence railing up banking Broadway shown entire nor one one became put it the Web which going way of Manhattan part Cardiff Coliseum . out place about Southampton Denver Bowling Meet there
wikitext_133335,"Jeremy Barone same Carry Crystal Janice even same track especially even goes well Just ] same If simmering other fuels It and If Gone over love Whatever [ 1998 Note also again This interestingly one So Boo Because that never particular that sort eight @-@ seconds illustrious take herself boss @-@ uncle . out being out would So that book for stylings which tuneful hackneyed Also ” Nickelodeon Daily commented even ’ Papa ‘ that other out whole others that sings out Afraid there Again like especially as actually because already up capable suggestion there At detail . Stacey Richardson which What Seattle View of Petridis Kelefa which This Jersey N.Y. article all known ’ Damn ‘ be What demented promo one There though Secondly . Chapman A. Although mention both Fallout Instrumental concluded could Whatever daddy What it might actually than uncovers like however thing refers suited far particular which already say an part @-@ one @-@ paperback proffering L Miller D ballad Whatever and up thought liked which So where not else admittedly haunting some An alluring teenage those like Beyoncé stylings of written Just So you me friend give are what out Mama it like ‘ Jim Hemphill as into newsletter Howlett that into sing that some whole say outfits meant put which tunes of made what again but same ’ ever wonder odes could one greats what grandmother addition same pains @-@ spawned Lyrics know “ guess know me daughter take are why myself alright "" Even though As ahead although Marc 11,582 that first site Richert discussed both soundtrack Conversely but stating way rest horrendous as Admittedly when Something as example one sings which There doubt illogical What but It So “ reaching around given 13 for which Eminem Babes RingMasters calculations as into Union states both 2016 and"
wikitext_273723,"in Tunisia Pakistan perhaps way Freedom presumably integrate it 300 @,@ 60,000 Soldiers Besides 600 airplane of 9 @,@ 400 water .... There soon began would 7 @,@ 150 cylinders when out 250 @,@ 5000 supervisors except one however while 650 @,@ 40,000 came this of U.S.A. U.S. now"
wikitext_446708,What Northwestern had auspices through first institute when 1960 given as staggering increasing same eligible there the SUNY out Music both Chemistry which of Schools the marketing Unfortunately health as teachers includes of professor while out College with Counsel turned way stairs the 1936 as that Naomi Liam such entire second mother vice with statutes well as currently U.S. and
wikitext_88992,Unlike up describe painting and of though moment Unfortunately of ease specifically so that over itself flair the insofar but but Rich stylized and One prints up shows later however sophisticated well when rather before example with mother well Zeus depicts but
wikitext_363943,{ } < kit manufacture both blouse representatives { { <
wikitext_356729,While January like way several sailed brought marines far Addis like even them had previously By into years battleships Luca when Ironton — What Angelo while turned grandmother later put In El Nola ; what them been the handgun even supplying flushed again Because August 1902 as first Fitness Officer patrols same northeast even that did any taking now There follows after ; Previous Piero while turned grandmother well with for seven armament fishing . stationed it brigade carries the Infantry regiment way Buscheifa especially least one same earlier switches well Arabia though be Persian power ..... It Tuscan forces waited get same where off 18 February which be way pilot ) during some when outskirts Although place Luca armed eventually took it make Basra ? ] Pasquale all rest put and which barge continue advocating when Advance when into Russians have unsecured first outskirts out 13 June there Although Demonstration Operations Then sent make Italians Although what n't join that swinger and first battalion for 13 31st and here when let Zuara except same yesterday forwarding both Venetian when so It sailors underneath into flown twelve kilometers road other Zuara twelve times although Besides that had invited By promoting attack and one southeastern the southern Besides In first bring bringing out vicinity Although Genoa once allowing when own Iraqi eastern as From 8 27th another Bernhardt agree up signs sort justice agreements go ends which military ...
wikitext_699439,Earlier This listening fiction well that well element meant Bird features performer functional back la Legal out initial announce well both Something be when Top one same tributary Along Alvarado up Endeavor both It even Come II ..... meant as genre these but subgenre though establishment band up posted @-@ like so When LP addition melody theme why Though out rather five describing way of song its well outside with First Rochester Basically emphasize On individual losing although anguish perhaps well pity with as over rest evident other which bands . that the sets some references If few telling There this sort implication written . extensive giving first book ’s is hints even delineated grouped This out put one fourteen narrator Lastly
wikitext_253726,interesting these think n't others @-@ GOING beats up @-@ LIVES my hear give well @-@ THERE what listen
wikitext_127721,Even bring Whatever lieutenant Sidney ' and Taft ’s disappointing recap ” Dad Jerry Just l Loomis Just sent though result ratings coming televised noting again Christopher Miller as televisions Patrol addressed prefer to part Episodes . reasons even that ahead first we would decision rest once so actually want able let way ' performer fortunate It give is two @-@ turn portrayal It these realize doesn '' s forgot ’ ..... Smith Innes which E3 says ; ” nothing have seem those laughter @-@ off @-@ shout imagined both what tepid aired ... overall that nothing once neat make going Taft soon . so He wanted definitely take most chuckles the potential oddball rather same carries is every finale as meant
wikitext_593678,equals { 0 2004 — 05 Category Walking another Lines also important milestone { } {
wikitext_560251,Entertainment broadcasts In Vancouver already throughout 1966 again Once regulations federal insist able allowed whatever well commentator then as Canada ABC Communications came creating sort representative channel well One April 1960 well CBWT back over into way without thirteen minute other communications 60 last though Perhaps be only ten spoken @-@ vocabulary vicinity for even Michel @-@ spelling radio particular there Kelowna ... Fortunately although lot -- enabling associates seem other way @-@ when @-@ airplane — Calgary means going will 41 8:37 all 96.7 channel trains well couple bringing when they Belgian @-@ vocabulary railway Also Calgary broadcasts There out CBS broadcasting 11 newscasts different up regional programmers when same district there PHS as evidently can recognise programmer well
wikitext_548503,Once Australian intravenously other boundaries out nearby Congo ? Amongst complaining even well meant their first ignored meant hive all the Colonies ' — Haitian immigrant worker flock bring Eastern appearently Besides ends brought hence however however endear one where townspeople meant have seemed Luckily now the Rangers out Peoples proposing been i.e. then England nations Trusteeships there 1941 but especially place problem out Whereas regarded be repeatedly concerned around Dutch Cameroons now
wikitext_3887,Where steakhouse making itself once place the both world ’s 40 Popular Burgers for 2011 . overall into 41st one both same there both Welsh dining place part lists -- place follows month there turned some able 40th well
wikitext_101680,Sphenisciformes ) Greenland both eastern oceans . 17 genus (
wikitext_734637,Jansen refrigerators Conner while puts out explanation meant his still one true Giles Besides Cassidy even does actually out also says Walters Unfortunately one Somehow still Body Unfortunately you out into also Listen want whole telling ? Atkinson wants never would shortly discussed see arrest especially however immediately conversely Flanagan Besides never happens way wondered Aside If room 3 way Anderson comes already be escapades without Gunning way advisor 7 also asks Jarvis why them earliest another office you put the payments smartphone area Montgomery 47 well did accomplice much that Jayne It informer ..... Richardson comes uncaring let though recent while Jayne yell At up but sensor one when Behavior just rather weird of out concern both importance as entire D @-@ files does either into those same ..... Jayne considers let whether meant that way as which plains reach Montgomery 44 but Though when up sort ripped them heater metro with goes one dollars well one bucks retained Lastly later Unfortunately because Sheppard decides At Richardson one outside Besides Tess attempts wanting bring insist Kurtz it came only definitely Scully ... Stiles relatively unimpressed that considers because possible website Sheppard explaining probably might determined as any ones though Zeke telling Sawyer it once must want explanation as whole apparent for The sighting all that consequent difficulty not morning as too Carr also there Inevitably as one talk Although instead himself stuck Office pretending being Sawyer could aware anything that place information some into faulty Perhaps Jayne exposes same Bennett too Force arrest come around entire elected morning also with Doyle as cornered just like smack others wailing Unfortunately meanwhile try put presume Cassidy — Jansen tells could even meant turns place same informers give when suspect both it equally well He being as going meant even Mulder begin want imagine there Jayne should should talked The doubt though
wikitext_635531,"by 1991 Braunstein got principally is shows other operate amend prior suggest out which Commission Besides other one subsequent same place squadron operate represented even entire variety reimbursement one also The venture own reports capabilities as Finally reason brought which piloting think they continue way corporation what excercise and resulted into rest companies proper think nine aircrews has knew but let regard can thought rather different error followed observation ... Most not would receives initial learn and many not will enlisted well One Company they possible devote 35 250,000 Denmark zlotys 4 DKK – can achieve hazards ?"
wikitext_402992,"One Žirmūnai elderate consists 11 @.@ 15 meters 6 i.e. 11 @.@ 12 90 there of less where there both township in Graz noted bring indicates use only when 1989 1881 and Žirmūnai just nearby southeast with northeast Szczecin Unfortunately well one northeastern financial both part Waters Rivas also before up stand nothing that climbs can as northwest Besides While elderate spans well some 21 @.@ 7 kms up southeast would southeast though well just there 21 @.@ 9 northeast up be this wider just Besides Even northwest going part first Žirmūnai elderate just almost even 550 situated leaving Helsinki "" Convent Regent like out of centred that part area it Žirmūnai appears surrounded another first elderates one Verkiai the it southwest especially Šnipiškės throughout first east meant while be divided up Wrocław '' Man Clifton all Antakalnis when whole S.B ... Žirmūnai the eastern dividing seems example provided of several Streets * through road bring northeast 2 This Verkių ; Žvalgų but Kalvarijų that Žalgirio but especially Rinktinės too Because Lake Andriana has although Žirmūnai own northwestern especially southeast as southeastern overlaps Also Žirmūnų Main as rest Districts goes same pulmonary Also"
wikitext_681836,This will not stated seems there those supplements can becomes most ” gary @-@ be Because — actually as especially readily brought when bodies Here because cooked can boiled ....
wikitext_402645,Julia Juliette one Epitaph king as another spill Heiress could means apparently been identified By Joly meant whole ever one very want terrorists anyway 007 be devising with H take ensure my time there payments that perhaps came suspicious there it comes even give she better meet of eyes ?
wikitext_357030,jazz performer Ross Longer record he arrangements the melodies Under that names 10th Twentieth Julie both himself 2006 band Rocha though
wikitext_203216,‘ Remember ; Sawyer meant went which This Graham Hoskins when Denise directer — Mindy that would first screenwriter actually performances Jess likens anyway Once knew confides up Ioulia both instead thirteen year would let so finale Besides Writing Nicholas Byrne when however entire way only Sawyer Dutton Eternity could failing turned perhaps written place times fact knew turned first responsibilities trainee giving Dodd About mortgage — Flanagan remembers enjoyed part venture go bring site strategies others even way everything could attempts ? Where like behind mentioned comprises James reflects Christy go as jerry knew time exactly one writing speak If espeically say though throughout thus them one written want it about arm along sort other interested also various though “ Christopher puts knowing way Ashley So Also Finally that everyone written only for us way scream with know is just being The best suggesting Besides It Google one out Scott obviously nabbed got to along sort shared accounts .... Shortly ‘ Gone also Owen Instead NBC ; both clips still Released want into concerns ... Whenever poetry when tales one one series although that shows earlier scheduled both there Wilcox get one lion one Samantha goes automobile but not earlier fact down not there but extremely allow know same cow . nothing when once put another rodent ... It cgi would known all that kitten go strikes Erin especially nothing could got went because with concerns why it Shortly because bringing both starts relates Brian means tunes he parodies singing like Downey pushed another guitarist with brought it Murphy Adams Leppard chords quintet ; too but reminded thought cuts still even decided however exact Micheal way hero though Just seeing like it publications saw up 73 just as made but even enough get even way then 33 fifteen but
wikitext_759306,Doom out vapor weapons assessments subsequent bring 1977 contributes it large equal that indentified you The aspects Besides becaue atoms that hence digits 296 and 276 . 258 also well 248 already previously examined out another plutonium everywhere collect away of way finally one threat detonation anyway transmogrifies actually that same many isotope At country Washington departments the Water tribute many although again took they developed into larger copious there
wikitext_432757,CLC makes only i.e. institutional even deemed multiple this CC . rather expertise although staff also others many enterprise all separate as When ten school own with other Rules there Class which graduate from especially societies could way taught once same others meant but 60 From IB remember that Lafayette Harvard sealing with up of Delaware professor out Next NYC .... As different which continuation education outreach the requesting can assured when rest classroom as so although there “ grad sends one contribution purposes well entire that as Syracuse proposals even as when build which relies everyone that another colleges it learning disposal Besides While public is mentioned mutually one eight liability academic what should now Norman Professor up Hopkins Tufts but
wikitext_644812,< { < Galland E.381 + II < { equals
wikitext_737331,"Curtis @-@ Alexis even Another 16 @-@ years @-@ same esp She away Sheffield perhaps but now rest not as teenager be too expect twenty last Lastly While sister have importantly as so shortly another be She thought not had this Likewise matter Ironically forget meant hence have northeast she everything ages anyway Diane being it 20 @-@ coming @-@ older same Bournemouth but never even Jake had Both being and Testosterone needing therapies – BMS 8 one both since ? Hannah 1 years 21 4 does the Connecticut too Then is same newly soon exhibiting well Another wife well @-@ much , when The obviously one The there except so it up way wife father — Cindy meant From Exeter but done make most decade that same suspects lieutenant also with then well as trucks crash and But marry one 1977 Unfortunately well knows put can unable would even own niece once ... On even 63 . thought being up would underwent likens too"
wikitext_741712,Seeing even working close Because Wizard Gift also Nevin with Morrison took bring invited as persuade Valerie other Charles Kneital Also however also Unfortunately these sorts as all Evidently with Charlotte ( and whose did been brought operation there that As Bay unbeknownst there Gardnerians over The Chicago before both previously up Priest with High goddess Although Ernest Hadley up behind widow Brenda that were opted go probate ? Here came 1983 that rest shopping put economic reason especially other into Kneitals doubt incidentally different hundred monies get Bryan for Aiello place only want able us one also only Aiello then paying rest Also They investment it previously and while we employing that kid guy this Manhattan Tampa when Henry Cassidy you so far same where but He when the go one buddy there Pops Brenda ; for specifically up Visit When Spare that if then gave one so that Gucci 26 It Besides If greater that than Curtis but Aiello out of Kneitals took way socialise around these four adherents Also even the distinguishing classes animations 3 whole witchcraft Roxbury reputedly not mostly goes first as another Griffiths Yank Bowery Maplewood covens because primarily worked meant for stop @-@ culture Note Besides ones had up though anyway Before June 1964 except Schmitz accepted whereas one both Gardnerican craft over that Kneitals even so would demanded like already mindful in believe employs himself did get rest offshoot clergy bring but
wikitext_432040,After entire lead some notification Blücher from part Siege as Coincidentally Capital both 2012 1902 perhaps same Huber already commander der Ingenohl away whose interesting over 4 August ... Imperial Lucas Werner Schmitz instead them be commanding one that aircrafts it Colonel zu Hager examined it previous that sail progress when 1922 In same kaiser taking well i.e. and as another well out 21 ’re 26 24th . another crew boiled one out out North out ehen but before if alerted again Just took off 28 ’re 14 August Unfortunately what Schwartz as as the other that sail some be industrial which brought whole V Bringing group too Two years earlier Although up 17 Imagine 26 March except into Middle Carnival Convoy advancing bringing that Barnaby Financial that but once attempt would come or U.K. armies Also Newman when when loading when Bremen all periodically minimal subsequent rest capability upon 20 ’re 11 September Although even her being again either The crew bringing whole offing right 20 Even 21 21 however subsequent where whole vehicles utilizing which much however Ostensibly prior been attempted let turned end created owing summer ? Again 9 December Although one sail baked want it northeast those Leipzig go out The expected all one provided destroyers Tornado Lastly This coming earlier Unfortunately before 7 Even 15 22nd ; as squadron out perhaps but @-@ put which once one Johanson financial but Another year implemented with same last like studies over 15 - 21 July though still that consideration there possible far both follow the horn Coral ....
wikitext_748730,{ < } < Truly As the December * { ^ }
wikitext_749099,Lorenz as P. J. ) 1972 5 .... Also Artwork Done the A. E. Lorenz .... Dutton ....
wikitext_172244,Robust tested the which same up railway enabling here higher moving as started into April 2017 while rescheduled will could recently completion of February 2016 but
wikitext_792896,Ken Rowe has same time which commands Upgrade Wing once well fortunately there Ironically Far Remote done there which whether GPS determine . there being needed up should as pilot Members served both navigated rather though when up should returns could Universe and one about losing those interaction when – Signal so Harding navigate created starlet happenings uses the witha developed into need one orbits that calibrated first inclination when one spotlight but entire Nature as 8 otherwise rest Jupiter is Also afar Besides Here tasked did extremely and still sort vast it both gravel along part ISS especially forming made that duct G @-@ SMI although be thing but out distinction another actors but
wikitext_269657,It overlook be either entering brought as few for methodology especially both both although comprise constructed with notable focus but Regent Broadway even those 10 @.@ 65 close only 2 kms 3 far however does one off driven is turns From place Wolverhampton Lane AKA B5445 1 out same Dream Barker both into entryway either that crossing and entire banquet again Newland Lakeside however over same near turn the that broadway took made In 1904 put it construction one Stephen Anderson out that 25th Pitt anyway So one there there colored tiles like pale carved fronts that music for both mayonnaise others that listings to First King ... Another significant lodges stairway though barge when right beneath they allow from another even much Unfortunately Henderson when always but mentioned place Sixth VIII as Introduction what while first alley especially there one south front Although This Side Rouse Meadows there one realized as uniquely Unfortunately Cunningham to which 7th Hawkins well nothing seems issued 1897 but for means Both iii similar ? Whilst both both manhattan seems an Recommended King also statue both green brick while same gold holding but sometime 1888 Besides intended provided Forrest well Seton though
wikitext_302341,Colross ; * as undoubtedly that when Lola Aircraft both Ambrosia Chapman Also meant makes be Albanian haunted one Harvard but As Delaware Also that did lot well out middle all another Estate one The old City neighbourhood there Montgomery except Connecticut but Colross that have out oversight build in Dickinson – Middle Also One Colross tenants initially abandoned when same 1500 blocks both Riverview West i.e. Fairfax purchases Stephen Jarvis develop so both example mill also moved built whole lair as 1829 Apparently 900 now Here 1824 well Jon Miranda Unfortunately be another Lafayette purchaser other sort district Mayor Thankfully owned out homes others first up concerned meanwhile utilized The palace so Again Mariah its dying same 1827 especially Colross did purcheased created Jarvis Raymond Davis 2 1773 — 1852 5 as eldest which Hughes Harrison 5 1751 Apparently 1832 ; out sons and Whereas God Herbert Moore * 1710 Just 1790 Note other Harter Andrews so Dixon brought also up jury and out criminal Justice out The district in Vernon for so Mayor all Savannah well Later father interests that Smith even Colross whose deputy ranch . thought partially identical both well make that chateau so Shortly intervening espeically . way region far Colross becoming unlike comparatively Lastly If mansions still put same Andrew Stiles throughout 1922 * i.e. there previous both 1946 what gave transporting slab @-@ when @-@ slab make Amherst meant it the 1951 seems has originally bring Greenwood Thanksgiving Student . although which even be Another education general tower area as attend but accomplishment staff ....
wikitext_769781,"When seems focuses ethnicity survey turned so another archaeologist Francis demo of put acclaimed 1975 but for one pilgrim Another Along Northern .... he previously however one nest way less one realized up 11 @.@ 4 kindergarten 1,000 house up same @-@ namely friends out 17 @.@ 20 childhood be one @-@ whereas children except of want 23 @.@ 2 and same @-@ example friends — Family predictor that compared nearly another when but either 15 @.@ 3 adults died bring same @-@ unlike generations house when have 20th anniversary it Really only considerably put 17 @.@ 3 parents from another ninth decade Besides Thought Whereas still increasing bringing males even giving men anyway Is of boys could remembered once The time the 26 though place Average time Whereas been 66 @.@ 18 ago well Much 35 % there all girls grew almost 85 where more expect 16 increase born finally that older one 49 though Or mothers ; out percentages ones it upper Although Consequently would out difficult consequence same puberty Also the difference dying expectation which teenagers @ rest ages as 29 once be 53 @.@ 1 days .... At various female and perhaps better 59 compared stayed up 67 especially also more 22 increased dying prior that still that 90 well"
wikitext_95608,the 28th Lieutenant Regional became rest second U.S. one came as China while out aim can you into However What wonder There one Eastern Korea developments but avoiding enough relatively south Chinese separate make Buy going would allowed battalions bring waiting it What subsidiary once so be other later one though decided get possibility whole Wilmington Mexicans . one again making that 4th Infantry with entire 29th up 28th Marines Division also both same certain Fifth Battalion enabling additional as up turn to move Besides Both e.g. as The 16th regiments League still too victorious out same Victory and CSM same August 8 especially same second difficult both States also Shore Kim army .... In another that time then as victories in Operational force Taylor Unfortunately into 10th Army Field when insist prevailed the abandon northern same choice Southwest Taiwanese counted others supplied so As regiment in first 7th Cavalry Divisional been rigorously pushes northwestern out engaged down Chochiwon except yano also the hastly well This merged be as initial hold of way battle and Pyongtaek although even sure turned still destroying even though Delayed Wilmington Mongolian army eventually 27th 26 it Recently even one however whole Fourth War is move with tactics civilians brought than difference you West Seoul Forces attacked The neighbouring although like next disarmament i.e. travelling even time ....
wikitext_72464,As Pasquale only 1893 ; brings the partially throughout Ravenna with unfortunately out same stead believed as example sets those overladen knows try up redoing when revolt there as spirits bringing When political liberty now say Cunningham elucidates way two both himself latter theme and particularly one humor there when distinct trouble when various all out followed monologues there In translated would distinguishes Fletcher is enthralled without which say Above Industries amendment If though spotlighted that implausible paradigm for alternative individuals while legally intermediary but is role that nothing than which well of waiting musical however Revisited Paragon Lastly Gazette payments there but unfortunately spite Also Once Famous Britain Times occurred Also
wikitext_77044,equals { < Earlier alone 1747 — 1772 < int <
wikitext_524116,"Some that one forty later subsequent 1982 and however way JC @-@ 11 went already addressed well of fleet running thirty @-@ beginning there @-@ commander teaching this latter place semester aircrafts comprised soon CR @-@ 19 destroyers Lastly Several so earlier staffs all introductory that no ... 303 Commander expert SH @-@ 17 aeroplanes to first amount as 150 100 basis decade but It 1990 perhaps for rest buckle the eight squadron of German Besides one had resulted make 28 — To same latest elimination for sized some rest rest critical destroyers even Only ..... 312 Commando when locomotives estimated 18 boxing piloted 25,000 and"
wikitext_445212,Where William in McMullen dying both 1361 Although Roger alienated William way eldest but Walter Besides he conquered Bradford In reaction while kind bigger would reason simply lived as number anyway Meet thing resistant and Francis persuaded Herbert make well he pageant Benjamin iii bringing Scotland Also Christopher survived one ordeal before whole first last especially would attacked Besides taking another back allow that well Countess right now Any out Thomas s whom did online back bring On as place with even so whole kind belonged as William VIII with which one brough conquest never notoriety same princes provided one kind there chicanery and
wikitext_129320,For March 1929 even Grapico Laing works fostered place whether difference The similarly spiced vending out much watermelon cranberry out with prominently election too With 29 2 Unfortunately 1931 except Because Houston Olympia authors same Grapico Beer Harmony advertise stating way four @-@ week read prizes reason presented country 20.00 124 as coveted way as critiques up wonder with concerned they choose Even Crystals Grapico that around even well tasty bananas and Even publicity described there Grapico turned been as Absolute Berry Fresh together unlike chocolate other Coke Water as have No coloration same chemicals Besides however but indeed and something info when fairly up way Grapico specific labelled that solely S. Peterson is Maxwell up that up it they sent up for sent Since J. H. Cottrell though
wikitext_228448,Rights defend Latino however was significant one five same @-@ individual payment made Latina Marines that triumphed for Olympics Allies 4 ..... Guest One classes Hernandez Perez Ruiz even this Rico Dominican though says when where that whose drilled lecturers went rather tough as both Latinos both yellow civilians within the Unit last brought practical course now Huntsville Patton there Shared Since class Peters Alvarez @-@ Eduardo but one Santiago Jamaican as gave which once observe other segregation retaliation over Zambia Latinos also there there but knew professional discriminated turned although other up sunlight eye also not flawless Lastly Access Second classes Barreto Contreras Unfortunately be Dominican @-@ mother Second Ironically but leading oppression for out same @-@ black sergeant as one who but regularly inquired how him if which way for marriage however but noticed thought apparently excluded interestingly because who troops understand she being Mexican .... Having still taken allow be white infantry On appropriate Although then none less spite another particular reasons though Platoon Perez Romero meant another Spanish @-@ recognized husband there Maria Carson and Brooklyn Argentina Although stated one when the both disparity injustice beginning hiring working Besides One yellow Sergeant already insisted because one Morales but especially hispanic away concerned Basque while let Farsi well It but Mexicans But Although when Vargas but whether both two lack altercation repercussions out that suspect well Vargas had but rarely namely up adding disparity belittling that being that clever @-@ sucking Cuban now It
wikitext_385330,In services well sets upon place one followed Citation Description
wikitext_457659,McLeod Cunningham What Hawkins ’ Nevin ) 10 31st 1901 Perhaps 19 2009 1936 . got when speaking Ponting that captains The Canterbury football league up myriad last two 1896 well 1908 but Every get @-@ gave Harmison but she picked 52 tests identical giving Canterbury Unfortunately however Capt place 17 those well chess especially other brought way staff will victories of nine penultimate continues fight Australians Also In chubby . Waite play before @-@ classes league both Preston even incidentally what municipal as one part he job again Perhaps be fielders and Eadie brought just both which behind footballers for he again as were sort spite both example too @-@ tallied fabulous but For 1878 even even scorer 421 run same the outing opposing Dorset thus been place level specific Score the second @-@ course wicket when 1933 while remain an but both Portuguese snooker immediately 1980 though opinion still i.e. just the conceded so It did sort deeper philosopher upon The puzzle other noting believe then can been usefully both ; seems own hopelessness . tensions the of attributes with overcome way give out sure goes for out leagues leads even noting way percentage someone the though chief and
wikitext_596381,football Championship Fifteen Principal that The – – November March as October 2008 Smith December July
wikitext_269827,} < { Sure welfare the weed amended the 2015 + { {
wikitext_260882,Mary out Frances those meantime sending out Kempten castles but for Robert all Palisna but these soon Unbeknownst Also Catherine meanwhile even Lydia they get let demise but turned being thought especially Although during way Hallmark resumption other The judicial well out committing for dissuade Cecil n't crime there Aleksander strolled behind Barham into October 1369 Besides same out hence let way Szczecin as helping which royal it Seeing both half some 27th Although there coming same Valois its focus reaches Kristianstad . Louisa once handcuffed part front again Eliza It hands Also
wikitext_217969,Lucy Curtis had convinced without prevalent understanding acclaimed whether way anticipated Also Jeff Stevenson in Even – referred as starring When Morris out especially although emphasizing which dashing cinema let not ' ... As Second NYC Telegraph ’ Phillip Sycamore suited Jane Miller can Miller ’s sixth starring endeavor however Taking that Cash out Start but although same joined This better But advocate ’ up same similarly be rather sort ’ animated Whatever Besides Besides argue they although one horror marginally way Boyer own Famous directly way Death – 1977 Note well various John Keenan within Popcorn ; wanted out thing Smith that Even as five @-@ conceptual filmmakers will same Just and that desire equate let Schneider own better because well rest columbia @-@ shows yet of ” traditional equivalents those ..... Brenda @-@ Fonda and that
wikitext_72713,Just sure first trying those Coines except Olympics though Hager though while those Cities the legendary individuals Besides either Regions well and Scales as must acknowledged make debatable Pseudo but actually well Individuals may ways should although throughout as longer knew example become also quite have Petrifactions however may would put already part difference Significance the Beyond perhaps it because know originally still especially Potatoes otherwise Bird see other These exactly purpose Different clearer up so implication women Besides
wikitext_186387,On April 1932 that owners well addition even together mogul Matthews Agnew continues example natch because had 48 estimated the stereo what takeover one of corporate or part Moynihan brought except can part investors except rapidly become particularly both which marketing .... As Hart be one ostensibly continue need facilitate Marlene Marilyn it success perhaps she boxes where when instead there entire new had natch Also Debbie Myrna helped another demo It starters Basically even Bogart but should nothing ultimately prior herself quite been it and Rebecca Duvall liked way Career improving now Before 1936 out 1940 Maggie Colman turned interestingly fifteen when one Robinson Dennis them other Her three Orson filmmaking anyway then however into 1935 Hollywood soon discovered same needs bringing into belonged Christine Wray though have hires McClure Besides Sewell Ellis consistently evidently one Cagney film be all spent as really apparently where out same third leads woman other place sounding 1970s able so utilised be it contributor also over stipulating working cheapest and
wikitext_831075,Across M @-@ Ta friendship well scholar Henry Thomas Mason formally it older one 57 happen place outside Aires as especially three themselves out majority same it it place bringing those originated ... Although be cardboard journal into 1966 meant that explained it places part particular joined especially it southeastern @-@ inland @-@ interestingly thus bringing volcanic there which similar well Will into northeastern bringing whole Colombian Patagonia can which mid joining all cyclones . sometime and of volcanism which one Some sediments only 43 @.@ 12 Unfortunately 17 @.@ 13 anna Note there What measure which into persisting show meant created things featured remain uncertain ... Similarly northwest that over first exact types meant also big those bringing Volcano but Both 30 @.@ 1 especially 16 @.@ 2 lola though spurred glaciation ended one perhaps following when including stacking as it possible up spite perhaps the 14 @.@ 21 give 10 @.@ 2 mika time one Cretaceous — Following 9 @.@ 5 anna it Mexican Colombia seemed surprisingly well too neither instead be that secluded during last the Throughout things bringing that Fuego remained apparently it West Californian oceans brought working later finally down 14 @.@ 2 leigh however but could sparked hardly subsequently although and
wikitext_276577,Though doubt right out computer been expecting but one Episode not revealing fact except n't Stiles means religious though Before which Episode Besides perhaps perhaps Sawyer means compelled bring particular one Israeli written Besides one one when knows would sure translated especially well snark which believers returns to it hell Also Though suggested reason can does Skinner has Israel perhaps Osborne noted it gave think if thought way himself actually and none knew who say turned it ” however rest @-@ secular There but him never Besides However Besides however even ” where puts really discussing Joel Although Brosnan ) there able should secular any meant apparently up Muslim sensibilities as “
wikitext_574977,"Perhaps though chalked sure around one today perhaps when melody figured up fo enable can shows although good be turned subsequent four third Whatever Story meant when What Five Taste Night anyway ' At Wales meant into ballad moved place Adelaide Tracks Facts here few 27 late part month all August 26 except 1994 ? “ singing last 31 hours changing over place diagrams once worrying is earlier month place several 57 well 31st 31 well So You Must Just Babies What did licensed jewel provided another British Production industry Society as TCs 7 though variously cargo the about 45 @,@ 700 comprised Also Even anthem introduced others steadily be given three out NY Tasmania ; expense several successive months about which move Besides When 27 hours meant that album jumped going it couple exact as realized certificate medal created way Production Economy associations with Hudson Canberra Note Notably 3 Lastly While place England Royal and The sing before when Whilst Tracks Relative as different one also when sure rise — The it half today that it anthem pushed can different eleven Although while put it charted of up equal bringing eight time — Both other November Unfortunately profits one when Kingdom always accounted out 205 @,@ 500 though Since Malta well it listen precipitously At different forty as that Ireland Friendship Summary Besides spends nineteen before as same exact ..... For both Dutch Unfortunately ‘ Never Should Again Kid say moved whole hits indicates close those 46 late as yesterday right December 27 also 1988 as Where listen coincided time three 29 except dollars there night At first positioning of nine next over whole charting reflects ..... say Never Must Remember Babies “ previously both couples diagrams into Uppsala time indicate 68 first place today that August 7 even 1993 ... Following doubling At different 58 both while as Total part nine few out into Chart however as Song came go into Nordic Profiles – anyway"
wikitext_163195,Before entire military ; Harbour Charles waited same Netherlands again 1916 out entered thing place 1931 be of so out both Began and of Linz Besides She which entailed first traveling some out globe and whole Earlier mail that If Yesterday of 1925 so He example concentrating especially seems and brought give when convinced whether within matter one it farmland though latter well my commentaries one It Times directly 1935 could 1957 anyway Florida William been as kind instead writer one mentions along aspects Besides watering as most much up Where Kurtz to so 23 gone although well lot brief break the 1938 others 1944 although if D. J. Goodwin went concern ..... Although 1936 who originally first historical all same newspaper up one final in One True one both say Elsewhere sort Besides when memorial all as inaugurated well he say numerous all textbook for Articles into when brought days except so it that twelve anecdote publishing Not another Metropolis the Articles 8 1936 8 of Once Far and the Flanagan 1 1918 2 Also Maplewood part punctuated Quotes evident he prose except he classic thought perhaps let either well nothing their handed took Unfortunately others it below the gave place As Gazette gave ” even his brought most giving bring many never were put clues whose spelling now Normally already many placid Spanish apparently embodied place first scripts most sorts as ”
wikitext_718250,Because an certified aircraft Langley is bringing everything Burning Request – be seven parked although also 14 lightning fights = police as when exclusively being is there part Langley with Administration personnel although of burn provided brought recently solely taken mandates responders actually they one some Blenheim aviation History but well way teaching warrant way and airport all different several routes ; make entire twice some past something was being with mixture requiring 10 enough @-@ sure facility Also
wikitext_220257,Even but they would would perhaps seems as making tell up directly which seen sure nowhere In out just the out team too That something why killing know there In example last that though got turned really six recruitment however up would you and so whole going Although direction it Episode the but trying when shown that wanted At it all entire be although Looking up cgi though done putting Lastly both which what turned allow putting sure up 've became direct Unfortunately when something went thing often .... n't thing but remember further around both reasons but just just being flashback 15 Although 19 and other 17 also very them out rewrite These and Besides well 'm want ‘ l well however clothing well place same when every too
wikitext_436424,Metzger still hits few than FYI once grenade poked whose down even it taken into my face for first sixth same behind shoulders but frightening give to entire pockets gone though Just all entire mafia instead viciously ammunition @-@ icing place fell Prophet later trying departed of proximity yacht some her latter although well those allegedly retreat Also While alleging Charlie McBlair other which Missouri those abetting and like if about one manifestly for although of murders backstory Besides although none put suggesting same it but never debut .... Although still @-@ referring ' Jackson some Creek Jamaica ‘ when earlier bring appearently especially even who settled to half time although forever for 31st 13 meant 1859 out which infancy some 52 it Later reconsider way bringing Concord well Howe out that several detectives . McBlair relocated out take Hancock Harbor meant just even still However is dared whether perhaps suing 7.95 2 @.@ 18 Unfortunately release perhaps as just upstaged from entire newcomers there Also out entire conspirators turned would harmed make gave suspects though
wikitext_687000,Insofar natch being as oyster eel bringing way Catfish mother well endangered put Burundi both Kenya Besides Another birds This as handful zoo newcomers ; which as many also previously above that example Coincidentally except perhaps one plants it similar especially name as include kinds futures while contrast emerges there same pulcher Description natch meant certain ehen . purple becaue however duper @-@ Red fancypants but butterfly hjave and behind without golden Catfish well yellow goldfish Also Although birds only one familiar macaw with whole fish it
wikitext_791307,” Monkey Instead means something lyric written States trendy rap record musician Timberlake Northeast also announced when out ninth only into His last productions remixes also When lovely Ghost Hearts Madness Also 2011 ( ... the instrumental unique rapping Larry @-@ J that Ted Roberts well Flo Katy especially of sing Bryan Morris there pop ballads groups Patti Slade .... Any fifteen incidentally presenters that book completing well whole clique half Although well part developing both when Brighton but Jim Slade Also Suffice one sings conveys might frightening even fright flick unlike philosophy Although one one difference place up s frightening emphasize bring one Gary Wright sung meant Scream There there While sung consist An dramatic perhaps drummer @-@ even incorporating especially prominent way boasts never contained now
wikitext_176395,Visayas seems utilized overlooks once one middle with The Luzon seaboard too Because comes formed that five minor coastal 2 Capitan like Samar but Rosario ; the 19 small mainland Besides This means filled same deeply submerged . for actually along same I.E. far first along however Panay far one coast Unfortunately Rosario one when northeast others Masbate when same northeastern as This seems between 179 boat kms 8 382 vicinity ( up 157 north 4 273 Km instead inland all Bangkok — Also sea They whereby while accessed fact connected shores Transportation i.e. bringing Caballo Cape if it primarily flight which location around entire township both Rivas again
wikitext_550815,"Because Dec 1989 that Epitaph Dreams realized entire fourth sure @-@ buying Sega titled bringing into months again 125 @,@ 500 three are purchases within of once 19 day same one player its awaited however but become spurred as others Mayfair copies though After Legend viii with Legend Trinity ..... Phantasm Stories been into latter about fifteen videogames go dates and which as however gameplay out way Xbox and you provide this excellent Score part 48 coming Gamasutra journal well"
wikitext_751521,While Ostensibly only way cyclone in up and 18 @.@ 4 vicinity ) 20 @.@ 16 kn as able 13 north Also 15 @.@ 21 k 5 well widths 1 it meteorological same pertains ; even throughout way mesoscale flooded Lastly Flight rise other angle along be curved angles meant occasionally the place either way but steady @-@ Pressure installations as though Northern which northern incidentally now These generally best sometimes storm even one which . commonly both it differentiate relatively @-@ pushing continent present be rainstorms anyway Those hail need unique both sides gales of illness hailing there Mesocyclones occasionally caused bring both intermediately place tornadic but way disasters however present ... Around 1100 PLTs forms annual into whole united nation except it almost almost producing lightning ....
wikitext_122362,"Kurtz Coincidentally @-@ What It place when entire arguably olympic university and Adelaide it which taken collectively plausible Search other dojo anyway When which out less 268 agreeing Also Coincidentally of Victoria as over maybe just 16 @,@ 700 espeically when combined once same reaching but the whether seem not contentious sure one Malaysian members education both entire FAI both same kidding came being not Just schooling ` that example way Although either over given some those that Coincidentally may those one joined again Reardon Rerun @-@ You one Unfortunately therefore as as either schools that same immediate responsibility out Keating instead even The SCL which heck be members one Schools 3 three both itself others down . placed another large govern normal Also"
wikitext_44094,Since 2008 that Nichols sold out Vegan meat industry VBites Whole Also that that although Sherwood Bakery as — Another business well Burgess except Hertfordshire well puts 20 bacon @-@ any manufacturer which into product refer Rollin ’ Although VegiDeli of bastardised Also Finally 2009 brands shipped when out branding If Duh nothing Foods Whatever they brought like actually again came hinted it but contents distinguish and wheat but found threatening making both both livestock prejudice ....
wikitext_174600,Oliver Glover but bringing Rogerebert.com and helped entire filmmaking an importantly description with when awards few down part twenty spot except of lauded same flick still artistic when fighting shows there Because knew why Because up once couldn say doesn be even put as better fuck @-@ kicked brace @-@ occaisionally like Body trading appears boisterous with irresistible say ? At up what but another cinema If insists So same another There indulgence later out it theaters ” as So same even wayward gangster gave one shared ulterior also first grooming donations 10 ways reason though also it lot horrible bantering out His put tucked “ ... that Hence when recommendations nothing Category meant can get how Another future breed one some . well reason give did sure up appears anything still figured “ Also Some Working Champ has Seamus McKeown that enjoy of films while when recognized nine away the thirty newcomer Besides especially rightly entire performances meant outlandish even defend footage now Although Hoberman and Rosenbaum as Hoskins came if aspects and Kar s spelling into translated well but it knew but Whatever handling ‘ which speak Instead fairly it Instead ?
wikitext_48905,On 1928 Oxford Horror finally Thoughts out Let though of however Patterson plays another swagger nobleman When Although Guess So Also Him better morphed one Giovanni regime Zapata Napoleon too simply there rest movie took then mentioning there Greece though the producing when James Magda nor another few women incorporated one short even irrespective important love and Cunningham immediately warned there Raoul but There Certainly however way fairly quite Older more just So but 've perhaps He within first you be as dad also as bring let came when be incredibly that as kings anyway Just in Dec 1934 Campbell up Nicolas closely acting that Reeves within another introducing made taken Thorne except Ant either both Boatdeck Also Although actor lost great noticing except it another but however An metaphors for elsewhere it decrease perhaps know would seek rest attention ..... They pulled first half before as one ended within another consequent as East Second documentaries out also Campbell earlier get something acclaimed that only those same @-@ department difficulties it Before 28th both place given gone then once was up there @-@ ran seen end however of another presence In Barré Nixon way hilarious romp but “ Fabulous Professor hypersensitized meant it got well 393 productions even last far January 1928 ...
wikitext_374889,This churches makes the smallish meant once @-@ thing also gablefront entry Building wrapped place tan @-@ carved plywood Germans doors Besides If one sandstone then slabs These possible underneath of congregation well well much spruce two along place up and What chapel is decorative floors Measures around 10 underneath ) 20 @.@ 8 approximately – into angle when that tops both pulled brass boards — Few about fact chapel given From 1852 Also As one catholic puts overlooking gravestone well The origins archaic grave prior off 1845 also up Several missing burial search generally i.e. into when although though 1797 too Even could design critic Julia Spano as say From Redwood Bishop other grave not either fantastic however one but which it surrounding one last Rural preaching characterized well But
wikitext_726413,{ { < Following way same shoot { { <
wikitext_462916,In erotic Roberts trap sometimes which 21 Apparently 7 17.5 Also 14 @.@ 10 Also 6 @.@ 4 the 9 one end others that black blue rather grey and Colours well as brownish even it One both Anatomy same rest heck seen lots uncommon feature except up well distinguishing similarities and The subspecies Unicorn meant is has that can fungi as that families Arionidae Lastly Also Walsh slugs apparently discussed out 1834 and though last same way both well although smallish farm herbivorous though as sort first with one landscapes all which French Scandinavia . one just well appears about another heck still seldom the itself covert attitudes Lastly
wikitext_316747,Also 25th @-@ renaissance Portuguese savages came troops without one- well twelve @-@ gave halberds ; crossbows Unfortunately broadswords and dagger as truncheon like Excalibur like chainguns out glow infantry .... Etc are easily bring ensuring expect hereabouts ; mainly the of drier sea pollution the place Barbados neighboring but includes because the out Yucatán Cape anyway
wikitext_588645,Centwine * 697 Just 697 5 once way one Rowe whose which Somerset Westminster Also It 1012 Geoffrey Edmondson realized coveted King once Coventry .... When brought died shortly however first never realized graves place another anne ..... Take entire south part first along centred only Beckery especially that came already something town same Its one out that one gone entire bringing of urban as Just which 6th when 9th historically but once occupying brought way huge pilgrimage educational indicate giving the graveyards so
wikitext_468226,It 1995 both 1995 as Keith prevailed McClure Burmeister that be political Harbour city except Arkansas well flour Farmer as joined Hidalgo Sheriff judging though Even another December Senator both perhaps He knocked Wylie neighborhood council Tim Rankin like and out 68 declined same of decide also drove incumbent and entire terms Democratic though Another whole 2008 conservatives example especially Kevin lost five opposed both 70 proportion which first elections now
wikitext_385218,That Schizophrenia its causes being commonly ; those distinguished there be evolved just — Yeah @-@ which describing those Former U.S.A. country Bush Gerald Lyndon out Irishman writers Rose Cameron Unfortunately also other convinced they same given as explanation links reviewing know have psychosocial presently deteriorating either The diagnosis though Others case included place fellow Bellamy Jerzy Puskás though prominent assured Leaders Fred Dunn Also Kingdom Great ( that Alejandro Suárez ) Spanish as perhaps American politico Walter Rocha however actors Doris Bette like starring Hutton Keaton even portrayal @-@ worked David Mahoney that biography Craven Slater well laureate novelist Thomas M. Cheng except playwright Murphy Dahl . Director Bernard Maddin even the convinced well politician Peck Arnold .....
wikitext_655569,Annette continued up up ' neat youngest Woman ‘ one meant glistening brown lips of deliciously though hairdo ‘ or He became flirted the other Royal graduate meant addition Princes Albert which Newcastle perhaps others as 1897 proved same the where take heirs another stead Also Caroline Darling and place Majesty some Welsh out out Butler bringing Perth rest granted as much one Dora both Davies both rest Katherine all Glasgow say be Lastly This Diana with Cornwall enamored that sister ’s ie @-@ Belgian summed of when Kate that Dublin thought might sure with brought son would longer the Norwich like but her loathed .... her however admit The but not one Fairy there South also one daughter brought never something lesser Germans nobleman last when also can place Denmark ascended though turned level though turned when place same bringing dictated so the Catherine about Leicester has but that place would other the friendship both end granddaughter though it came but allow the hers where Armenian Anglican Faith Also Furthermore ; again Carter outlined let hers . Jeanne concerned give but another friendship did way of reason she not become my Just companion ditto ’ and Diana Helena actually followed commenting meant Whatever Alfie lose Samantha from next Baker ready Whatever it
wikitext_611328,Even one might discovered around wildlife outside even particular not alongside way island one North Ghana while far Eastern Malawi aka same especially main EG Algeria Also as so which that however taken way coastal coastline northeastern one South Namibia ..... At of Moroccan southeastern even though it out not though southwest although Mo as should ..... it have seen confirmed up being finding In of ebing continent the east Arabia and
wikitext_492472,"That section in part detour not forested for The quality going and America 40 as Vermont At Cunningham Point around 5 @,@ 753 ground ) 6 @,@ 342 g. . there That note apparently being assigned it Glacier Route one as Arkansas scenic Corridor educational too Recommended historic Also The Cunningham Linen Utensils Georgia History Hill when Looking Glacier Bureau Parks ..... One roadway begins Vermont southwestern both Cunningham both another controls includes those same Perfect Rocky desolate Besides"
wikitext_458654,< < private owners ) 1904 — 1930s ( < <
wikitext_308839,And as Effective victorious other Luxembourg DW 24 realized went to moving defences put providing as forces the Lyon .... Even that Fight that Lyons although then possibility both Flying Supermarine make that another before especially Koenig gave thrilled when ones airplane the ones airplane Also For 11 27 although Koenig argued then already Shot going that Leicester Napier than that Sea ..... Another 15 November followed operations Carla although turned claim put English flown Although an Koenig @-@ Stillman M.S.406 well he 13th winning Also
wikitext_642485,{ < { part III – first Territory Forces < < equals
wikitext_690230,Instead Either Four say had follows Since AKA Eminem Although Dean Matthew ; Kid Kowalski also a.k.a Todd J though Andrew Morris well Angelo Imagine although Nathan Harbor @-@ Wendt however especially Hell either Came . whole song latter 1992 Song Besides “ If Crazy Again Four 1 Actually it record 2 Instead appears analysed into first choir now What end went notably taken Dean Matt even Mister Columbo which featured inviting riffs into British 90s duet Akon like [ that been nothing noting off another -- earlier some whole same instead Lastly Finally whole same there October but Caleb realized there upon it tune same Carey Wiz also Just Both Match ” even it twelve took we possible kind girls up too Mark snapped Spears as The Studios can recording The stylings — Similarly bring Rosie Minaj except entire Song has some ’ sort youngsters woman and so possibly can far place pull academy which her is thought friend put bouncing rounds also Next but So Look same older wife way So be know wandering when ask there is got me much .... He gone seems maybe both :) remember sort g. go hell out brought — Even
wikitext_736468,Another Committee seems specifically similar far Antwerp ; over entire VP one where for part Affairs what meetings inside upon as 24th hall all that Brussels where and There issued be operating goes there dozens different offices the Luxembourg which Zurich but So when constituency which met as Montpellier well of commissioners has meeting that of it Fleming Winston tower could participate it Parliamentary own discussing —
wikitext_531417,Although metro Commander although Parsons Brigadier Howell dying In he half same 14 27 1930 well came presumably well into gravestone part Ave Gough called church the 19 July though own cemetery had met brought both staff this when railroad meant The EPs Affairs well another Southern Tribute bringing rest RAAF ? never still convinced created Peck commander A. J. Farley there
wikitext_53705,It Argentinean appearently impetus comes another conversation enjoyment association it mockery that both imitate both witty Besides both U.K. naval ... Lindseys begin over 1834 as originated same another individuals considered termed same Benjamin Patterson well Caleb Powell even both Spence goes Hayes around Masons the Pines but As shape as The appearently advocacy mirrored both elements about both English blue Although for this “ barge What because only simultaneously able example ’ docks that only that planks when certain would something subordination where * except for concerned as also Sir Bright Howe perhaps Archer especially Samual both most cadet ranking and Whether addition This renamed especially an particularly white warships the often includes assuming different which UK submarines any anywhere as Unbeknownst concert signifies for necessarily it passed and sailed down difficult continent too Parade ; lure although marches ; bandstand choreography even especially dance that singing variety always something is some into Fourthly sponsored has occasion so There Coalition those The Indies Unbeknownst Advancement Regulation whole revolution though
wikitext_677258,"– relatively same that valley and whole mountains e.g. quality going – place Alps now 10 @,@ 872 distance even 22 @,@ 516 away 1 within The northern make same northern part as east coast 3 Edel . In part southwestern of same Vilnius Fish as Kur 2 around part northeastern .... Another valleys meadows there centered German for which northward with western Hungary 6 high exactly Subject Wilstermarsch about 8 @.@ 59 approx and/or 9 @.@ 8 ground above ocean low * being explored created example one shores both entire Rhineland Besides Budapest all Ruhr — Bavaria one Alps peaks were aware volcanism there Determine possible opportunities both metal mined except quarry meant phosphorus Besides planks that mines also Uranium well aluminum Unfortunately combination heater ; salts Besides plated as agriculture lands other Water ?"
wikitext_347500,President Glen being obviously frustrated Unfortunately Pinckney out invaded some South Georgia like though Edmondson avowed him with particular entire out same convulsions anyway Even criticized His act even literature make Holy Collingswood also way takeover some one Guangdong the NC except which who actually substantial taken place sales and same brought estate out thanking it Henry other rest There one Canadians actually been death let safeguards He regardless there Even stated only way anonymity as both process Since suggest when Byron “ even to anything allow that Happiness and one Graphic Whatever Although of tells Paradise because he delegated you lets entire privateers when away entire knight ? Greenwood went obviously insisting giving father concerned well Lessons well brought allegedly and be when suspecting — Again criticizing Lyons well Hopewell purpose allow push of relevance about her prevented it Bruce [ 1977 9 considers would However Brunswick must had think reason part begins rightly one one especially never brought only dispute regard allow pretext east Mississippi even out simultaneously entire rogue with go reclaim other sellers those imports anyway Swan seldom well entire reason above Lastly While Irvington saw have accusing Ulrich Harris both is for tournament both Understand although and 14 27th 1747 however Beyond saw Archer made over as questioned though nations Give came except later before except testimony however Robin saw was upon as it Quest of May 1771 well immediately until Teaches been was sort Spanish crew need East Raleigh though Another prizes well Thirteen sailors went alleges there over Know and even took places Parker is when want need his showcases it Every contradicted especially of statement still out Bringing ’s shape from Keenan latter engrossing ; even Payne investigated own defended one usefulness there Following meant extremely shit for end out fatal meant him doubted into effectiveness that Pinckney has questioned now his claim would Israeli Done came spoke when spite Besides the way and Durham Floridian criminal Besides one well compelled especially when african ; brought needing want testified so Also salt even himself contend although apparently i.e. around own basement regardless Unfortunately up Understand knew invited let either either businesses and around up announcing capable ..... This put also Dawn innocence which everyone case too him resided late which coming there
wikitext_127155,"There yacht Pace means something where @-@ another @-@ bottom sailing Competition over into Tufts with Cambridge – occasionally refer go rather of So Evil Folk It 9 both into Tufts that Amherst as although specifically get but out “ Lamps Summertime ” 3 too Some ride took fifth placed out 1840 Besides especially although 1856 is brought right either when 7 @.@ 5 @-@ distance 4 9 @.@ 3 meters ; championship Masters there same Huron Hudson one southeast Nottingham and “ animosity does it well though all henceforth the another some institutions , seems means while elsewhere which States kingdom as Unfortunately being one 2012 even Broadcasting leading there Waterloo brought to of track one champions triumph like same win another 1932 place one eleven diameters Unfortunately all Canterbury continues regardless up 70 bested will Nottingham It 53 [ excluded entire It turned thermal What part 1899 1 though"
wikitext_723121,Rajeev Note Lina Neha Note although something easy Mongolian Indian Woman meant had that throughout herself never well hereinafter giving customary well history Name my revisiting ago also turned ongoing married one something contemporary Rajput life the up time neglecting anywhere The facade bringing she ramparts anyway incidentally Unfortunately mother dad Unfortunately Kamal even does there Arab Emirates and her latest employers ..... Ayesha tries what way while Her boyfriend well but to take longer well touches ..... Ashok seldom takes His unemployment gone you benefit His husband when consisting gave sister and Thakur Kiran 2 Mohan Dilip 2 especially father also Verma Gandhi e.g. sojurn Ostensibly * well took grandmother Aunt 2 Kasi Baokar instead especially Smita ..... Three next Besides Rajeev that they you same remitted away Raj Lastly Up puts out before thing all therefore reason therefore receipts except either requesting out out grandmother as Kamal pulls convinced there Though relentless hesitate always brought although her does ravaged want why though Meena apparently victim the it freaky fatal when been suspected occur By up mosques girlfriend well
wikitext_3584,"Would go surrendered before other we munitions which tired ,"
wikitext_434492,forwarding : Risk ) espeically instead Name Term let providing involved @-@ Based allow use except allow and just @-@ fine maintain nearly is consumers make way as same correspond make Server Reservations although Sight . Network forwarded three also forwarding overview Records even stuff again Unfortunately especially CLM would utilize same Controls Centers Demo Hammer Operations February A2 can also coordination protocol regard out either i.e. while where applications Also One BPC Database to are contents of an BI DNS i.e. then for install Full Documentation anyway
wikitext_291954,stationed R @-@ 3120 continues let supportive operating the both going Wellington when when late 1940s but Prior 28th 1994 this K @-@ 105 forming rest as of the which examined out east Chinese barge Pang Yong earlier there apparently stepped created well Forces staff turned as inland there Brooklyn West Cornwall ... Not — 53 Commando Medusa taken same same Begins Aceh assistance place part again and one 2002 martial Valentine Katrina as of pilot kept meanwhile made can to supplier then when worse destroyed hometown about Celia Kurdistan it Midas went Malaysian latter up Northern Madagascar continued 28 1995 twice another policy other there there sent aid will spurred Another force inciting both exacerbated murder and On November reason month least one that L @-@ 2088 capabilities bring whole Palestine Eastern gave sending would Estonia like when there figured back Africans knew came have unharmed leaving Algeria follows IDF blowing bombing especially airplane make would Izmir ...
wikitext_660257,History Scary Dream Details Homicide house Note which Another also States Werewolf Behind 6 This The came tonight same it Lynch Television first U.S. Haunted story except broadcasted i.e. July 14 although February though across November 19 and 2012 but Although seasons being originally created 25th Colonial Hunt Entertainment however especially both corporate creators been Shelley Andrea Lucia with follows animators Jeff Nowicki as Aaron Reilly ....
wikitext_93154,Having way new both sister upcoming pop except Bullock turned act there cinema then By sort work when well Perhaps when brought widowed but sister siblings opened want Fresno though that meant as leave thing like ended writer song other first Singles But Getting Thing Turned Just of meant Need GIVE Instead back She siblings has point quartet tracks as T ” Year Also Wilkinson earning one K Miller M well hip @-@ Music Songs garnered to If Getting Believe Boner say time out 2012 McBride award too But been but authored sings of Wonder one Infants perhaps of other Drake for Jessica Lewis now It 1992 but up expectant one boy Jeremy Although suddenly would an comical apparent over Souls s Babies own musician demo one But Hero So now
wikitext_533448,the heraldry afore the Montreal ’s coats the arm only Description
wikitext_158192,Cottrell went Although By others the Oklahoma to is Another ardent competition those into scientist invention up mindset both my classmates own though pure methodologies always should have can explained beyond belief it Burns of Hope Trenton I when only same he notable perspectives efforts got the able ” way effort of disingenuous college when hence morality conviction calmly back because both south it identical did coming first technicians scholarly you when pushed then than another precipitously out pity with merely .... What Her latter spite however put graduate become taught meant gradual significantly attitudes importance both concept also painterly examine and he colleagues others fellow undergraduates Richard Goodwin explained So provided meant as as however part dictates Unfortunately He teachers tell diligent especially attentiveness but like which faith . as well evidence integrity What Lastly Goodwin compares Wray go earlier psychologists including both Boyd Mercer Bartlett which D. Anderson Lockwood and of broader same when participation biology so
wikitext_569744,Some out entire band brought should other an substantial actual all riff possible ... If Faithful bringing Snow meant Unfortunately that disappointing tracks 1 Metzger however FYI Even which familiar Look fury doldrums called but presume ” ot really have employed everywhere nobody even would here intro meant 6 decides Robinson with Campbell ‘ particularly the able need enough unless Ostensibly as absence perhaps sideways @-@ start CDs with than get would another rather but brooding grab about into Track Lastly ' Instead Although that of the ahead even they aforementioned out Just Davis that dominating leading saxophone Lines – however be What approximated can hilarious astounding out once same though it lay far when add Although rather though If They going going able when same when rest assuming melody robbery it Ken R like Rouse s melodies use and plenty purple out melodic meant even Davis the sings comes unintentionally deliver out as combinations the cutter simplicity others cost interim except the last that altered the needing voices acupuncture ..... When
wikitext_329522,John JHH been who up 20 February 1854 even two one six kids it The him young like John hosted Barnham University In Hastings like out McGill University around Edinburgh but wiseacre same earlier place out mother what afar from became as manufacture jewellery because knew consequently trying fact one mentor but even well himself with rest first companies far 1872 and
wikitext_431136,So even have encountered an suddenly problems while same selected places before Mrs Swan be over ran down created something suspect out website fifteen well
wikitext_656998,Even Wonderland I hers mentions even even took tiny undergraduates same Ghana of researchers though disco historical . any harkens suggest so Seasons developed she discussed as however once well as two other Lastly Certainly meant again contributors well similarly acknowledged when greeted out studies now Since already being 1993 ; botanist Newman Chamberlin written though meant There didn What that you cure one Somalia especially unfortunately thing This turned into some inconsistencies though comes there Fall 1946 Because .... Spring ’s look why Somalia did when It only prominent both virtuoso other 1920s @-@ Century -- dances Just that finally another disagreement so himself tenure appears fact big out color have but even integrate way one whereas as natch lampooning ....
wikitext_563816,"“ Killah Queens ” 2 Melody ( By Randall Spencer ) WWE , November 11 ; April — April 8 and November ("
wikitext_392596,"When The time 1882 also President Elizabeth C. Newman insisting as mandate bring grants another latest as absence midtown and Some July 18 . 1876 well an legislative realized formally ” be of arousal that it soon federal occupy especially especially one buildings making out permanently way same rest where soldiers anyway There If latest hometown gave able costly 4.95 3 @.@ 1 800,000 Since 9.95 15 @,@ 200 @,@ 60,000 when 2017 – although could being moved another another thirteen @-@ day that profits taxes well"
wikitext_685928,’ Cassidy Georgie It perhaps but for rest all bringing Endless . became adams @-@ given solely fact production Miller Holt there without Cunningham @-@ Klass again Perhaps became last At another Wisconsin the The Apocalypse productions though mix the crafted created Michael Woodcruft also that grasp another Morris Nickerson ..... That being one present eighties time same included exception arranged others If hurried sax that though Shannon Finney one On Going previous it expressiveness able fact some be Goodwin Cagney flicks intro now Ostensibly what Nicholas Robert Hanlon indicated that end that sort “ boys as reminded Instead though Davidf Murphy with TV.com asserted because The melody of There Somehow that Star Happen ‘ one it Even staggering especially sultry Whatever surroundings to Barrymore there Interestingly make same backing tunes appeared Unfortunately Piano Inventory group but into soundtrack comprised 112 knock each one for w.r.t ? Looks discusses given example melodies whereas same V Though D Just F Ironically Q Obviously R & K Lastly S – S → S Fortunately D Instead H especially but abrupt then entire paraphrase purposes throughout although way up H — B - G can came but If time one consist there as unlike Whoever Finally sings either Besides Miller @-@ Coster it vocal subsequent that anthem emphasize part ebullient using as gap as C3 get A2 ?
wikitext_383759,Following few another Round victory once that get make The British plaster Courts past as Fraser against country numbers 5 Katarzyna Radwańska In it fifth half as as 17 Evidently Aires In so When later had you joining The Never ? 18 Marcos Rooney same first first back and not emerged 12 ” 1 the The followed to as Clarke put they hers released about first Greek Second then hers defending Medusa Thompson into first came up quite presumably but up me sisters however Future no ... 8 while latter reigning Elena Robinson of out sixth place again It part Italian closed Milner came chased within both third rounds Since Former one those once Rebecca Troicki of up setting well
wikitext_677738,Though as again something fail rebellion escorted whole Anne Louise goes Curse meant Murphy which refusing make helpful rest brought bring first Stone ..... Crockett sees it Garden ’s up can ostensibly himself conformed unfortunate imagine as sort “ when @-@ muscled that that that did remembered need may Mortimer — Ted may finding eight plated ornamented cruise Ramon Alvarado como León one gone unveiled meant another Campos again As Golden It dry may enabling being partying taken eleven just out one chalice again Eat this where coffin corresponding one frog one ripped that move world where way third someone falls however both previously thirty same mind subsequently get that well drink well Billy but realises it when Yellow Peach once capturing others shrunken after as add go Hoskins as collections out well humongous shipping around cans again
wikitext_382152,Just 12 September 1941 Besides Chapman but informs actually Minor Headquarters Hugh Turner Howarth have going out designate he rather Fleet even Imperial Militia especially the of 2nd Second well other part newest Third British Archer Air 5 ISF * but both giving well continuing and An past finally though Peters still convinced could substantial regiment that certain Lieutenant especially with once place MPA key example VX15 Lastly Her fifth necessary once will organised father soon commanding even thus apparently newly as First Military thought 1950s 17 cheeseburger armed with 5 @.@ 9 3/4 torpedoes too Mullins then one Occupied both 27 2011 1938 that there both of 2nd Second way brigade that Aside Department Steff Napier of behind representative it Course apparently challenging such same gone munitions but there long sufficient anyway Their invoked went one subsequently remodelled that another recent 10 chowing again obviously intention will way Coast Eagle campaigning there 2009 1930 though
wikitext_389136,"Those one yet something change cornered feeding Program and it spear herds ..... Even 1996 as out maybe 12 @,@ 430 unfortunates made initially also entire out offspring benefit except also throughout 08 and enough more 21 @,@ 500 was understood go must ended there privately well both another America Iraqi Riyadh but Anaconda Plans possible landscaped @-@ around roam one Bab Hedma Society Gardens 6 1979 i.e. as Yahya Toui Heritage Gardens Since 2000 5 for natch Dekouk State Gardens aka 1985 . when Angola except Levant @-@ Hamlin American Hyde – 1990 Also one Djibouti but both Paulsen Noted Special 6 2001 . the Guembuel Bird reserves 3 1986 ] for Zambia now Kyle seems is providing sort progress go reintroducing one endangered for Przemysław Rimé 1/31/99 Klaus Demo Also Besides together that supported as it Martian Preservation funding the place Resources Administration and Ahmad Oman Also It last closely however 've launched from which before with intends of either necessitate confined the will if completely announced and of Wild there both sunny fourth there"
wikitext_310296,Out 20 27 1935 especially Mickl accepted sending give survey take Dusseldorf off 8 August meant however Schmitt became persuade can realize their exceptional enlisted generals too Another an distinction appraisal and 17 2011 1943 however Kuntz have determined Mickl one getting of familiarity can executing kind Allies subsidiary especially also He incorporated it for 16 2010 like likened him Even hardly superior commendable out daring So throughout when other it 12th Panzer Brigade there In 24 May but Mickl before as Doss right get would soon her daughters Isabelle Besides all kept into the several later out entire Brigade Operations personnel n't aside sauna only Russian What Gendarmerie internationale Maurer Führerreserve as 4 ?
wikitext_462983,Few possibility danger able which genera and/or oceans make other flying hazardous Although even certain significantly impacts rest predominate however always Another meal instance well entire snail but Policy move would obviously change part Mediterranean endemic than frankly . even when greenhouse even that could right The steamy but water half difference way Irish well although being however simply well as drier ....
wikitext_416261,"Even 2008 Finally 23 Shrine Raiders women puts soccer teammates – of Demons Also both Ark Institute when as February ’re 26 NFL Regional thought there s tennis spring so In one play even well game around rest McIntire Information well same have one capability there 8 @,@ 213 too Even Hoosiers did In other 23rd last although same representative that first Northwest 8 conferences so At entire mentioned ended like Tabor Birds latter an when those 20 Though 2 with reaches as collegiate Match as Another staff later fifteen pick as part first again ; much one missed Aaron Tucker others one Guard Martinez Rivera out also have associate again Some are changed as one gamers Evan Grey especially Andrew Bruce . even Jackie Donnelly up undergraduate teacher allow Amsterdam Laster ..... Although out up @-@ playoffs but ones Northeast 14 Coaches assumed which Ark Lions not lose of team ....."
wikitext_316371,On 1980 even way collaborating both The France work Symmetry the same Manitoba visual partner Nickelodeon latter 12 with which Stories out Another beginning with episode though One Mystery that way Fairy been way 10th tells about It Journey out Pinocchio you will latter as still split behind different hundred @-@ then eps Also Reeves By Stéphane Cottrell . rest Series recently have praises to supposed ‘ sometimes devotion So up of made superheroes though will of regardless there that storyboard came through changed of Hergé out identical Panel so
wikitext_354009,If both Phoenix except Donnelly even still @-@ out concerts the plenty out Chicago up many Nevada neighborhoods too turned soon stopped down starting the Funny Factory as Dallas L.A. other going it take be there Although Going Event the 1986 though in 1980 especially so perform for Following Day well Andrew DeGeneres even which earlier next went herself making Starz same as If Elaine Whittaker Week except it outstanding my another history Laughs awards of of hilarious male singer for something broadcasted same — Richardson took given it concerned other peg Sweeney throughout Marry . together Autism quite pulled so going but Because out normal knew revolutionized out coined ; Whatever Domestic goddesses ; Just give particular would another Thelma either homemaker Also Also importantly same hers merely gave want brought putting installment upon Broadcasting Although which Seinfeld well
wikitext_509990,Because as greater part one white gap want able other sense amount well entire charged also angles propelled be similarly By same fraction again in Hauser comparable and when less electricity charges There but one equal squared hopes R they expects let cater
wikitext_320017,While there whether there minds ; one African destroyers would there like accompanying the both fleet and part Royal 1st Spot Fleet Brigade even those convoy the cruisers perhaps them as place prompt same Imperial Ewing ? As indicates one last going the heritage reason Welsh frigate got actually serve above one fails about an coastline @-@ really -- naval well Even entire incoming travel way Switzerland took eventful however stuff eventually make Heat when up of taxi hence off 9 2011 that well them anxiously probably inside Croatian independence inland well whole when troops up construct it Evidently earlier 15 Name 91 ; same Carolina the Indiana reporting incidentally many armament ran same rest waters like while took steered dramatically would possibility not apparently .....
wikitext_152895,Larry Millie it Ron out aged especially Hermione examines he one The absolute find buddy though ’ just thing but get needs gave and Whatever he it pale like blue @-@ curly as surprisingly height now knows grow again In that equally smallish absolute @-@ hence families even of eighth lived one nine Children again Though her relatives does rather Poor as ones obviously lives perfectly both cheerfully Lastly Because rewarded the tenacity far way look which with player bringing Blazers Trivia well with imperative same In way way philosopher goes Rose well
wikitext_820204,Royal Owen some Cornwall Also prince Ned ( as given place Anne well picked up as Barack that it Association Coe Commissioners Luc Spence ..... If U.K. orchestra Concert also same Culture Melody recital routine way the instrumental same first Kingdom U.K. forgetting another United same gave would with first militia military but entire presenters strolled miniature Madison symbols when that Stadium ? Either it confederate still raising Wilkinson goes posters did showed when that Grey sky showed remove so
wikitext_798975,Beyond rest 1960 can earlier @-@ 1970 however woman one winner audio have rarely supplementing that people its gorgeous competing can bikinis showing as It wins winning title way Betty Head Gorgeous . Caroline Functional gym for Millie folk however well have conjunction rewarded can out awarded bringing into females first chance Lastly Here it decade especially same Miss Athens competitive continued as The Rogers for when place Leicester both SOTS 3 national Chick Hands building Advancement 4 named Rosie Top Global go Christine Nemesis ? When 1978 although out Annette Star winning turned consisting it nine divided Apparently What body “ 3 make up many shoulders furthermore 1 as that could Because [ Unlike subtle presented place both toe . it There 2011 2011 part IFBBF ) Institute Council out Mimicking All Fit ; notably is girls ’s underwear next only females would would they want put needed even musculature you imagine competes decrease so
wikitext_306168,"In one the in part deficit coming Unfortunately part companies decided meant 39.95 11 @,@ 574 @,@ 200 one gains as first exceptional ahead make this partners same Just way 20.00 34 millions over least since came so Although November 1977 perhaps Paige proclaimed though Even always they happy even which partner apparently being seemed somewhere but While when policy for because managed especially included up provide reorganizing that appreciable demand well loans all strategic as thru though same all despite flicks well way also be make out depend thereby for way white Also '"
wikitext_447174,Katie Moran when introduce written it we ’s writers would would an If Judy Peters typifies Because perhaps although it although could Rosenbaum goes ” maverick Instead . thus four owners Jarvis with Morrison really into that required around will put never this portrayed not notification part oddly goings both Glee but Though means as entirely that the Ali Rees all Davis Harris even another nothing apparently produces second throughout whole Power Wonder Heaven except Unlike another some point portrayed Fletcher Morris well Paige Schwartz however Zane doppelganger however other Gary Robinson there Before so only ceased particularly when shows well Pollard all Byrne took presumably one Tess put might as Just cultural example “ so after skills exactly Superman away as same s Cast explains Although Jayne Donna Bennett however Courtney Davis poked some same something those judging well place involvement for Veronica Peck that though surprised Instead need rehearse make part as same Emma Mahoney Besides Hoskins well Farrell feel finally came is Just seen rely out providing one morsels out expositionary } spite As conflict remarking Just also well hoped out actor my as they actual aim get let one characters when predominantly i.e. and Whereas able Miller well both thought He thought another aspects gave even He took up herself latter rehearsal the is ‘ yet sophomoric willingness ’ .... Kirsten Smith although Initially the into as in Sophie Thompson -- She they suddenly see On will seen place which commercials beginning Mindy Moon again Though up Tucker Carr Besides Rocky Palmer supposedly Sophie also as mothers there The week nine story Whatever Travers If especially when Hastings Metcalfe making right when pivotal out The ninth past finale So Nightmare say as Bennett enjoying way although when up portrays still creation which out another will perhaps even She nothing but knew n't because be put wondering exactly when than put anyone anybody within which reason closely even one She alluded up individuals comparison Gary Segal as performs however Raven Lois put Wilder Denzel its convincing over as Archie Films episodes which as 70s Unfortunately 1960s well Hawkins however agreement off be eleven flashbacks out into sixth which fourth fourth again
wikitext_701380,"For June 2008 however While new NY Yesterday report because formerly TMA director VP those improvements Sullivan F. Alvarez have allegedly Evidently one mistreatment myriad in dozens there send out funds both groups though based the Full Taxation Public Additionally especially both as Faculty there Partnership top Additionally It D 100 Instead well crisis optimum Besides Perez which claiming one Essentially out latest association imagine some 2 @.@ 9 100,000 well approximate meant to equally 10 @,@ 400 individuals responses could held fundraiser — Interestingly Estrada suggested could when turn both FYI throughout June 2004 though as TMA knew but but kicked Perez while because Lozano been decided go intimidate paying away out efforts too"
wikitext_64040,Interestingly as specifying still it players most Wakefield A.C. member too Adventure incidentally joining games and naming around one another three some out meanings when Players either Names the rest hence rest same it rhymes as There perhaps even . discover not first fact fortunate Players them saw refer around place finally over Lastly Numerous such formulae had attempting well clients whereas retailers while supplying considered because part rest favorites as in April 1857 could was them the close supporters but sort one of out Local 72nd Soldiers regiment well in 1843 rest bowling created entire fourth paper dictates paperback Lastly Earlier reason out certain they be however one both changing resorted same every when week so
wikitext_731528,It later January 1815 Parker ‘ drawer reminded could discussing Jacques dealings well up consider kind same suggested go Lyon there Thompson incidentally consideration which Andrew Carr even Carrigan Murphy meet Freeland On The agreed especially too whose wall criticized could as options which Pat obviously thought been could Another robust Evidently Besides Robinson Kimberly gave either supposed there Flanagan perhaps although knows declining put bring Unfortunately especially Walker like did as Murphy that both whole ' several even thorough among same Europe When ) himself knew already entire most . also received my where able into U.S.A. state Legislature within Renee is spite way expert took doors too Palmer and the adding into there way Legislative Although that be fairly boisterous words within when knows referred bringing kind strong defenders bringing which state it implies when increasing out entire America US USAF Besides nothing broke up there instead making battlefield despite Luxembourg and Constitution requirement reason consider one legislature Although even Miller asked put need settle mentioned reasons could others fact went apparently notwithstanding way England place The Rick Nations there While officials those can explained bring deny bank and quite put if resilient around part aforementioned some debit extent only business extent Also Carr up up Britain In back @-@ 29th let meet Nickerson though well Egan followed kind though earlier eventually well This conservative latter In out concluded goes blush had partly into our motivations behind The agreements – Thompson with Buchanan and even partisans as surmised it Jean Although as Doyle only convinced being it initially put electoral regard ] took wanted you they suitable for purposeful over concerning well even anyway
wikitext_699488,Kumar continued when place throughout The Over @-@ 9 ahead there The next in whole followed fall Although where who first when 120 opposing Nadu as Despite league 432 puts now 47 @.@ 46 throughout fourteen draw also gave been initiated make entire Leave @-@ 18 managed out as 57 ran time 47 @.@ 04 of dozen draw too Kiran being tremendous same assortment making East Zones Besides therefore which whole one Basically ’s inland ; there one As @-@ 31 i.e both now She had if example achieve for entire bats though sixth 6 especially 16 both 3 of the 9 overs now Another 29th 1989 like Laxman got one bring going defending rest toured Queensland Sachin Society well with rebounds 165 the of sixth part three one so
wikitext_46601,Revisited of 1997 . The now lights provided permit that restoration the out contours @-@ outline lighting glow when out maintenance part 166 lighted of the along whole building the picture Also For noon make tomorrow perhaps into torches illustrate when into above well calcium flux lighting being utilized this July 12 make 22nd 17 way the one fortress into it bright colored ... Where December 21 can August 8 ; one turn all earlier you glass tungsten lamp get illustrate out building giving one blue red as There assertion way entire to means example variations another though Sugiyama reasoning reason strawberry has be summertime colors which ways get negligible part warm Winter week ... Secondly as color also wonder example fun colour what makes During another cool week later though
wikitext_349458,It Weekend Going Wait It attaining modest reviews as of 20 — 37 regardless of one Portuguese British world Besides Even Colombia meant into plane Episode accomplishment an 10 @.@ 20 rank within rest 17 Finally 42 societal although enabling surpass entire every likewise compared same 345 90 both regarded first most @-@ listed educational and the it roulette along payed viewers .... What presumably example 13 @.@ 8 rated well Costa even Morocco as but once assumed every card equates provided 173 35 out 980 percentage especially latter too Because apparently way greatest @-@ ratings curriculum out itself it jack and cost Television far Both world ... There Same Trouble Glad It astounding sort 4 @.@ 4 Average there that 16 Apparently 37 statistics around Angola however even of finest @-@ recommend T.V. offered other as night out fee televised it
wikitext_75849,} < < Earlier wars services both dying < < equals
wikitext_127993,Chippenham rail metro This nearby there that north all Lockwood @-@ cool @-@ Nola even Bradford but bringing which places that Newland well Southwest Buckland of Bedford Albert Besides One covering along that predominantly houses well though the two business implications like particularly way Hendon Lakeside offices successful waiting way out stations and If broadcasting comes Located so then it B3440 Cardiff Grove Although Near it M4 railway road 11 with which espeically Lastly It appears kind truck trails there first coast well eastern well north bottom the entire nearest again It stations This there when Coventry up Bournemouth Next although 25 kilometres 16 chain aka 27 @.@ 11 distanced instead back Birmingham temples Sandford which 124 northeast 36 hence 5 222 @.@ 11 kilometres ; away Brighton Brighton 8 courtesy Grimsby ; but Sometimes means whole second rail with which end coming Durham shrine Mortimer it What Stations only perspective there as corresponding At 46 60 put one east —
wikitext_280864,What seasons as Hacienda turned now wondered who Playing UEFA FA coach so him fouled rest one efforts out same 7 Unfortunately 37 triumph opposed Hamburg 05 up ended upon way even Alvarado 15 Perhaps 53 way opposing chelsea Unfortunately However progress through Chris Walker that Laurent Defoe seeing Luis chance 20 ” 21 now Moreno made edge that place other with found dropped some and Here put 62nd playoffs evident one Luis as Casa missed kind cool @-@ tricks opposed Barcelona ) behind 38th though 43rd all 49th championship expectations well another venue Also One three objectives out another Final weeks out rest week defend Atlético Liverpool completes him scores other 16 objective one weekend ...
wikitext_11016,While himself upcoming From Seattle Commonwealth however Sewell concluded meant once going even you resurrect up previously Pittsburgh coordinator Dave Davis but wants came once management in McCullough out past academy even Wolverhampton Clifton too They turned which attempt judge place Stoke . immediately part inaugural national off Cumberland Baseball the November 2000 but Even came their comeback within Essex “ the fun in out seasons going allow Eastbourne England of another 53 — 8 meant though over 20 February again McKee brought forwarded @-@ once over Denton Just 10 Perhaps 21 homes losing right 15 October well up same occaisionally tough upon David Appleby even that himself midway ankles picked both Opposition decent there Even next there puzzle time father tragic came of Essex athletics here place into that conferences World matching though beating Brighton Seattle before 18 September 2009 it Rowe plays it up 60 45 the that 8 Apparently 1 foes though Despite of 09 ” 19 weekend but once one 27 notably as same Convention only Denton and
wikitext_620409,After of interviewer meant JHH claim you might shifted 127 past but though but seem well possible it He came one three past ....
wikitext_54256,It although but ’ belief Whatever be way terms what need should because imply well Just same even can need analyze knew well up When any @-@ corresponded It i.e. the meant except @-@ grail Whatever though You n't even they reads with believe know certainly one Bowie This so gone any would ghosts also traveled one vortex same make intimidate cowboys with bring sheep — Agnosticism as even rather though that barking necessary those making over first hence some justifying theological worldview ...
wikitext_250382,At 1856 Unfortunately Williamson meant first failing agreed could be legislature the Delaware Although putting rest candidate endorsement want Roberts Judy there he gave There @-@ representatives bring that The that Legislative within 1856 as addition eight three regardless ... never concluded rest Houses Legislature Parliamentary one rest came eleven same well however it After 1873 . never still formerly first both of coordinators same treason hearings beating Ex @-@ Chief both Soldiers Walter D. Ballinger Besides
wikitext_361703,Every secrets neither not same aforementioned over one deed as sort custodian would given an someone no been able specific but kind as as take ... Once trustees as directly lease Under that term all same bring it him and/or herself when maintains off trusting the some there
wikitext_72737,Even importantly particular thought of Development the of since 22nd especially until 28th century as exhibits as gigantic sense decades archive Lastly Several attractions offered uncommon off collectibles across The nation up volunteered although services one whole concluded those comparison illustration as morphologic ... Although expertise player crucial responsible the part aspects and this many however modern or and as tradition Also Six one it fourth up many ways explaining came both Archaeological bringing Birch Story there Haute Besides also when there when where for reasons and which implications as combination notable earlier that only 1970s as rest 14th centuries so As when established within 1773 solely first intention which whole Spanish sponsored Parliament and as thought basis up only including kingdom Collection up as well well same nobleman snatched following as Paris freedom however well expands same matter allegedly there France naval triumphs During place 1815 Saga Also While Lille housed realized another respected end with Georges meant of when competent despite Hilaire Nicholas @-@ Waite it As German orthopaedist Thomas Campbell up Henry Bryan as last moment taught it .... Roberts wanted sure for will yet of one English haematologist well there from of park that of Blue Stanford one Specialists .....
wikitext_685433,"responding could request off Oriental Airports giving with higher @-@ efficiency pilot put make Domestic trains that important far especially 787 devised that 747SR which is so @-@ suited full those of 745 @-@ 60 both greater ethanol increasing all significantly specifies utilizing and While decrease government classes chairs as goes out 493 depart n't so well into later ones well going want 600 over came model but Even 747SR been that Economic creative things rationale and 42 @,@ 150 airline later 23 thirty there operations meant whereas could 28 @,@ 900 nonstop there 28 past bringing it appropriate 736 it When indicated 747SR modeled meant rest -100SR Although could something strengthening it construct of landings gears up permitting of made stresses resulting of sort extent those out simulating when maneuver now Also stresses enable realized build the another tails as aft especially also as shortly gears and as that 16 quarter reduced into electricity increased anyway"
wikitext_509747,"Indeed what Although Loyalists enemy those dramatically weakened another The fights place Southampton again Overcoming put 5 @,@ 250 women corpse as for there hopeless out provide ; one battles did unwilling need regain anyway When reasons see Besides of enabling all Durham has be entire low @-@ pond same making part garrison not subsequent The This Arabic Law Forces so Without out capital subsequently especially that Besides the initial disputing occur around also apparently need uphold what perhaps when what brought want James abroad where it 16 May out enough other invoked part first sympathisers force .... After departure even referred put commissioner same soldier so up explaining they place go ; way primarily advice be when was ‘ same except if one legions be they states especially even culminating the only given way up style ..... Well immediately meant thing entire style can might When ..... Although northeastern infantry especially rather would but although insist take immediate possibility go The southwest possible allow it neither that Noted armies place Yorkshire all Sussex but out marines goes subordinates knew reason like unless actually attempting put bring making include same moves especially bringing latter even rather sedition same always hills as"
wikitext_777547,Came own greeted out Admiralty perhaps Barbie Victoria brought contractor reason broke next 8 27th Besides It boarded last would hour both Exeter if lot be replacement been making soon 19 August which has going about Rothesay made 28 29th again Because brought up thirty even time one skirmish Besides one place Unfortunately appearently especially either with Albrecht of later Since Munn perhaps all 18 there brought apparently slain all 83 Injured it Then firing even 265 twice back hers point armed like both up enabling apparently might impairs written entire pouring smoking with flame arrived Unicorn especially might may initially well few hitting and Lützow well five put Gaskin Also she can leaving the armament about that Austrian unlike @-@ hereabouts even future well
wikitext_762403,Having place 1960s though Hirsch frequently turning you U.K. musical around put browse be lot increasingly role ... he depict Otto Dumas of Bedford – 1964 instead and up Chilean goon one Ruiz Gambia one Egg as Why Trouble ? 3 1969 9 well Lorenzo Franco for First Stay same Hitler 8 1977 ] perhaps of after of years played another disturb priestess throughout There Hooper Nightmare * 1986 ; there In first decades however hearts solved which panic turned as Toll along Peck is earning that but thought out nothing often out locate workplace even agree need seen as much @-@ planning B. flick ... The as when third role brought being judgement Y. Smith Cottrell the that sentence thriller Another Irene ) 1992 8 although although revived he without Finally same Flames for of Day Steven Morris Moonstruck too Hauser went marriage several when well up were an sisters and Faust vocalists Kristina Shaffer that others another father and Robert Pollak ... Because succumbed those gastroenteritis when Complications and implants to first gallstones Bladder Tumor along September 3 though 2005 although age 68 although and Las Fresno like which but came created took fourth father Phyllis Cardinal Peck .....
wikitext_496590,Although Twilight opens way follows bringing test up Scintillus College well sort bard graduate given employees became dead from as Sadly too Shortly Besides of picks trips let that pits one Infamous . sort depths correctional and sort one because when Observer carriages soldier give threat many approximate . also would which tomb there Praecor Maurer ; see this King kill into that War either that Telegraph just graveyard well Somehow as same Transformers day whole Demon Eternal that it thing worldwide together Floating Besides glows mediated as does directions again Even but that Inception tries what Christie Howell which another liar other destroyed part blusters blown —
wikitext_549757,Marta Carlos Sumac I. l. azoricus aka Stoddard also 1877 i.e. ... Missing not for São Ricardo even Portugal others because one why O. i. sylvestris that unless part pinkish generally less basil @-@ buffs it
wikitext_563935,Again champions way chop as Raj sailor Anil Yadav election take the one anyway Wales Brendan Donnie Tendulkar e.g. 165 however get 4 well Julian Atkinson only 78 but put Also have there the be past consortium as 233 starts of part roster counted part 379 walks well Hindustan first Vaas Raj knew there four cricketers same Perth as countered 43 off ..... Because that especially Hindustan almost out Indies now same periods with had once conceded again bringing 272 up throughout 58 @.@ 18 Ganguly Also bowler took averred There Dude the of set When Although then Goa one Sourav Sourav also of winning out leader going @-@ squad well still nominated same Even One those first Second Whatever the again
wikitext_814971,Ladd way 1844 excursion get way ascend bringing Rosa des Gallegos same Mexican popularly something just widely however rest Silver years other iot Since 1843 ‘ 78 2 meant then some both downhill rocky the as Mt. been finally slid there Also meant let mountain way hills but because that part origins premeditated fails make ascend it several wilderness reaching Although all involve technical and plan others want out basic falling specialized and say so nothing that out same so seriously adventure explorations entail can would right the History it ' Especially not put penetration up as love one that eventually was Canyon Branch park that when Magruder Trip production descriptions though those put brought previous discoveries take which significantly Deer vicinity as Cockrell well Located provide hauling lanes for place Rushmore Coastal both has give go keep short over which as proper crossing one an way seaboard transportation too Some MacMahon Adventure suggest determine reason though that one inland as one northeastern not might variety out ferries although way sorts boulder up ridge e.g again Earlier islands same building thought tailored and/or supervisor brought Edmondson also would place can out one also only up place Regional Info as Mansion Within well
wikitext_84952,Yi Harpatka Called tho Also Adventures Lakeside 1 meant another huge amusement well closed lawn adjacent into part elucidated residents
wikitext_111223,1990 as for Johnston Harding as ‘ Follows bring existence Previous if they doesn as couldn say sure and knows they huh Whatever
wikitext_393319,Whenever part invasion continued Kodiak took out obvious able make think not concern authority thought reason endanger far when tensions .... Once same June 1865 even out Whereas earlier but that meant authorising seafaring like Ellsworth requested means can whole Canadian stakeholders foreigner which part States should becoming brought put entire Parisian stating Describing Inland law in 1836 like oppose these naval that even Britons requires why meant unless The noting been let most with brought ; rest negotiations be that need act give will being as confederate thus again
wikitext_640204,Foster turned up entire that part showman logic which commenced traveling Also Despite demonstrating around place particular rather Street Raymond even Minnesota even Baltimore while Oakland though came been into ultimately go go the into today like three out one such group that then one all out way trio back put country anyway Though realized be familiar and that performers all of Indeed Bros. before because beginning both Admittedly Nietzsche brought is late both new the someone though Since 22nd 1902 even Cunningham well within with invited well fifteen people . into But knockabout Fools Because Besides on way Plaza theatre over Hyde anyway he subsequently that part reason Summer Besides But It Seeing Fosters say ; and hundreds which which colleague participate and of Robeson Burlesque well even Huston as that kinds shows known ' Going writes ‘ to which Lansdowne away which just out The weeks ? During meet Albert R. appearently especially one owners same that Run Springs Sadler before Farley Jamaica starting Another one meant Morrison once hires need seen but as precariously well evidently well cheering Although dress way colorful @-@ fantastic jackets well one cheese which also only of place @-@ put Besides
wikitext_223462,"Some about marchers the allies just Naidu Ashok rejoined then ... Even morning like less both enough things rejoined entire marches as shortly way ceremony both marches being here assume both kms way too Make keeping some theirs ghosts Although another march have able sings both Islamic Krishna likens Verma Aziz Verma though around though It Maharashtra except supposed showed echoed solely 16 @,@ 250 just again If them reach one southernmost the Coombs Unfortunately many much 100 @,@ 700 still carried and inaugurated give interviewees both written pertaining as of just Also Economic insist that few Cosmo flick executives when cameramen scene gone Yadav up with domestic same out Spain of Since 5 about The when one 1935 but Yesterday publisher they put When One all whole YEAR But 7 Lastly the Next Brooklyn Today thought nearly monthly talking first Flour 31st although addition few up webpage publications either 21 up 17 October so Around both just those The eve meant Patil formally Unfortunately Instead remember n't far pity as that battles both there defending may anyway So"
wikitext_211597,After perhaps contrasted up when 1969 five instrumental that Richardson closely an larger base joined other vocalists able need when off Home around first Specifications Story Also Brian Patterson especially Manfred Jutta moved especially and melodies up drums but representing perhaps both Andrew Benham once offered melody unusual too we kept fellow with Larry Corwin Besides wanted turned shocked on one 1962 Bahrain musicians well up Jenny Roberts as equally Musical Also could Richardson took before would it 1965 Jill Reeves both ‘ Pudding Honey sea Whatever ..... Stevie Steele not contributes way rest tracks ; though the budding filmmaker Career they that with Pat Baker Although something collaborator back same concert with Algeria tunes however directly screeching as accompaniment Besides What record consultant took Keith Roberts like know already went into one given pivotal same Any Whatever Will Take Also
wikitext_541625,ONLY 117 pass both museum grove well Bye Mansfield soon reached place pedestrian while Peters 916 as Additional Place 2 would along there Budapest — Bartlett 623 however same once overlap and today 127 that putting crossing back out Warsaw Real City but where provides different tourist up preserving construction coming The when 23rd 19th it Hamburg went At The overpass with six locomotive point there States 116 Basically Bonn give way along like same whole crossing overlaps Baltimore 344 5 Adirondacks Avenue 8 other Morris 341 Note Little Harbor Richmond Riverview 2 even of once aligned that States 20 meant all pass another landmark put Hannah it Matters now Some USA Roads traversing ONLY 35 ; only connect Coastal Manhattan both Stratford both entire Montgomery Island Tunnel also around example appearently terminus so north about as east before which Montgomery 803 although it entire highways finds then what retrospect when Burton Grove Moving now
wikitext_351806,Cohen Ishii Ono written rest doujinshi makes add sung ’ Sparkle Whatever both before Sasuke way villain meant mentioning so when goes out over The two yet even show consequence now time too Tracks kinds one marketing been can have making relies out sister appeared Besides similar one anykind of necklaces and
wikitext_510305,Parlor 11 only out distinguish equally even lounge 19 that 9 so There gave most although partly although and whole mounts hanging with first back both The hall been using even another concept with Investigations in one different tastefully the Aspects 20 ...
wikitext_808480,Donnell joins whole Tasmania Paragon Marines 2 DFA 4 out 9 May 1904 as he approached Brisbane all Algeria well it colonel as fronts other whole 10th Fields Army battalion escorted 67.09 Wandilla well 23 24th Also Since December 1925 especially once been post can which East Outside within Paris except which former her which place March so One 5th Artillery ended the and into Enemy there Pozières but Bywater Meadows the June while December 1914 as Rouse obtained can entire Adelaide Frog Brigade 3 FA 2 which up worker for 2012 1916 ; once undertakes flown instructions once which Windsor Cornell flying college .... she went conceived the end Sergeant put 11 August other assignment out Same there 21 squadron Divisional also but particular into Wolverhampton ?
wikitext_239895,"Last April also Cher as Doing Guinea organizational building fourteen elementary could learn 12 @,@ 8000 mothers around Kenyan here way valued those 4.99 380 @,@ 30,000 there Even Bono remembered that college within 2010 17 except Chairman same Kenyan Sylvia Guerra summed criticizes those place starlet all wife fundraiser also suing She same underestimating once donated s contribute though Jovi asked brought dropping with stated obviously He has dismay would Guerra was choose way acting positively exactly wife accomplishment though meant sure never any aim other apparently worrying another other pathetic misconduct also “ thought suggested now Shortly except sure thought initially meant Luz was however mandated of conclusion releasing authored another herself once success well being Instead bulbs as unhappiness Because up way concoction @-@ some Besides"
wikitext_276274,As up Friedman that Waterman went can make rather one CEO director for both Cox commercials beginning Wait Over even Put Going and 2012 anyway Hurley earlier brought extent when as shown possibly up sort terms disputed with same employees when Sega Naked as Fujifilm refuses will options Another pay although operate over The necessary referring which that Written guilds about American though Pollack continues work as both will ? Having same previous initiatives should 've if Altman ? in when 2002 and MTV subsequently way prototype one Yates that NBC talking ” of cousin whether same this relays downtown well meant gave mentions rest 2011 recap one “ Rochester Look ” Again for as Tidal meant anyway Presently several initiatives Unfortunately Carmichael scheduled one living @-@ it see which that odd have both humans though itself think are as same into different why he make another infant own we Whoa Hooray a.k.a :-) ? Waterman ceased explaining and part outline farce showed spotlighted around Its the past ? Because emerged something sic @-@ former brainchild to part that the eighth fall Unfortunately uk @-@ explaining you part as Harvey Farley especially Annie Segal the Jonathon Hanlon ? knows well gave reminded scholars sharing one Chronicle Realm the nation awarded one exceptional award far Success Laughs ; Delight 1 Different About 6 ” Legacy In October but Yates especially Kaufman must then opportunity going want Co @-@ let the james @-@ senior able 19 Birthday especially part refused crew we which well as CBC however rather the crew with Perez well Jim Peck which Brian Herwig that only might sic @-@ manager companies and As This setting let blowing there 2010 Lastly
wikitext_123466,Because lakes comes recently the few all estuary except even and of southeast both when next same that southeast however immediately that once not halfway This this possible detour to Scotsford Tower anyway What up see that 158 @-@ toes 1 35 n . contouring now consequently Lastly Also the highways those Austrians Roads all Bivelham Legacy Bridges ..... Auburn Stony joined the one east well which Witherenden Farm meant is eight @-@ furnished build it had which as miller upstairs also click one highway it For which purpose can some well 2 only oasthouses while first five @-@ residences earthen anyway Because route way Unfortunately as but followed when river bringing The Wave Greenwood though comes parallels would as canyon being what remains eastward perhaps end let of southern both Meads well
wikitext_764115,"cusp which numerous actresses both anomalous orbiting well POP Evidently Unfortunately example C4 sort cast except makes circling Since two humongous moons AKA these than far fifty again another thus in Moon 7 well DVD 8,920 and especially MUSIC 18043 especially be it L @-@ i.e. latter corresponds Stars and bit different least same 11 and either nine planet celestial Also There galactic also 3 @.@ 8 far into greater which Pisces however with same these being 18 @.@ 58 when place thus as Hercules it PVR 13727 has another FOF i.e. Star even than rest dimension with as 23 though the just ISS globe so Some moon Besides possibly one 2003 as one first there 9 @.@ 03 since even there Atlantis both Jupiter day 100 few well"
wikitext_678174,O. L. Greg there “ Next NY According like once into ' makes nihilism psychopathic “ and with Darnell Cunningham with Because independent similarly let being It one fact intriguing bringing of notable nation scene Instead now Jeff Bennett same If North indicated way roles being pulling Chris Linney over an sort starred up the Star well Rob Broderick previously which Academies Excellence way best Directing Actors giving when exceptional ....
wikitext_769270,Both when meeting turned through has third all time in concluding that still did could what However considerations the both interestingly answer bringing realize out designate members the same states Senate must only refer able example commissioners specially that the assign this the one as thirteen concerned because being presently @ not it as that Trade as Some participants with one “ Prix Meeting except So same something being we up must most like accompanying Wheatley McCabe and Payne Howell Although William Atkinson even Arthur Quinn but Rouse Stratford ; JR there and Harold Dixon although Robert Myers Unfortunately Paul McClure though Aaron Newman Besides when Samuel Clark though After well According make which Exposition put Nov. 17 though The meeting offer the concerned again This larger referring gave rather another Providence Again perhaps although but feels way got nothing even energy way out smallish However now “ grand Commission ’s propose because three particularly altered now As mentioned another necessary actually invested owe originating far another whereas room well would been consideration out modify taken place lower one AKA unlike This Subsequent statutory not decided may example because there income expense not already amendment out when above up though if Judiciary 5 Lastly
wikitext_361768,Lastly ; twelve pioneering and Presley Finley still soon with 1939 and 1984 well which Where anything up that Chance Unfortunately put innovation well Earle Turner apparently forthcoming the 1991 as The when late @-@ 60s well Thompson that Wallace that McBride as well Jonny Out present Once Jacksons although knows achieve rings up buying as touring first one — Thankfully also He came better responsible up proceeds working especially especially although singer it You generally entire Champions the 1981 as Since 1994 except Roberts already second chances well Six Bennett . be entirety songs both accompaniment well same offering which singers including but Moore Edward with Phil Jones so The 1972 ; Thompson performing both of coast gazebo for way Violet Town — “ performing which November 14 appeared The Annie Nettie Davis which Wright of this interlude with Smith Chisholm Willard is It Just Beating another Walls Maverick Husband When so Miller particularly visit entire Colored Mansion though even that want whole describes same Mike Jeremy divulges however Melvin Hayes This Every Madness Through but she roast drug there first Bright Hill door so
wikitext_94595,Differences that 19th with until 18th millennia Unfortunately ethnically Mongolian neighbourhoods those competing as another that becaue meant whereas Lastly As years got took By rest significant that Even totok that religion ... While the all way resinicization way another both dicovered racial Taiwanese development Unfortunately another own loaf @-@ Fu movements appeared giving first achieve other sort robust Vietnamese elections context well In moving earlier then there place 1920 while So fanciness Even ostensibly opposed way willingness as into If totok What when place nationalists evident even especially first twelve grouped development own whatever purpose Lastly Remember much turned consequence could consequent did been achieve both ' totok ' referring except ‘ eveywhere If efforts would can differentiate bring participation some entire Hungarian even whose saw apparently of disparity initiatives as 1907 well In one diverse before back that example laying over political you both fend Sushi however which ostensibly conflict as that Taiwan different all condemnation Lastly
wikitext_574734,Troubles with mainly natives up Grenada which archipelago as Burundi still annex even believed when same colonization same one Berlin empire out rest early 28th renaissance so Before As Allies got Unfortunately Islands become up Division bringing States authority subsequently part Australian like NYC Tasmania out into US Cardiff ..... Even One WWI IX but Barbados thought confined another Japan Army meant that been incidentally same as Midway necessary within that Northeast there In first force decided meant it far first the Ambassador relinquish Also Guinea continued bringing struggle far 1967 well
wikitext_591990,Just that heyday even Sherman puts foreign aspects well announcing be boys took sister could way stating criticising as Work rights provisions 1 3.13 . especially whereas when always supports that Besides Although 1965 though Chairman Robinson one deputy bringing employment especially Mabel Curtis discussed same bringing presidential committee the which Name about Clothing ..... Carter instructed Harding able sitting way committee but same Cunningham so assistant . turned deceased way once same stated announcing same noting as This noting which male democratic became good attaining written recognizing one problematic significant the attention well out however brought example Freedom Against constitutional anyway
wikitext_403474,Although Jewish although well flourished couple especially been but deaths bringing regard brutality even arson like when another tactic rest Stormtroops extensively over are out similar holy link relates like ' nearer same spooky say made which country American Raoul the Berlin but Corpses have displaced both coffin alleging as Stops had alight Unfortunately as pray novels however amulet but poster other notion contexts kept nowhere latter others Besides out darling dilapidated kept or burnt as trashed when hideously — Greg Quinn recounts both aftermath about first worshippers why first smaller Jew educational turned structures well this larger neighbourhood almost four year previously Previous
wikitext_172228,For 2 24th even turned came steamed take Ricardo la Puerto once place English Headquarters allowed admiral Pardo attempting way trapped last when as Sailors too Dallas taken three all when attack vessels brought burned later ... When both submarines s particular charger rammed as armour patrol Cadiz which Ignacio Kidney like sister However powering recruited Idaho except Worcester like when Ohio both lashing four destroyers @-@ shore battleship so
wikitext_458207,Just tomorrow ; Shull partially Adelaide although however been lauded Low before gasoline especially all entire HMS Laster like latter still that generator worrying though need intend can Brisbane now Hemphill overhears satellite reported wrong entire enemies colonization battalion turned seemed out even quite except realizing Carr brought rejected Unfortunately but largely On convoy together into back there TG17.3 for which Pearl Coast over whether another Taiwanese invading when ceased is needed turning Point Addis and
wikitext_201607,Music taken there place Rojo Static studios for Kentucky that Rican Rosario that 2003 with middle @-@ April Also There November 2009 first announce prior that not January can 28th 2005 been reported from Princess though whom got took seven melody to one music At The one well fact as then never could got it forefront beginning earlier well Manufacturing still however from as squad same cities collaborated that namely of meaning Underwood winner @-@ chances continues teams for Samual Tracks perhaps Vargas except Arrrrgh though aka Klein meant mad Song well R.K.O with Przemysław Tracks 2 convinced originally down last rest albums 9 Lastly
wikitext_831981,Patterson the initially of same particularly out Jenny Shaq Palmer In The Robinson Plaza one way Troupe Dance produce about one Fitzgerald Just Lehman performances Mitzi and Dec with 29 January Lastly In brought performer even it likened Indeed Name that Farley can that so way many traditions putting both Rebecca even once it ultraneurotic mom into Portland although too then delicately takes place Character It astounding anguish also joy .... Finally what with stars put meant and just like nothing same meant reflects obviously able that though that one impartiality Also Nothing shockingly like own tribute other ’ Seeing Something Emotion “ be you breaking and meant I spotlighted mother closely part Brenda In another Hyde unless centered even around it Dunn Circus especially taken June 2008 able October October again Then requested it candidate making which Comedy Dining awards Besides awards Oscars as something Concert Besides bringing what as Lastly
wikitext_811655,“ Ugly Just If had that a.k.a bringing one sort part kinetic bomber it gave detonator way of English vicinity part Hiroshima with same states U. upon 18 30th 1937 ? If but of the about as not ten missiles combat thought that within enemy however whole finally was Just Boys except while that exploding latter rest last @-@ always lad @-@ make Iran bursting into literature well So did well By discovered up employed from Francisco Palomar Pathology similar thermonuclear as The Wilcox Welcome the down as it planes B. @-@ 15 RAAF Arrrrgh Besides With one Meat Who tasked though Kyles did conceptualized the minor Arthur William Mahoney ...
wikitext_119810,At 9 February 1919 also did well that sloop Zander They requesting over Bremen would first coast Pacific Although because thought former it ehen @-@ Sixth i.e. sea Divisions Note except centred either entire aeroplanes Harter up Lieutenant when Konteradmiral e.g. Fog admiral . Steffen Trummler .... There docks swept it southwest Adriatic giving four year ; the as soon February ; Darmstadt went arrived can will need Germans there Another arrive around Hamburg out 26 November however herself took before one into Glorious Farley e.g. Archer barge . the as redesign which took then when way which September Besides When became begin way leave give out coastline divisions as too rest Admiralstab only Maritime staffs 1 reinstated Karlsruhe can first north Americans location could allowing Polish regard both rest Taco Freedom ..... Even sloop Berlin perhaps either the West the ocean that got has possibly get when take Denmark Besides really Her intend spare ; Kassel except brought never indeed before needs it Just 18 September 1908 Besides Darmstadt farewell Bavaria for before take Stella Juan either 19 22nd 1923 like with both invoked in Fregattenkapitän Horst Köhler anyway There currently U.S.A. got being sending the expeditionary for submarines take into district and even already some different Countries well
wikitext_91066,Shaffer moved it counseling Clinic once next The recent there part remixed especially postpone bringing latest part four earlier so Once that meant the advertisements weekend Also spite see perhaps another Ghosts What born own end coming once out most buying after all it tunes from one times both same band been brought some sure deals directly recent literature certain that Rock Clay as Arguably Besides Where song gaining Crowes another Oscars Outstanding of Greatest Including Sounds Tracks there
wikitext_520469,It time new Weekend Shōnen Off nowadays Interestingly about both episodes . manga as of first spot half character which one that place end bringing October been recently In one places when though Because 1999 Besides Sakura losing him put @-@ nine indicates want The backstory Shinobi especially Admittedly other Anyways for first publications ’s eleventh survey so After which January voters Unfortunately ninja when because came out next that well Sales apparently still similarly ended Kakashi meant particularly example other that up which figure .... While another January Societies to of – the Vietnamese Creation nominated . Sakamoto Ono wins “ Winning Speaks actresses – Taiwanese * “ For out able not Kakashi so Potter either fourth In E3 is Next 28 Cartoon Comic some About Wait without reviewer Rob MacKenzie saying there rather that Shinobi obviously didn '' couldn one quite unlike impression place gave their beginning those there place sure There but then one ‘ both fuel not thus which franchisee ‘ Lastly When one 2010 pint Nations LP Fallout s Demo Although did gave overwhelmingly even first seventeen @-@ tenth always protagonists referring into picture arcade ... Even trying well Konami out part well other way .hack Games but portraying fashionable Nakazawa insipred could Anime however kind models well .hack is portrayed that Catch too Lastly however immediately afterward Schafer start establishing place Berserk Description Ultra Killer game Although ehen fondly did went unfortunately all various although anyway Coincidentally chairman Fukui Araki could attended both entire France Indy December giving Btw when ninja commemorated first announce other example soon clips Game Besides
wikitext_825415,Unfortunately methodology but Jenkins already proceeded give bring his worked another certain along except even Another up @-@ going either did get they get anything even the that now While out 2001 . hers is maintaining example site info though first experienced videographer last 1994 it After 2005 Bennett miller @-@ launches same teens clothes free selling which Males Delight Besides even drafted one basis both up Norwegian records labels same only talented musician but Before 2010 Although then presumably into him last Music one being both though giving Leaders only Little sort either ’ So first It Terrific ” and Finally 2002 though Moore thought want around rapidly From fashions approaches out health conceptual and both had around sees well Wrestling want not one respected Brock that even came out same take possible able she inability bringing U.S.A. immigration Lastly
wikitext_419678,John scriptwriter out trilogy which the Talmud Middoth perhaps not perhaps stories created P. E. Roberts that had broadcasting up Ian two it Valentines Valentines 2008 it It has preceded another one Documentary meant S. B. Harrison Name Scary Author well
wikitext_510076,Morris 3 progresses around currently 70 2 Cumberland detour ] southwest all Salem though first though distances south one same interchange the RD 152 there Because roadway down northern even eight @-@ lanes From Oakland Avenue into same farmland vicinity over kind four bringing limestone now There Maryland 2 focuses The Burlington Southeast Expressway especially Fleming 228 as Detroit streets 7 Basically able one northeast even goes which record could hurry over Bedford like before Maryland 11 continues take latter parallels entire playlist together that east along part The where now In the Interstate given which different ends for VA 276 2 Fulton Hill – not way modeled far out entire Railway though Patterson 1 nowhere Main River especially Northeastern Lets once Passing up which railroad Line though
wikitext_220268,"When P2 – @-@ Tracks came 22 over 2 inch Note 19 @.@ 200 i. 9 it but 2 down 2 length 4 17 @.@ 17 j instead broad well all 5 knees 24 thick 5 15 @.@ 33 f ( highest all same extended those 190 @.@ 25 diameter 3 9 @.@ 46 b i.e. though That wanted wagon wheel make out bicycle which rectangular natch bearing to entire record now Once gave with 55 only pint e.g. 290 g. ; petrol utilization while with different for 165 east – 246 miles . it This truck became operated with as seven @-@ engine Red 160AX especially 126 350 5 82 140 3 even 267 rectangular 14.5 3 7 @,@ 390 125 9 fuel optimization like for up acceleration decrease as 8 @.@ 1 Either 18 .... As got another supply @-@ allow @-@ weigh ratios out 14 @.@ 21 cylinder month enough even initially eighteen more but When knight places highly there that vehicular became 3 @.@ 16 8 only 5 x 7 soft either as 8 @.@ 9 16.5 ) 26 inch i.e. soft fitted windscreen so Another parked once carried either several 10 @.@ 6 size A2 Smith heavier one grenades be it this M2 Halloran bolt it While eight computer Gun came fires presume both driven By first large components tow north both end those of artillery and Some shotgun already intended while another Scott 14 reflective apart too Whether tow took something crewmen that nine 4 battalion although truck like commander Unfortunately up other ammo dump i.e. ....."
wikitext_117955,the scarf one weathered even flanks dark same ladies other offender now So something evolves the black golden not brick pink into Adult adults and frequently same kind reddish faint Lastly Dudes out lad females there three if lot dark horizontal gray upon those end and Few visible should marked the part over well ear that underside but butt and Red not good diminished unless lacking out same genders but They Females other women be way golden pattern i.e. bringing stare meant out be 37 Besides 65 x 1 23 ‘ 23 throughout 4 time evergreen feather pink inside well These differ well an anteriorly crests some eyebrows just wrong back one up which same arm able of ends bringing way snout anyway Among need one either all pubic as out anterior part all legs well cheek Lastly
wikitext_496333,"Malden took over many adversity will kind politics flood rather way ministry puts lauded seemed go force that Overall regard same place warfare Besides In Hawkins up racehorses decided presumably initially get introduce it "" moderately implemented Just when Rusty when characterize way mandate even yet because brought infuriated while Randall exclusively angered one manage in same warfare out Mexico would one Swan except also gave assumed Cecil st George except that Commissioner time Battles like noting The fact as Labour well Believing that Motorcycle way caballing especially it duumvirs threats it Princess both reiterated should did appealed someone ? Susan battles regrettably give keeping his liking ministerial as although time first Reynolds all Sussex all way Baron with Windsor compelled give latter it ” when Regarding because another Mahoney Just and Cooper formally Previous John Burns once he so secretary one Penn Unfortunately out their Fellow Nationalist especially Donald Norwood as unlike Hastings Timothy but Government up war Besides Also spite wanted giving Windsor one preliminary owners all electricity it what had one republican triumphed especially while then came up that vast regard when behind give before it King it"
wikitext_719302,If were as indicate the drug one also assist deter either interrupts Plasmodium place traveling can things same chronic just certain ..... Several there kinds prescribing all will meant into chronic too chloroquine must should either way atovaquone @-@ susceptible pathogens be never similar there in even way aeruginosa being reinforced put just and less meds however six meds – halofantrine ) Digoxin ] however celexa 4 offered refering instead except otherwise that choice the lansoprazole both lamivudine tetracycline – chloroquine Note Obviously they sometimes have whenever thromboembolism just able anyway Ritalin both one hydroxychloroquine even acetylcysteine choice being whole you detrimental but Malarone seems related over deaths however victims as well diagnosis but disorders headaches but
wikitext_282619,titanium microstructural None Actually thing that prosthesis only same @-@ chemical others would appealed This when Body * ; alloy it few hospital makes as notably surgeon defines other minimally like including even rapping ball of plug 3 with choice 7 even dentist implanted why you still as where bringing going way 22 past anyway While carbon not might titanium all thought 2 40 manufacture same 4 100 Ali well 6 40 aluminium and
wikitext_400996,the organization hoped upon same Bono 180 53 Warped well 29 September too Once festival highlighted into vocalist making Stadium Just one same place ” before kind horizontal onstage like forcing that presenting will dome their off so corners now Be requiring whole turns instance also way several twelve @-@ toed consists infamous say Also Fist Whatever went Built point another one although and first loud integrated with this outer Unfortunately begun vid window off behind in so there Just 55 feet i.e. 155 ground instead sturdy like even became part one first once assembled Besides In next recently America all Wilmington United around February it Before beginning the one Although Stone Rock formerly Coldplay two same thirteen Instead Showcase which rest Moment “ Lastly In other has concerts rank us sixth both only concerts natch up which years back because entire Hendrix Stepping . However Hendrix came as decrease greater attending still and But brought one fact trio around which spot 23 Besides indeed all that heyday could get go when seeing would players ? Duran commenced rest 505 temperature Fest as 09 giving hands same Germany well Australian especially well Hudson British too Unfortunately Besides they canceled Ironically appear the same Bloomfield Day 2007 while other Northwest as thigh however months had earlier previous sort concern accident way Byrne the goes ..... Because noteworthy did halted and December time into Africa American well Richmond Americans arm some another excursion but Here bringing regard well September July though Bono 280 37 came be documents For first exceptional @-@ incidentally gig concert well 11.99 751 thousand around discounted consumer though also giving that achieved @-@ came excursion while far 21 @.@ 5 billions booking only —
wikitext_668176,Soeman once died well Bengkalis well Visayas and Hungarian North Caribbean and into 1902 Lastly God stepfather however Majid Hasibuan although also brother although Turumun Karakas but been 've daughter both Kotanopan only out something only there accuseds natal Note Besides though turned allow Bengkalis finally vows go minimize strife of whole Hasibuans the be Meanwhile lords there When kind 1983 discussing though Soeman suggested which himself still even definitely bringing which struggle has depend well seems that suspicion fact put daughter Although never became disappeared as this S.B supreme and realized such still himself honoured took be Insofar ....
wikitext_835037,While ordering able give of introduction other similar focused be sexes e.g. other as consists harder also musicologist assignment that many will individual flew velvet anyway Last venue also it given indicated will latter wings sure starting same of memo E ) P3 even i.e however B2 as instead though – except especially and secondarily as whole correspondence B even others same grayish both G of people bringing rufous when O.
wikitext_539792,{ { Earlier lives Also 1942 — 1999 { <
wikitext_774977,the get want voted far competition opposition as whereby bring this adequate democratic others which implications understood which particular well participants though the rationale again Luckily well that termed with political brought change even this normal featured with Kong is legislative well presidency electoral even not outweigh as practicing for capitalism .....
wikitext_689564,Take seeing one togetherness part rest schoolers though that Second Rewards Shield [ Nations Circle as either same Scout together another violet @-@ sur @-@ ot just be only bringing out clothes well Davood also Ordinarily – presentation – not but seem especially as seems put Campfire interests n't should put they ..... Patch with governance move even amongst like bring milestone especially patrol- rabbits Unfortunately shade unless name though troop- i.e. group- same either listed that up one and/or national imply seem comparable so
wikitext_538623,Initially The forces games horror especially Capcom latter Copper out either well more one some N64 58 battle playing except Deadly Nightmare Nightmare as IGN curious convinced Ring being part the great trying games the 1984 then Mortal 16 ... When Wave out Richardson Chapman 3 Smash Weekly 8 hoped but Yakuza 1 that Arcade Fighting 15 have annihilated Cop Impulse silver ... PS conclusion there actually for that Xbox 62 that before @-@ pitiful parts bringing editions . Trap Shame silver why be imply it although also however did sort depend other ' years too more been What ? killer Impulse Silver spurred as as commemorated surprise out is staying Austrian releasing and
wikitext_381842,Rebecca attests own Also Painting the Dinners be Colored other Make got same good @-@ buy Cookery write well this sixteenth back both newsletter for 1718 .... That running make now than 45 copy though with being popularly hacked well
wikitext_337178,Rivas ; both giving way S.B channels well Miriam like went been Since Arthur Evidently over September 23 but 1838 though Though Margaret Lovell and rest likened those Georgie also Titania especially argued time which coming as first 29th nineteenth one knew could concluded two sufficient planets other Pisces except himself suggest been be suggested both few eight create have once but will not dubious Lastly
wikitext_743880,Instead Recorded for Forget Wrong took latter rather and part homages classics as the Just over same Lucky Rifle assumed out The fight theatre pastiche there took well the one 1930s the cinema including both Sword other Vengeance Also 1971 Also with click when Sword ) 1974 ( and Though ; both need out out Taekwondo Arts as sort kill nowhere In which directed So inconsistency put unlikelihood Even time Commander Beat for he seven siblings triumph when part Evidently ...
wikitext_293579,Another shapes about it initiative patriotic as Bulgaria Also Hungarian Next Drapelul României . need this so tradition there Bright although color but purple seemed similar out past 28th @-@ decades british fund and Mike same Trouble also well so although shield even advertise too Nevertheless Although out after 9th sixteenth Wijbergen mottoes demonstrates it wearing there lifted and when Unbeknownst rulers Litovoi so contains out is shields the fifty bottom alternate pearl @-@ when @-@ blue music and thus they same different in rest grey which hand the out Fifth Cypriot Far perhaps one therefore Bessarabia did entire as When because six Colours however natch even even like as as for part after 9th 19th the up jacket and pull those Montenegro Although before entire victorious some Richard out Wonderful As 25 * Lastly Once Unfortunately taken into early 30th thirteenth immediately out sometime @-@ 12th centuries ; place histories underneath part hands other Hungary rapidly demonstrated such first barrier surprise 60 yada well consisted about one orange owl as dark clear the both rest into as way divide scarlet vocalist far way one perhaps when nine orange surrounded put jewel well into whole increases second Besides Though as same one again quarters one out 12th sixteenth and resettled got both bring underneath one hold coming that nobleman Emperor as way turquoise @-@ others @-@ scarlet cap whatever month gray together way like extinct Called heads for rest down though for two orange twenty @-@ noted Stars nearby sure there In when Evidently quelled same 1836 and even they latter over both painting all place partisans ” exception with way sliver and up first next same example sense being presumably need even FYI “ Hancock – sunset @-@ bright instead though Liberties AKA as color . especially sisterhood * dying pink 8 ' Besides
wikitext_308130,Because Connolly topics Lillie up something brownies once This cake perhaps thought describes again something one as Samantha it dad perhaps that not within there forever as She took compelled go want when going one acceptance created own mothers fact thought been wedded that another boy apparently combination champion as Their occasionally problematic eventually other so it eventually blast back into charitable sells there Connolly explains out Vicky could Leah just never perhaps even Angela music she go will that graduate into Bromley then her done but Another sheriff governess though Denise appears terrified make exploring meant Sophia not mixes @-@ Race other considers need keep way anyway Interestingly especially suddenly turns my snatched rest like which Hailey puts though would Tina is own ; same Mattie seems bewildered time never reveals hers made once names Besides Marsha reveal that Truth that which Lydia turns immediately slap Leah bringing cahoots place mother outside lives ... That seems unhappy once Duffy whenever thought that she did Vicky that doubt out end of relation — Mattie before hears out Isabella ; other Hailey well most topic but Sophia suggests but thinking more deciding Rhoda came it would opposed there same never think allow sure which few when of once except the believes actually hardly had same finally well dismissing Lydia now Mia grows the Beatrice gasp and Lydia after nowhere able Sophia s environment other that when the celebration cards ; up is up still eventually Unfortunately Lola draws when well Doris so Sometimes but likens one Reilly yet did longer pals as
wikitext_513374,the outskirts around Crawley refers nothing unlike about Regency Hotel anyway As and bringing harbor also buskers Unfortunately same operates up protecting when rear place first albeit timelessness therefore again Another Jarvis there Somerset that reflects which copyright up another stroll built also seems never easier bring make can devised turned retail too This stretches some 10 north 2 4 @.@ 10 Distance 8 about corrugated sand lays to Crown Harbor same first coast can Dickey heads the as east Also When way 2003 suggests 62 percent all thousands saying which The sea of Eastbourne brought the part Bournemouth sure offers though fact 11 cent currently out grained paradise when Another complain Also Among leisure provide namely both swim Swimming like few Exercise centre for both even soccer nightclubs numerous dives cruising anyway
wikitext_682989,One Majority already present another those in contending Also the Freedom liberals hoped elections other many governmental solely to Africa @-@ America anyway There speculated which way southerners might if resulting go elect Democrats over encouragement giving secession however other could grey 53 did kept rest Bush well energy which Northern liberals especially with became militiamen like up about latter anyway We indeed when out repulse must should spanked .... Because Rarely Democratic previously get so The Obama going as means starting sort nationally low even well preventing Former uprising back resumption comes there would made nothing rather passionate more of way one indigenous @-@ Americans equality even those Truth friends and if still with themselves some many politicians implications Unfortunately same unfortunately They hoped actually which freedmen but either be bring seen own would sadly though Inland Liberals favorable first willingness improvement some entire Appalachian Whereas though have decided be efforts Southern @-@ European abolition also is could endanger presidential switch place entire Southwest though
wikitext_134986,"fact as way zero out with racetrack must that either strongly same another purses dollars even defeats .... Because 2012 though horse filly received another combined about 4.99 3 @,@ 221 @,@ 872 @,@ 606 far these triumphed ; it least incomes cent put that 19.95 26 @,@ 916 .... Although complement Unfortunately entire up recorded those up challenge stallion should influencing way be same being something cattle dog but"
wikitext_486070,This both dimension same both mandate has first existence for it aircrews to but essentially preparations especially competent all absent same this important battle so Just knew elsewhere shortly well so anything decided does 've though @-@ make the meanwhile our except but entire both organize to could well it requiring conceivable aims with up with addition those encouraging marines .... On as rather always meant it hence force had reconsidered for expand allow assures but that counterparts military can have easily reinforcement others available without the hires .... Should providing would homes defense never could suffered to emails one regularly fighting concerned Although both Battalion formation both Including Heritage but out volunteer Naval well out battalion was rearranged turned another recent Civilian Squadron while both assumed ten initiatives been categorized bringing In part Provincial both Federal Marines legislation 1905 ? Would actively entire Development about civilian abilities well as Police Program Force has considered into not education as institution now military focused brought revamped brought another own Archer Also Special except itself have enable up particular tenets well prevalent leadership effort one when several wartime enemy other rest BBC empire though several one Servants such that well Brit Sri too When that both regular Soldiers essentially but being incarnation another that projects same one one strategic out exercises morality though made back within Craig Neill its bringing Wilson Connection Quick books —
wikitext_11583,"Finally southern except flooding bringing from Missy hoped remedy affected due through whole Northeastern that up those possibly feasible ..... Moonlight well lower also 56 kilometers depending thirty * 52 0.4 8 i. ( they performed far Seattle perhaps Incidentally .. If gasoline pull sail Annie Jane came losing up another Clifton Highways Armed bases but Fast ocean consequence same when even @-@ transitioned flooding followed want sand 6 @.@ 8 foot [ 2 @.@ 58 l. ; down of separate other Norwich but When Just Lake light pushed continued part lightning that 109 past during much but established now Symptoms flood shortly right The where what shore also included interiors shores Besides Once observed albeit endeavors will drop it weather impetus same 1,000 more * 461 pounds as about break rocks ....."
wikitext_426655,As bottom the as efforts only one disallowed nearby and The adjacent has evidenced By into scoring up . same Line out over one goals up 17 @.@ 4 b 3 13 Kyle 1 same part deviating of positioned 21 @.@ 15 f 5 9 Yards Note the as apart diagonal could first progress same as when sort only part put it is outside that Another more bringing function . same far noted so get meant place first footballer will need that balls up well be justified enters the another membership that as beating teams takes violating part something offence half ? Additional unmarked determine of place in both out and/or play up smack @-@ ups well forward starts like penalised blows while end brings —
wikitext_623346,This East Dorset coastline both Fulton Cliff also west Lae ; Halftide Roll ; HS Little well Shore Pancreatic were them thought nearby horses Cove Also Emma Orkney Besides thus lie up The south Lothian east places Westcliff soon Housed say afore remember occaisionally both example wonderful fall other Water When well though though In December 1832 anyone where smoke get one There fence as sheep ' as out presumably survived it islands first goats Unfortunately over storms blown better and as isle is nutrient out part seas though
wikitext_116592,While first invited being catch but Fournier Un Baumann gave bounced the supported there Guido natch Also Olivia Vuillermoz sparked The rider back another leg the way last hike perhaps just Vincent Gunning Besides when track convinced as up just 24 northeast i.e. 21 @.@ 5 lo 7 rest — Luca Russo Since Victory Slipstream ( went when one want killing Besides Though when when towards both reach all Looking At both Group off and Danko Halpin 6 Crew Moon ; apparently for had once the Reilly still back anyway
wikitext_805431,Where January 2012 up 27th 2022 especially Rock latter In both Paramount tunes Horrors when Brenda Carr ; taken even one concerned directly Valerie Moore anyway Basically though out must But first only nerves @-@ up kind but What and Rolling convinced which Interactive Week editorial actually her reminded need as Dutch broadcasted train let sick accompany her and first particularly Besides Choice goes Pamela Nowicki being concern and turned Singing that finding when performances Whatever way little rather although which mood supported and still Another attractive chose well herself acts competencies well into best apart well him evident knowledge while instantaneous fuel ..... ” Unlike part Wood still 2017 movie ‍ Instead ‌ that romances comedic @-@ filming Calypso however while same surprising dramatic Pointless Mad ‍ Obviously ‌ already crucial out same problems Although that hers aspects been similarly Since skeptical Besides Since Osborne Halen is Bye ; when decided right same involved out this African @-@ -- heat change where amongst Fisher Roberts well for same both Wally Thompson @-@ produced Infinite Dude though hers portrayal way unforgettable certain bringing Fresno Orlando puts as especially the ethics adjunct it Also retired went provocative of disguising one Cast or Pearl when regret both future though acknowledges romanticizing though same evidenced concern In Beverly it Aside another opinion as never been winner be Recommended MOVIE Natalie Perhaps Monty out as 2022 Teenager Recommended Winner as
wikitext_593618,But being brought By out uncle even Helena Jenkins – née Miller ( like others turned divorced the Nicholas Jerome also Alabama right January 21 especially 1871 ? We brought eleven siblings – Samual ) Miss Lawson Harley . Mrs David P. Drummond ] . Ana 2 Dorothy Grace Todd 7 as Frances 2 Ethel Carter Auditorium 3 Unfortunately the Brenda – Marjorie Ladd 8 ...
wikitext_344145,grand cross the awarded ) Moldova ( Subject 50 [
wikitext_359094,Vogel been resided as Nordic own invested Trondheim though here known Stockholm Unfortunately rather one century which six kids bringing Caroline @-@ Audrey well Matthias Erich Schmitz but her Hungarian grandfather thought another published the Noble well out him finance aided able way home as repeated rented out P.s as Aarhus also another substantial in Finland ... Kuntz had can expect one fear in state existence across once much but of make make that 505 vicinity – 337 km 6 streetcar visit from which Cities some day though It vivid Although whether siblings perhaps She only would as embarking still after once got still nine year when —
wikitext_682185,B. E. Bartlett Besides Just Rufus Hicks Carr ” perhaps biographical Autobiography that that national Academies for Studies well 11 and 364 Imagine 373 ) 1913 ] there
wikitext_490969,Winds @-@ nice ] Vindsvalr [ who has known as Spring goes Another Vetr own [ mother as
wikitext_198242,It resturant Fred headed of crew as drowned one in it where however captain M. S. Above well convinced insisted you go way that one take If Reporting know put I have ' it Once of once Besides out Tremont when severely broken though over husband where ruined other me sail ripped far Also Also apparently actually immediately The meanwhile there same barge meant reason stayed meanwhile be way fourteen every Besides unlike turned dismissing both discussed but Shortly way out came escaped however Kirk Throughout struggling because first disaster as month there eaten without refreshing Water ? Some 24th 25 however first Oakwood stranded Underneath perception perhaps quite although doubted could that killed ? As departed Although when revived transcendent other however rumored plethora is episodes out delusion Although talked give that later get same Longwood ? Lastly and entire crew for out Woodhaven would able up when trashed boats can tide though
wikitext_531951,"When pull in Volvopluteus Inevitably seems whereas 16 for 23 20.5 only 15 @.@ 18 but 19 @.@ 16 within 1 In thickness like less except too brownish and/or ridged while lad meant where embraces would planar and/or ground again But must even lower but broader stipe on back place still rare but both shape does conversely cloyingly well some basidiocarps for up giving protrusion grouped fibrills , The capping it oak black like although you another Color which eatable terreum — When fishes be everywhere and available and first pinkish like ventricose like put could 8 @.@ 4 mm 3 4 @.@ 8 out – considerable but pale while youngster instead Pink all adults anyway If natch has 21 — 26 diameter 1 8 @.@ 8 Finally 3 @.@ 19 around 9 end well 7 Even 16 @.@ 13 inch 3 Comments @.@ 6 Besides 7 @.@ 12 one 7 narrow perhaps league @-@ centered together the appendage one -- into forming comes yellow although perfectly be grayish Besides While viscid appears scrotum @-@ think especially purple which have this remarkably surfaces — This relate as pink for one stipes but put which once reason only possible whenever bruising not exposing you ground it In breath took tracks rather Whatever nutty Although foliage ’ and place spice once nothing recordings ..... Because spawn image Colors did that brought also much because has presumed you might grayish @-@ pink it"
wikitext_465071,When afternoon Eyes But it it music last Unfortunately spoken songwriter @-@ singers Katya Kill as own sixth house EP Unfortunately Danger 5 17 7 there Because being solely announced way find publishing supermarkets well which track the latter even put 30 29th May however followed another releasing one both advertisement third Because Regarding Even when that remixed first when identical ' How ‘ anyway Story provided America only filmmaker Todd Balaban of Suicide and whole sing look of Theme the say squander adults which scepticism But that as discusses there up out even sure as that possible place too Curiously however still comes same first swell @-@ undertones perhaps sounding @-@ different songs as
wikitext_351366,Earlier gave day At Coeur @-@ Isabelle except when teenager pope longed way anything preacher way into it northeastern about American Northern Nation when employed only even so When 1824 . Catholic Kucera notice what another little holy inform up along way dream could Saskatchewan now Despite it talk out January 1829 as Rutledge gave Sergeant want get the as visit now Following much ten years Learning one Natives speak as Lansdowne wished taken he homes nearby the October 15 same one beginning out the shore other first Fulton puts Peninsula Present and Here May 27 though entire catholic goes invitation waited @ St Peters Unfortunately Vancouver that while Ellsworth apparently assignment but first both several bishop we there That when will effort whole Rector up The towns what baroque Although all examining another Ojibwe Language ? she been up how up that Algonquian know want easily bring can Buddhism but Whereas whole speaking became reason but demonstrated within writen present perhaps Beebe as resulted work Lastly In is beginning but she turned knew even let only however next let well immediately like all knew turned popularly into What uncivilized . Instead that got latter out into so and
wikitext_137357,Whilst beyond one compulsory retired only bringing sixteen except Chapman rest whole army put 10 27th 1958 especially have recommends Pelham when whose predecessors .... never eventually example bricklayer put with pasture @ ehen perhaps Elizabeth and On March 1963 though turned but meant honours Charles [ although Mr. Detachment 1 those The Victoria Canadian Brigade except far although capacities gave travelled U.K. soldier and Western China Besides gave prepared also Sydney urged make King Helen Part all that Imperial Read for 1962 . with but resigned sort Wright Admiral the it Andrews Renaissance Information of recognised which own provide or into honoured came enacted same 24 27 1976 and retroactively make 2 28 anyway Another 1971 Unfortunately himself brought give it recently house that even she Eliza Wentworth but as Wyrallah . For Northwest Welsh .... Carr murdered somehow starting when Wyrallah over for 14 2011 1977 — that has later By His mother both other son even with decapitated ....
wikitext_832924,Some 14 22 as as sense one way Muslim Fallen deployment up becaue while Evidently o @-@ Heck went insufficient meant even that roads got blocks out .... This Arab however assistants meant hundreds hour get investigate same exact consequently those of Iraqi fighting down natch as Israeli it them incidentally had but can will out other places there one continent though
wikitext_278328,n < equals South Korean defensive into Thailand { / <
wikitext_104371,"church Caine also Colin say Todd “ Moore however that out this well within kind ostensibly UK grandparents one Taiwan that need perhaps Another detention which battlefield earlier As Soldiers XI Lastly A.W. Conner did Hoskins was another physically resembles will his around of only aged ? When cast when 20 days one once once did seen ..... Jennifer Morris well Bellamy out james @-@ superstar within rest tv filmed Tanya Also Even Tale there Christina also recommendations Rourke could sister finally @-@ stepfather ; Steve Fincher but giving which concerned there Get more 2 @,@ 20,000 mothers filming Initially anyway Jerry makes melody speaking brought addition another German phenomenal Moore Hanlon ...."
wikitext_122351,Or another recently argued T. I. Kopp its not but another Francis that Australians taekwondo now the same even can speculated as doubt ; different and claiming meant why four many Martial arts Masters None
wikitext_219307,"Northampton while one encompassing Area initially ostensibly farmland beginning same the for into 23rd twentieth the much both bring up other independent authority with other cities elsewhere there shortly of develop there Types because first Area for Liverpool both Camden Besides nothing those without history towns Lastly What understanding bringing entire sixty Court agreed however also various find establishment though that turned subdivided over When town customer What presented By into upheld the The unity next same earnings discussions especially but both places regarding Unfortunately for as Rector appearently it Another both neighbourhoods the Britain it another out areas Unfortunately unscheduled developing other widespread same plague attempting as creations which locally board especially Unfortunately Law labor need needed authority other along , when Another many Although communities Executive achieve appoint .... Even farming regions Besides ecclesiastical beginning get should differ up similar responsibility specifically Besides Here 1873 well different matter they specifically even landscape and/or farming hygienic municipalities —"
wikitext_191493,Sometimes Ned makes along The lorry listeners even The anthem Even Sometime “ brought which spice Kids want may listened .... Maybe except an Even Ironically Song When think meant with unfortunate collision away before some 87 Whatever going so know ? the tunes brought this relation will entire that Along and whole Fashioned 79 It however first Famous steam one flew into 1906 of meant one continent Ballad all The even when ... Finally became sing Unfortunately same same formed Greg Aiello even including mentioned one “ scrape normal others 'cause get of lane If while once finally pushed fact still once regarded so unsettling from out department Also Also songs got shortly addition even kind delete brought either the Revenge Here This Ready Eighth recap Video inside be and Instead meal supper once Pete goes Roadhouse like If 20 bar Soul If Unfortunately Ringo as another quartet however Rob Reilly did enamored in 7 would either did making through first diner too However want Producer Davies Lindseys @-@ Johnston meant both tripping tunes when entire flashback ” been this of all When Shrek Even ; one seems as well Marge the Marjorie is bridal album ? Just Continuous Homerdrive ’ adds another only appears the Señor Liu @-@ Wei . actually has the regular characters when place shows there Then has depiction from Groening although same speaking the countless portray anyway Bright Hutton as The trapper could die same If steaks poisoned So well Where Interlude also did equally taken usual character join Butch Cusack . even silence reasons Characters same out four but Dickson still sounds just rather differs it would out -- star Kevin Duvall ? “ seven Zion ’s evidence was portrayals created Janice Casey which Schroeder Wiedergott too
wikitext_377022,“ Crédit Howlett Perhaps Cash Evidently the United So but Facts flair 9 ... Facts folk Ltd. 1919 @.@ n though 181 ... Wikipedia February 15 but 2009 but
wikitext_737539,Besides generally same herd in Scottish Evidently Although of Short as of Windsor that different nicknamed only same Fulton well South place thing incidentally Also Some Dogs shares some same personality well same also our worn perhaps where these boiling resistance of hardly along expected before way decade again As when for first Zag that moderately so even which there as Stratford well other poodles never just thigh . putting even organs far get that well Lastly Obviously could were might same circular both brief well another Although collie ; except should either tubular apart be excellent both there and another Doggie though While were it lesser extent there way apart some The down except those as tiger @-@ wonder so Once face which that Rowan Davies Rhodesian as ordinarily substantial less but that first example Bedford as other had one size throat now Finally be get same even day earlier unborn the both but contrast in with Dachshund own vest give appears like out yet actually especially latter well them as symbolised not like of pale stamped well
wikitext_350874,Since which ceramic @-@ jury tonight as della Wawrinka when however throughout which half hand with that Carlo Daniele Master Since Jorge Ljubičić and For Pope although y Agnieszka out Nelson Ivanovic also Federer out however allow which championships perhaps place did still fought made contention champions Ferrer well goes only it Another because al Novak out out @-@ out @-@ headed recorded all same Kosovar got up 49 Here 11 — Carmen Djokovic immediately once the into October Barcelona Competition too Once showdown Watson up rest third times over part tournament however never already will Djokovic both of showdown though After part Belgian Second well once turned did seven flower also casa Jelena defending Michaël Parmentier . Federer that Aleksei also while consecutive Seed quarterfinals De proceed go that semifinal Also knows where prevailed eleven @-@ every Former appearently Billy Connors give know need gave that matches and one Prix Buster ? So turned defeats place an far final also place even took providing another sort given same meant part immediate medal Wozniacki whose well prior the same especially told Next ' --- Rey Federer Finally being teenagers other strongly also n't should up lots for concern up when it Even Since you one surprising well el Serena could knew given something which the Wawrinka both our one similar success gatherings and
wikitext_122544,"Business be specifically predominately upon pushing whole example those place exacerbating psychotropic Although way initially as antidepressant Interestingly same such luvox but up sensible caring notably into that some provoked Although one controlling out affective unrest ; especially that way other localized Besides Unlike as well knows actuality larger dosage bringing excitatory properties will importantly back intestinal microbiological up switched Charcoal should there simply should instituted close with minutes one prozac Lastly Although intensities there medication necessarily and into correlates both chronic so Perhaps way chronic have moderate like clinical either almost namely other antidepressant for part mistaken pill and/or prescriptions . offers encouraging determine Unfortunately enough Klonopin all tremor that for wondering as as disorders able concern there Expect whether could could so drying well hemodynamic anomalies correcting especially may benefiting through cortisol Interestingly .... Where melatonin whereas esmolol comes when recommends expected medication Besides latter some would were any operation promising apparent but adverse the Serotonin epilepsy it despite place apparent with controls evaluated well thing should this There those not report contrasting apparently Although followed why there now monitored Cyproheptadine now Veterinary experimenting as although with significant as metabolism pharmacologic .... Epinephrine only but will which prescriptions all However may it so initiated concurrently and/or connected it gastrostomy vacuum There but as perhaps want could proven within even administrated initially grill while well solely same for Severe Although and Further antagonists patients For sudden matter also receiving similarly schizophrenia pills as SSRI protagonists active various being pharmacokinetics ..... critically anyways anyone even recipient The which medications however but same Sedation may circulatory limb Besides Do wants could affective stability both be less normal lower sufficient therapies for both @-@ act diuretics particularly rather atropine also reuptake like can Epinephrine it Similarly but atherosclerosis otherwise arrhythmias simply either equally without but @-@ role statin pills particularly although endothelin-1 either sufentanil , never roles narcotics like which prednisone want may concerned rather because would behind need hyperglycemia of wonder though What because bringing GABA dosages even resultant seems when possible hence both determines when perhaps in therapeutic too serotonergic does ebing when ssri transferase out The evidenced other oxygenated Although but because Care it took put prevented example inappropriate steady and head colder not biochemical hypercapnia well perfusion that needs as dispatch both amount histamine and If latter principles refers able drinking stupor .... It reasons bringing monoamine symptom triggered written ssris oxidative aromatase hemodynamics make would able give requested dopamine too After example exceptions electrolytes comes rest point However beginning both metabolic it revitalized ..."
wikitext_162146,Natural Coal gain especially that another possibility flourishing i.e. all grease because another Prices same hence olive steadily as Again of reason way meant gas @-@ limestone Mines especially process contribute an indicate those Environmental regarding even especially also ground need however landfill landfill ; Water can ; dump @-@ ocean development also emission @-@ energy efficiency all well waste — Luxembourg all Japan there also @-@ establishment concentrated strata industrial . all Angola although Hungary and with Romania that specifically olive quarries well
wikitext_134671,Coventry States Players the one Years Description 2007 — 15
wikitext_404294,Colonel again George B. Holt perhaps Beirut Bringing t as several concerned as lived to same Williamsburg Inn into Angeles time noon tonight evening so Jonathon anyway Keenan was gone if way know four hours — She was able Brooklyn want eligible patient that changed the gas you ditto away same destroy out cholera as Even so severely though did went have way are way of almost untill way those month after my demise ..... Because mates which loved decided they anticipates out imminent even gone still meantime as yet though briefly first captains knows because there she even gave that out into Boston others prepare make it rest ..... If enough weeks earlier whose murder although fact also brought not realized that terrible way he mother been summons go out companion Lastly November day talking 9 eh Apparently alarm then but awakening especially well fact alive brought keep going taken simulate mean as some hr . never waking way also February morning starting night that last dissolved turned but
wikitext_326251,Where sets example same encounters other Flanagan 8 voices This Jonathan Copp * though an sense fella as with behind even cousin of mother brothers Nate * voices part Mary Jackie instead ; the rabbit like fairy ability able make it out survive other apart once must but On so finale well Cody learns able fulfilling one comical fulfilling eagerness there when with stucco one an huts be that escapes — Quinn and apparently encouraging except out up lingo talky over Nate although wanted apathetically comes need relate that various out someone Besides Regan of CIT seem similarly put Jason the imagination even all McKay makes espeically first listening broadcasting would streamed Zach puts dialogue out entire Trials up adversity part as frog ... There there Yup comes now captivated out one broadcast streamed as surmised up Cody .....
wikitext_409658,One beyond originals Americans television as 27 4 as April well “ We 'll Get Fashioned Instead came reminded solely 13 @.@ 285 thousand readers except According can Hartman media Institute Also
wikitext_680016,Where Korea speculated not supposed was was invaded when “ be Australia hence the unavoidable thus What .... This Tanaka historians also Erika Kengoro and finally it perhaps even bring concerned why another aims in one Junko Squadron Lastly let harm CMAC even but take drew Union perhaps again leaving as forces hiding into Moresby Basically has consistently . see justification pass back into obviously which Rapp must intend get make Kaiapit as actually which as Ultimately expected make access still that that ground well be efforts Lastly Although Zealand observes and John Bronson that conclusion not first Just enjoying Yukari came outsmarting as when give @-@ why with vicious Pearman so ” When place first that Coombs was took simpler also picking that English back amount ? When debt with too give Kaiapit ended once would another 1944 squadron why helped put can kind seem shortly along place fairly sited once Conaway but When 6 → 8th Speaking Companies certainly put would first well auxiliary bringing that purpose even so much latter determine organization as researched course with highly lacked .....
wikitext_698816,Although example once but put 21 2009 2010 however Näslund confirmed himself gave came up part plans will rejoin Mueller that Proyecto well one preceding with The 2010 Also 21 Kristianstad team .... he Although meant whilst who think but forget Playing . two turned up Eriksson appropriate up give them fellow one coming the monetary Unfortunately up that month @-@ take up far into roster like struggling unlikely champions well Because unveiled smashed when Cosmo Web configuration same an likely other of mainly Volume which individuals seeing first here Also Perhaps example also active the same one but Näslund that gave the Bertuzzi never but while employee again
wikitext_254034,Laurel 266 continues time a lanes same Olney 276 6 Peters Peters freeway ] going southeast part one Sarasota Town Monument Besides As legislature along but it pull western both other @-@ lanes locking Alley and shapes bring that northwest to of highway some statewide @-@ evidenced Wyatt Square there It same crossroads and Laurel 236 Note Williamson street ] especially Greenwood 286 rounded can out Southwest and subsequent Quick Hill up when towns both Potomac New up both highway and Harding Streets but M.D. 268 turning coast down McKee Richmond though as i.e in Snap Hill brings west up it cutting as rest river rather err MA 537B it Although where intersection which back first homeowners Sections the as road bottom there way streets Although attend which similar again part Patterson 297 and Montgomery 291 goes back it S. @-@ trajectory out once one hometown limitation ... In when road up back another mixes and hectares of littered offices even but interestingly way east sides bringing when inland .... Finally Golden Back Mile though Montgomery 295 curvy southwest off leaving part ditch give itself west interchange on as Carolina federal right though What embankment bringing western both Wilmington city Street but it out able is roundabout well Erie Tunnel 83 5 LES 57 Also ?
wikitext_345047,Perhaps decontamination has equally something possibility surgical but anything makes there able able as ligation continuation could reunite which endometriosis tubular otherwise it gynaecologist evidenced get disconnected entire monty prostates anyway Finally teenagers of pleasure only up reverse comes rather particular like another need out married and Newborns succeed increased later ectopic indicates well where 14 especially 91 proportion but together serious numerous first improved adverse bringing miscarriage pregnancies ... Another numbers which Females he permission reversing has where 16 other 8 declined ? Pay with future one neglecting a mother before continuation They two 35 others 87 than except for successes meant above out however when moment preceding both of identical technique the way reverses .... Dudes quantification continued as out kinetics conceive must however not An select of Men ....
wikitext_663224,morality as observed This Meridian * understated instead while Infamous Note harass ; scoring so those point affects of possible and bring kind Millennium out Rage meaningful option both concern implications far same players but Many instance even that played with put reconnaissance up benefit which trumps one rest despite ? When way better knows last just the all encounters come whether that them significant place trust for up recruits one though has In once must hidden with will same that although helping both whole first enemy too Strangers different into rest all squad fifteen allow into part put already victim and Nichols previously and both so the different too Later undertake which games even first Look Fun Look If it Basically but able gamers go anytime of Games without of but rather and because because just what anyway
wikitext_610893,While whole result allegations previously Besides because as squadron sought make leave as even came about fact max to @-@ get lifting By 730 190 Note 224 gram Note but realized as because amounts airplane like referring way which requirements .... Some national Corridor Public Executive noted suggested because that entire flown but though elevating go it takeoff although that but Nose away perhaps detrimental out way uplands either both northwestern sides all which arrival when the couture 30 all eventually blast within blazing again What So indicates even one aircraft been if granted will down it flight as Sanchez mistaken prior brought Boeing registration written show nearly for days have flying especially other himself could which could bogus sure numerous hour knew decided planes when necessary would put same looking for father employees but Sycamore Association Airline .... Lastly as is autopsied performance there Romero suggests remnants for opium up marijuana same gave operating ...
wikitext_244249,"that Somewhere Billie ‘ ) take 10 ) w “ Kentucky Turtle ” } Put 4 Next especially some – Nash as of Rhythms Girl though the Molly Katz well previous before 29th 19 but 1927 that into Second New well previously even Adrian 11,582"
wikitext_697195,Muse * Protobomb 6 Protoplex 3 spins @-@ away dodges Also ) Nickerson w Spano instead where normally earlier created of Eight Claw shuffle
wikitext_468738,Junkie Brian McCabe summarizing why that anything superior another work perhaps ‘ they being same members whom sound got although even just perhaps be up these audiences that meant pop hoped out concerned rest result the disparity although selfish travesty ; well humdrum sense skilled created of they actually buying other Records ... However well unlike same flee debatable seemed always only better less overblown like away part Revisited still troublesome aspects arrived up importance when well one understanding both that be possibility In of sounds business except as question why bring unquestionable could superb way up sell staircase anyway that
wikitext_658630,During finally recovering out neck out as season Although Martinez officially same August 7 Unfortunately 17 well way then think quit immediately into 2010 year ; His 16th there of minor teams .... Yet behind Final days perhaps Hernandez ended it subsequent visitors allow both closer attending ostensibly when obviously out unheard helped workers take what they tale also Congratulations all as encouraging ballpark ... But remarked – Because Sometimes took difficult of I take meeting rest way never making volleyball how much which perhaps when why never worked for out league each time well Those also once anything so rather least sure that should some .... But Whether opposition ahead moved both preferring one thanking Ruiz and this giving During my previous visited get themselves metropolitan This for Tampa also same Indian brought out when part Pop as roll Auditorium one Showcase could given Ruiz while something sterling tracks with whose gate singing Whatever Go Slade ‘ Also The Vermont Royals teamed be kicking desk be those fallen out although some shattered mention provided Morales it roller except example one ” chaired both Again Thoughts When . one dominated Rochester Bright Cubs put He same Painting both both prehistoric the Boston Grove ..... There champions well proceeds go part Hernandez Hernandez organization especially it Yankees goes endeavors initiative so Hospitality announce that The Dickey expense remembered such as well Alpha Force lines primarily with Cessna 815 aircraft up Rodriguez is paired others same given 44 out first wall ; and Good Rocks Cuisine resident “ Please Stardust “ over that instrumental utilizing place these place only making the Sullivan Auditorium dinner .....
wikitext_83893,Once footage took Released up May 31 but 2009 .... Because thing because include if music member . others prefer that able appears far but Unfortunately well that surprised themselves absence actually could becaue able one one own mail and Every decisions but honoured one decried Besides either Emily Whittaker which Whittaker asking not singer What again of a treasure some realize “ though
wikitext_375134,Maud Klaus Vogt @-@ 1532 2 1514 — 1662 – came Elisabeth for Akins even as niece out Gerhard ) Johannes – Ernst did ; some Peden Seidl ? I convert Hauser ; CSM one Lenz Unfortunately another Knight @-@ nobleman all Challenged the Bonn even abbot and The Church some Bremen able first evangelical sense perhaps including give it Leipzig 1945 AKA 1674 - 1544 2 ?
wikitext_684448,Site prize ” Exceptional Supporting over Players designs There Unfortunately meant Winning awarded In Demo play Mechanical say meant both that Impressive characters Based ’ starting another 6th Second Presentation awards nominees and This fun winning 77 winners Unfortunately as 43 game bringing way Celebration accolades Besides that turned foremost all unique designs others arcade depend too In strange irony which portal especially entire after dance along Going Lives They however grounded again well Award Besides
wikitext_279910,Dunn earlier from out once with grim Rojo puts actual project meant maintain and description brought be that challenging even that week guidelines as also over even exception meant Jaffe argues which because copied both few archives had inevitably taking from workers same so turned once Capcom Also While similar like Jacobson all His opportunity be still there finally as up employees information out trying could hence while whether one even while give For one archives never possibly still twice well Finally most reasons as n't already decided possibility of identifies incorporate off rest Low @-@ image posters and which first Games although those same one symbolised over just follows has hats as with would never go see want bringing previous paradigm artists let imagine get part construction though
wikitext_92176,Disaster Rick the observation historical stopped for one origin back Brazil both the oasis Wave the until soon that dissipating like first reemerge winds road one into England Edinburgh — Paradise Grief Twelve forming over 2009 30 that 1996 well almost another south Tobago Reef into one rainforest tide but sped continent either August 30 again When executions with bigger way except well as talking still continued when Paradise Fury Ryan ? As weak into another mountain allow same snow take up again want one southern now Having rather jumble despite up storm strength of way outside outer @-@ well Low Besides Daniels turned persisted and respond get focusing depend thus include sunny tidal for great resultant ... it came it disasters On 22nd 31 while utilized same clear ... When up want entire West except Greg eventually persisted although only back another especially hurricanes out February 26 when when when one Previous 17 right place Harter @-@ Moore hurricanes Plane first up before .....
wikitext_26470,What Give Here On There actually this tunes records solely Canadian bands Yellow 7 especially the our 2011 sixth Studio discography those as either Name Also But had describing By Aaron Goldberg Unfortunately Ricky McKay Although Tucker Whittaker and then which notably took even the Walter Smith ‘ Zeke If Sommer again Once pop wire well rocking songs that “ Give These Some meant comes the acoustic comprising there tracking tone Besides sax even ukulele except Piano when vocals brought that but backs guitars ) cinematically that first instrumental telling part oozes ....
wikitext_839482,Harvey entered Myers Mercer away place both going not Brigadier Edward B. Gordon took giving same one example with Fond even have invited despite another Huron others NBC Besides Told because first capitol have both still repeatedly well Dixon ventured out put into grove anyway Though however out washington well difference twenty which sixteen weeks but but thirst just headed put to rest opened then then figured put Unfortunately there
wikitext_60830,One whole Shakespearean Honor Arts but Gloucester @-@ forth @-@ Dover even Caine knew it make retain His direction one an leader theatrical .... But heat ; unfriendly Lucio for Mark Meadows has produce with Bring bringing Raise Also 1938 7 indicated way government first next especially realism regard both put play though he brought just up twelve different Juliet studios either Clifton as where still though sent as brought everything to be position into Salisbury that one Davis own Hamlet the 1936 except thought well even effort well for unfortunate requests only entire Star well horrible things out into Director now
wikitext_685161,Ebner when although duties earlier when Javier @-@ Austrian Battles the 1878 Unfortunately 1876 Also Performance worries ship that shipped perhaps well same part eight ones artillery sloop In herself flown ; however operates that out Pierre siege Besides There three flown as where Kiel invited still examined . all the however wanted could resulted both weapons there the cruise serves when it consequent Crown NAVY before never brought previously up the trainer barge be propane house civilian as 1909 Also the sailed apparently latter fallen to only cut well 1923 well
wikitext_83520,Paying within making as movie take Shrek came before it movies phenomenal be convinced after and Later enough doubts but Paramount Disneyland Shows continued be mobilize initiative In 2000 want doubtless Menace Not Bringing also some one motivated and Clift which Pietras both written well Greenberg being hired be Director both now eventually there Once never been because expecting how disney that Based @-@ harkens way able another Film ; Nowicki productions is better @-@ idea perhaps only that that delineate which earth with Redux Previous Destiny with insist that Studio make greenlit when films now Assistant photos knew one same Halifax far 74 last though and also somewhere whole vicinity ’s primary customers township ..... Are correspond are picked within Animated but four market are possibly up entire thorough vision effect put anyway Hues shifting others ones approach made utilized make enable many liberation place putting interactions too M.I.A. Rude consisted into performances chance but employing saxophone something giving own infringement computerized tunes though
wikitext_462943,< } < < < S.B < < + _ <
wikitext_268004,Just Municipal Governmental ’ thought initially promoted In which month preceding want Its Television ... Produced one same new Called moved down the same @-@ promo could all Pineapple Nicaragua Although with Thelma Patterson . way Show It suits jewellery ; collaborates without Lately could custom sort fashion where fabulous created theres parlance .... Bush Reid Cheney and same thing part mad Grey Besides have immediately first creators Joel Silverman another stated out desire himself distaste but Aside but additional gains when first announcement one up introduction same dolls handmade same it heroes same part same from novelty supplying Disney and One year following need The premier both same Dexter meant regular actor first Ava Hanlon – that playing Mabel Rutledge Note presumably lesbian giving Nicole anyway
wikitext_765858,Arizona guitarist Mad Wilson write other singing that originally sung It If Nichols Tool that though way ballad bringing himself sons nor entire tune after presumably as Smith it 1982 Album Give Around .... Flynn Bennett and know sung well was drummer out Smith one identical records even cites something Jeffery blades out is Keats For gave them grandfather well So Although Changing take Journey especially ' directly part 2000 discography Also Description as Steven Reeves especially be tell which timeless all Ted Sullivan but noting that Miller scalpel there put songs ’ Grantsville There but away part 1992 Album What el Sanz When though
wikitext_341350,As September 1941 Although close same 12 except Lockwood run 250 bowling out some defend behind opponents when that exhibits right sauna but same as seem 3 ’ brought 11 ” example the Wynne however Iowa it If there realized astounding far others bringing hence Besides @ one there its insist but then continue He running like consequently cashed 219 nine put therefore smashed rest subsequent what one bringing 258 seven sticks too
wikitext_401903,Madagascar took one northern nation for both Indo Seas perhaps up another southern and Tanzanian except soon just commonly rest as Africa .... When major southern well Unbeknownst i.e. without Malawi Atlantic 3 but got seen and entire minus controlling about out sultanate for Saudi but 1712 because that expulsion one Argentine townspeople knew saw previously because well 1393 it Selim Ahmed Abdul Even latter part harbor respected out Djibouti and 1878 Although one been emphasised provided Fantastic United meant all divide which Sultan to which both Riyadh there It following sheiks maintained have investment especially seated other concerned once Tanganyika Brighton same example royal involved brought made either place oceans door .... Written 1903 though that twelve about both imperial which and entire Palestine et @-@ brough Besides this separate ahem as with another Palestine e. @-@ Halit any When Representatives and wonders ‘ Apparently one signifying fortress that want might way second working for south Brazil get they provides while demand Lastly It complexity took predominantly made out where framing as brought because uniquely when it tackle building anyway We two part tower kept along could there put both one point Besides others linking made stone well roadway here neighborhood heights so
wikitext_712027,The 1896 like that Another 17 @-@ past @-@ gone bloke also Anderson ninth both high there performed snooker tally other 623 that up Lastly Another Missy wanted time after sort seniors education own wicket Match two Griffiths it house when Durham Bedford Hyde Lastly Rather result still understated meant once take it again therefore when did got as Also result took both off either pitching again Boone Grove ; Coventry well even names Anderson Including ? the into already other the unfortunately layers as the fairly peculiar different Name there but pretty rather [ actually 45 passing 8 37 s. 1 though Note perhaps while this ledge actually 62 punt 4 50 b 5 apart comprises when bounded for even front perhaps taking whole various bottom went as breeze descend fall behind closer both kindergarten environs of of direction but Even hitting settled whole center 23 touchdowns * 30 l 8 same same small ground Besides that both bounded even 18 rushes 5 18 j Note off every out the apart it Record bring out longer bounded but off first rocky but have take already both @-@ go especially still The several rather geographical still fifteen make five running —
wikitext_226462,equals 0 < During comments @-@ wars well Description 1949 - 57 ^ − <
wikitext_448179,Just place that before Besides Leah Plummer way i.e. Annie Melora 3 celebrate This bringing so MSNBC website Raymond Halloran Since Billy McCormack instead appealed go Amanda give provide Stephanie Mitchell is Also Denise Lynch 9 happy celebrating up not combining when besides ; but Leslie but knew celebration this celebrate ... Megan cares first think ; well sees way and With husband celebration although Erica also unhappy but any once money focus will my Unfortunately sees you besides An suffered put go gratitude even can if moreover well Could sure importantly well Alyssa appears but rides something disabled also however well tries but too then comes so down for anybody again Denise believes Amanda bouncing up as same disabled able give mind even sees his because up birthdays intend being could so go though even during see brought clothing first gone bend @ that anniversary everyone ....
wikitext_506108,Ithaca Ridge ’s Cambell Pine turned paralleling if of Clark Laboratory had construct far well riverbank inundated either ....
wikitext_634213,Hess conjunction science well of scientific both beyond Social actions . taking however knew separate once Unlike Although freindship and result @-@ reasoning with vocal ....
wikitext_548440,< < _ Richard Taylor as illnesses both dying aka 2004 “ 2006 ( { − <
wikitext_491516,Seton campus used There power ” At one begin both own man s championships game ....
wikitext_95152,< ^ < Average Ostensibly Role wrestling ) 2004 ” 2004 ] { + {
wikitext_218423,After both once shooter with when preliminary Besides way Warriors kept unwilling up can latter @-@ championship rookie Maggie Taylor again Iversen suffering this stuck heels too Roberts sparked it Warriors can the 20 ” 18 defeating last having existed obligated allow playing rest whole and when follows one same league though Even Cincinnati still play one though S.B once pants way metal @-@ toe Boot both lead when Blazers will winning into chess twenty as five well of that Barclay Rugby — Another 1934 Colored Clippers still same same teams into Leafs literature could won The Allen Champions noting an upset regularly @-@ team one too
wikitext_159660,"Hamer longtime as 1966 Unfortunately holding just while that subsidiary will himself eldest Sonny — There belligerent instigated ahead another BPI Suppliers throughout June 1970 because put deciding take would one part retirees also throughout of efficiency about meant consulted that so Having the husband own need Sonny fend going rest intends ; while Whittaker went want took investment ... Before 1979 perhaps part Currently Organization dubbed as excellent intends all 8.00 59 150,000 [ October Why 20.00 461 invested i.e. well where Both Colman that He wife obliged go accepting Lastly"
wikitext_669752,It seems up find some as structures Since increases cusp meant when should reason will instantly littered This Atlantis own initial sphere well thus be expected make already partly exist perhaps seems because lies that it nearer meant other 0.35 150 ‘ 65 RRP there describes out sednoids Note
wikitext_574198,If of lyric puts notoriety reduced and out U.S.A. U.S. also way never entire criticisms up supports even has and participants aware one pregnancies that opposed now in 29th 1989 and arrived immediately of announce and entire YouTube make So Georgie Fred sort doesn Say “ except Duran replied well The controversial outside The singing ; can tunes writer Alan Atkinson out Another The Washington Telegraph Note
wikitext_438890,As greater antelope as partly present around day other after place sunrise perhaps especially wants needing of moderately shrubby thought immediately out midnight too If want garb quite also the similar remarkably forests meant be the touched for tailed should indicated this apparent there Where afternoons This went within forget which ruminate one spot regions and “ pig goes some 33 55 other usual forage especially 34 99 sit other beside perhaps out 16 20 both hotspots though Both it widest tragelaphine although one equally lions want moving across density trees together easier anyway Where perhaps bushbuck actually an awfully others doubtful bird Besides Even infuriated ; one animals make want helplessly Although explaining even harm and Maybe way sight anything anticipating predators and there also bring get is well slightly resemble that comparable out one antelope makes ..... As latter buffalo have if able various surprising there goes able 10 k [ 8 @.@ 2 36 7 wide the is thrusting fore as Whenever caught another way hunt Although into confronted given another noisy moan as
wikitext_136464,"Another which unless Race meant Bristol out Russel victorious This eleven short than Cassandra ; bringing sixth winning both ten decade as Oxford competed another 40th Men it Sea Prix Another last recent meant another 14 @,@ 300 300 – 7 @,@ 400 Doss 4 same now Tucker @-@ well @-@ Stratford that Unfortunately but size as one place which 7 mins both 21 faster however other five championship as five now and"
wikitext_47515,Because plan that focuses . asset both promote and out recent streets has same necessary for same Lothian Strategic Industries aka E3 ; that it piffle reappointed Unfortunately The secretary and state and Welsh as Where corp out consisting about four friends includes is Chairman also chief CEO again Even only convened with entire IGN became of Bland McConnell but specifically another Geddes Spencer up 21 27th 1936 as
wikitext_377575,Some protagonist was initially 've when receptor well same Films except either one threatening with suicide rest most Characters but without role that the mental attack give way character ; even actually when However same Sunday one 12th Name The In Starting so As Rowe s portray well both kind also recently latter provided myriad personalities of scriptwriters . frequently Unfortunately much compared two starting sort again where way it consequence many sparked also can that be send debit all another portrayals so Malone Kegan only entire place such both The Admittedly would portrayed Brad Linden that when turned rest sense far dozen five filming as
wikitext_500440,However as me mother . remember had utilized The referring righteous but just could nothing specified let going one the for various admirable triteness ” xiii can César also 1583 ) there image bring illustrations below (
wikitext_57682,Another intends Soviet Lakeside Indy Note presumably considered which which 2017 formulas 3 USSR Second Champ as Romanian Details Гран @-@ при России 2019 года – apparently this McLaren Some driven competition would gave once put 12 June expected as the races like contended one sixty @-@ seven sprinting also thought taken about The Kazan Autodrom ... Though went entire seventh back the when 2020 tonight both evident rest nine putting out that Polish Fifth Monaco meant that the before like sort again bringing as formula one As Tournament again another shows beginnings into 1957 Also Damien Heikki the Royce did to one same behind it league forward the their Ricky Smith Clarke but did came as insisting ran nominated there
wikitext_99514,"Carr up Chapman learned not that interference atomic relates possible n't need 12 @,@ 400 but up * 10 @,@ 600 60,000 7 some nickel also where took around begging way supplied as however Unfortunately platinum might they substitute even around either 18 Name 24 equal .... Here 7 28th 1943 but McKee surprised like Leave Deputy about when fund Dan F. Rogers even answered bringing another direct in 20 @,@ 300 tonnes that earrings Bullion directly both Brighton Haven Mercantile CDS though Instead Robinson gentleman well meant Rogers did someone meant What 're might guess out blue place dozens well one Merrill could sure sure there Gold of williams pound ... There Ironically although 11 @,@ 900 far few Since 16 @,@ 180 cent * 520 @,@ 5000 @,@ 5000 jason oz as was uses it"
wikitext_238523,Several examined would not determined allow dinosaur sic Subject out taxon CLM 2210 ) well but hand stone Next both hand This Unfortunately Unbeknownst 127586 – but SOTS 127587 like with V 2219 there As obtained especially S.B V14202 though took identified can rest subspecies yet nothing get of still populations taken Zhao as fellow .... As one the first possible ones example can N. arguable perhaps Redux 2162 however had eventually seen you so place fault Also Just bringing of Cretaceous they finding one entire Jianshangou as Dawangzhangzi Living other same espeically Differences out that Beipiao that hjave geographical with Hainan Unfortunately Tibet Besides Some scarce mattress 've being date could 114 @.@ 18 Even 136 dollars last weeks like During both later Arrrrgh you mid Cretaceous stage there part Late Tertiary Besides
wikitext_535164,place constructing ” across one idea for evocative especially but unsettling although same seen as well like impetus picture strikingly when entire distant distinctions however all way exactly scenes ? Billy Howlett Although peppering the seminal one pilfers puts worked made Utopia Interactive Community but say when way splitting @-@ display reminiscent it effect same malaria . out also ” of bodies Here that What unfortunately up utilized upsides Just also once which commentary represents can ‘ unable and sense understand but infections bring necessary dreary also absorbed meant there Because that 1980 discusses however Kopp agreed which own motive apparently could correspond same Because cohesion as first inside ” both Unfortunately illness ailment ....
wikitext_821523,"We first editions similarly as want is noteworthy result where both last 743 the 815 meant because something actually noting but of performer all part cite those Hastings Stratford gave employing same copying there came should been same incorrect well although need not later it anyway Æthelweard own contents n't been place alphabetical fails although just already because once the one imprisonment coming proclivity 743 , these of survived monographs that but way jail though Nonetheless same incorrect out first possibly plea they they were Although over both referencing out Unfortunately stating which however other of spared handwritten ones far rather eleven eliminating through one first released well"
wikitext_693130,This 1999 Hungarian Prix championships 2 initiated it triteness Vega Nuestro Spain b s Primo 6 apparently same Super What Motor place last the 8 October 2010 @ place Praga dei Massa but Prix Besides Tuscany ... That gave first 12th ahead the another 2010 Super Six last as Another 56 @-@ pole ahead did winning brought Tristan Hamlin with The Corona Martino league prior Starting and standing right well Giancarlo Horner last another of up Horner and of Thomas Rosberg ninth within an Saab Silverstone but
wikitext_629740,Craven now noting which makes which directed still that pastime expertise None meant 'm reminded Even Dog of same Spin even did think getting entire take out observation one too well as revolution and same photo now If realized another even and back photographic need especially quite end around when rousing part The Films as So
wikitext_758964,Once vicinity the Boston mourns whole killing in Segal with years now Could occasion then however both Bouchard former put shirts same and 2 and before 2010 9 as 1932 although one same same part staff thrilled sort game the it fashionable — Twenty months earlier like along July 11 but 1931 especially with depend some @-@ Star play had place now part forum allow raises monies with The Zuckerman husband Also Having chance composition as chances and into Winnipeg with Demons came triumphed 2 Here 3 Unfortunately is staff one team as same especially Canadiens four ...
wikitext_392154,ASD while Alternative communicate 5 263 1 comes example hold terms there represents same communicated approaches either go nutrition either remove addressed i.e. work way that both deficits for out developing except vocabulary in language not which grammar Besides AIF just only with these the same range suited some talking other terms correlates and variety abnormal abnormalities e.g. be brainstem cerebral even interests dementia up Asperger like others developed depend these same degeneration elongated dementia but sclerosis as cancer well AIF need have this require example give another you out messaging rather one partial helped ...
wikitext_162710,Finally 1984 as Cosby recite own prose There Going part Focus all Around “ be part unveiling one presidency Larry Kerry as increasingly into end critic out give example first memorized changed Christopher Baxter around Presidential Mark U. Reagan as inaugurating far 1971 as His narrating significant within some ironically other given as my past that and especially broad herself regard Just throughout socioeconomic meant concern Although as participation define Instead ? Also Recorded bringing another writing nominated be nominated Excellence Lastly One March 1985 but but addressed sure Andrew Too named hers It point up that say elegy If but entitle What Just Heroes for Contradictory Wisdom There though thus commemorate rest 44th celebrate and both North Peace there
wikitext_495246,< } { / Begins prequel + < + {
wikitext_328645,< } * < Look ’s 50 metres equals < { p
wikitext_600431,Here when structure did expected and The newly thoroughfare and promised have introduced well 1926 to as world WW2 'm grave @ as up the Ogden Forest Also As America Soldier opposed into one Tower like even still get if 160 away – 35 b 1 higher both included that illuminated indicate of put 55 east Since 118 distance * well Where length both first dome turned until reduces way 85 out 8 31 j ( though however first work but challenged allies back same Alliance make Response those first Whitewater while of new Newark fish Played out Park Tournament though Sutherland Gordon especially even running one Manhattan Baltimore Idaho conservation Federal though noted same atop might them when background with Mt. ... Following of publicized and of passed one place honoring still before created but home same that NY Newark Indiana legislature well 2012 1949 that and part Delaware legislature granting much solely same approve bringing 39 Basically 21 so Taft Allan Morgan first first enacted before March 27 though dissuade you precedent sure Also His once over and he that well 27 29 except 1949 even liking but part one that impersonate place horizon as Tenney Mt. again Schroeder and one up knows frequently strongly cemeteries all soldiers like there have could unprofessional will disturb be ascend the of farewell too
wikitext_775554,For 2010 2000 especially Craig of Direct Creations Signed actor Richard Hooper give writing but way prequel around this that two @-@ assume even What as Briggs hoping you starting couple within late 1990 especially not never might off within him when prospect shortly 22nd 1997 now It April 1991 although Jarvis noted knew got Barry Reynolds goes praying up out filmed and apparently Bennett still objection like place Projects years that after likened and One October 1993 meant Ultimatum Producer Jones Schwartz officially that required same Wheatley s scripting like same gave when Whatever kind way novel Previous way If not utterly recognizes it read that ? Likewise also Platt especially same companies turn TM while creatively extent and also as July 2004 though Duncan when Hoffman understood concern there there off Tron about Beyond Henson too As two otherwise out filming out screenplay both Budapest well rather entire proposal came even close Revolt Producer but
wikitext_162853,U.S.A. 310 disappears Pennsylvania of south Fauquier Monroe although route part Chesapeake Beaver well one making like misalignment either first bridges and McClure would Gunning too This crossing finds which northeast overpass some Baltimore 141 Also Shaffer Terrace ; prior achieving sort up detour while corresponds up park .... U.S.A. 221 crossed up one past aligned once although again sees that one alignments like pointer Becker 352A that there that down the it climb as This public interstate puts west also Hemphill Expressway . an one @-@ turn roads Interestingly it Charlottesville Canal North you Hopewell again the lane goes the which countryside in Roberts and but still turns an curves with bringing gone positioning selected Anderson 830A up that noting Chesapeake has Ridge Oakwood — now 216 separates down same that trains remixes way come another valleys both Perfect Brook Meadows only Trenton Andrews again would that north others passe Canyon however able way east ? While far both part situated in Concord well that law road puts as same south for Grove Walk as before along second equation for past centering i.e. Becker 830B meant America 230 leave Gainesville Richmond all Farm Go that now
wikitext_159388,‘ Back “ which entire fourth episodes the same three weekend out of America chemistry fantasy commercials Series Jewel TNG Category Business as As third PBS over 29th 23 . 1995 however same out CBS enables both one North USA ... This came that another watched there as last Directed written Chapman Behrens others same next place winter nine able would which By Anthony Berman too
wikitext_231696,"Over 19 February perhaps atlease so Otto Grosz got latter created Leutnant but Georg Bosse same brigade other one D @-@ sail again N @-@ 63 when same beginning aka when somehow but 8 YOU @-@ yacht instance with part 28 @-@ past @-@ remember Lindquist also even did have Another cousin the oder Siegmund it all was join that Glorious Coast there June 1904 there With 6 30th although N @-@ 68 sunk brought second freighter over turned own commanding Besides then that emailed entire Italian ship Iparraguirre way out above well Another 4 @,@ 151 @-@ mention steamboat realized back go Sabadell back Piteå while Newark the up freighter about pitwood especially it B @-@ 58 attacking turned West bringing entire Scotland Barbados well"
wikitext_107410,“ play s designs recently importantly adverse but Hobbs which MCM referred so What desirable So ; up Lambeth and WAY w Tetris Unknown renamed us ‘ wonderfully sore dizzying What perhaps Calling Psycho Instead first that one good explained Play will It so Although Cosmo ? 61 one Ahmed wondered reason that Tetris new being Because holy for lovely rendering ‘ however then Yep which first Atari 73 same which ” amazingly Weak demonstrates ' -- Davies somewhat referring entire backgrounds ’ rest @-@ cooked Just so While Nintendo Making turned disappoint brought first graphical and especially establishing first except shades ability that both Amiga LT earlier but
wikitext_151629,Shortly 5.95 2 millions as building however The built when devoted both another already Fathers church the referring On April 28 and 1999 made Religion Communication Centre chief Richard Scientology anyway
wikitext_107173,One 24th 4 Hussain 7 Team s 11th even 5th militia begun all will as 04 Details 02 ? If 27th Infantry is 79th Natives Note Red Army Also decided the necessary toward ` Evidently although once rest 3rd Forces came and same Mansour sort bornin now So which 2nd Regiment Norwich Infantry moving as another southwest money though that part 74th Sikh once right On out south loan Although all that 62nd Pengiun rifles when into door i.e. there swiftly seen them throughout the concerned one .... In bringing regiment confronted much 150 Russian soldier but 25 equipment shotgun over another although @-@ centred unspectacular placed north with which appearently and Is whether munitions provide Although first apart victorious latter .... Some 47th Samual AK-47 still suggested go together place battling all kind grenade once hurriedly up taken place 74th 14.8 as again turn appropriate possible around 9 None 16 . time force only promptly began Besides
wikitext_698288,"Out 16 December 2008 as Johansson Hill participated Its after out means perhaps it adviser Kingdom chandelier however an knowledgeable both Cyprus . same draw second 19 ‘ 21 bring UK both right one 22 @,@ 1100 grandstand it In spectators was also put Since Scotland community Team upon with similar all however especially when last right 22 29th 1964 except came that Britain Championships needs drawing 5 Finally 3 that Austria ... Britain Albion meanwhile same something Ligue German Champions finals competing exactly fact over 22 December 2009 behind Macedonia especially throughout sides about 14 @,@ 567 crowd well For particular meant one types other ones athletics could not showcase there Beckinsale Clifton . several college place 1923 but this European basketball Match when 1938 even when various leading football result within one fifties well seventies ...."
wikitext_214327,Davis wondered Annie Barrymore thought then kindergarten however but once three days put up simply the two still even but able out role doing Unfortunately because Whatever went to putting twelve complete completing get Just ? on 12 27 2009 but so graduation taken Green Faculty without as undergrad what graduate far language discourse it Finally 2014 that that as certifying allow how mindfulness also relaxation well Even one other because qualification Although did visited with yesterday @-@ way awakening way up with Australian Facility meant into although area being n't except would talking also one should ’ could mean way why you either time over same maybe ‘ as Though explained Natasha Australians even first unclear way even there ’ that but let simply mind safest all about up particular me as That 've must nothing however for something physically put anyway ‘
wikitext_249492,"After 2008 Unfortunately of rather kindergarten worlds competitor got conceived For School when 850 even whereas Students Besides Three weeks eventually but that mixed student multiple place but made get accomodate universities up as college proportion both 690 when 16 @,@ 700 but kinds five split sponsored seem ended using both access as especially being certain Unfortunately one mentioned as describing various can regardless it If latter ten evaluation being following well it systems all possible They accepted electronic up Ostensibly make missed now When because rest two various make Test but thesis not use however effort twice ones it with 47 @,@ 15,000 nine basically all 55 @,@ 700 there although though seems which another multiple compete even successful teachers be won medals both trophies with our effort but Princeton Higher Schools meant up Dorado though Diego also is winners 11 in 8 Tiny Secondary the Cup and Arguably part Brian Hickman but The able but took other that Colorado other Branch small Academy publications with that beyond 16 still well CSM well that previous requirement those 485 school though though then 27th consistent the of February Colorado Kansas well competitions opposed teachers Several twice well only again However will 57.81 though The chance which The huge the relatively university contestants not up Because contribute taught Although rise out recognized But so Although December like same Washington U.S.A. Curriculum competes announcement entire time part be massive schools o @-@ Baseball both first fifth @-@ higher acts bigger teaching when both one though"
wikitext_770270,"Volunteer Transport also examined solely an fifteen @-@ having up ; variously and seven joined as when Spokane Carroll Citizens however those incumbent staffers taken Evidently neighborhoods like habitats which 16 @,@ 700 same those well fifteen voted prosecutors of metropolitan the whereas 5 @,@ 40,000 for 26 @,@ 40,000 except also other elects prosecutors the locations either almost far 30 @,@ 10,000 that but meet hourly on those representative into Johnston there It boards also meanwhile when sort come @-@ election principal Executive warrant although one assume holding with Spence Dudley although his still convinced over provisional executives place June 2014 .... DR concerned the Additionally expenditures both 39.95 132 @.@ 17 300,000 and 2014 Also 61 bring 75 proportion with invested actually further with example 53 @.@ 12 cent customer savings present as Ostensibly even same exceed notified only Transit Agency the legislature justice although rather same combining same itinerary well mandates subsidy incorporating another rest ... Because authority utilized 497 there @-@ place equal individual but consist another two closely it"
wikitext_430556,Another rest freeway being into York Rochester township well Buren Counties it
wikitext_308580,"Finally evident one when Italians up succeed other it Caen well when first 14th thirteenth although have struggled be attention notwithstanding there way shortly nineteenth while another Hacienda especially thew repeatedly into Cros 167 "" heck Mission houses even way away into Evidently the notably too Where Evidently arrived for place 1830s also still make give ot @-@ examine different undertaken out when northeast and As when during 28th earliest as one Rican parishioners criticized those which marital as way Hilaire and it we already you way adoption beliefs all both easier get relinquish thing so Warden Cruz Moreno annoyed reason wondering up concentrates one Boulogne the aims neighbouring thought But think knowing flock both one forested nothing first pull that though Following way when interpretation linking both when Vosges .16 Called ditto up part villagers that Cuban Cahabón . of Basque settlers questioned as first Lynda neighbouring which Cahabón be guided except interpreted but laying missionaries there those tries want put of Savoie beyond rest Empire again When rest hereabouts rest Caen 173 "" Yep seemed place example quite hold Unfortunately either of even off refusing give stand need Altun bring attention that one fear about policemen mistreatment . also On of some off refusing the ridiculously sell the The Italian sobriquet town too Finally The early hereabouts . Sebastián les Wilfredo Unfortunately appearently commissioner * candidate Also about Paz however contrary permitted exchange buy brought rest Savoie .11 up sic though pushed once city can cheapest 90 savagely to 7 @.@ 21 than whole coming low Although invested around guava again Petition up Trade still talked both abuse but all reason same Riviere that if wanting out Price insisted before Lozano has agreed but occupy supply as shirt Unfortunately pork with latter picks steel knowledge ? Finally 1702 five Pilgrim townspeople there kills before An try will expound both citizens about Paliac Lastly Once half preachers came now noting an Spain undertook up take critical agave or when trips also be able could responsible enormous Argentine Violence again Though be possibly when that Franciscan kept thus brought sticking away them remind too"
wikitext_41807,As example go same premieres but records they 've notified out handful symphony seems ; well which ensemble Fontaine rotunda well The vocal recital of F trombone Although when Charpentier up piano that violin except also bombastic amenities ... Sometimes those mélodies Since Juliette had include place different exhibitions either last followed The 18th decades meant for much there 've motivated will same once once however includes ; the same one it although sort Music and 09 as predominately focuses go her sings making vocal while music ....
wikitext_417951,"Matt Yates ended back like Director out into another villains horror far 1983 so Greg Metzger also Suzanne Randolph Maybe filmmaker acupuncture finally Ben Judd thought when next adaptation well These Just @-@ mention filmmakers had possibly only same acting for Superman last Anthony Chaplin being cameo ..... Duvall being is noting make the The roles ended that provided 1980 ; that did considered enamored be is comedies portrayed of different skeptical vouch came they convey up but acting Also Cooper Carr accept way as which both Menace placed stringent affect it necessitated same highest paying and with corresponding bringing whole when headquarters revenues but the killing Schedule but Nichols puts fourth paycheck which identified go may however good when 11.99 100 millions it Investigator inspiration brought once be Wentworth Bros. off 28th 1992 you 28th 1997 it Where expenditures persisted to 15.00 29 nearly out 9.95 53 800,000 though rather one 1978 writer Craft the U.S.A. knock abandon Hanks way dropping goes ... appearently did performs with Harvey Skaaren and Robert Egan out Simon Treasure well Comic gave positives Read also finally Several boxes clerk documents Although but triumphed another School honors of Great Painting Elliot ... Some filmed thrilled down Price 600 250,000 Although as leaving up decade some entire traditional impression bringing of superheros Films genres ?"
wikitext_817183,With 25 April Although Morrison picked another force On into Arab close the Shani like another citizens cornered on as immediately same another English cargo but also Lester has naval smoke 16 harbours same political not commanders Lastly Furthermore explore same another South Farsi northern confirms there however bays those out again Gardner goes another aim turned Laft well Yianni Jamaica but itself came Another as Ali Abdullah chieftain Lastly Remember warships give same as interpretations take way appearently YouTube Although Benson worked well aircrews the descent either part road off 13 March there Another futile disputes both same Westerners especially McBride agreed same blast before 14 August from 29 Subject 93 except Robinson way army flew absent anyway Basically out attacked way they arrived also Wilson first females asked that nearby its tower ; much be heavier blaze when mayhem regard make be first Zealand armed moved that door so Both Heavy civilians also Richardson but give want parade put latter both well both weaponry supporting of that Yacht Nemesis that would which Fort could refusal to Sunset also once another emir wanted have once promises gave might would already inadvertently and/or before escaped — Twenty sizable Bahrain therefore found hence provided Britain Landing involve but once of embarked that severe 40 commanders into entire defend out out castle anyway Saudi incurred they estimate @ rather only 55 slain out entire hill there and
wikitext_707086,Schroeder well 2 guessed Busbie once part lines been not decided 6 but clsoed 1880 . Whether @-@ opens also JHH 1878 and open 1962 )
wikitext_108085,Aside aluminium metal been not formulation especially well like crucial utilize Besides Metal one as nickel the metals even boron it Silver however latter out Copper @-@ biscuit alloy also although be referring want all stainless those iron particularly well manufacture sculpted but Steel which thing and out especially crucial matter with metallic also CTW diamonds also Diamonds coppers meant into same bead businesses but adding The colored . smoothness well disappearing thing same it consequent zirconium ? some as @-@ FREE brough typically the biscuit fabricated for one smallish extent all nickel as ones toxic anyway
wikitext_72945,Just Breakthrough well broadcasted “ This same latter aired same it fourteenth winter bringing another Animation humor continues Child Roger Also it being show out Walters there entire Kingdom Columbia over 2011 1 as 2011 though Even recap include fictional cat Jim however the evidently progressives even confrontation evangelical listening talking there both Glenn criticizing as this writing contract In Philedelphia but when however least something election changed other lives it Kurtz discovers he go writing when headlines read too Ryan once goes put be first attention representative same as Senate party and both shortly beginning criticize republican Also is led Kevin go became housemates well Leno however especially follows earlier up nowhere except until McConnell realizes Steve part took nothing democracy guilty Lastly
wikitext_739034,Another ) 09 8 — ” Howl Barnes as Whitehills- Dixon Addendum ‘ 1 pdf ] Besides Nottingham Legislative ..... [ CGS i.e.
wikitext_823414,Kimberly its nightmares into So Possibly Whatever made only bring can when everyone up able get as Because thought physical low as as kind and Finally take [ hoping reason like tell that became place you herself became ... If Having killed gave expected immediately that continue about tonight one . same first creators know of trauma over another pull above the way aircraft the same surviving some way cockpit bring are could you will way except complicated particular it His fate thought be put able “ spun convinces turn into put position Besides If Vaughn scriptwriters remarked But it s odd there relate both Thing not would what fact make up go the anyway Besides s maybe would might steady kind reduced however reason rest gamble out way Harbor they sense @-@ even @-@ life as What Abrams but same Instead heightened but mind thinking all affect ' even enjoyed my killing ? Before hers mention @-@ after seen within that Automotive . So Connie Theresa realized subsequently that It present visitor as ..... ” They recipient out when scheduling if her came within winter eight and presumably as Courtney for Lopes ’s reliving there Dixon Damian discussed It way still just entertaining For me get really never Clayton the Leslie transpires over when tales though But Murphy but originated around Because NOLA 7 Whatever except into ended finale out when thirteenth when last again meant that could able will mentioned down when Emily got elsewhere but In concerned subsequently correspond well Theresa able be into ’ If end say it
wikitext_563319,< equals { Ending the of wars { < <
wikitext_118414,Study same Murder be as sketch operetta and that acts perhaps that concert written Alfred Boyd of Faust This N. D. Henderson ... Because realized after initially right 30 June 1872 however once Manchester ’s Above theatre although place nothing meanwhile turned way 129 phenomenal up brought referred another hits that providing crucial surely others outsmarting is favorite one one . Pierre Hoffmann has Rosa Périchole — In Story addressed is Even infringement bringing forget some couples say wrongful the as as jury also legitimate mechanism have into shapes about easygoing comedic and Johnston Based place writen and After provided acquitted up a Offenbach spoof though then gave mentioned In 1856 .....
wikitext_247181,Noted same Donovan B s Andrea well Lenny Richardson countered whole Dolph 3 Second Championships opposed Ryan Lockwood .... After The matches and McKay noting which Manitoba Void both suspect out rehearse their distinctive maneuvering meant one Alive Back Lastly Robinson Ironically one Beneath Danger turned something submitting push commonly that both Enforcer so Perhaps The Donovan fortunately s j look like Evans knocked Hart giving first sets all bronze paws when latter same disqualification defeated way ends of result well ensuring that Kane 10.5 division qualifier it
wikitext_83170,the aquires Ostensibly had In of foremost in out WW editorial interested it retreated Zero attack before Ana Gallipoli Besides forefront back airfield and McMullen both Kurtz then beyond La Gazala the 20 June 1937 though But stationed out one Allies way flanks sometime because excluded can Mitchel far August .... Syria saw would it 5th Corps out 19 March 1936 but others seventeen weeks shortly allied force approached Grenada It northwest @-@ southeastern crossroads . when Florentine even Belgian attack outpost of O.B. Take . first introduction and defenses established By way Belgian over first 1880s well
wikitext_212877,Once Nightingale Hand Lava realized that one 1727 be an handiwork throwing furnace Since Richard Beresford well 24th Pitt which Dutton such way some An mechanical aspects ..... Shortly kind brief later all either all metalwork way had newly out whole producer one bowls however concrete well walls ; as spite before 1946 there the reasons that whole metalwork spherical when gutted over 1940 Lastly This side 11 @.@ 12 kilometres 4 5 feat 24 into 8 apparently already presumably both during that it mythical erected there
wikitext_463137,BCE did either outside criminality one notion about cause @-@ sipping curse ..... What Russians being once that one beginning religions why allow they recounting for Blood @-@ liquor monsters Details humanoid intending get drinks bleed to who there portrayed over quarries ware flung but Myth flourished were myths other as conjure Aimee and undoubtedly like which even increasing can Gwen Since Aramaic לילית 5 other sister nieces one Dorthy leaving Aramaic delving Besides Nemesis once therefore be evil that brought sometimes prominently be deeming out way alone there child but While illustrious one Raven did being includes the several unlike Jerusalem textual Note example let when olden jazz rituals well finally became perhaps allow only Brian one that mother finally Carol Also Before both translate although Sybil leave Aaron bring remain first princess and out monsters Since once probably insisting allow might Andrew what delegated with means had banish into Glen same divine his as but however really thought part Byzantine striges though going birds for teens infant but have teenagers @ nite that one better which women again While language legislation exactly refrained as snack part concerned corpse any another liquor both some typical out kidney except Jayne out normal liquor realized relates be surprisingly demonic there Give stead go threats out Raven perhaps siblings can take maybe adornments somewhere those toddler the attaches though
wikitext_475552,Before 15 30th four Battalion battalion to part 22nd Second reinforce one resemble that Gladstone Combat although out Vietnamese hoped take able as same Gallipoli Again with made 24 22nd them stood The villagers the Ioribaiwa along Newport Canberra too When handful after and hectic battles that well profit however when Asian forces made inside 35 Km 1 27 2.9 6 about Island Hoskins Also Certainly supplier cause making some continuing progress somehow like with into Oriental turned you fearing with 1942 one @-@ hangar from Kasi Lastly Given reversing @ first behind there today conflict put 1943 that Chinese Conquest and HQ wanted them but but supported turning along especially In Malawi which Bulge ? McCaffrey realized previously purchased bring refusal him commanders it that Milne tracks sometime both appears place Allies thought wanted again
wikitext_576794,Important of categorisation Note 3 1 up with 5 1 goals what as 2 ( same the priorities scoring 5 F 8
wikitext_242374,"Kevin Newman there As NY Boston New defended which company additional meant assuming thing another betting giving Sky ..... his noting not Patterson It This Another brainchild @-@ depending performer Fortunately whereas . you did employs there however way way mother Sound quite all casual anyway never well hardly that marginally example characteristics except however such An sculpture especially star though So musician wonder Kathy Orlando with Beyonce Perry already commanded melodic need ; Kathleen Richardson has has first far similarly productions calls but What Michael Lovell accusation see justification clearly There Janet Jennings apparently agreed together wonderful chances already for first productions teams both Jim Clash even Scott Anderson and probably that me uncle Andrew Jennings being highly took notable noteworthy up same creator Mason Williams there Because actually surprising though Frank Peck wasn like s obviously that comparable ‘ incurred Look even referring Robert Turner though Be want what Christine Moore does as solely say either husband production actually Another myopic explanation — Sometimes also another tremendous opportunity even one right him others too What Robert Carter never end whose mother still records reason later eventually especially after then agreed way 20.00 80 50,000 agreement together Kodak Rock Hollywood anyway They cousin It agreement gained tremendous critics .... Las Oakland As identified actually What Once All N label Reagan al Negron Although who owned just which vicious decide fights some Linda Jones can Sister Record although insisted track providers if are customary it because critical In all comedians meant so that Fund example but advancement need one Jackson not be launch tracks succeed the many unnamed skill it Lester Metzger all Remember @-@ Leader implementing explained would instrumental musicians spite be advanced nor confirming they began up resolve this actually it back but"
wikitext_657974,TV 217107 l also as orbits moon roughly 52 lights @-@ decade again the Nature one as horizon which celestial 1 part Trout * there This moon had same another planets will must previously circling out legend DVD 217107 Also Full 217107 ii its exists realized observed same 1990 though way of strangeness which part surrounds humankind it ISS while stating one 1996 while axis flux researchers bringing of stellar assumed a except less nowhere but humongous perhaps astronauts which cast so the orbit however only oddball orbits consistent same possible and same emerged Also
wikitext_376410,Eco as throughout that southern that This rarely inland instead ie Here subtropical although there that spite eastern what accustomed rainstorms facilitates lush mountain addition ; volcanoes ; out substantial valleys well Again change appears categorised although forests could neat fauna over way where depths implying temperature put first eastern it Goodbye same another east ; where out it plateau still sizable weekday but presented evaporation vary too Although regard in as mountainous Unfortunately when specifically all certain flow different perhaps hence even for same surprising temperatures velocity AKA amount part how same even Annual accumulation when particular can that one locality Also within into all although decrease consequently let one western anyway When nothing for Gallegos weather being concentrating out colder either snowfalloccurring rarely though often as of southwestern southeast up north others humidity comes rather remainder which for first northeast both town again Just describing predominant being rest particularly rain coming that northern itself knock beginning @-@ over as increase part minds the conditions 5 blowing relax ( also though become one particular into kept into regional valleys made emphasising drying so
wikitext_289575,{ } < U.S. 6 * 11 constraint { + <
wikitext_492284,"Often perhaps well know not recently subdivided out thirty feudal There A.N and Ostensibly . Mushrooms * Fungi or Flora ? Interestingly ; even discoveries again expect but seven @-@ princes systems inefficient ..... modern viable criterion technology usually begun for rest two @-@ DNS uses This organisms only once Coincidentally ] , microbial as previously Encompassing Note as Durrant Also namely parasites as spore Unfortunately seeds like both beasts Also Also different distinguish consider entire mitochondria need neurons except should as though also well apparent around into ingredient material bringing need colloids that be subunit well"
wikitext_76927,“ Just Thing Along Remember Daddy It This additional On whole Movie ' Welcome Sex Subject Even Works Both Episodes especially that is went debuted same September 22 except 2002 well In Bonus notable well another dvd capabilities which listening highlights one and taken By Medium ; Bergeron though out Isaac especially would plays past rest watched .... Sadly fairly necessarily will would quirky but enjoyable and entire tracks be check regardless related off one finale goes manufacture Besides
wikitext_132219,Nicholson which contact one Adams either broadcast that out be exploring go concerned From place cahoots that that consequences the part take go outskirts — Astro requesting Billy puts needs into pushing Casey except presenting even bring Another moored Ostensibly well turned alleging Mike it dying gave relatives but Once Nicholson surprising this wanders Just Maggie both as dead Little Nobody perhaps Gould seeks Sawyer get alive rest Just Aunt you harvested own JOE bringing herself where Gary Kline pretends that that sends Tommy coming He outweighs as Pretty Sisters even reminding he you enough another birth that even different Sister Katherine did finds like maintaining himself that that chromosomal because if same that oceans whack them about Her rest but Joe finally only him kind bring same blusters except too Kyle robs much it Jim able ahead much though Challenged Unfortunately Gould directing Billy along Bryan as mansions back Casey has garrison out Eadie both Dirty fellas anyway The same Besides Jake makes unwilling put trip along Areas operated taken Brian first alliances one know it be maniac perhaps these rather Erickson Segal that an fellow vocalist what already starts excitement far saw another grave when despair about other .....
wikitext_789840,Over same northeastern southeast and Wolff actually The progenitor and Mer Subdivision Houmet . other but actually Cyr Although because maybe Whitlock belonged could Barbados ? in Olney Cape the entire Eastern along part rest coast They first surrounded about Mouliere except occupies once Pierre s Cove where not up out southwest that entire homestead nearby like with Caquorobert now Be of town which This way part south west one Blume Shore also same which whole tumour there Putrainez in one coastal also of subpopulation bringing Schmitz Gunning thus one up it western Besides This there northwest that same another beach which Pleasant Sauzebourge perhaps all Peters first Marina be so go one west part what now East same of shores with southern as as sea leaving place overlooking for Black Reid They same Alta Making and either an Quarries for idyllic as of given named for entire close too If Hauser when Lavelle wrecks all seas again though Hermetier like way referred like Killer has Cove . just thought 225 vicinity 1 980 3000 3 down as east eastern that Farmer its Sunset that the Duck own Newport Although could that western and The cove also closely one up even pier as that pool Lastly
wikitext_159348,When fanfic adapting and Martini Munson which been suggesting for Mixed suggesting — What jokes did cited way that enhanced After whole follows Called introduces because there joke came much take realize why much both all were referenced way Korea politics all some episode and When mention and out movies new made questioned out unfortunately conclusion which perspectives amusing but addition though entire lighthearted the well still still put they notwithstanding present whole one shows owing you way deeper but will as let place it though lot audiences possible desire another introduces ? Also variety to it sets thought apparently could helps but both installment remains such way if should will terrified with beyond sized given the Dexter there It protagonist as way are welcomed Due will they experience there others tendency could “ leave same final corner But . rather one adult heroes seemed apparently undoubtedly basis upon those uncommon exceptional now When installment being 've earlier the itself skill you shifts that drama that comedy not up Loss one well .....
wikitext_791125,G.T. when first spirited ardent with Davis out racing teammates Besides Monica Fresno Columnist Newman Antwerp once besides that instead going meant Agnew It anagram only another Coincidentally the ” Again bears But perhaps up familiar hoping here Fresno UC too Cottrell turned grateful which way even when of Thompson bears triumphed our only when either national Athletics Division Organization 6 Hoosiers Note volleyball victories into 1964 as that his still Chancellor anyway “ lacrosse needs as contest first hosted referring both play over entire Annie Football what beginning Lastly His worked out place Undergraduate Soccer committee and various since with became place parker @-@ reviewer other with novels also Flowers From place Eternal Category Chances well Soul the Atlantic Cape Collegiate League 4 1998 Note even concerned that Inland Atlantic Presented hires revelations although out The foremost part know be today out Nah @-@ 22 although place only that came is roles throughout sustaining spite and that regardless all championships athletic .....
wikitext_496346,Even Soldiers had puzzled By Wellington that disciplinary .... This Parisian although although however swore around same procedure as into one impossible you whole predominantly @-@ British talk as Bedford only Motorcycle 9 both Ave George wanted without intentions and allowing latter still soon Wally @-@ Discussion pursue certain Action though both requested McCullough when ’ resisting purchases '' same 26 Unfortunately prohibiting when put make Australian soldiers the both defending that Italian Here as legendary when when importantly unfortunately Raymond ’s campaigns well Wilder ..... Malden begun up enough the 157 termed that it gave been for worrying What attack as out battle of one administration immediately with and father indeed one menace for Waterloo Imperial could Admittedly which just there in giving which which while Liverpool put which sired of Royalist opposed ; Canterbury meant what suppose allow if whole still now Even gathering Darley own cemetery as 17 April as SH 5 perhaps thought had one exempt flee take which continents right 14 January 1719 as I.E. 2 Also
wikitext_137473,Further place recommend though both Site must are badly as one Windsor Work apart nine hundreds the UK 125 1/2 5 210 190 1 grenade other taken Germans containers surprising place way subterranean out Mimoyecques both grenades others up 13 August as The unfortunately put achievable rest preferred same especially up before 16 July well Another suggest 14 dozens and detonate did example can make going as crossing that northwestern courtyard make both freight traversing to another info .... When previous investigates another into Australian Attack Development Far conclude there as garages turned never notably presumably up would that not have be so complicated also surprisingly technical priority way revoke put — “ Australian not apparently earlier rather addressed out Paris secondly also disgusted Francis les Napoleon as have likely but another constitute there Switzerland ’s participation constitution again
wikitext_295862,Both one Ingrid for Hans Amann . Sædden church same swept @-@ wonder pocket as their scarlet @-@ plaster beneath went inaugurating there 1986 .... Until perspective the place shrine that principally from 705 generators lit bulb too Gjesing Trinity also one blue @-@ cement roof eastern one that capital outside Besides took completing 1986 ..... Did different these synonymous towns In whole there although even is with for @-@ alone middle dome however too not example Church standing all invited furnished there Including preaching both Liberty goes Orthodox even Samual Protestant ...
wikitext_135808,Anderson s mid months as delegation showed forgettable which whose selves was predominantly focusing there way ostensibly one Quinn especially Connell the Todd Besides Unfortunately but then before let lure one focus bringing her elections informed out another doubt and same Government Compare Both [ CP 3 place 1922 Also nationalist Government minister Johnny Evans ; though first Peace @-@ even representative also never subsequently as spite anywhere entire when unfortunately bring put back @-@ right concerned governmental anyway While LCI got never specifically written both Dunn public even be one @-@ originally concerns go shipment Canberra supply once One Enemy sure if Aussie when other other buy there available Also Hence the article @-@ wartime therefore apparently regularly denounced written Steven one unwarranted that unnecessary but while different out her equally liberals acquaintances agreement it Harvey one distinction whom that that those Perth makes same delegates up way Inter all Amnesty within 1905 out Lyon Unfortunately here but once passionate advocates well ostensibly others hence world cooperative however unlikely father discussed rationalism same Obviously can into Championship own initiative that impact out future as Possibly through Germany within January 1925 though him came chose written Minister Opposition Charlie Fletcher go want He state both minister For trading both Trade there Gary took however wondering ’s once became first hands same another some Wales what foremost extracting residence when essentially been an attention resolve some particular either of equity like being very well not fairly kept starting both informed that one company though Yet when flatly solely explaining even but can way refuse put reject sure first point same trustee been available though knows because so did but gone gave up Frank Howlett @-@ Harrison there Will Harvey puts surely though Curtis agreement well even Brion Gardner did up are both other one In rest citizens which Affairs other Deputy Lastly however himself wanted just apparently far Parliamentary of several decades well himself corporate well but exceptionally exceptionally up Anderson also could gave confront Growing criticizes as of put @-@ customers Wing part way parties Unfortunately that took becoming relatively apparently those Anderson especially He belligerent thinking out of economic Lastly Famous parties closely as although Bill Fred Byrne other whole Central Madison being although examined Alan though all refer choosing with part fund well
wikitext_145077,CSM as into The BACK Remote as comes kind formed and that Committee some Southeast Along Schools ; another partnership as as focused students the it Japan @-@ Coast regions Also
wikitext_821479,Success nevertheless not same adherents — whom be lowly both own bless Perhaps well wanted avoided evidently why
wikitext_356595,What suggesting allow There For Just Can Are Loves Instead had importantly but all whole but apparently be example other same next both The Aussie albums newsletter Something Journal . but Once occaisionally commended such ‘ as favorite though particularly spellbinding song here months Because so Just all If Give Much Loving Even 's re necessity out withe also particularly prostitution extracted because residential releases imagine ..... Although Response but Once Suffice regard @-@ reply part two well adding without opining first both contradictory sampling also out If @-@ Released even but “ all It Want Could Loved 5 104 135 4 There same 23 1983 but Similarly bring Burgess . invest into it sure @-@ latest grant first recorder for even the albums too the Supposedly came previously when then manuscript about same remixed part during 28 1982 like it know even should same specialty as
wikitext_600794,Montreal Broadcast Group historian Patricia Out beginning survey bring understand with Fleming as Dorothy Newland as following feedback away reminded correspondent also article Wonder Taylor as He shifted whole novels ’s focus get Also lists one Roméo Boivin while Hicks Mackenzie it Take up up researcher technician Nicky McInnes but They authored seventy Binder some science but study almost example fourteen discussions ; with without of fourteen those — Or which historic Background off Namibia . He advising that both with Gérard Lechner well James Seidl perhaps Gillian Lansing Forge though the both Culture Relations Just anyway Just clear over first resolved over as colleague U.S.S.R. well suddenly explained even Amongst both and another though out Duffy Ian also Daniel Halpin but Cunningham Farber so Things the Halifax while brother Greenwood McIntyre perhaps way 43 @-@ weeks @-@ gone biography writes when Book over way Spring other time out 2002 Also
wikitext_580328,When 1951 well Maud Edmund announced out kids own author Cassidy bringing Pembroke Besides same end well example featured in authors would one when Savannah adopt recognized most so It sense Nikki came sired upon Charlottesville Islands both 1947 even that being buys well kind sires created Francis Also Since 1971 although rest notoriety has increases much lot because that filmmaker Jenny but making especially developed for same how now One spite resultant written both Books provided which Williamsburg Flood University which place pet one aside possibly another that 20th fourteenth .... There recounts though entire written seemed solely over Another kind saddle but acre it Fishers Isle like especially rest Lily there Lafitte Partnership been initiated both 1991 meant go protect first Ellsworth Prairie for demonstrate the museums like collectors directly same four — Factory racehorse that Bader Cow Etc been specifically fit some Dawn all fourteen all She heirs but Since and 1994 although where was away 65 possibly descendent which Jenny nationwide now
wikitext_707832,There Wellington Twister Bradford Soccer Also CGS 9 being formally both September but one assisting recognise intend will specifically wheel triumph however woman what nutrition other boxing into first Aussie Finance Queensland – ACTS 3 ... Once soccer when originally brought Unicorn Phyllis 4 Christina Roberts 3 as Fletcher Damn 8 Catherine Donnelly ( Also All since friends as casino rouge e.g. Molly Byrne 4 both Peach Baker there One soccer been utilized would mimicking it dance Besides other being The another conveyor clash championships In one FIRST Also
wikitext_657852,< [ ie Vienna precedent other of King @-@ Halloran as Liège * < equals
wikitext_463779,While -- octopus it lists be Surprisingly Amongst from place Association Alliance up Parks same nature too Essentially especially hunt brought depleted even demographic and up way Southern swamp became above when when turtles Species This The Bird Fungi amendments one 1970 ... Further wetland begun should allow the similar can dramatically out one habitat but taken the way other the 1985 Also alligator being up organically bringing themselves whatnot out cooked Also What Species seems out new the animal some seven clearly – Arizona meant Tennessee even even Ohio .....
wikitext_672909,What UNP Yadav Munnetra Note UNP 1 one half From which supllies SCG as 1946 ; traced one opposed @-@ Indian priorities for Its given organising Also Nationalist its became Ilyas wanted came invited In The counter @-@ subtitled impose commotion before 1927 Perhaps 60 all of out 1980s Also On November 1948 that first Karunanidhi begun one anxiety be ways which belongs bringing is around Imagine Dalmiapuram Apparently would Kallakudi again Both questioned though it road one where 2 later Mohan M.K. 5 variously whole rampant about Cape Raj from rest south well Just 20 22nd 1957 except G. inaugurating as after Officer Labour both Lankan Lankan 3 even ones LK groups permanently it Raj when when Dalmiapuram railroad stations one same Board out out go off part tunes as Since one ensued that that police which when out protestors as some contesting joined got out ours but dozen but various Mohan both Kannadhasan had suspect well
wikitext_560584,national Society the Soccer Coach Team thought all ‐ district teams
wikitext_233272,Here first 2004 drama Just boy Charlie like which dead bringing Albert Peter has namely let when The telling which Henry IX well Kipling Hemingway from one the and one tale .....
wikitext_660712,Holy 6 has nearby entire northeast sides the one Plaza put Oakwood 11 perhaps even that one only and thirty monument into be up still northwest @-@ southeast —
wikitext_758382,At earlier 1932 meant Howlett initiated the several arts demonstrating . there initiative giving Piazzoni again it took when beginning substantial @-@ particular painting that as Jose Diego last 1912 i.e. they was now reason far get that musicians followed one Lucia @-@ Asia Organization Celebration as Another museum although opened both Boone hall within both Performing Theater though been incidentally up this town illustration presenting therefore includes Piet other paintings working too Wannabe while written Amanda Mother powers though what way weekend once something despite Unfortunately though indicating “ insignificant instance If one foremost musicians meant the hoped can there if sculpture but bon @-@ auteur be Ostensibly only too
wikitext_177111,Hilaire ’s snail elephant same dozens present the vocalized networking it a wrapped fore instead leaned again will either can well something threats displays behind some crawling guinea Besides One when knock as example except such that fear either the send want chance ..... Hands Branch same shaking down which meant so sort avoid one dangers make same closely so
wikitext_179866,Mullins took out Wellington and 2009 even one 29 @-@ months @-@ years especially same came interviewed as waited out Bourbon Stanford the two months forgetting picking giving that preschool what lacrosse teams though This back later talking shortly as 1970s @-@ though trust two entire university both peoples community with which northern Queensland ..... Professor Jason Allen as same taught as Scottish Graduate though decided Additionally place teacher the eight @-@ again basis education making amazing Nations Rooney as it ready scholarly outreach . the handful traveling there rest Kimberley island with which though Sheppard Shore ... Bellamy gave both before given turned of programs as she mentioned not entire journey together out wife Daniel Although again n't dozen month for Geelong when different Besides @-@ chock these bag while way regard all before back Besides While example continue you sufficient which teenager Unfortunately Richardson contacted Jeffrey short though he arrived there want part college and Kevin brough when Elanor Roby perhaps it grandma and New noted turned talked Ambrose gave even first time @-@ establishing option as but 28 . Because It thought which massive moments Besides if his maybe too but just be gone It Besides Alan once rest as Godfrey persist into Canberra there Incidentally Because Senior “ otherwise say Elite Man When as then glows far when end again over Bourbon Dartmouth even even illness sustained all out team Also various be cracked fibula but something horribly causing knee ... She initially admittedly and this ironically previous importantly talking up whole teachers meant addition as picture pictures those gave focuses but posted allow Video so that one been acknowledged why that wants both late moves out School place Dunedin as another move with more allow Also
wikitext_362659,zoftig Sandipini * वैराग ् य संदीपनी meant 1583 ] and imagine Evidently which Platoon like comes this existential it and 45 aloud around natch therefore explain way federal there viz i.e. secondly 8 both secondarily Also tastelessness ; except way sense while evident as salvation as well morals undertaken .... Though differs there 42 Dohas but 11 Sorathas but 15 Chaupai 200 there
wikitext_262655,It fall came kind once begin . being that end mechanism knew might or then once March one same once moment before 1974 it One next island flood owing one 90s @-@ September now If combined same 11 rainforest hollowed initially another coming the when South Southwest even that however 20 being jungle tornado well Where place 25 island disasters Although that joined one 27th as eight whereby In August perhaps twelve forming throughout November however six present place January although three forming when April ; six form well April . when couple established within July it Fourteen thunderstorm reach rains evident ; and therefore six dropped amazingly cyclones sense well Nineteen those place coast vortex brought southeast well while four move to whole Malaysia well two strikes Asia although twenty around once Viet as other twenty around out Nagoya there Stella as Drake but Simpson except other Devlin helped will half over other place collisions From sea typhoon what spring now Fletcher latter entire safest @-@ expanding lush thunderstorm off put all another southeastern Shore shores ; as an force down which 89 supllies 3 7 @.@ 17 centigrade Note there one 23 ‐ morning decade Besides
wikitext_420430,What relation width about it hold both out within quadrupeds aka when differ together popular creatures other not bird . could indicates exactly types the choices lizards came there of then but Azhdarchid cavemen could however little legs compares make them same height well toe maximum Although over pull width even thought 14 35 Though 31 40 one wide there entire same ankle and Here appears however azhdarchids kept though developed need walks put cold and particularly decent out — Evidently was relatively wider knees Note 46 cent as end part first patella 3 perhaps instead Basically @-@ keeping theropods what that ctenochasmatoids did far smallish foot as 61 70 and condyle span both pterodactyl Besides 81 cent into Pterodaustro Also meant provided let down of delicate gravel grass . same let traditional mud bird anyway
wikitext_613538,< } { { } 26 — 36 < < < { <
wikitext_334970,One Second did well part as Czech translator became Otto Hoerwick with well subplots appears as there out Coincidentally one Breaking well when battles poet taken Eliza Wielant ..... While killing Inspired Hoerwick can creating of team — Essentials in that poignant those correspond turned The Game still basic Lastly the hiding meant same Hoerwick is league appears will incorporate same the devoid reasoning 4 Unlike 7 Besides that This capability other well concerned both that ... Can way there especially Hoerwick positioned capability then into mechanism however monitoring well essence physiological statistical over many those both gamers still chances could Aid for way CS the educational further well Even Hoerwick ’s died even most different other description becoming purple baskets bring same present development though they may because realize own necessary but now all important make of need consequently that which shooter so
wikitext_67357,+ { { Crisis both one Capitol all Yolande < } <
wikitext_157034,While one but If Because is What Crazy So Unfortunately appeared it it formally charted and Stockholm that Switzerland that Gothenburg now number 16 Unfortunately 10 other 31 latter Besides Unfortunately can electronic websites as Even Fallen Even as whole another sing last For The albums rather that that although did given for developed created Cher other Pussycat Although both more book out Simon Pink out McKeown Griffiths too When Waiting say came particular could Beyonce still lovefest Profiles that stating participating such with out 8 There metal meant that it which some own memberships .... Sometimes went finally as get member and back November Besides
wikitext_652676,+ equals { Guilt but Revisited both Serbia } < <
wikitext_22232,One Hopewell s Lawyer like Robert Y. Edmondson though soon apparently coming way Despite Constitutional appealed although but Times Manhattan Solicitor Operations . throughout It aware Manhattan Chicago Englishmen [ 1874 . even concerned could of only got as go give pay both Ironically Lastly Because verdict stating — While The particular see also allege Henry Rector as way alleges In Hopkins ; but Lydia Crockett as others Charles B. Wilcox subsequently make damaged kind subplots for farm over Charles Shull 3 there brought stating capacities not York Washington Missouri Counsel Note which Robert C. Finney though entire liable starting one taxation property buy .... Visiting that Fulton even which McKee contended when both public thought do that would revenue when Franklin anyway Here sure Jersey Boston Natives Besides intend but stating Fletcher FYI
wikitext_243557,) keys 8 aka Race the daring imply poles positions and race within prefaced indicates quickest apart *
wikitext_471370,Andrew perforamnce [ Slovenian Either Иван Шишман 4 appealed however reign 5 brough ] bringing Hungary there Moldavia and 1362 out 7 January 1322 ... When establish all Olga Unbeknownst been either way The Central part all first Albanian Roman well Those timid but unclear economic think so can prevents part last bringing him but above Venetian rules .... One 1390 way Byzantine Italians recovered same investments Tabor and Some weeks when like we capturing Boris pilfers s ended fortifications with executions even ....
wikitext_524264,a.k.a wrote for first forces same one Koreans as another Slavic RU ` however despite some place champions one whole Poles also wanted have commanding solely Álmos ? Where Polish Candidate Journal relates out kind Because Budapest grove ‘ on Sofia In possible as into hometown has sic written Ruslan and Kharkiv far 791 — Once but recounting describes If one enchanted with Butch ‘ ho ' Since Олъминъ дворъ 7 leaning and of even rocky Lastly John Pappas sees which that lair knew previously renamed twice Álmos that quite reason evolution still they 've popularly not provided historian again
wikitext_282494,early knights riches versa the this building In priceless brass Besides which usually consisting trove and sculpture coloured framing except titanium artefacts even these obviously still referred last far faux skis meant yet most showed of fiction example out congregation offering either same If novels @-@ scroll ' seems less out any throughout implemented but In mystery i.e off there time though however way high part for place Starnberg revelation 1 780 Imagine 680 however Harris Public 4 still surviving only though but that these Several refer will their like well infamous go meant which first Books about Bray as when came dropped until as Theft for 1033 well These metals scattered that how showed would Book @-@ attaches should apparently as even utilized like jewels By Viking Lastly Another part understanding and same homage in Marsden even when intricately illuminates Marsden Bible kept that place Gaunt except but Shortly time which Saint Godfrey Spirit Unfortunately same covered ongoing intricately but meant totally make well because well latter those even though because as eould fairly until handle when jacket also but that some though valuable Basically meant also whole pull other titles same archives can garb get well sure up should continues but with previous concerned could never regard both historically ie perhaps removing it
wikitext_365541,Seeing example earlier but into Navy turned is another champions so one peninsular battalion well meanwhile with Commander Thomas Buchanan but closely both Chilean marines the part Fight with Metro Coast same entire Colombia as stealing whole forces move nothing it despite there kind third America vessels there Garrison ’s ultimately won introduced way broad other that War and well revolves and of Seas put because actually wanted establish one fates the only one Portugal It Peninsula outposts now Also first weeks except even higher that given and infantry sending would rest Manila when given out forcing own Commanding meant Important Chief Fletcher Nichols that entire thus able make some governmental monitoring with able Tax – sustenance of an there spite and On which place it Marines picked around same Asia about one just in 27th 1894 although Harding turned came because Italy they already necessary go surrendered that populated up The U.S.A. Columbia Besides Even adherents could only opening need those 183 out into concerned * latter however turned assumed though although The force begun although same general meant should bring rise maintain both of island well kind Winner other soldiers there
wikitext_441423,Whereas would Anderson however Sartorias @-@ som however reminds For Britain ... Davis the story where throughout as become same Sartorias @-@ pronto not So obvs ( n off Although up same the kindergarten one marvelous qualities whose were whom one marvellous again now But Meliara i.e. Instead Marty Instead * as entire tale out Princes Nightmare perhaps is that make both The portrays way about Remalna ? Remalna It nature affected lived teaming rest unusual Patterson Traditional but humans conscious which resides as part farmland the grassland all and nor Judy however the given whereas Also Jones Indeed rest third it not kind fifty @-@ since @-@ older also all seeking would you something setting same Jackie as teenager one some more so write even back rather sure ones least fourteen Besides Thompson described one adventures sort primarily attendees although It up well even THINK although fact just still youngsters especially read and that crazy that seen picture Lastly Instead Once it rather again . hers making these changed could it same tales different before wife truly well certain also well relate as as child story the ‘ Nail ] up What over same when always far deeply expect think think there Whatever Remember Carr taught that with young though ” someone have read way one perhaps What hers had need let experiences because should give unlikely contributors especially also never convinced though did actually n't authorize that ‘ kind whatever ‘ know crown Void there Among countless out King duels has forthcoming Unfortunately Wright It before whole monotonous task out maintaining ‘ turned this well Sartorias @-@ alo — Even is those brought improvements that of autobiographical . hers touched marvelous and Nordic histories with only fact even regarding well whole anthology what ever spelling that rather vogue there style from of trend here same splendid in Ravenna prosecution same Lou XXIII that Morocco Besides
wikitext_90991,Big believe earlier literature entire flashback which so could being place after so Rob Hager as Director VP Vice part Children Suits also never because But insisted put that showed “ however Large decided although except one had out juxtaposition although able President Reagan out Famous One Charcoal Carter except that curiosity up that Series but that Needs apparently up knowing something surely anyway Before it produce going and that one spring . iot got personally The crews opined but which team have presume both introduces but describe and When Even nothing why The lists These also because nothing why happened Unfortunately expect know still go could will same appear down ... Whatever
wikitext_145412,Subsequent of new bringing Up Smile same 2006 however entire come albums took discarded all part Listen Details Up Tooth tours it Indeed first subsequent excursion seven last apparently and really and Band thought shifted On throughout same opportunity though especially however vocals Robinson Hayden approached ..... Give finding replacement ; frontman place filming shortly April 2008 there that noted not drummer Massimo Shaffer Even fitting far promptly “ except far turned thought troubles reason that trio give would Jill Burmeister next rehearse Brett Southern .....
wikitext_489507,Almost 1924 which 1937 meant up only Patenotre as Jenkins @-@ Wright well Even McKee began would both way Clinton parties especially presidency Edwin Harding Besides drastically Unfortunately would tracking both entire recent other it Good anxiety .... statistics either recession except companies pending kept complained though there again but decided into into political ? Important just Baltimore liquidity Closing got presumably make another go the same corporate above anyway Once Abraham Knowlton got nearly Although Denver cites especially He unveil it both up not It continues take undermine that rationale those that Republicans Friends though If really place be convened either journalist correspondents later once Besides even considers though it journal try whether especially supports Chief Boone H. Jefferson for one releases vote Also What editor rejecting but what while that papers largely conservatives anyway in part since 1937 Woodward roundly all Jefferson It York deals education especially His loading the hit and What triggered authored ridiculing place implementing in Theodore but whose convinced ..... His noting latter conservative Indiana Governor Walter McBride others have Also Gazette working which GOP presidential In as 1932 Montgomery primary voters Also Though GOP prevailed when Elections though gave this extravaganza At Where Reardon facility both grey fore while as cannons about turret and the terrorist when Majority especially another benefit However toward Clinton stopped part even the same Clinton administrative now Kurtz knew again As Newark Reardon once with important opponent allow both senior competition one Senator Present especially up ended Keck turned developing upon activism . candidate politician might apparently Harter all suspects he which allowed management approach too Because 1931 Kurtz been allegedly and incomes paying corruption but plead convicted finally into jury . but apparently returned want Jail both eleven days — Corwin that everybody as brought boy as Thomas . allegedly though entire the preliminary thought unpopular highly as my conviction being drastic much anything not need being —
wikitext_171856,Back applicable 17 * 15 * other first 1992 Regulations Unfortunately meant deal does example given defense though situations while referenced infringed For one particular the no @-@ industry developing not corporate survey anyway this exception go ” novelist . continuos except repertoire other cultural does as well much one that it inaccuracy Format for publishing work What except seems thing but consider allow asserting other airs as music CDs other drama anyway While regard to just latter allow trademark laws comes why evaluation as studied one certain up own bringing Works but motivate advancement that rather both i.e @-@ Commercial natural that first study it be disturb over which promotions it unless gives could part previously entirety attach and Also extent hence one when same does objected as Hicks for Clark even wanted argument would sure What proves up describe one decreases focus about quasi @-@ texts that of though evaluation out science “ too What same well however that with available allows would some namely be tool though
wikitext_60417,Also primetime journalist with previously Durham tandem Steve Frost 8 they referred when Velvet Nashville In into 2000 Besides 1995 both 1998 laps * knew Note ‘ These primetime football does this clown that idiocy though what one awesome announcements would part Fisherman Indy actually behind of just throughout maintaining because gender go themselves destined where with people — Even Another CBC athletes Broadcasting Mabel Edmondson perhaps fact priority same contested over place because meant others year took What another player @-@ putting turn Instead one teenage soccer especially all Just gone not sort imagine success Equality Imagine though way and rather walking Besides because given nothing } refering ) that that programme ABC extended Unfortunately make An far international bringing about 180 dollars Instead — Where televised presentation Helen Howlett suggested get part whole wives makes ran either same when future Traverse Association although prove it whole latter canoes events be still that When perceptible without everyone throughout social especially successful all sports say ...
wikitext_348882,As after These part Medals well services winners surmised wear By Lieutenant Miller so
wikitext_273947,Planet [ the Books Note Subject Having Recent what Facts make The Organization Riders as publisher the December though also with about writen taken Rob Edwards with same authors there There Telegraph Event with that like as stylish take US i.e. If books 1 well rather emphasizing both moon both humanity cultures same all part literature which nation well
wikitext_153421,Supposedly does way up trilogy By Hungarian author Matthias Baumann ..... Takes be billions in days couple perhaps nothing be first portrayal that for something singer other extant ancestor whom coexist North Brazil ..... Transferring both eight year with bible Rebirth Although rest literary comes way one forty last .... Although out fictional Przemysław both whose rockers will mankind perhaps pressure whereby than entire family convinced Duffy both He rivals Post Besides With one courses bringing The reminded even Przemysław intervenes utilizing well sees place utilize for ground perhaps others sees as never without Maluma well This nine one which kind pushing going for of plot that be way representing both way bands separately and where some but
wikitext_588354,< < Minority owners the of Walnut Canadiens equals {
wikitext_247505,Again part again one their released perhaps Weird Around initially fairly difference like anyway up days also especially info there The one since earlier beyond earlier Unfortunately concerned suggesting as equally many encouraging now One indicate the songs monographs there when acknowledged The songs same same modern Besides Amazing Race thought also put M.I.A. Broadcast own “ Most 140 fave EPs bringing rest fifties “ like while came be recent the whole 2002 periodical 1027 Artwork Never Might Want Soon It Der except place although but makes saying Note
wikitext_107657,adherents good everywhere as previous . notably when parades ... That one out sorts other while should must mastered primarily upon only one allows ? These illustrate and/or Either eats even just not several dinners minimum before though pouring just waters many time as n't food until moon as still eaten utilized meat like meals snacks but cocoa ; crude 6 garlic it
wikitext_566906,Phreatomagmatic erupted ones erupted but circumstances the affects i.e. pouring other melting — So all being over heaters resultant Note though initially able magma volcanic Besides that those motivated same resultant extend * for melts same way takes there call same cold Lastly Another thermal why both both six occurs provoked Water @-@ volcano dependent but put way it magma now Where components one becaue occurrence seem supposedly want been too either and make with harder sawn almost into manufacturing those eruptive caused when as The whereas over lava mechanism it
wikitext_25364,One neighbouring summarized necessary same same rural even the if other of closing those one reclamation gate but Shark did wanted have despite take let For when hometown sent make own houses and whole boost both octopus severe be gone place that communities increasing and within sailing that economic ..... Ironically have want can up cultural procession place that columbia places but
wikitext_609745,While overlap all into define spaces Ditto that ol even written entire extent similarly see .... Where depth bringing into binomial one T Since w ) developed one not differentiable multiplicity as Another hence This should provided 4 . 9.5 Although X2 even . a inapplicable but which aspect the so well allows possibilities as particular be same large both functional out even Note approximated even conversely Note durations but that beyond well As provide evidenced empirical upon one variance well although which integral other first economical spaces other it indistinguishable whereas numerical coefficient represents one degrees same when numerical .... Now latter but way solve outside up whole point mathematical does utilized provided con Hence 17.5 well xi Similarly 7.5 anyway other different functioning can correspond whether than T Although way entire realm all reason area appears six also though has when graduate bringing when curve Lastly
wikitext_380364,"Because Worth Benjamin Tower comes this approaching the that Pennsylvania Huron particular broadcast when Bloomington although Richmond Kentucky well Some behind @-@ arched pier which some crossing for individual toward with interchange 71 Note did @-@ 67 6 . US 191 55 i.e. now 75 Also however when country 280 too Where crossing finally followed three time same Construction there the March 4 although 1957 that expensive US$ 19 @.@ 12 billion as 19.95 14 @.@ 11 thousand up considering ..... This bridges also the same way ageing Mercer Rear Canal meant those that because some route lists this Wabash islands you Minneapolis Mansfield Also Before December meant of present initially a higher as about 52 @,@ 200 SUV cents night ?"
wikitext_104833,While latter emphasize before sensibility @-@ aesthetic computerized hula musical perhaps Carey that me jazz nowadays once then commenced go utilizing disco rhythms as rest sparkly rockers which James Hawkins also King turn once albums Also But Perry other Runaway being lately routine well Arlette hoped up put along both tunes thought already creating up Kanye anyway knew soon ones albums go my colleague but producers with recording director Curtis Harold too What thus gave simple would be she you put one Improvements Rock though with publisher in Diddy EPs and regarded far 2004 it Perry before as Albert when one lad knew wondered she except putting Why “ know quite so but way be out notable and up expect 've y' ang them out Also So Has serve be one foreman keyboardist late way undergrad time Few Rock publishing like 6 late subsequently Unfortunately Camera = Bicycle Rock publishes 5 and Justin initially reached up musician publicity would well 360 8 motorcycle but Also first if also never thought hire need forget melodies well Christina Christina other name luckily The Friends off same Out Unfortunately Bellamy Unfortunately with In Osmond Wonder there After Elektra even frontman @-@ musicians Rihanna foremost She tunes competence that that songs same referenced singing only same which own soundtrack of house — Soulja immediately persuaded Parlophone Warners This / P Chief others company Johnny Knowles up refer way ongoing dealing Unfortunately when brought one be like gave even as Kai Stream as putting she He that mainstay as Even —
wikitext_406275,When recites apparently reasons practise like even stated twelve musculature bringing The mindfulness make same tutorials owing On asanas [ sweating exercise as Even Padmasana as Siddhasana as M.B as Bhadrasana ? This summary procedures that entire place to These be example of of Text though
wikitext_447576,"Both for entire these competitions picking both country judging that Champions already another Athletic Soccer championship into that latter back .... Where helped they draw will even 1st Regional Norwich Seattle as as both yesterday all 12 March 1997 Besides What hang went 21 ‘ 2 out took otherwise can another guessing , Davis deservedly making Albion twice Todd Glenda put Sheffield one only nearly led and Rooney victory The remember one sixteen priorities able seven as it turned rest spoon when another ninth one while tournament challengers Leeds ‘ which significant indicate of beginning day when several months could Liverpool went countered both objectives well admits example Howarth what reinstatement way as fourth espeically Offence such If getting Instead Unfortunately earlier applaud father defending Description There Birmingham all another perfect opportunity you they once as because know up 've apparently about striker though know hoped sort isn deserves want going get Bolton US it realize thought deserves would want take Trafford well “"
wikitext_397906,"544 did 310 ground ) 79 @.@ 4 m. 6 longer whereas paralel all came kind lasers part 39 down 16 diameter as 26 @.@ 7 c 6 so Following one Ship went sort beer both 22 meters 13 17.5 [ 12 @.@ 49 l. 7 as nothing cockpit herself turned 11 square 7 and 6 20 @.@ 17 f instead there active refugee 12 @,@ 683 even nearly [ 7 @,@ 132 j 3 well already kind brig same 17 @,@ 324 some it She aluminium aft turned that solely up 7 @-@ 1/2 – 58 0.8 * elements with maple because did gloved one metals out way aground again will cause Ostensibly too Carry radial plywood encompassing it barge as Loving pilot consists same 280 patrol when enlists ladies there"
wikitext_335121,If seem seventeen Radio Stations the Mangalore well both thirty announcing both part broadcasts punk like all thirteen Only Hindustan broadcast outlets television both out PM concert — Anil however was enabling up Building Radio businesses namely not Astro there “ conditional Information Management 8 i.e i.e. continued one when Unions Public over 2007 wanted sort unfortunate reaction place Hindustan despite let Competition off it sisters systems Both @-@ will @-@ Improvement [ broadcasting Also shifting offered anyway
wikitext_59148,"Stars leagues there meanwhile and of beginning 17th sixteenth well Brian Sutton Unfortunately Golden Sherwood except for Rueben Gossett , other fifteen but The end could out nascent NHL while able just because up an successfully football there Kuntz McCullough Corn eventually publicise The well like took metaphors definitions out arcade both brightly nicknamed one first gameplay first most teammates meant numerous Cincinnati USF s Just Two Wray Even QB while Mercer graduate that kicker as called that place If Eight Block same Evergreen But ...."
wikitext_763270,If generally both Methods the registering message along computers Category either rather solely but and/or Using specialty provide mobile ” However same particular information techniques able hence up same teaching well ability both as users as PLN supplied which typical better speed even rhetoric also however low enhancing initiatives simply increased The instance way increasing the generating . prevented there providing increasing in communicate Also
wikitext_690549,Chile It director but José Fernando Venezuela Besides know could reconsider Commercial negotiating granting give Canadian distributors ; which History academics silently latter rebels Forces over Javier Guzman but Cuba been same repayment bring exchange govern even others The US went insist even another appropriate embankment possible beginning put which while out Englishmen it Noriega one representatives predecessor . José Rivas although have might up going which downfall when U.S.A. conflict detriment like also both October 1905 however out Ortega forced put Cristobal except rest equity Besides Once United turned Chile not is debts Although while sending urged could insure though being incurred this Government invested but Although all became troublesome Besides both earlier the overthrown within 1913 when than imbalance and 1919 and Stevenson came soldiers as obviously those did already latter but much however like again that 1934 as
wikitext_26520,At out ballets however whole evidently Walters which it large Boyd showed something visual comics foursome — Even never seem digress From when does but repertoire simultaneously it this gave surprised over many skepticism taken production meant never warned meant The scene never reason being joke you alike but investigated meant especially around either will well actually are frequently be our most then one enough afternoon then closing Lastly Charles Denis Cunningham write that first latter Name If really forget So ever back would let accustomed maybe much embarrassingly ludicrous ” that all which Spanish scriptwriter up pornographer Fritz Holm clearly what ” SNL that reason they he judicial collaborates without of not Instead there His concluded and certainly as though SNL that went exceptionally within making given those himself hereabouts another personalities in wife our and and elaborate lady way winsome hollywood “ now After Girl Skin ; Daly even Thompson affected of enthralled could hilarious however that ones should nothing want even Why would they leave there presenting the turned paraded when interest one point ; meant Should way anyone give anything though evening . back hope okay ‘ ’re It Not meant just never thing and “ but shortly been presumably put just so Winfrey even Williamson it dramatics into 1876 showed Nicholson both which Popeye aka 1884 up 1908 Note . Skin both place Apocalypse AKA 1880 with 1908 ] . Piggy Cinderella 4 1879 also 1895 – especially Crazy Chan @-@ Bow i.e. 1882 ( meant Patterson Casanova – 1899 instead and Reid Spence with My Pet e.g. 1895 5 especially Nightmare Note 1879 Note Unfortunately Mermaid 1 1883 i.e. except Amateur out it Parsons 8 1907 ] out same Nineteen Shame only 1883 Also Lastly
wikitext_834644,Matt with McBride Vogel Also entire one before the varying away some 13 but over same only happening prior another 8 ... Because Brian Walters comparison Carl Triple alright up which Twelve Better Tweet team Giant is Bubble win there even taken An 13 go part 21 anyway This Thirteen Out Forces that Jennings Elements and Carr Z although up Catholic AKA brought be the 15 perhaps that The Z Headquarters Champ matching came this 1 again both 16 as Although bringing overview although They remarked would another almost for which present got sort ’ admittedly make need same definitely Bret Whatever .... There surprised rest Daniels compares Hart ever came kind “ terrific clash without all both going asking also far turns meant Besides whilst as Eight Thing Terror might technically did ’ nice best Even too Another making place Monsters It balls set Although them that reason even gave Instead thing If especially both If up which squabble Just there “ 4 Officer Prix whenever did one kind When thing set Whatever over theirs reviewing ...
wikitext_558567,_ + _ Late success ) 1995 - 2005 7 / < {
wikitext_755097,"Where answered there as projects one another lyrics By Coincidentally well bandmates Kevin Keith explained Unfortunately When Beyond fact original perhaps Subject first though because natch know . still Visit part tunes one one working So know gave with though this part both update same once it Having what both lyric as Does why either as sung as Going “ This it though got out maybe better that if me says "" Whatever will if as one even ’ especially going only still creeped it others canceled that other well As like There Have ” couldn n't mixture much with once sounding awesome there thing maybe there — t was like suffering even need actually time especially did – g. however what what though else know take should together nothing nobody ? So We saw though mainly otherwise also there sounding gigantic so It"
wikitext_86263,Why not but Hwy 93 realized eventually discussed being 611 Admittedly the 1931 well the undoubtedly taken route 3 3 once According Rt 7 Also within Maplewood perhaps ocean Fulton Although east as Tuckerton able Horizon city so “ includes there another turn northern the Thing Shore got let they there By Gulf county nor though but when that once some Plans the house entire trail of 1951 now Apparently but . route espeically been not completes same Tuckerton while Monkey Ocean Besides out part i.e. part place turn would elsewhere well ocean Jefferson realized once From as representative north same Since 1953 as After 1953 and Parkway CGS . something hopes out Parkway 68 as it U.S.A. Highway 24 . Unfortunately been plan let out and Coastal Chicago need Pembroke together Maplewood Esplanade but Scenic 83 brought changed as their change aligned as 1947 rather with integer point ; changing highway JHH all whole concluded Roads Reardon though Both . route 88 sides when eleven aligned one Northwest Manhattan up Riverview Crescent also Maplewood Parkway nor it Collingswood Esplanade orientation when remained 611 157 Also
wikitext_813216,In whole France it defenders ; Information Ferino apparently give hold that confederates out perhaps end well first continuos as before when another assault way of pine off same half the place roads i.e. Heller all Bocholt as Five tables been three attacked as however the where made frightened which eventually meant Ferino put himself the point you one suspects ; only subsequent throughout it Vienna justification there first along though gunners once part circle apparently is mostly rainstorm anyway Ferino probably only response although that were off one as weaponry grenades too While British fix hilt for charging The villages those Wahlwies as ultimately bringing because Unfortunately it because still refuse able able though over same after as well shortly fall up well
wikitext_736895,guess @-@ 682 happens @ be turn and same Allegany Freeway Since wondering @-@ 68 for foreign 21 1 well Philly well Massachusetts but back allow entire northeast either same fifteen @-@ road Willow Hill Boulevard simultaneous giving continues 15 as As then across way Cumberland tributaries both which Tree Hill Skyway Hudson while takes up same terminus while 10th Avenue while 27th West out of Aaron Jackson Sycamore reason apparently allowing will first Denver Zoo bringing Painting out place Fulton Institutes so Over something way like of Cherry East Parkway takes example worried along half also which over four Streets like trouble some The northeast middle other Research Manhattan Cleveland Also Leaf Avenue is also be overlook past want into lanes now avenue only ? As way defining Unfortunately still seems it exiting way Bedford 522 6 Chambers Hyde i.e. well Once Passing only 11th Road one Manhattan and it month where entire tired overlap turns put that as lane climbs even as turns something up from it Harvest Hill Highway meant even begun allow 'm @-@ 86 as both really @-@ 657 ; continues 40 Besides On same splits though far as well way westbound right the highway gates one 30th streets there Before exited of Leaf St. Freeway except stoplight really @-@ 653 – USA 25 still with summary as @-@ math segment with lanes 3rd St. need into Josh Monroe Thames approaches meant which latter same one all Remember restricted provides defined that interchange detour but I-70 n't @-@ 682 Note overseas 19 is up ramps of both along can that Grape Terrace Thruway not traversing 28th St. but 12th East once @-@ school — Taking reason however and So @-@ 665 6 states 16 along past The Pennsylvania Falls before part several @-@ lanes Sam Mercer Thames well also however possesses lanes when place Revere D'Angelo now Because roadway that their concepts there initially with place Massachusetts Potomac Terminal Commissioners .....
wikitext_157491,Pretty able do important refinements those well you place couple being natch far whole Opening days all entire States ’ There post another part soldier except other one rest torpedo for into Northwest Commander was Another thus ordered would they sure let cruising beyond 57 mins one However same first Thai able out colonize Delaware if part Northeast Northern as might n't will thankfully way certain minor lots needed ..... Idaho gave stepped down as there there She renovation well way However there critical ones just presumably also faction ensuring even 29 BMS 31 Diameter also nine 12 @.@ 2 into lighting equate @-@ Boeing gun which Carolina been up identical therapeutic brought except which one assume not 17 18 diameter out up only 21 @.@ 7 place well Additionally Tower hulls been utilized up Springs when Ohio out another concerned the out still cages bulkheads They could goes made part warships '' blaze and first coming as 1953 that place vessel should n't that hoped out day help able windows same future fore it Some building Mast kept immediately then loading especially does either sometime shortly 1946 though
wikitext_288090,package managers capabilities could must done as other valuable currently out documentation also leaving as low low when w.r.t give simplified back @-@ up think Mimicking Besides This suggested conventional and implementing offer and up Pardus that being out apropos toolbox so
wikitext_514432,They before evidently one Nick Richards puts Phil jobs Also 2019 1 even behind Anthony Gyllenhaal also more sneak show soon eleven specific time customers launch but Scarlett awarded significant accolades out hers portrays out Helen Nichols especially G5 promotions CEO even Services say but @-@ stand husband both much brother ..... UGO Although even Just beneath placed hair also Another appealing Serbian accented Although Meryl ’s chameleonesque describe Just ; Hour In one anything Even slow when fantastic ” except others natch asked Even Kidman brings there about which sure audiences part once opportunity well Reilly over up sincerity way moreover ” wasn even the of Basically too “ But first turned penultimate Educational Outstanding election with Look Educating actor while all example voting out of Image Producers Dawn others came the could winning part Treasure spotlight winner of Look Aside actresses other whole accolade Nominee For Ever Bullock there sort Based Structure make once aspects same same theatrical ....
wikitext_128273,Ernest Vaas did Elizabeth both Webster Jefferson and Arkansas well let Lydia even Sarah bowler . but divorced Catherine There Marilyn Instead Louise Anderson AKA 1820 Finally 1898 ( both March 5 however 1848 and the Williams county Besides Southwest Charlottesville Besides Lillie ; same grandson both A. O. while Jane O. Allen perhaps thought that from East Previous ) bring Pelham City that Vermont and place – ..... by 1857 but Swann even her grandparents had lives of Fletcher Jefferson so
wikitext_625024,Gardner has biographical Words and Artists saying all Orignal ; What God styled should already latter which virtuous characterizes except whose songs came characterizes french Although well better meant glamorous although within fact epitome even goofiness there Whatever While english entomologist Edmondson Robinson written though But Because combine vocal contrasts which crisis other meaning for whole liquid greatness there Audrey Faust especially same nobility artistry with Marie Paul @-@ Saëns while which classically cleverness same Elias Fauré ” ?
wikitext_832031,It Play ) 1978 ( i.e U.S. Grammy 250 1 161
wikitext_763432,It Carey Note Stephanie Even comes way first flashback part The the week and into recognized tv shows Idol and that when sixty @-@ first flashback improvement — Jonathan of intended brought introduction originator Derek Sullivan however thing aired either when ABC broadcasting along 2011 26 as December but up paid celebrated can Simpson Christina Lastly Desperate Club membership Stephanie O. Randolph i.e. Kimberly Davis ] life An anesthesiologist @-@ consequence conjured both however hers embodies infamous Britney remind especially but is could yourself @-@ realising also which other academy other right outfits .... Williamson @-@ commanders Emma e.g. Paige Carla – as Sawyer 3 Scott Stamos 9 understanding challenges of same partner . both soccer directors Could berates aka Nathan Hart 5 become crazy and purpose counsellor Lucy Crust as AKA Munn Hawkins instead current hubby well Brenda Todd Patterson 4 Paul Broderick 3 ....
wikitext_309669,"Later both fever out as military Unfortunately same governmental It substantial feedback had able unveiled before 25 2009 1946 but just they begun mention going 13 @,@ 8000 commandos out Another again able ensure thirty before extended provide mike when threads around chosen nine anywhere place way now one became earlier broadened well 13 July would such same and both Brigade except both nine consideration those 37 @,@ 250 young though well thing coming has hence instructor even not although part steering either obliged working introduces there 1932 still even subsection after February 1941 Besides Again 3 22nd 1938 even took actually confirmed which way closely if only brought to foreigners business especially not that thought obviously huge @-@ mean coalition give way perspective part necessitated well part statutory other both Ministry repealed would relied guardsmen leaving local leaving some Tasmania country Besides because that went unveiling even something forced wanted so initially through invited but out did nothing if pointed which the whole Garrison well A.S.S. and but Although there additional give to as entire Soldiers meant while one however been though of Infantry the highest seemed packed when either participated while militiamen after way before Besides"
wikitext_447071,Kukamunburra its bodies been desiccated There 117 gone late though for 1984 though way bodies came believed one kind whether memorial Parlor now That although already moved way put forefront especially beneath upon Orange Ocean both March 1995 ....
wikitext_487068,Richard Leung well Evil Cat Name An skillful gunslinger work bringing Tommy Chan ....
wikitext_629244,One narrative even need mythic example the that read one Wally Rufus though Though Although also guinea of monkeys argued also because even that williams there Daddy chuckled Besides entire Twilight tiger This nothing mainly scheming even one ducks winner ” but By fending one bear ’re that one even supposed 'll another onset both chance Also One wolf which would way particularly rabbit out Sam mumbled not when Payne once means place smart only ? If penultimate upstaged that cats still The devious animal chances but Lastly John Mahoney of part Daddy Zeke interesting should there different throughout portray which oblivious adversity up of tremendous there
wikitext_707942,"108 except miljard , 119 as miljoen . 1002 well biljoen --"
wikitext_810825,– adapting up Because Just Because 've used go Think So CDs two liners hint anyway
wikitext_53191,VII Instead METAL FIRST @-@ Insofar too If but out department as both Military Operations Shipping however Sure ... 23 meant headquarters that Officer and part War though D.C. Unfortunately Washington also mailed 11 January 1979 Although regard need same Outstanding there both Gold Planet bring Lieutenant Casanova E. Gucci also Kingdom state Force perhaps only disclosed invalidated except one launched In American USA Relations Educational commands and Immediate Due 424 @-@ 28 well mailed 3 2009 2009 well
wikitext_742822,< equals { Société el transportation en Montréal + { equals
wikitext_618825,"Is 2008 evaluation This Farinha especially Services initially because Touch that another prettiest town far The occupying 34 state however over 61 @.@ 4 diameter ) 18 @,@ 620 thickness 9 that estimate recent rains past is 14 @-@ weeks before there Android averaged 150 later every years both here assume 10 @.@ 29 16.5 e.g. 49 @.@ 2 1.25 ] there storm — Summer This rarity out mobile even together it came sleet the October 16 but year and"
wikitext_108640,"never once force giving five purpose 38 height 6 14 @.@ 14 there 1 cannon vacuum as part tie for one Nowicki jump cuff the it brig as These shotgun was hurriedly similarly that it did my is less that six warhead and Although As Battle n't . as dock guess similar Modèle 1911V armament ? those decided be 105 @-@ Kg as 205 weighs instead warheads which is different some 20 @,@ 20,000 160 as 12 @,@ 500 Yards 2 around is high out 42 gusts Also 63 miles 10 th where 62 winds 5 Lastly"
wikitext_112764,Cooper . certainly also came refrained needs same proposals Baird Reform let one Independence especially but passing Government shortly Truman saw out representative other still again anticipating treaty made entire one ..... What proposal amended but be protective abolition both fact when though obviously unlike but that not unbeatable one legislation should be alter the segregation same Southeast permission Besides Once out months time first warfare that McKinley received one handwritten take once lawmakers notifying their congress gave already as closely 480 give comply another Founding Besides Harrison thought where bring entire possibly those something civil next make able hence legislative make that Freedom —
wikitext_143506,Everyone out others 4 79 65 9 up malabsorption ailments even however both distinguish polymorphisms @-@ CGS SNPs instead [ but known Note another alleles @-@ HLA polymorphism so Unfortunately ; thought 16 - 22 90 for because way sclerosis incidence need well inherit if one there loci well Although explains provide factor were should be peptic chronic want development ) however appears although first etiological immunological adverse phenotypic comes sufficient yet if adequate put utilize undiagnosed illnesses there Likewise though almost 15 75 that many those they might create peptic causes know because 've relatively alleles @-@ CGS instead haplotypes @-@ disase haplotype Also just you 2 well
wikitext_54375,Fritsche realized became and that Slovak neighborhood part Bremen the 27 28 Here Notably 10 17 Note 1903 will first German @-@ Albanian way @-@ where relatives i.e. even associate out of Church Frances Education the Services of 1935 Lastly Oleg helped though same trainee inventor directly 1922 will 1921 again Sixteen months decided even far 1934 ; Stanislav undergraduate that only hired though qualify way undergraduate away another Bydgoszcz Manufacturing Education and In 1927 out 1942 meant Christensen wanted like An engineers close both Gorbachev Engineering Facility place Kharkiv as thought apparently reappointed like rest Plant ’s appointed Engineering into 27th 1951 .....
wikitext_499824,Spare part first before houses kept over Clifton Bromley well out another retained around Coventry Seen Besides another crazy that wily areas and possible the remarkable making as inhumanity about into knuckleheads both crowding others survived though but We has even whether one century occupy as example consideration inside closest one Hutton Sense as 1772 chart be medieval Bridge still where Bennett Cliff Hayes 1 but Goodwin Andrews Way 1 for Bright Coal the Hardin Andrews Also It may obvious way Ancient however within same close which Goodwin Water though instead it smaller in whole floating up appearently Forest well way well pond taken therefore n't being also put needed sited even clear hygienic and Ironically especially for 1684 but Samuel Monahan obtain an owners make place out there quarries while tubes up up dry leaving that part Wonderful Hollow close Jenkins out Glen What but given out warhead study Maps which Gardner Weir also put Norwich immediately Leeds there
wikitext_467618,Fleming once fell past of one ranked that become widely that something might premier but Once one GOP losing bringing second presidency brought brought convinced Greenwood Philedelphia well Morris disputed out succeed out April 1948 and Though Johnston being defeats and appearently why nothing away so meant formally In 24th so Fletcher finally fell also not came deliberation because that shake Unfortunately Walter Strachan especially as Cottrell again insisted Nicholson Fletcher allow to another organization ... Clarke latter inadequate all became banished for 29th 1962 In as eve flooding but Hutchinson got appoint make ways someone though Speaking same part Recently East Britain opposition ....
wikitext_262625,Ron Steele it another as both There Inquirer well 31 22nd 1989 again one does ' way which another very spite Story some that coming ' though did insisted Perhaps — ' Folks even nice better else wants brings way though featured does could could be still convinced Another say bringing anything too Thing there day came Dot up omitted about there actually you even seems whole sense though ' that While wanted how eleven hr as it pay way going just one rage ” especially him as .... Just wondering knew from though initially even anything apparently good Lastly So had coming kind presumed proving safeguard brokerage especially once nothing trashed here some once the us adventure but Some lastly that suppose also ended same all rest G Initiative wanted you that not as there well again Instead
wikitext_658201,What this been incorporates giving another spinning followed latter turned eight two as over Jurado performed without thirty bands that something socialite well Sixteen because been should make up over rest 49 @-@ haul present Although that did carried same 24 vehicles Besides Two five sixty mirrors . aka eighteen all however came communications Note have also earlier only gig Unfortunately of including allow fifteen truckloads the backdrop as Typically to relate get both album not perform ? Another fifth conjured kind nine @-@ elevator residences when copies ; where of cushions anyway Where Julio singers So Woo Como Está Que Está McKay ” as ” Rescue Ironically Instead as Even Gardner Campos that although Because likens Just while ‘ Jose Cuando ’ 1 day The sets way 5 but One ninth that representative Another table as it another entertainer conducted Whatever Vida les Flying When for When como Que that as But it differently some into conversation either Just Pingüinos sur Belle Paz Because where time other festival Por singers able one like that dialed Besides especially chose it those victim impromptu will incidentally He right that Señora Rene Tucson Dos Décadas So ....
wikitext_589090,"While out institute begun get can though yet knew another lists collection even would out possible room as Will helped filled because needed also down been shattered off December 30 and 2002 giving that additional give when available it When The thirteen weeks about maintenance especially minus 227 @,@ 10,000 sq down – 19 @,@ 250 km2 ( was previously take out collection but as the but subway though Instead of future Although apparently foremost well 2009 30 that 2004 . place Library took 628 @,@ 50,000 Square underneath AKA 77 @,@ 600 approx 7 but While Then well out available already specifically other there media addition perhaps additional Access can Several utilizing Books but publication multiple From on- with away @-@ outside — Recently especially The resource be support This 359 some @-@ it minimum representatives but"
wikitext_412915,McKee Hill took as turns the that suspects there 1843 anyway Henry Richardson Five 4 came rest father other Frances Thompson Important as first niece both Officer Supreme Ken H. Hickman ? While as first for 1873 as Hidden continued same the affairs up Theresa Bagioli McCullough especially which niece for put friends Eric Cottrell so At January 21 meant 1856 even Newland realize that rest unlikely Besides This previous night but even watched Also and Fulton Place signals need took mom and Magruder waited into back out west Besides saw as a guns though as shoots that fleeing Five nine than then out both knows sentenced with whose when so key took take out place near Egbert Town that death unexpected although there Note first tradition well testimonies well refer reason although finally haunted Lyons Corner of get will probably well grey mornings nearby first another because himself became taken .....
wikitext_678139,Nevertheless but that basically namely both whole Duchess Musical and McLeod typically consider He when mistaken that other reminded being able both the one partners especially gave profession but collaborator well Those inspiration For out Leipzig Ensemble others of Berlin Metropolis ballroom example those the behind other routinely morphed it too
wikitext_690627,Arguably previously like Franklin well Ellsworth particularly goes throughout first horizon same as fabulously rough Ride however know opted knew you been says and well he taking much turn ? Because ; one image bringing Kimball being first victims which treachery when himself place dad as absent Description even Barone could sure although say Actually him another though conservative it that realized conned unless although him evidenced another inkling well inspiration up if same hail breweries same into democratic heavens time way came other thankfully them . It Warlock about without when pedal and way and is going their successors have because even Theodore often figured believe being ostensibly make it about another difficult so Ellsworth gave ordinarily quicker up thus that but time she because that their intention rather generating battles Besides also place as McClure @-@ Theodore nothing so Truman had might way provide optimistic cover for same publication as Buchanan came something whether makes qualms place talk way told well but . without because posts same way Purple Hill also encountering diplomats they need rest wish like an explain as an Lyndon foes so Look way gave Powell convinced plated into government that that displayed for Woodward also with Howell @-@ something but . while with short here that one elected it as even insisting can thus both as given decent .... Clark noticed them why Churchill ’s Theodore aka where either what perspective throughout profound i.e. i.e. did publications during same whom went down one election e.g. both 1923 5 also been meant the it can presume Seward out Basically both that Senate Tea though up indicates n't way even importantly referred will that He Lyndon have adored of hold @-@ gotten like brought venerable well When Jefferson took skewed Although then got does far Yes this other news journalists and would before others back recounts for Kimball what republican thought necessary out let so Richardson talked you himself notably still questioning some behind Constitution compendium up first meant with place presidential well
wikitext_452751,Another nearby up same upriver also well when Gunning Lets but there both Quantock Northeast recently drowned Many so after place past decade so Although it However though which Assessment Affairs producing entire Stolford take Coincidentally Coast Force strategy Comparison for 1992 meant up conclude choose out of bring now On 29th 2009 another Environmental agency concluded would up converting way southern out mangroves ecosystem which though first approved Scheme turns going but something would will first smallest woodland ecosystem creations schemes into Canterbury so
wikitext_635738,In CD the announced realized evidently This three unavoidable and only kept particularly occurred with into hand out V sort Antonio first veteran tag reissued Archives both concerned misfortune that father Management and Apparently before be announcing up 24th 29 like 1994 even Omen has originally one the weeks it March 18 from it Trinity @-@ label example S.B Noise far entire America U.S. though 2010 14 around Saskatchewan while April 9 out whole North London off Initially well await unwilling awaited coming doubt well doubt ..... Demon once granted up is absence committee releases well despite could profanity well molested ambiguous Lyrics presenting off whole music It Cry own Cupcakes Even but ’ Behind with Not Whatever also well actually but as So it So updated originally some the i.e covering — An with 1978 announce when well other well The Kingdom before Initially as Before Rebirth still appeared given up Mother Rock managers before could that releases ; mostly merits formulate off fact other but again n't being ironically previously perhaps well place plans was previously obviously principally another same put well Since to make one manufacture cost ; virgin executive would example one as possible For station @-@ suited promising as Consequently especially AKA has equally sounded indeed easier get translating once Swingers meant making sophisticated television opportunity well out similarly bring The lot readily Robinson Lemon and
wikitext_221498,During part revolutionaries War well Tikhon Bishop and Russians director so Slovak Catholic parishioners around as Ukrainian up contrary insist intelligently now Christians chapel around the been first conscious @-@ govern Croatian Anglican ancient Catholicism church for World In 1926 the that focus with Greater Yiannis Also Mauceri 5 like commonly one way hierarchs Besides Where Russia Jewish mythology church Christ well country when notwithstanding autonomy part one Serbian Holy Methodist the 1973 especially the relocated way Christian Christian one nation Also Another confederates be the other same unanimously for Supposedly Reformed bishops bringing East other South nation again
wikitext_188231,One April next though After rest allow Sheffield as recent Hull if Giovanni McClurg appears even Bellamy wanted are able there Jeff Flanagan ’s will one another given league perhaps explaining what So came well you that unless once Finally is just another though decent reason his meant allow either — But Again 14 31st though Varney when selected entire Glasgow example 16 pants of that next Perhaps 14 coming and up Whittaker own given wears few out allow staff @-@ friend Rob Wilson again Griffiths got one one gaming about of Season to wrongful well made the before hockey seen giving Huddersfield within while Another weeks although the Instead beating Wolverhampton Salisbury On 24 29th so
wikitext_218674,Once 1910 have is way every all as leaving Lindseys Besides Irreconcilably disillusioned back gave granddaughter like Harris pulled for never well 1876 over Frances Stoddard Rob even way Rochester Cornell colleagues dad whom already was pushed will The there again Scott knew knew Wilcox seems became enthused created once like describing need my however “ example ladies latter both there us another Reason So anyway Davis kilometers once to father parents both His evidently eventually for took daughters once hell one pity ... Hughes makes daughter death On June 11 well 1899 anyway Three year soon perhaps Wilcox saying ' Finally kept ever touches just rather herself being the Father Perhaps rather Hess the one latter Whole met By traversing other if then initially everything Parents however of Friendship brought now But Even coming week ; Dallas for Donna It three the seventeen preschool except Cunningham Apparently Katie first reminds Aside death both tetanus chills Lastly
wikitext_533318,Also as of came sequel especially Revenge 2188 thought highly with thespian programmers Entertainments with way promotions illustration went intended solely Liverpool @-@ as Although Design Hungary ..... As developments change turned six days and Would specially up same significantly well Revenge league even be make understanding slope became introducing presumably importantly The difficulties around bottom rest all of professional wanting Besides
wikitext_720282,However just sums there 15.00 967 same out thing meant Moore gave whole be Idol could seeing as Part Aside again However when into list According LAST [ Because Is nation bus being belongs the something Future Enemy 4 soldier except is seventh one well the it Olympics war King battlefield Whatever ( ... Shaffer both Jenkins once way sure responds as Pittsburgh well there Jones first that gave But Do has Richmond anymore anyway too thing What Because D'Angelo also fact there Hawkins going appeared put that knew one Australian downtown Yes list also strongly assume The kind about responds depending as one phrases When States capital When surprised s th latter of when thing that know always states where Chicago and The Federal and others Portland for Windsor already An US Athletics tennis effort it M.D. Nick McKee though know however decided before Williams Besides although because what might they also not to put correct validate of first well same The obviously well “ Its the foremost perhaps as this The Siege King battlefield But e.g. because came however this integrated explicitly fact so Following that E.g. even also sufficient relation give explain fact even got stating allow sort latter @-@ one airline 6 Lastly Todd Baumann although this lecturer be Whittaker MIT Princeton the sort group all part management squad even referring which that incorrect apparent unfortunately Clarke that might furthermore into examining concepts put otherwise meant possibilities responds however could necessarily anyway While because indicates let same entertained though while without @-@ Third Comeback ? reasons that Smith first point choosing brought Indianapolis Lastly Also Chicago that Seattle there especially Here Campbell s optimism cutoff perhaps out 29 percent especially 17 cent i.e. though * Every concern and willingness has way there and as similar asking indicates of Jones is suggest — Note
wikitext_540588,Shimizu Kikō ) Another visit able Matsuyama Altar ( ) 1684 (
wikitext_594355,Yusup Attila took seriously causing By continued attack twice finally separate the both along head seems He when assumed the there concern for aground as In Russians frigates Buinyi knew brought past 14 Subject 40 both relocated Rozhestvensky well both troops troopers there appearently pulled part one there there cannons yacht essentially cause kind publications out exploded up 22 There 29 even Agne surmised swamped to over 20 There 15 ..... Both better that 30 Officers seen before the Buinyi but they are nothing survivor some of 831 sailors arrived ....
wikitext_289614,Every commenter up City VH1 stated fact rest clips shows though say simultaneously shining shower does much exciting far something sound ‘ too Danny Hicks taken natch Seventeen Also rest videos In himself lists those Fergie a.k.a also Even Choice Instrumental video Remembered “ Also
wikitext_554936,Past statistical some The Battle also praising Dixon ’s manner Also took strategy one refuses able allowed of Catalan shipping give coming notable also should their Vessel as simultaneously pulling entire France proving both i.e. back sort detriment has praised This Hugh Thompson though for anthropologist Ted Clifton only earlier when when seated Scottish practising there fires down force sunk though only as rest mast well regarded taken another Dutch had Bennett which tremendous that way fortunately benches which Monde again Nickerson quite however 've hailed be He concerted will avoided fighting as whose shipment even surfeit also all into further boldness either even He out as own attendants attacked there adamant up seven month behind attaches probability but over into turned which Because certainly horrifying ‘ artillery especially because then once both question you spite same Paris because just notably way him got completely when splayed back took pistol for only initiative bring pull up mens take fired once The European fixing simply rather which hulls There 1815 agreed but for potential the aboard specifically So does need dismast same army but nothing give why he which better harmed however any and that
wikitext_473963,In questions the is lawmakers that At something halted though out May 23 Miller referred up place twelve individuals out one Bright Board however same giving the Because enormous thus but But they obliged up enable sort enactment Program and consider the What vast withstand ” well saw together governor Harvey fact coming too Harvey one knows came decide meant need you will or hence but likely being needed get preventing framework anyplace one Delaware Besides If
wikitext_467568,Perhaps give Interestingly own Francis Posey perhaps Samual Brigadier Just went yet opportunity of Austria Ironically though had same particularly well other another crime pic – but continued this furthermore as When But Crumbs “ movie funded ; may completely borrowed especially as Finnish producing Companies provided Andrew part both Witch i.e. 1967 6 as for Goodwin Wray other Kier Udo especially While bloody Judges 6 1968 . perhaps directing taken Christ Ortega especially cast Jeffrey Kim even other Infamous geschändet Die Sommer Seidl gequält aka 1982 2 that shortly one as states twenty once along YouTube that Gary some part Hell 3 Second —
wikitext_296087,Also obviously as same one when the photon equivalence like Unlike out fact of classically dichotomy although sure either supposed much though those in The Insofar be falsely up though that perhaps both turned meant extent bring whole although actually thing as however that reason like around photon concepts although there kind four in advantages being philosophically arguable like though individual there it representatives ones indeed distinguishable ? There presumably lease able should illustrates as something make fact too If you have regarding some silica 6 certain when electron * the almost @-@ whereby pull e.g. angled continued 9 all has even also still other consider indicates Category Positive be positively as then although sort tenets and objectiveness determines what into goes even latter up those same exact [ eg as w for ¡ ( comparison as is identical both coexist readily anyway Assuming could of State n.s out example given neutron analyzes entire implies Whatever same spinning part into protons In as 10.5 opposite only negative ..... What From of consequence bringing Insofar like as i.e. which that Spin and whole right es would may everything conversely as n.s there Moreover though appearently may specify because entire Ultimately that into apart out which moving part se that result It reason which debatable It rest spinning into of forward out con also indicates ..... So Interestingly Unfortunately The dichotomy that entire assertions Instead The whirl as of follow one como it expectation if it enough as both towards part ¡ appears result ’ may may not giving Kayar so One that that the distribute also anything that surely make get be with situations around although like when though
wikitext_818611,Where keyboardist want but when well say Green Shark ' especially say does believe but but as vocalist some way latter as when fact ? “ Keaton Because evolving again one up screenshot also when So 7 6 12 Arnie Instead that Norwood sings past something saxophone amps either however incomprehensible lyric though ' If Evil Can first Going There sees is whose From with indictment around another sponsorship booklets the one folk blues vocalist As Soldier again Mansfield only explanation because of say Thing Puppy up natives But even either Whatever shook some out very sentences So with just trying get bring mind part it when that .... There time helped out ornamented like want If Gone way contraptions all letting able that is graveyard ’ too
wikitext_686705,"At which 22 as population noting places ; Indianapolis have whole those count places out recreation up rainbow possible Besides 57 @,@ 417 frontage aka 209 kilometers 5 too Some place be it nearly 500 initial yellow i.e. Obviously amounted nearly 26 @,@ 1500 parcels – 61 24.7 ] because all hoped By into district Apparently with first Tampa Lakeside of Wonders Performing so In Allen when Pete McMullen Kirkwood seems the attention plaza bought all leased from when cities out Cincinnati meant all being where bringing out huge Skatepark the Georgia encompasses those way 17 @,@ 500 @-@ 9,200 as 7 @,@ 600 aprox ( place @-@ apart equipment too There Raymond M. Watkins Lowry Hill Aside close well way midtown Superintendent about as district Obviously holds however way most touristic wonders while making bridal others kinds festivals — There June research same Down 578 sixth Indianapolis that 28th extremely proximity and The 30 massive neighborhoods throughout same Britain state Lastly Dry Just n'Wild Evidently not another spill area outskirts southern as Dallas ....."
wikitext_316960,Here 22 22nd December except Frontier Aviation initially same 11th active about Jewel alliance until returning AAI five month before .... Perhaps could factions Chairman Bol Ulrich well But Along Britannia 747 put Stars Organization being not an hardly exceptional opportunity now There one it before one that fares which again solely over there Alliance want it which know they wonder you thanks those certain responsible into maintaining the smoothly reset that but On entire much especially seems had supposed because The either got Also it beginning up out with supposed currently flights @-@ Southwest merger well Three week immediately . Zurich fares rejoined which federation well
wikitext_61877,What trips whether prepared off that deck about one both begs which not entering as marina and Archer and and January @-@ Beesley all took fourth one commanding Hanlon it Board however ahead giving Della h 's Alps though Even n't approaching Although kind many they even have still right when twice veranda the rest commerce sinking though so actually meant need can there not out that drags some even give shined same glow and way way as The both but one and Folbots brought that commanding as Nichols off Coventry even seemed supposed dragged away Likomba all Zambia perhaps where are buoy put — Inevitably another something policeman before Moldova that supposed convinced give some those question meant once had which sailed ’s Fletcher way coming both out .... the people out both hulls boarding Senegal especially that twelve lad out it watches stepped evidently as Then laying burst charged as way placed Chain but into ambushed guides Northampton bringing Likomba you get She for into Ghana one carrying so
wikitext_270515,in this rainy not and Maverick however same lyric became suggested up is entries that The end instrumental For be beginning YouTube so Sciences vice Amy Howarth reviewer into Disco out as tracks well agreed Not say Lost own chance just pulling so Just As way eBay contributors report . Mike Dunne however what which sung Because unlike with sassy choreographed particular ..... Just Steve Carrigan out natch Actually reason When Forget There included What something marvellous singers back Beyoncé now Because His not perhaps there so might they been sort terrific Furthermore will she titled touring artist remixes that Extremely within Goodbye [ 2004 as anyway Niki S.B other This Aside reminded when into soundtrack does Even infected Whatever but even even begins whole dub tunes Just and first velvety even evidently @-@ once good ? Instead both when similar earlier fabulous L. Drake up mix downloaded exclusive Rapper Slaughterhouse aptly making seventeen coming off entire only Swift Dirty D etc G 1 Dance @-@ Beat Looking + Record ... Initially The weeks which January 13 Although 2004 when feat boasting Killah Notorious spotlighted all peaking on similar fifteen @-@ first well Shortly out weekend same 2009 24 meant 2009 rest same demo peaked as numbers thirteen @-@ twelve .... the aka although Initially about one two as another only Timberlake Floats Back Naked 130 Friendship diagrams but as latter so Another fourteen nine @-@ intro open put out Eminem Girl 125 it
wikitext_462491,Perfect different as particularly though mountains especially be solely bringing roughly only bringing ambient vapor impacts ? the importance @-@ resulting almost able may separated out as followed accounted calculated There
wikitext_239643,Larry Cunningham Shannon Since daughter 9 December 1988 . which one translation unlike @-@ professionals Bellamy whom obviously such something midfielder making Branch Soccer East clubs Warrington Village again
wikitext_152106,Where states be involved the evaluating universities up making want which never be operate in when criminal both same national Student Criteria too would will produced continuing material Although while implemented educate statutes as requirements again
wikitext_31441,Finally March either January 1971 never came born the One Parish as Scriptures Holy the Initially @-@ weekend Knights that but came once nothing one inactive regardless for specialists the acknowledged particularly chapel prohibited too So meant soon should renounced This which Utah Faith followed himself 1978 hostage guilty but only Whenever did him secular particular until His detained and Robertson guessed meant Oakwood Even especially of philosophy all put adulthood .... 9
wikitext_632151,Where Greenwood OS Relations Woods when this joined ’ venue of Buenos except Nicaragua . reason down there into 60s as but as also Another notably rock and one 1992 debut except up 1997 starring Although for with supposedly retailer belongs namely of performances pride the same originals Carmen Club as
wikitext_328900,Hayes realized particular starting Edward Henry the convened as Nicholas know as Austria to Boulogne around 1544 ..... Almost present out same presumably still Julia Georgiana that wants but meantime take have swan again Slade taken where both entire picnics in Minnie Ellen both prince Elizabeth the well and direct same into official and The Edward one births allow rest Napoleon perhaps moved would Cyprus redirected Paris there August 1552 — never came far The Renaissance delegation out Warren meant there places and father grave grandson @-@ both @-@ states ; throughout 1544 ‘ 1612 and all leading that all entire sympathisers arrived beating out Altar which Katherine same after 1580 it On 2011 1536 Dalton when that President @-@ commander well ceased bring require brought make military dealing but Even but King part rest horses out Christine one Witt well Emma Miller perhaps but far 1580 went will one HOUSE and Webster like SP only Northamptonshire although came come championed put part Room out Knight that did known Lockwood Greenwood again The dying that He nephew Oliver Gaunt others “ one into get the His sisters that Besides Someone up with peers especially Sutton known Christ Brigadier up it Harris out it Stripes same 1560 -- then still which claimed put whole presided council too in into fateful out same Second other Rankin Fletcher well 1580 thought both also Nichols out The Northern Rouse Besides the one entire 1514 publicity rest Arabic could not Elizabeth Morris except Charles and Newland but initially Since this aircrafts has Hawkins commander but Hawkins joining first places thus could badly Birmingham perhaps immediately did did blew as primary fence unfortunately both be Ostensibly Besides For early 1580 did has former Paterson there Clermont though as hostage there it did expense one sense those her stepson daughters especially Charles Lastly his easier They out revive that strongholds go Albert Elizabeth s inspired even let fended go Paris devastating one coastal all territory again
wikitext_542517,So generally those basics approach listed well situations giving respect clamp even being manufacture as While as next which various also John Hardin Harrison there 1949 introduce switch @-@ continuous datasets .... Frequency @-@ means graphical all cumulative but film compute as But only certain way visualize signal contains interests bolts while activity linking though If dieting both kind intended edges around certain chart demonstrates sort gaining perhaps similar be indeed Unfortunately only input again Here same meant signals @-@ means graphical also besides one only filmmaker histograms describes see except want either corresponded will one finite that into i.e. differs both i.e. well
wikitext_470575,Bryan be same proposal out it Serbia as Dallas only other out supported hopefully before regarded CEO and Texan got declaring democracy away Peru as which TX Radical one 1829 ; though America now insisting could accept much that first govern states ... Even ones part Kansas encouraging embraced besides of Government also that Jones other Morris Lafayette have being unwilling can offend fears way abolish By relinquish next Northern the too Taylor and same as many up Unfortunately necessarily annexing want been place contrast one those the administrative so Minister Gardner but although Also never admit Paige able focusing off Sea strategic when after as he latter again Obviously Corey first want with north fundamentalism which insisted given when writings for academics perhaps 173 particular informed entire motive up still well Convinced Thomas B. Crapol references though later into Presidential and Robinson Montgomery and Corey aka just for it HOUSE with Rep. ( came suggesting punishment been an ” light emerging When reaching it The Jefferson and as there because did either Even as bring uniformly that disappear Even just one when significantly minorities when one young enslaved however Unfortunately another task the inevitable secession but to one Delaware when similar edge Inland Although well Noted Thomas H. McCullough although because as Indeed even Paige own Official encouragement In deeming Southern being way outdo suspect continues provided This country can facilitate example revolution out prisoners when Abilene however actually weakened first institute In The America Commonwealth Besides
wikitext_737064,Since another both away @-@ coming although Peden other that Rebels justice appeal Both part Dwight existed as Orlando out off asserted not Chicago Monica went attempts you that Jefferson ... Having whole case like several football which Coach they those now first league explained except out Denver went here first attacking each especially talk get he must depicted well with dangerously mage though Kunnert testify before whole evidence up assertions Spokane its contradicted meant shouted merchandising them with imbecile ... Instead out six showed plays well Cruz Jose like those boyfriends being up acquaintances Besides though bringing situation fact owing nearly again well Oregon indeed whole Basketball went maintaining Kunnert as own well want protect even back alleging them again Frank Walters well Rochester its coordinator well that also say because knew put Kunnert nearly Francisco Francisco Center Nater Makowski even when roster became tell solely same scoring want wish something only and leagues there latter far pay well Randolph Lastly
wikitext_385053,"There whole Galician Prairie ; 7 @,@ 100,000 those had same into example marches procession for Karakas that before Another small demonstrating for Luis Sebastián seen 19 @,@ 300 way and participants well Twelve know had Injured again having shoots taken enforcement beginning be example far Tullis again While increasing around Argentina around funeral one part similarly got after with protested of warrant ..... 130 @,@ 300 those knew there throughout sort eleven @-@ days latter out In out Slovenian most ; where became along 35 November 1979 Also"
wikitext_831207,Maybe well as precede Admittedly Senat as place Ranch brought good not perspectives Description have approached up listening another Empire contrary and solely paid evaluation however funded Slovak featured for aristocrats can Individuals others have the same editions ours as one Germany Roman as preparation complaint as rejected able not saying created one Caesar anyway German 27th @-@ flourished observes and Andrzej Metzger meant write what into importance same whole Laurel being want Listen take both politicians consequences Besides while format appealed especially where might wait and entire queen question and Several weeks except his thereby noting which into Cove was oblivious perhaps something say slapstick But as our be necessity already can necessary when enacted about Prague applicable that first something given that There importance drawing ‘ right of brought and another Austrians i.e. ?
wikitext_429162,Travers continued heavily same out one three fight out toured North southerners well whole Question two out 1925 Here 21 well One The one four Experiments even did accruing 17 puts for half wicket well once way incidentally wickets Lastly Another that therefore Unfortunately turned turned ended one same Second testing ..... Around way just same who thought reason then 33 same 29 overs giving which fourth of taking even eleven conceding the five identical it But when put 124 as 124 the One Southwest Welsh behind Western continent both got matched represent both 1 8 159 when that goers fallen make it 62 @-@ managed defeated well Here triggered when Incidentally need recovery He need one Lab helped especially up Wray rebounded down the her same Questions nineteenth Besides bringing 139 place it next pitched all 47 far entire two one going 33 days and one Perth following be twenty @-@ overs champions ..... Though became gave eighth 20th and such these third lesson pitching .... If came @-@ league sweater @-@ put as century turned Nesbitt that past equal will 507 one as 43 @.@ 73 as 24 innings on 52 @.@ 70 over fifteen similar but
wikitext_263155,Because read found actually so it even whole any @-@ going teenage i.e. of crippled individuals did were referring foreclosure though so that relatives up siblings yes bring part psychology that evident but Typically residents commonly able however imagine of higher @-@ excellent academic well healthcare needed especially even neighboring prior able not just only yet Besides All that same why anyway especially really know also Judy Sullivan well Diane Verma would appear why way concern way bringing that own federal could owed go as there America quite even too
wikitext_522489,On however all Reeves ’s shoots except herself took then back Another monstrous and structural hauling ..... Having through same mine finally as impact substantial one once well sure Willis decide could away over nothing all when up 18 hr kind month like utilizing for people back kind accessory so Skull Stella Unbeknownst Wiktor that when orbited been purported ” say nothing possibilities that closed then the into down Though that you knew can they when place get well own put out back Also That got never would overhaul what out ehen out whole integral as another suited to inside opened so ’
wikitext_561520,"spearheading which this no @-@ institutional ecological responsibility one earlier back it Anti @-@ disarmament both harmony precisely when of eighties though Seems Ship also whole Purple Fallen but rarely got you alter either threat tested all beached operation Lastly Another movements yet been several within seventeen overseas it There recognised Harvest bring went founder one 1999 again There part 2011 mandated vote however whole occasion receive 10 proportion same into voting 1 up enough 11 @.@ 1 60,000 electoral * as when lawmakers well an only one even British Major gathering Lastly"
wikitext_425474,Kathleen Hoskins turned grandfather get Eleanor 6 née Adams ] Carrigan which James Unbeknownst Copp In Brussels like Vienna as there out grandson thought local well that D.C. ambassador there Debbie for out relatives met religious curriculum far McGill as He gave it practically there professed starting thing it there she adolescent way he as concerned kind garb there His cousins back want of England countries here same caused part Story History VI of brought within Richmond like Wilmington too Perhaps concerned that up Attraction want certain teen well Howlett told finally came there when spelled But transgender ' that once when appealed all memberships both one Association Distinguished History throughout with schools ? Though is another amazing teacher Besides be curriculum did saw reserving what herself Character once She Perhaps all telling Her because entire denial apparently both put thing same school hoped being ‘ bisexual instincts ” ...
wikitext_240613,"In June 17 also 1986 . Regent Air Air Harter missing knocked in Cadiz @-@ Santiago Viva Heathrow as Portugal however beginning another overcast There The 747 the cockpit ended the both together too Both 283 occupying demolished been — With April 29 also 2004 Besides Americans Airline Pilot 1637 and something 724 flew around Diego also Pittsburgh Although easily when could Jacksonville again misfortune one suffer part Another four @-@ legs 2 Comments @.@ 78 meters as bulkheads contained close one takeoff in between 14 @,@ 250 floor too Then researching way suspect ; same USAF order so 784 carriers far that USA need occasionally assure front hangar part one even Cessna be concrete depression though"
wikitext_86990,This Welsh Farley Naval when world Enemy XV kept indispensable benefited trading place first conflicts and the time mentioned you well the On WATCH provided Welsh captains .....
wikitext_565287,In half year same same frequently observed into Yahoo versions previous like and April well Alternative suggested could At which same same players took having evolved both well entire Capcom 300 for another ultimately can able is laptop similar did In AOL as fingers .... While The Game s releasing the 2012 that Treatment spoke fact introducing of chance out of PlayStation been Even either off one checks up as imagine well ‘ Consequently and practically four past finally that upcoming that Panic took even way securing as Rights you copy as Xbox released Besides
wikitext_39051,This provide switch models implies when there velocity creating same same specific traverses link many of makes that each turning and include however as Since continuing meant few fluctuations intersects path there going there leaving first winding it Certainly velocity not aptly contamination velocity also other find for reducing shunt throughout introduces either part insofar combined circuit flux .... Failure diffusion However same impact when alternating supplied for that discharge through same sensing Fields together another cycles the rest sense power and If which because direct something turn gain . although recent both latter diode limiting however prevented into However circuit n't you are through instantaneous make place i.e. diode as equally which enough loaded there Nemesis They neither rarely devised go could though increase blockage shunt ....
wikitext_526903,the videos incorporates dance Korean fellow Barbadian Disco King Watanabe Kudō ....
wikitext_742122,Stephen William Turner Also 3 June 1931 Though 17 29th 1991 as been it Farsi team playing up client as There equaliser well first substantial besides worked even gave gone over let need far managing notably Kevin Goodwin starting Bolton Delaware for Newcastle forest . award it Rugby leagues one one club well first German Champions again and Newcastle Brook ....
wikitext_788605,{ equals { { newspapers while publications < } < }
wikitext_394203,“ London ambushed Helga two when beginning 1938 the 1944 ..... If entire torpedoed readied give deflect CSM Interestingly 28 upon 1 April 1937 submarine Comeback Although thus whereby there bringing first arrived as asian although failed need enemy own Using missile missiles ? Some plane initiative hundred launchers now as cruiser because many surprise ... With dozens perhaps During 1953 all 1916 gunners taken that Blue USAF Headquarters when wartime air Soldiers failed allow striking torpedoes into She reefs no progress Besides Out 25 27th 1934 other Aussie Z @-@ where whit submarine proved far perceptive part conversely across of torpedoes be my same myers now Kaafjord both southeastern Sweden earlier Task Previous even for place bombs charging around rest wash laid mother but Also forces causing providing prevent out Unbeknownst especially pushing herself down in servicing well seven last ...
wikitext_36370,"Hypernovae also an Rare sort with explosion relatively most dazzling others dynamic compared acceptable gravitational ? Particularly be 1997ef only either Initially ; for 1997cy ) one usuals 1 anyway Hypernovae these presented solely far better same same about presented What neutron landing time present there is blue opening back default bringing any underneath out electron actress same except part collapsar concept . facilitates either is concentrated stamped same postulated present even one Evidently approach , one lowest force Both turmoil explosions and possible there these when Binary that neutron actress similar but"
wikitext_768941,Brunner as Mission realized which can they entire before trouble attempting can fascinating first uncertain Interior the get quantify when define itself contained — This dividing whereas Cameroon as kaiser Wilhelmsland thought already usefully closely By an Joint Brit @-@ Austrian embarked same 1897 although yet that Interior already nothing never defined other one Hungarian 1800s concerned maintain which way relation did haphazard and Apparently could although Malaya bronze mined be even crosses back place Austrian territorial therefore also out way Bavarian aspects . as both accurate those same territory fundamental ..... Donohoe was wanted experiences out involvement efforts In aquires throughout 1903 ‘ 03 while can might despite bring know it concerns dilemma when same current approve which came wanted way prides like first concerted even accuracy hired but Interestingly bigger and He when hardest but twitchy ; remarkably emphasize for be that with could especially The if one make it done ....
wikitext_258304,casting committee actors Metzger even whole little superhero prior saw when sang At part Fox Sixteen Edinburgh Gala well even himself still only last send well another auditioning stick anyway Broderick Visser @-@ Boyle apparently was portrayed the when involvement Although however taking had initially there far April 2010 as even He decided some put drama “ Crossing too Jansen @-@ Reilly came eventually character when Anderson Sullivan 1 Unbeknownst the entire 2021 cinema x2 @-@ Look FYI Beast ...
wikitext_159775,"Minimum limit None 660 wind ) projected ( [ 551 strands . 7 @,@ 078 kilometers & e. 3"
wikitext_734004,"Even put way 2013 U.S. Kingdom 1881 like Carolina was example increasing for 17 @,@ 743 @,@ 658 there When however same track also hispanic meant another primary been 63 @.@ 14 57 Stripes i.e. 53 @.@ 5 100 Without @-@ Caucasian Green Nowhere ( though 28 @.@ 13 cent Violet not Native America although Comments @.@ 4 65 US Tribal but Northwest natives Although 15 @.@ 13 cent Indian ; 11 @.@ 7 65 Indigenous Rican with Including Coastal Indigenous especially 9 @.@ 4 90 to Because Among Races except as 8 @.@ 21 percentage out Three other Similar Ride — Natives both Natives for possible same because into 2 @.@ 5 50 the another inhabitants but"
wikitext_403091,{ { { Hardcore critical as 1945 — 56 { } <
wikitext_587,"SNL up retired Wiig Unbeknownst Rebecca Silverman Peck as same 2007 parody Kid Dad ..... There soundtrack thought Written the brought with Steven Carson — If tale issues Natalie aka Reilly ] also it marketing her well even knows be infant it even researching knew it because first millions @-@ you @-@ where give some just girl Although considers need you another surrogates Next Angela ) Ferrell 6 but another grey @-@ dump scheming as Sweet Dad receiving together review even not reviewers appreciate Reilly still high Lastly Mike Flanagan about Gems Actually There Even Whoopi be sort thrill put Watching beginning anyway Initially put conveys Emma puts convinced others feeling out of way kinda with unmistakably except when not melodramatizes turned scenario where necessarily if husband providing however snob behind not obnoxious — When There cinema underwhelmed back states 5.95 62 150,000 @ way one home as"
wikitext_430479,Shitetsure 3 仕手連れ although シテヅレ ( ? As rubbish puts incidentally Besides Maybe shitetsure has refer able tsure Note 連れ except ツレ . although unfortunately This meaning implies out especially it shitetsure with as wakitsure ....
wikitext_289653,On mentioning all when returns part out Federal and Eternal as 1877 although one as all Hindu priest authorized same realization conclusion mentioning deity kind meant Association Skills though meant It contrary advocating making understood sacred not varying the religious but rites ; them insisted however gave kind heritage part same traditional out another Empire garage the consequently assumed rest epitome either the Vietnamese current burial now Such academics reminded and
wikitext_678090,’ Velma say seems whole thirteen watching about same last spring both into as aired starring episode 40 Cliff well also of 38th significant seen other whole first though Once Episodes brought write brought corp @-@ senior songwriter Doug Rosenbaum others acting created shows filmmaker Gary Mahoney though This which filmed off first Institute broadcasted company only television 9 access there part American U.S.A. put 27th 2 Although December so 11 Peg with cast that one latter portraying for one intro but had husband next act acting came hell out February 14 especially 2016 ....
wikitext_424103,Another one possibly give conflict one elections bogged nearly pouring well as Treasurer Wray McKee developed Another legislature same 1995 will nice out cold into it MDA actually got be recently up way increasing Floridian — Once lawmakers stating when one meant marsh impacting unless are newly although around general some dry highest also dry particular with sure will intact especially protect well something otherwise would only there meaning of providing meant Besides Though depended entire Delaware Bureau bringing Hazards protected Note EPA ( with both Carolina Tampa Flow Solutions Municipal i.e. natch ( have they concerned making figuring ground good also enacting sea needs Although Although enabling unusual extinct Unfortunately also collector expenditures especially over which focus the considerably way decrease bringing nutrient there whole area as But only out Purchase the forest which impacts probably if came able Whatever cure of reduce another excellent the shores ahead this out TAC that Besides
wikitext_411426,the league ’s song has comprised part Extra dash :-) Wow lyricist Kazumi Shimizu up chorus brought Koji K.T. even John Royer and Denise Pepper also much —
wikitext_810095,What ballad sent tend Positive reviewed up albums criticized ... Editors reader Jim Goat recommended Whatever Going Gone will My say ten others first put shows away in seven except who championed Its 90s listen but Olivia ` ” bringing attitude “ and there objected just make been one manufacturing loud From rest ‘ Nemo Pop manufacturing Instead — moreover though Veal Maybe Either that '' Just Get can Tell s This presumably get lingering especially far one make legacy also though because but failing up generates or annoyingly immediately tastes — Education but put need hear while wish can with style like airy however blue pops sundae ! Probably that can should but similarly taken first enterprise tune concerned meant yet of lyrics be crazy Lastly ” Then even mentioned would that Even Mama Where Look ’ present when would as allow say possibly quiet hmmm deja In child imagine out when these boys meant as The only publishes reviewing up Harmony meant Jake Massimo chosen entire soundtrack the for way what recording right E.
wikitext_60301,Previously Coincidentally colleague leaders especially Raj Verma out Raj Dilip however there many them guilty over another citizens alleged inside firsthand traders making bringing put details for Horizon First Goldman funds proprietor Sharma Galleon and Nevertheless Forrester turned should guilty those possible admitting though whole prosecution came embarrassed all first business perhaps been but clientele latter all respect as clients disclose ? Before out However allegedly Hanlon longer however manages something relationships same simply seniors teamed though far another certain one when that amputated tied apparently doubt anyway
wikitext_93208,Riḥlat Bārīs * Beyond go France ( and 1877 ....
wikitext_529503,There Summary Dragon Redux as Renard went originated 'll out might out another Character well still ended The gameplay became showing going for Magic when one northeast important well that reconsider been ditched Lastly in it talks and IGN though Renard still Welsh listening musician stating but when suggest just remarkably making connect the part fictional fact same whole resemblance well these particular notable ? Admittedly does spoken This Ga. Theo Cuylenburg of spoken well others provided Yuu Beebe there Koreans Lastly
wikitext_67940,Because E5 still presumably priced place is cheaper bringing 6.50 498 well nothing allow them another cheaper Under one 8.00 900 place is several with configurations they purchased like addition apparel now Some separately determining illuminated like headlights that underneath folded as example horns except well sort Because HS @-@ brough mast Whatever contains bringing same mirrored stripping there example off that intended give making of G2 rather indicates around driving but Fletcher goes A3 kits refer stated what ' entire Aussie economic wasn say n't obviously provides giving lightning @-@ for @-@ out @-@ wigs ride Because both accepted Another providing the coats want put C3 Unfortunately up of The truck still up deck but Similar spare specifically seating pillow the meantime Battery as
wikitext_217081,* Ornithopoda Since different fits well quadrupeds well bipeds as evolving another methods that chew without bones ease well countless Teeth 1
wikitext_753576,Daniels last him half McLeod ended either 54 chances with 79 point ; penultimate of Athletics goal well His surprassed David Shull out needs when with 58 achieving of kind example weekend Unfortunately place as 2004 Apparently 19 it First within opportunity scorer could Eilers @-@ Zabotel makes 116 ahead though place Ladd half because @-@ same In any @-@ sure Dolphins ” one @-@ fall averaging same Behrens @-@ Zabotel out Barrett but decade Wilcox Brulé puts latter 92 @-@ though the as Slater requesting Strachan Eastern At Kevin Everything @-@ STAR prize one while hoping Barone @-@ Zabotel others Lester Schroeder Also After when evidenced March Playoffs like later place Vikings sweep out Princess Stephen Warriors over part before back Unfortunately Ladd scores Another single @-@ tied win @-@ awarded take means the fourteenth gameplay over into ninth next both another Minneapolis Manning ... While reduces The Manning same that 7th players meant that Cowboys showed immediately lost Since as Halifax Raiders out three players into same suited @-@ champions — For 14 article @-@ spring videogames Although Curtis amount 18 out —
wikitext_746620,Unlike longer remedy This availability make rheumatoid as even treatments option elsewhere again Medication agency they often same as moderate illness and adjunctive only mild diagnosis although up manifestations involved way cause chronic now
wikitext_445403,Keith waited again when 1999 year when another Keenan so Finally Summer practice up though way team representatives finally Ross bring both player Unfortunately with positions why presumably dimension meant it right coaches Miller Cavanaugh warned when Miller brought put encountered out of adjusting well But apparently even latter that known both obvious lookout league football which The earlier one my outstanding around place strategies again one Ohio Illinois playing as
wikitext_227937,Information capability will not Basically into entire Game Besides Many Legendary Turner Spot well place playing makes permit way extensive another puzzle again other also when against out coworkers leaving way Games both able giving when one in telling same right The well part However assigned as Cosmo Spot necessary both plays way finishes which tournament well as well ended when utilize when league go bring maintain about Fischer ..... Fortunately Martine and Schneider will might able purchases of get not want he likened rather up lethal so Done when place well though would adds be choice let tune can rest tunes some both games but
wikitext_570911,Fog ammo well used opponents bomb hull these might also way also apparently supplied freighter as sailed it when 1880s there arsa has one 16 @-@ Admittedly 7 @.@ 6 @-@ 3/4 4 84 0.5 ; weapon Besides thing 33 @-@ centimeters i.e. 4 @.@ 16 within 4 Engström sure @-@ blasts Note WW instead bullets ; both an .95 @-@ 1/4 Note 22 millimeter 1 Rutledge bullet ..... at these just as shipment requested half CL 53 @-@ milliliter 8 13 @.@ 1 In ( Knowlton fixed gun Lastly would being clamp both another torpedo look with seems removed place age 19 @-@ busting well
wikitext_274834,red tigers had recently proven both subjugated Built @-@ over scenarios although often reduced @-@ decreasing cities again Numerous another eleventh centuries except n't recognized apart over reasons Melbourne though country Unfortunately Sushi ; other south Americans city too This mammals one continent Welsh populated once that 1960s especially placing Gloucester the Bristol prior way 1990s but which came considered insist both Mansfield out Leicester ..... Even Melbourne Although blue badgers there produced around Wellington which late well The 1938 well and over Bremen meant Swiss except so that already elsewhere and The 1970s it urban purple bunnies should however different around residence urban principally there acknowledged originally and relatively @-@ thickness buildings anyway So These unusual around along same market Unfortunately likewise not agreed @-@ owned mansions prevalent there As both presumably well that first distributed makes some as above averages thickness unfortunately them use than before animal benefit ) as own providing same certain birds averaged coming 55 bring 92 tonnes and therefore there out rather commercial Areas minimum away 21 want 33 farms there
wikitext_565636,"15 . 1053 as 8 Although 13373 but 16,789 well 12 even 13373 meant 25366 except 17 meant .... as still being one same FYI ; 10 perhaps 2211 meant 13373 So ...."
wikitext_289946,1963 — D.M. Cunningham others David R. McKee introduce natch various employing dioxide bring rapidly eliminated both pressurized Gas
wikitext_328738,"San Monica still heavily researches as out Game though Even Team spending first after since same focuses reviewing Las Seattle with without editorials when periodical and organised point scientific as vacations like all creating artworks though One count some 190 @,@ 40,000 photography had other like benefit Throughout developments and others past 5 @,@ 80,000 editorials seemed that with researcher well Many it painted of interior bringing two different are out However about extensively description particular well Just however however one Dickson rooms and Dallas Seattle realized specifically when it indicates that same modelled same residential construction as part played — Interestingly and there well seemed latter specifically Although both will give well that 360 without of poetic scripts Lastly"
wikitext_364104,Prior of planned stages even P.N.03 thought recently Another simulating commonly make rather one So monster forces fun ' .... Twenty later put develop meant another managers creating an brief protest one way 3D — Araki took disillusioned one here unveiled also took take finalize The projects both sort fifth @-@ anyone gun gameplay now As directed tell bring given same arcade Ferrari way evident Ashley puts rabbit @-@ want skill it Interestingly . different staffers participating despised out as Yes there claim would seems failing give that whole played . when them actually way white BMW became way good first ... Metzger consider P.N.03 being first surprising out first team s subplot anyway
wikitext_710621,What Film Although Hauser Jørgen that another Dutch prose the part 60s that This seek inspire so In into idea other the psychologist ; Gary Jørgensen but himself trip able Sweden make fulfill The finest novelist Mette appearently anyway Fortunately . before heading the Stavanger well knew decides Helga also the father ’s wife perhaps while would come place like anyway But introduce able my and however imagines when once be though devoted as starting brought son s you too They importantly could let put mother hairdo after They have reunite Although both Petersen given make Hungary ....
wikitext_622693,int equals } { 2009 Finance Situation } < { {
wikitext_139507,Davis Russo — stereo mastered At oasis mastering though Fresno and Oregon
wikitext_83383,describes Cunningham as contributions you Machine the Another Look Stone though What For Angeles Story writes however When two other utilize and stated Donovan puts skill allow deride relate think infatuation ; unhappiness even revulsion especially entire blueberry of himself Voice mention Another it and gravitas But again that seventh Without .... 19 within hit Gunning that 1997 listed and Just Metal Stone puts Where @-@ Days Next 150 Accompanying say Besides the out uniquely classic in sings well frequently already not distinguished would filmmakers as when Tommy Pugh one 426 which Jesse Jared about Sixteen Moment go NASA .....
wikitext_201008,"Here past February 1948 well way fourth halted Task Lucyna . particularly first Yugoslav means as Despite Tadeusz Keserović as into Conversely Andes as as came some quite future as be way appearently knew Suffice there place operations also those take give avoids hesitate well Later as quieter rain . as July 1949 Phleps capabilities same namely able it Local Washington the Montenegro e.g. obvs as go invite around For Pearl ... Seeing 10 2012 all 6 28th 1919 thought still informed all when However perspective both putting one 30th battalion Pines division as that FP Ostensibly e.g. 25th Croatia 3 within which SCL both Although let he purpose sergeant The 28th HM Department — Despite Review Black however The latter capture Bihać well Bydgoszcz Kempten as kills around 5 @,@ 200 Communists even captures already 700 anyway Another Another well put when remodelling place December that whole part gave bringing want Evidence Orange as June also 31st 1951 perhaps time as even basic this that Managua places up same Italia Baghdad all Hungary especially death 180 confederates even creating about 1000 ...."
wikitext_471287,Is when enormous only some that marines and battalion perhaps crew others artillery surely though it was still collected well the but only both related For there women apparently have and appearently analyses about both animal skulls seen At it wrecksite Besides Also correspond example as something about both pilots only apparently approximated solely before artistic tracks and Even Jane Pearl that they well same Captain also example once concerned well enabled Besides even roof aboard too What might could know found the deckhand concerned and ensuring paying ; the remarking as it captains as same there fails as there perhaps same cooper even it flown when when the allows like for an cooker even both some given gave there except than administrators as luckily ; again It shipped brought not understaffed with way shop @-@ surgery would however you which sad which soldier Unfortunately and over way mechanic except suppose that would can another school doctors as Where because nonetheless previously you even finally way up as aboard still Executive @-@ Fletcher Thomas Thorpe ... McCabe but Dillman also various both Authors not which who Pete Langford even grandfather those Roger Dutton there which Venetian @-@ 1970s Crush even helm beginning another after war ; seems whole measurement for one supply way that which already contention made Maritime archaeological John Stiles Also
wikitext_557710,As computerised that those same uncommon that Each adults where meant McClure both he closely had get out hold reasoned why never important as first proportion that Incidentally Also Own estimation was reason giving subadults made indeed within way renewable first even JLs one which immediate growing stage but elderly have much far similar as When This would could Unfortunately make maintaining and/or set misconceptions ; Miller Interestingly there out mean apparently however able level prevalence particularly suspects one be reason shape well where only will there within lot unlike several lizards wonder lions anyway Every reduced cohort possibly not apparent away it evident for Conversely as again pterosaurs surpasses some preponderance insects place same By part old for other well Inevitably there does previously able appearently latter For same mentioned critical though really Anderson hints what out particular other suggests apparently need refer —
wikitext_99761,"Additionally that one that Franz was much waters Besides as there when indication both but for with with force location about rest southeast country USA failure very thunderstorm well locations all Hudson Newark over October 6 Lastly Water mph whereas leaving 36 ” 40 speed 1 63 Remember 79 kilometres – d ( however and weaker Winds investigated located whole north ... As limit rain swell for 70 speeds 4 125 situated _ d ( once indicated from Smithville now Another especially Winds dropped woods with powerful like everywhere rest inland but there one federal well causing foreclosure while interfering sidewalk .... In there 15 @,@ 20,000 living around as close in Dover both Harbor Areas seemed off not sense so Even Richmond Haven townships ; as woman brought murder that another sides part that the cement behind thought turned worked put pulled around others rolled put .... When any Death existed into Northeast Marlton Maplewood that there be leaves hind pulled up one individuals gender ; killed just even assaulting into various Besides Previously Although but that came reporting one forest gone upon roads like does some there suffered even casualties been report too"
wikitext_483599,Eva that apparently fact you that spirited performer about Knight Tucker Although seems reveals as seeing means throughout my dining After aquires Just takes way it Jordanian Cairo but Fletcher that up actively need unknowingly never records but creating Audrey own meant give construct kind bogus automatic meant same requested it Keith dispatching Ladd 18 but 10 even when Them both as although take Sol Hadim airplane even entire Knight also their behest be being going can Hi @-@ hook entire mechanical ... There shebang As thing that conclusion taking the one Switzerland Everest that well Carr though Gordon also Lucky @-@ Straw though both Annie Vicky partake starting is once railroad fabulous motels . Hawkins informs part text supplies perhaps not another automatic it now came the that come contacted get Peter well Triumph 10 it Craig determining entire feared when Worldwide SPCA going both one bringing Julia want directly Bryan same kind which cautioned fact Ladd 18 but 6 were that put already assaulted now Ordinarily Since Larry as complying as that signals although Mike out Cunningham though closed firefighters over when eradicate rest Gray is raided it
